book,chapter,verse,reference,text
창세기,1,1,창세기 1:1,태초에 하나님이 천지를 창조하시니라
창세기,1,2,창세기 1:2,땅이 혼돈하고 공허하며 흑암이 깊음 위에 있고 하나님의 신은 수면에 운행하시니라
창세기,1,3,창세기 1:3,하나님이 가라사대 빛이 있으라 하시매 빛이 있었고
창세기,1,4,창세기 1:4,그 빛이 하나님의 보시기에 좋았더라 하나님이 빛과 어두움을 나누사
창세기,1,5,창세기 1:5,빛을 낮이라 칭하시고 어두움을 밤이라 칭하시니라 저녁이 되며 아침이 되니 이는 첫째 날이니라
창세기,1,6,창세기 1:6,하나님이 가라사대 물 가운데 궁창이 있어 물과 물로 나뉘게 하리라 ! 하시고
창세기,1,7,창세기 1:7,하나님이 궁창을 만드사 궁창 아래의 물과 궁창 위의 물로 나뉘게 하시매 그대로 되니라
창세기,1,8,창세기 1:8,하나님이 궁창을 하늘이라 칭하시니라 저녁이 되며 아침이 되니 이는 둘째 날이니라
창세기,1,9,창세기 1:9,하나님이 가라사대 천하의 물이 한곳으로 모이고 뭍이 드러나라 ! 하시매 그대로 되니라
창세기,1,11,창세기 1:11,하나님이 가라사대 땅은 풀과 씨 맺는 채소와 각기 종류대로 씨 가진 열매 맺는 과목을 내라 하시매 그대로 되어
창세기,1,13,창세기 1:13,저녁이 되며 아침이 되니 이는 세째 날이니라
창세기,1,14,창세기 1:14,하나님이 가라사대 하늘의 궁창에 광명이 있어 주야를 나뉘게 하라 또 그 광명으로 하여 징조와 사시와 일자와 연한이 이루라
창세기,1,15,창세기 1:15,또 그 광명이 하늘의 궁창에 있어 땅에 비취라 하시고
창세기,1,16,창세기 1:16,하나님이 두 큰 광명을 만드사 큰 광명으로 낮을 주관하게 하시고 작은 광명으로 밤을 주관하게 하시며 또 별들을 만드시고
창세기,1,17,창세기 1:17,하나님이 그것들을 하늘의 궁창에 두어 땅에 비취게 하시며
창세기,1,19,창세기 1:19,저녁이 되며 아침이 되니 이는 네째 날이니라
창세기,1,20,창세기 1:20,하나님이 가라사대 물들은 생물로 번성케 하라 땅 위 하늘의 궁창에는 새가 날으라 하시고
창세기,1,22,창세기 1:22,하나님이 그들에게 복을 주어 가라사대 생육하고 번성하여 여러 바다물에 충만하라 새들도 땅에 번성하라 하시니라
창세기,1,23,창세기 1:23,저녁이 되며 아침이 되니 이는 다섯째 날이니라
창세기,1,24,창세기 1:24,하나님이 가라사대 땅은 생물을 그 종류대로 내되 육축과 기는 것과 땅의 짐승을 종류대로 내라 하시고
창세기,1,26,창세기 1:26,"하나님이 가라사대 우리의 형상을 따라 우리의 모양대로 우리가 사람을 만들고 그로 바다의 고기와, 공중의 새와, 육축과, 온 땅과, 땅에 기는 모든 것을 다스리게 하자 하시고"
창세기,1,27,창세기 1:27,하나님이 자기 형상 곧 하나님의 형상대로 사람을 창조하시되 남자와 여자를 창조하시고
창세기,1,28,창세기 1:28,"하나님이 그들에게 복을 주시며 그들에게 이르시되 생육하고 번성하여 땅에 충만하라, 땅을 정복하라, 바다의 고기와 공중의 새와 땅에 움직이는 모든 생물을 다스리라 하시니라"
창세기,1,29,창세기 1:29,하나님이 가라사대 내가 온 지면의 씨 맺는 모든 채소와 씨 가진 열매 맺는 모든 나무를 너희에게 주노니 너희 식물이 되리라
창세기,1,30,창세기 1:30,또 땅의 모든 짐승과 공중의 모든 새와 생명이 있어 땅에 기는 모든 것에게는 내가 모든 푸른 풀을 식물로 주노라 하시니 그대로 되니라
창세기,1,31,창세기 1:31,하나님이 그 지으신 모든 것을 보시니 보시기에 심히 좋았더라 저녁이 되며 아침이 되니 이는 여섯째 날이니라
창세기,2,1,창세기 2:1,천지와 만물이 다 이루니라
창세기,2,2,창세기 2:2,하나님의 지으시던 일이 일곱째 날이 이를 때에 마치니 그 지으시던 일이 다하므로 일곱째 날에 안식하시니라
창세기,2,4,창세기 2:4,여호와 하나님이 천지를 창조하신 때에 천지의 창조된 대략이 이러하니라
창세기,2,5,창세기 2:5,여호와 하나님이 땅에 비를 내리지 아니하셨고 경작할 사람도 없었으므로 들에는 초목이 아직 없었고 밭에는 채소가 나지 아니하였으며
창세기,2,6,창세기 2:6,안개만 땅에서 올라와 온 지면을 적셨더라
창세기,2,7,창세기 2:7,여호와 하나님이 흙으로 사람을 지으시고 생기를 그 코에 불어 넣으시니 사람이 생령이 된지라
창세기,2,8,창세기 2:8,여호와 하나님이 동방의 에덴에 동산을 창설하시고 그 지으신 사람을 거기 두시고
창세기,2,10,창세기 2:10,강이 에덴에서 발원하여 동산을 적시고 거기서부터 갈라져 네 근원이 되었으니
창세기,2,15,창세기 2:15,여호와 하나님이 그 사람을 이끌어 에덴 동산에 두사 그것을 다스리며 지키게 하시고
창세기,2,16,창세기 2:16,여호와 하나님이 그 사람에게 명하여 가라사대 동산 각종 나무의 실과는 네가 임의로 먹되
창세기,2,18,창세기 2:18,여호와 하나님이 가라사대 사람의 독처하는 것이 좋지 못하니 내가 그를 위하여 돕는 배필을 지으리라 하시니라
창세기,2,19,창세기 2:19,여호와 하나님이 흙으로 각종 들짐승과 공중의 각종 새를 지으시고 아담이 어떻게 이름을 짓나 보시려고 그것들을 그에게로 이끌어 이르시니 아담이 각 생물을 일컫는 바가 곧 그 이름이라
창세기,2,20,창세기 2:20,아담이 모든 육축과 공중의 새와 들의 모든 짐승에게 이름을 주니라 아담이 돕는 배필이 없으므로
창세기,2,21,창세기 2:21,여호와 하나님이 아담을 깊이 잠들게 하시니 잠들매 그가 그 갈빗대 하나를 취하고 살로 대신 채우시고
창세기,2,22,창세기 2:22,여호와 하나님이 아담에게서 취하신 그 갈빗대로 여자를 만드시고 그를 아담에게로 이끌어 오시니
창세기,2,25,창세기 2:25,아담과 그 아내 두 사람이 벌거벗었으나 부끄러워 아니하니라
창세기,3,3,창세기 3:3,동산 중앙에 있는 나무의 실과는 하나님의 말씀에 너희는 먹지도 말고 만지지도 말라 너희가 죽을까 하노라 하셨느니라'
창세기,3,9,창세기 3:9,여호와 하나님이 아담을 부르시며 그에게 이르시되 네가 어디 있느냐 ?
창세기,3,21,창세기 3:21,여호와 하나님이 아담과 그 아내를 위하여 가죽 옷을 지어 입히시니라
창세기,3,22,창세기 3:22,"여호와 하나님이 가라사대 보라, 이 사람이 선악을 아는 일에 우리 중 하나같이 되었으니 그가 그 손을 들어 생명나무 실과도 먹고 영생할까 하노라 하시고"
창세기,4,3,창세기 4:3,세월이 지난 후에 가인은 땅의 소산으로 제물을 삼아 여호와께 드렸고
창세기,4,4,창세기 4:4,아벨은 자기도 양의 첫 새끼와 그 기름으로 드렸더니 여호와께서 아벨과 그 제물은 열납하셨으나
창세기,4,6,창세기 4:6,여호와께서 가인에게 이르시되 네가 분하여 함은 어찜이며 안색이 변함은 어찜이뇨 ?
창세기,4,7,창세기 4:7,네가 선을 행하면 어찌 낯을 들지 못하겠느냐 ? 선을 행치 아니하면 죄가 문에 엎드리느니라 죄의 소원은 네게 있으나 너는 죄를 다스릴지니라
창세기,4,16,창세기 4:16,가인이 여호와의 앞을 떠나 나가 에덴 동편 놋 땅에 거하였더니
창세기,4,19,창세기 4:19,"라멕이 두 아내를 취하였으니 하나의 이름은 아다요, 하나의 이름은 씰라며"
창세기,4,20,창세기 4:20,아다는 야발을 낳았으니 그는 장막에 거하여 육축 치는 자의 조상이 되었고
창세기,4,21,창세기 4:21,그 아우의 이름은 유발이니 그는 수금과 퉁소를 잡는 모든 자의 조상이 되었으며
창세기,4,26,창세기 4:26,셋도 아들을 낳고 그 이름을 에노스라 하였으며 그 때에 사람들이 비로소 여호와의 이름을 불렀더라
창세기,5,2,창세기 5:2,남자와 여자를 창조하셨고 그들이 창조되던 날에 하나님이 그들에게 복을 주시고 그들의 이름을 사람이라 일컬으셨더라
창세기,5,3,창세기 5:3,아담이 일백 삼십세에 자기 모양 곧 자기 형상과 같은 아들을 낳아 이름을 셋이라 하였고
창세기,5,4,창세기 5:4,아담이 셋을 낳은 후 팔백년을 지내며 자녀를 낳았으며
창세기,5,6,창세기 5:6,셋은 일백 오세에 에노스를 낳았고
창세기,5,7,창세기 5:7,에노스를 낳은 후 팔백 칠년을 지내며 자녀를 낳았으며
창세기,5,9,창세기 5:9,에노스는 구십세에 게난을 낳았고
창세기,5,10,창세기 5:10,게난을 낳은 후 팔백 십 오년을 지내며 자녀를 낳았으며
창세기,5,12,창세기 5:12,게난은 칠십세에 마할랄렐을 낳았고
창세기,5,13,창세기 5:13,마할랄렐을 낳은 후 팔백 사십년을 지내며 자녀를 낳았으며
창세기,5,15,창세기 5:15,마할랄렐은 육십 오세에 야렛을 낳았고
창세기,5,16,창세기 5:16,야렛을 낳은 후 팔백 삼십년을 지내며 자녀를 낳았으며
창세기,5,18,창세기 5:18,야렛은 일백 육십 이세에 에녹을 낳았고
창세기,5,19,창세기 5:19,에녹을 낳은 후 팔백년을 지내며 자녀를 낳았으며
창세기,5,21,창세기 5:21,에녹은 육십 오세에 므두셀라를 낳았고
창세기,5,22,창세기 5:22,므두셀라를 낳은 후 삼백년을 하나님과 동행하며 자녀를 낳았으며
창세기,5,25,창세기 5:25,므두셀라는 일백 팔십 칠세에 라멕을 낳았고
창세기,5,26,창세기 5:26,라멕을 낳은 후 칠백 팔십 이년을 지내며 자녀를 낳았으며
창세기,5,28,창세기 5:28,라멕은 일백 팔십 이세에 아들을 낳고
창세기,5,30,창세기 5:30,라멕이 노아를 낳은 후 오백 구십 오년을 지내며 자녀를 낳았으며
창세기,6,1,창세기 6:1,사람이 땅 위에 번성하기 시작할 때에 그들에게서 딸들이 나니
창세기,6,2,창세기 6:2,하나님의 아들들이 사람의 딸들의 아름다움을 보고 자기들의 좋아하는 모든 자로 아내를 삼는지라
창세기,6,3,창세기 6:3,여호와께서 가라사대 나의 신이 영원히 사람과 함께하지 아니하리니 이는 그들이 육체가 됨이라 그러나 그들의 날은 일백 이십년이 되리라 하시니라
창세기,6,9,창세기 6:9,노아의 사적은 이러하니라 노아는 의인이요 당세에 완전한 자라 그가 하나님과 동행하였으며
창세기,6,14,창세기 6:14,너는 잣나무로 너를 위하여 방주를 짓되 그 안에 간들을 막고 역청으로 그 안팎에 칠하라
창세기,6,16,창세기 6:16,거기 창을 내되 위에서부터 한 규빗에 내고 그 문은 옆으로 내고 상 중 하 삼층으로 할지니라
창세기,6,18,창세기 6:18,그러나 너와는 내가 내 언약을 세우리니 너는 네 아들들과 네 아내와 네 자부들과 함께 그 방주로 들어가고
창세기,6,20,창세기 6:20,"새가 그 종류대로, 육축이 그 종류대로, 땅에 기는 모든 것이 그 종류대로, 각기 둘씩 네게로 나아오리니 그 생명을 보존케하라"
창세기,6,21,창세기 6:21,너는 먹을 모든 식물을 네게로 가져다가 저축하라 이것이 너와 그들의 식물이 되리라
창세기,6,22,창세기 6:22,노아가 그와 같이 하되 하나님이 자기에게 명하신 대로 다 준행하였더라 !
창세기,7,1,창세기 7:1,여호와께서 노아에게 이르시되 너와 네 온 집은 방주로 들어가라 네가 이 세대에 내 앞에서 의로움을 내가 보았음이니라 !
창세기,7,3,창세기 7:3,공중의 새도 암수 일곱씩을 취하여 그 씨를 온 지면에 유전케하라
창세기,7,5,창세기 7:5,노아가 여호와께서 자기에게 명하신 대로 다 준행하였더라 !
창세기,7,6,창세기 7:6,홍수가 땅에 있을 때에 노아가 육백세라
창세기,7,7,창세기 7:7,노아가 아들들과 아내와 자부들과 함께 홍수를 피하여 방주에 들어갔고
창세기,7,8,창세기 7:8,정결한 짐승과 부정한 짐승과 새와 땅에 기는 모든 것이
창세기,7,9,창세기 7:9,하나님이 노아에게 명하신 대로 암수 둘씩 노아에게 나아와 방주로 들어갔더니
창세기,7,14,창세기 7:14,"그들과 모든 들짐승이 그 종류대로, 모든 육축이 그 종류대로, 땅에 기는 모든 것이 그 종류대로, 모든 새 곧 각양의 새가 그 종류대로"
창세기,7,15,창세기 7:15,무릇 기식이 있는 육체가 둘씩 노아에게 나아와 방주로 들어갔으니
창세기,7,16,창세기 7:16,"들어간 것들은 모든 것의 암,수라 하나님이 그에게 명하신대로 들어가매 여호와께서 그를 닫아 넣으시니라"
창세기,8,1,창세기 8:1,하나님이 노아와 그와 함께 방주에 있는 모든 들짐승과 육축을 권념하사 바람으로 땅 위에 불게 하시매 물이 감하였고
창세기,8,2,창세기 8:2,깊음의 샘과 하늘의 창이 막히고 하늘에서 비가 그치매
창세기,8,3,창세기 8:3,물이 땅에서 물러가고 점점 물러가서 일백 오십일 후에 감하고
창세기,8,4,창세기 8:4,칠월 곧 그 달 십칠일에 방주가 아라랏 산에 머물렀으며
창세기,8,5,창세기 8:5,물이 점점 감하여 시월 곧 그달 일일에 산들의 봉우리가 보였더라
창세기,8,6,창세기 8:6,사십일을 지나서 노아가 그 방주에 지은 창을 열고
창세기,8,9,창세기 8:9,온 지면에 물이 있으므로 비둘기가 접족할 곳을 찾지 못하고 방주로 돌아와 그에게로 오는지라 그가 손을 내밀어 방주 속 자기에게로 받아 들이고
창세기,8,10,창세기 8:10,또 칠일을 기다려 다시 비둘기를 방주에서 내어 놓으매
창세기,8,11,창세기 8:11,저녁때에 비둘기가 그에게로 돌아왔는데 그 입에 감람 새 잎사귀가 있는지라 이에 노아가 땅에 물이 감한 줄 알았으며
창세기,8,13,창세기 8:13,육백 일년 정월 곧 그 달 일일에 지면에 물이 걷힌지라 노아가 방주 뚜껑을 제치고 본즉 지면에 물이 걷혔더니
창세기,8,14,창세기 8:14,이월 이십 칠일에 땅이 말랐더라
창세기,8,15,창세기 8:15,하나님이 노아에게 말씀하여 가라사대
창세기,8,16,창세기 8:16,너는 네 아내와 네 아들들과 네 자부들로 더불어 방주에서 나오고
창세기,8,17,창세기 8:17,너와 함께 한 모든 혈육 있는 생물 곧 새와 육축과 땅에 기는 모든 것을 다 이끌어 내라 이것들이 땅에서 생육하고 땅에서 번성하리라 하시매
창세기,8,18,창세기 8:18,노아가 그 아들들과 그 아내와 그 자부들과 함께 나왔고
창세기,8,19,창세기 8:19,땅위의 동물 곧 모든 짐승과 모든 기는 것과 모든 새도 그 종류대로 방주에서 나왔더라
창세기,8,21,창세기 8:21,여호와께서 그 향기를 흠향하시고 그 중심에 이르시되 내가 다시는 사람으로 인하여 땅을 저주하지 아니하리니 이는 사람의 마음의 계획하는 바가 어려서부터 악함이라 내가 전에 행한 것 같이 모든 생물을 멸하지 아니하리니
창세기,8,22,창세기 8:22,"땅이 있을 동안에는 심음과, 거둠과, 추위와, 더위와, 여름과, 겨울과, 낮과, 밤이 쉬지 아니하리라"
창세기,9,1,창세기 9:1,하나님이 노아와 그 아들들에게 복을 주시며 그들에게 이르시되 생육하고 번성하여 땅에 충만하라 !
창세기,9,2,창세기 9:2,땅의 모든 짐승과 공중의 모든 새와 땅에 기는 모든 것과 바다의 모든 고기가 너희를 두려워하며 너희를 무서워하리니 이들은 너희 손에 붙이웠음이라
창세기,9,3,창세기 9:3,무릇 산 동물은 너희의 식물이 될지라 채소같이 내가 이것을 다 너희에게 주노라
창세기,9,4,창세기 9:4,그러나 고기를 그 생명 되는 피 채 먹지 말 것이니라
창세기,9,7,창세기 9:7,너희는 생육하고 번성하며 땅에 편만하여 그 중에서 번성하라 하셨더라
창세기,9,8,창세기 9:8,하나님이 노아와 그와 함께 한 아들들에게 일러 가라사대
창세기,9,10,창세기 9:10,너희와 함께 한 모든 생물 곧 너희와 함께 한 새와 육축과 땅의 모든 생물에게 세우리니 방주에서 나온 모든 것 곧 땅의 모든 짐승에게니라
창세기,9,11,창세기 9:11,내가 너희와 언약을 세우리니 다시는 모든 생물을 홍수로 멸하지 아니할 것이라 땅을 침몰할 홍수가 다시 있지 아니하리라
창세기,9,12,창세기 9:12,하나님이 가라사대 내가 나와 너희와 및 너희와 함께 하는 모든 생물 사이에 영세까지 세우는 언약의 증거는 이것이라
창세기,9,13,창세기 9:13,내가 내 무지개를 구름 속에 두었나니 이것이 나의 세상과의 언약의 증거니라
창세기,9,14,창세기 9:14,내가 구름으로 땅을 덮을 때에 무지개가 구름 속에 나타나면
창세기,9,15,창세기 9:15,내가 나와 너희와 및 혈기 있는 모든 생물사이의 내 언약을 기억하리니 다시는 물이 모든 혈기 있는 자를 멸하는 홍수가 되지 아니할지라
창세기,9,16,창세기 9:16,무지개가 구름 사이에 있으리니 내가 보고 나 하나님과 땅의 무릇 혈기 있는 모든 생물 사이에 된 영원한 언약을 기억하리라
창세기,9,17,창세기 9:17,하나님이 노아에게 또 이르시되 내가 나와 땅에 있는 모든 생물 사이에 세운 언약의 증거가 이것이라 하셨더라
창세기,9,19,창세기 9:19,노아의 이 세 아들로 좇아 백성이 온 땅에 퍼지니라
창세기,9,20,창세기 9:20,노아가 농업을 시작하여 포도나무를 심었더니
창세기,9,28,창세기 9:28,홍수 후에 노아가 삼백 오십년을 지내었고
창세기,10,5,창세기 10:5,이들로부터 여러 나라 백성으로 나뉘어서 각기 방언과 종족과 나라대로 바닷가의 땅에 머물렀더라
창세기,10,8,창세기 10:8,구스가 또 니므롯을 낳았으니 그는 세상에 처음 영걸이라
창세기,11,5,창세기 11:5,여호와께서 인생들의 쌓는 성과 대를 보시려고 강림하셨더라
창세기,11,6,창세기 11:6,"여호와께서 가라사대 이 무리가 한 족속이요, 언어도 하나이므로 이같이 시작하였으니 이후로는 그 경영하는 일을 금지할 수 없으리로다"
창세기,11,9,창세기 11:9,그러므로 그 이름을 바벨이라 하니 이는 여호와께서 거기서 온 땅의 언어를 혼잡케 하셨음이라 여호와께서 거기서 그들을 온 지면에 흩으셨더라
창세기,12,1,창세기 12:1,여호와께서 아브람에게 이르시되 너는 너의 본토 친척 아비 집을 떠나 내가 네게 지시할 땅으로 가라
창세기,12,2,창세기 12:2,내가 너로 큰 민족을 이루고 네게 복을 주어 네 이름을 창대케 하리니 너는 복의 근원이 될지라 !
창세기,12,7,창세기 12:7,여호와께서 아브람에게 나타나 가라사대 내가 이 땅을 네 자손에게 주리라 하신지라 그가 자기에게 나타나신 여호와를 위하여 그 곳에 단을 쌓고
창세기,12,8,창세기 12:8,"거기서 벧엘 동편 산으로 옮겨 장막을 치니 서는 벧엘이요, 동은 아이라 그가 그 곳에서 여호와를 위하여 단을 쌓고 여호와의 이름을 부르더니"
창세기,12,9,창세기 12:9,점점 남방으로 옮겨 갔더라
창세기,12,19,창세기 12:19,네가 어찌 그를 누이라 하여 나로 그를 취하여 아내를 삼게 하였느냐 ? 네 아내가 여기 있으니 이제 데려 가라' 하고
창세기,13,4,창세기 13:4,그가 처음으로 단을 쌓은 곳이라 그가 거기서 여호와의 이름을 불렀더라
창세기,13,5,창세기 13:5,아브람의 일행 롯도 양과 소와 장막이 있으므로
창세기,13,6,창세기 13:6,그 땅이 그들의 동거함을 용납지 못하였으니 곧 그들의 소유가 많아서 동거할 수 없었음이라
창세기,13,9,창세기 13:9,"네 앞에 온 땅이 있지 아니하냐 ? 나를 떠나라 네가 좌하면 나는 우하고, 네가 우하면 나는 좌하리라'"
창세기,13,14,창세기 13:14,롯이 아브람을 떠난 후에 여호와께서 아브람에게 이르시되 너는 눈을 들어 너 있는 곳에서 동서남북을 바라보라 !
창세기,13,15,창세기 13:15,보이는 땅을 내가 너와 네 자손에게 주리니 영원히 이르리라
창세기,13,16,창세기 13:16,내가 네 자손으로 땅의 티끌 같게 하리니 사람이 땅의 티끌을 능히 셀수 있을진대 네 자손도 세리라
창세기,13,17,창세기 13:17,너는 일어나 그 땅을 종과 횡으로 행하여 보라 ! 내가 그것을 네게 주리라
창세기,14,3,창세기 14:3,이들이 다 싯딤 골짜기 곧 지금 염해에 모였더라
창세기,14,13,창세기 14:13,도망한 자가 와서 히브리 사람 아브람에게 고하니 때에 아브람이 아모리 족속 마므레의 상수리 수풀 근처에 거하였더라 마므레는 에스골의 형제요 또 아넬의 형제라 이들은 아브람과 동맹한 자더라
창세기,14,14,창세기 14:14,아브람이 그 조카의 사로 잡혔음을 듣고 집에서 길리고 연습한 자 삼백 십 팔인을 거느리고 단까지 쫓아가서
창세기,14,16,창세기 14:16,모든 빼앗겼던 재물과 자기 조카 롯과 그 재물과 또 부녀와 인민을 다 찾아 왔더라
창세기,14,23,창세기 14:23,네 말이 내가 아브람으로 치부케 하였다 할까 하여 네게 속한 것은 무론 한 실이나 신들메라도 내가 취하지 아니하리라
창세기,14,24,창세기 14:24,오직 소년들의 먹은 것과 나와 동행한 아넬과 에스골과 마므레의 분깃을 제할지니 그들이 그 분깃을 취할 것이니라'
창세기,15,1,창세기 15:1,"이 후에 여호와의 말씀이 이상 중에 아브람에게 임하여 가라사대 아브람아 두려워 말라! 나는 너의 방패요, 너의 지극히 큰 상급이니라"
창세기,15,4,창세기 15:4,여호와의 말씀이 그에게 임하여 가라사대 그 사람은 너의 후사가 아니라 네 몸에서 날 자가 네 후사가 되리라 하시고
창세기,15,6,창세기 15:6,아브람이 여호와를 믿으니 여호와께서 이를 그의 의로 여기시고
창세기,15,7,창세기 15:7,또 그에게 이르시되 나는 이 땅을 네게 주어 업을 삼게 하려고 너를 갈대아 우르에서 이끌어 낸 여호와로라 !
창세기,15,9,창세기 15:9,"여호와께서 그에게 이르시되 나를 위하여 삼년 된 암소와, 삼년 된 암염소와, 삼년 된 수양과, 산비둘기와, 집비둘기 새끼를 취할지니라"
창세기,15,10,창세기 15:10,아브람이 그 모든 것을 취하여 그 중간을 쪼개고 그 쪼갠 것을 마주 대하여 놓고 그 새는 쪼개지 아니하였으며
창세기,15,15,창세기 15:15,너는 장수하다가 평안히 조상에게로 돌아가 장사될 것이요
창세기,15,17,창세기 15:17,해가 져서 어둘 때에 연기 나는 풀무가 보이며 타는 횃불이 쪼갠 고기 사이로 지나더라
창세기,16,4,창세기 16:4,아브람이 하갈과 동침하였더니 하갈이 잉태하매 그가 자기의 잉태함을 깨닫고 그 여주인을 멸시한지라
창세기,16,7,창세기 16:7,여호와의 사자가 광야의 샘 곁 곧 술 길 샘물 곁에서 그를 만나
창세기,16,13,창세기 16:13,하갈이 자기에게 이르신 여호와의 이름을 감찰하시는 하나님이라 하였으니 이는 `내가 어떻게 여기서 나를 감찰하시는 하나님을 뵈었는고' 함이라
창세기,17,1,창세기 17:1,아브람의 구십 구세 때에 여호와께서 아브람에게 나타나서 그에게 이르시되 나는 전능한 하나님이라 ! 너는 내 앞에서 행하여 완전하라 !
창세기,17,2,창세기 17:2,내가 내 언약을 나와 너 사이에 세워 너로 심히 번성케 하리라 하시니
창세기,17,3,창세기 17:3,아브람이 엎드린대 하나님이 또 그에게 일러 가라사대
창세기,17,4,창세기 17:4,내가 너와 내 언약을 세우니 너는 열국의 아비가 될지라
창세기,17,6,창세기 17:6,내가 너로 심히 번성케 하리니 나라들이 네게로 좇아 일어나며 열왕이 네게로 좇아나리라
창세기,17,7,창세기 17:7,내가 내 언약을 나와 너와 네 대대 후손의 사이에 세워서 영원한 언약을 삼고 너와 네 후손의 하나님이 되리라
창세기,17,11,창세기 17:11,너희는 양피를 베어라 이것이 나와 너희 사이의 언약의 표징이니라
창세기,17,16,창세기 17:16,내가 그에게 복을 주어 그로 네게 아들을 낳아 주게 하며 내가 그에게 복을 주어 그로 열국의 어미가 되게 하리니 민족의 열왕이 그에게서 나리라
창세기,18,2,창세기 18:2,눈을 들어 본즉 사람 셋이 맞은편에 섰는지라 그가 그들을 보자 곧 장막 문에서 달려나가 영접하며 몸을 땅에 굽혀
창세기,18,4,창세기 18:4,물을 조금 가져오게 하사 당신들의 발을 씻으시고 나무 아래서 쉬소서
창세기,18,14,창세기 18:14,여호와께 능치 못한 일이 있겠느냐 ! 기한이 이를 때에 내가 네게로 돌아오리니 사라에게 아들이 있으리라
창세기,18,24,창세기 18:24,그 성 중에 의인 오십이 있을지라도 주께서 그 곳을 멸하시고 그 오십 의인을 위하여 용서치 아니하시리이까 ?
창세기,18,25,창세기 18:25,주께서 이같이 하사 의인을 악인과 함께 죽이심은 불가하오며 의인과 악인을 균등히 하심도 불가하니이다 세상을 심판하시는 이가 공의를 행하실 것이 아니니이까 ?'
창세기,18,28,창세기 18:28,오십 의인 중에 오인이 부족할 것이면 그 오인 부족함을 인하여 온 성을 멸하시리이까 ?' 가라사대 내가 거기서 사십 오인을 찾으면 멸하지 아니하리라
창세기,19,6,창세기 19:6,롯이 문 밖의 무리에게로 나가서 뒤로 문을 닫고
창세기,19,10,창세기 19:10,그 사람들이 손을 내밀어 롯을 집으로 끌어들이고 문을 닫으며
창세기,19,19,창세기 19:19,종이 주께 은혜를 얻었고 주께서 큰 인자를 내게 베푸사 내 생명을 구원하시오나 내가 도망하여 산까지 갈 수 없나이다 두렵건대 재앙을 만나 죽을까 하나이다
창세기,19,20,창세기 19:20,보소서 저 성은 도망하기 가깝고 작기도 하오니 나로 그 곳에 도망하게 하소서 이는 작은 성이 아니니이까 ? 내 생명이 보존되리이다'
창세기,19,22,창세기 19:22,그리로 속희 도망하라 네가 거기 이르기까지는 내가 아무 일도 행할 수 없노라 하였더라 그러므로 그 성 이름을 소알이라 불렀 더라
창세기,19,30,창세기 19:30,롯이 소알에 거하기를 두려워하여 두 딸과 함께 소알에서 나와 산에 올라 거하되 그 두 딸과 함께 굴에 거하였더니
창세기,20,2,창세기 20:2,그 아내 사라를 자기 누이라 하였으므로 그랄 왕 아비멜렉이 보내어 사라를 취하였더니
창세기,20,6,창세기 20:6,하나님이 꿈에 또 그에게 이르시되 네가 온전한 마음으로 이렇게 한 줄을 나도 알았으므로 너를 막아 내게 범죄하지 않게 하였나니 여인에게 가까이 못하게 함이 이 까닭이니라
창세기,20,12,창세기 20:12,또 그는 실로 나의 이복 누이로서 내 처가 되었음이니라
창세기,20,13,창세기 20:13,하나님이 나로 내 아비 집을 떠나 두루 다니게 하실 때에 내가 아내에게 말하기를 이후로 우리의 가는 곳마다 그대는 나를 그대의 오라비라 하라 이것이 그대가 내게 베풀 은혜라 하였었노라`
창세기,21,1,창세기 21:1,여호와께서 그 말씀대로 사라를 권고하셨고 여호와께서 그 말씀대로 사라에게 행하셨으므로
창세기,21,13,창세기 21:13,그러나 여종의 아들도 네 씨니 내가 그로 한 민족을 이루게 하리라 하신지라
창세기,21,15,창세기 21:15,가죽부대의 물이 다한지라 그 자식을 떨기나무 아래 두며
창세기,21,17,창세기 21:17,"하나님이 그 아이의 소리를 들으시므로 하나님의 사자가 하늘에서부터 하갈을 불러 가라사대 `하갈아, 무슨 일이냐 ? 두려워 말라 ! 하나님이 거기 있는 아이의 소리를 들으셨나니"
창세기,21,18,창세기 21:18,일어나 아이를 일으켜 네 손으로 붙들라 그로 큰 민족을 이루게 하리라' 하시니라
창세기,21,19,창세기 21:19,하나님이 하갈의 눈을 밝히시매 샘물을 보고 가서 가죽부대에 물을 채워다가 그 아이에게 마시웠더라
창세기,21,20,창세기 21:20,하나님이 그 아이와 함께 계시매 그가 장성하여 광야에 거하며 활쏘는 자가 되었더니
창세기,22,12,창세기 22:12,사자가 가라사대 `그 아이에게 네 손을 대지 말라 아무 일도 그에게 하지 말라 네가 네 아들 네 독자라도 내게 아끼지 아니하였으니 내가 이제야 네가 하나님을 경외하는 줄을 아노라'
창세기,22,16,창세기 22:16,가라사대 여호와께서 이르시기를 내가 나를 가리켜 맹세하노니 네가 이같이 행하여 네 아들 네 독자를 아끼지 아니하였은즉
창세기,22,17,창세기 22:17,내가 네게 큰 복을 주고 네 씨로 크게 성하여 하늘의 별과 같고 바닷가의 모래와 같게 하리니 네 씨가 그 대적의 문을 얻으리라
창세기,22,18,창세기 22:18,또 네 씨로 말미암아 천하 만민이 복을 얻으리니 이는 네가 나의 말을 준행하였음이니라 ! 하셨다 하니라
창세기,23,1,창세기 23:1,사라가 일백 이십 칠세를 살았으니 이것이 곧 사라의 향년이라
창세기,23,4,창세기 23:4,"`나는 당신들 중에 나그네요, 우거한 자니 청컨대 당신들 중에서 내게 매장지를 주어 소유를 삼아 나로 내 죽은 자를 내어 장사하게 하시오'"
창세기,23,6,창세기 23:6,"`내 주여, 들으소서 당신은 우리 중 하나님의 방백이시니 우리 묘실 중에서 좋은 것을 택하여 당신의 죽은 자를 장사하소서 우리 중에서 자기 묘실에 당신의 죽은 자 장사함을 금할 자가 없으리이다'"
창세기,23,9,창세기 23:9,그로 그 밭머리에 있는 막벨라 굴을 내게 주게 하되 준가를 받고 그 굴을 내게 주어서 당신들 중에 내 소유 매장지가 되게 하기를 원하노라
창세기,23,11,창세기 23:11,"`내 주여, 그리 마시고 내 말을 들으소서 내가 그 밭을 당신께 드리되 내가 내 동족 앞에서 당신께 드리고 그 속의 굴도 내가 당신께 드리되 내가 내 동족 앞에서 당신께 드리오니 당신의 죽은 자를 장사하소서'"
창세기,23,15,창세기 23:15,"`내 주여, 내게 들으소서 땅값은 은 사백 세겔이나 나와 당신 사이에 어찌 교계하리이까 ? 당신의 죽은 자를 장사하소서'"
창세기,23,17,창세기 23:17,마므레 앞 막벨라에 있는 에브론의 밭을 바꾸어 그 속의 굴과 그 사방에 둘린 수목을 다
창세기,24,8,창세기 24:8,만일 여자가 너를 좇아 오고자 아니하면 나의 이 맹세가 너와 상관이 없나니 오직 내 아들을 데리고 그리로 가지 말지니라'
창세기,24,13,창세기 24:13,성 중 사람의 딸들이 물 길러 나오겠사오니 내가 우물 곁에 섰다가
창세기,24,16,창세기 24:16,그 소녀는 보기에 심히 아리땁고 지금까지 남자가 가까이 하지 아니한 처녀더라 그가 우물에 내려가서 물을 그 물 항아리에 채워 가지고 올라오는지라
창세기,24,20,창세기 24:20,급히 물 항아리의 물을 구유에 붓고 다시 길으려고 우물로 달려가서 모든 약대를 위하여 긷는지라
창세기,24,21,창세기 24:21,그 사람이 그를 묵묵히 주목하며 여호와께서 과연 평탄한 길을 주신 여부를 알고자 하더니
창세기,24,22,창세기 24:22,"약대가 마시기를 다하매 그가 반 세겔중 금고리 한개와, 열 세겔중 금 손목고리 한 쌍을 그에게 주며"
창세기,24,28,창세기 24:28,소녀가 달려가서 이 일을 어미 집에 고하였더니
창세기,24,29,창세기 24:29,리브가에게 오라비가 있어 이름은 라반이라 그가 우물로 달려가 그 사람에게 이르니
창세기,24,32,창세기 24:32,그 사람이 집으로 들어가매 라반이 약대의 짐을 부리고 짚과 보리를 약대에게 주고 그 사람의 발과 그 종자의 발 씻을 물을 주고
창세기,24,35,창세기 24:35,"여호와께서 나의 주인에게 크게 복을 주어 창성케 하시되 우양과, 은,금과, 노비와, 약대와, 나귀를 그에게 주셨고"
창세기,24,36,창세기 24:36,나의 주인의 부인 사라가 노년에 나의 주인에게 아들을 낳으매 주인이 그 모든 소유를 그 아들에게 주었나이다
창세기,24,38,창세기 24:38,내 아비 집 내 족속에게로 가서 내 아들을 위하여 아내를 택하라 하시기로
창세기,24,39,창세기 24:39,내가 내 주인에게 말씀하되 혹 여자가 나를 좇지 아니하면 어찌 하리이까 ? 한즉
창세기,24,41,창세기 24:41,네가 내 족속에게 이를 때에는 네가 내 맹세와 상관이 없으리라 설혹 그들이 네게 주지 아니할지라도 네가 내 맹세와 상관이 없으리라 하시기로
창세기,24,43,창세기 24:43,내가 이 우물 곁에 섰다가 청년 여자가 물을 길러 오거든 내가 그에게 청하기를 너는 물 항아리의 물을 내게 조금 마시우라 하여
창세기,24,45,창세기 24:45,내가 묵도하기를 마치지 못하여 리브가가 물 항아리를 어깨에 메고 나와서 우물로 내려와 긷기로 내가 그에게 이르기를 청컨대 내게 마시우라 한즉
창세기,24,49,창세기 24:49,이제 당신들이 인자와 진실로 나의 주인을 대접하려거든 내게 고하시고 그렇지 않을지라도 내게 고하여 나로 좌우간 행하게 하소서'
창세기,24,51,창세기 24:51,리브가가 그대 앞에 있으니 데리고 가서 여호와의 명대로 그로 그대의 주인의 아들의 아내가 되게 하라'
창세기,24,53,창세기 24:53,"은,금 패물과 의복을 꺼내어 리브가에게 주고 그 오라비와 어미에게도 보물을 주니라"
창세기,24,61,창세기 24:61,리브가가 일어나 비자와 함께 약대를 타고 그 사람을 따라가니 종이 리브가를 데리고 가니라
창세기,25,23,창세기 25:23,"여호와께서 그에게 이르시되 두 국민이 네 태 중에 있구나 두 민족이 네 복 중에서부터 나누이리라 이 족속이, 저 족속보다 강하겠고 큰 자는 어린 자를 섬기리라 하셨더라"
창세기,26,4,창세기 26:4,네 자손을 하늘의 별과 같이 번성케 하며 이 모든 땅을 네 자손에게 주리니 네 자손을 인하여 천하 만민이 복을 받으리라
창세기,26,13,창세기 26:13,그 사람이 창대하고 왕성하여 마침내 거부가 되어
창세기,26,21,창세기 26:21,또 다른 우물을 팠더니 그들이 또 다투는고로 그 이름을 싯나라 하였으며
창세기,26,29,창세기 26:29,너는 우리를 해하지 말라 이는 우리가 너를 범하지 아니하고 선한 일만 네게 행하며 너로 평안히 가게 하였음이니라 이제 너는 여호와께 복을 받은 자니라 !'
창세기,27,4,창세기 27:4,나의 즐기는 별미를 만들어 내게로 가져다가 먹게 하여 나로 죽기 전에 내 마음껏 네게 축복하게 하라'
창세기,27,7,창세기 27:7,나를 위하여 사냥하여 가져다가 별미를 만들어 나로 먹게 하여 죽기 전에 여호와 앞에서 네게 축복하게 하라 하셨으니
창세기,27,9,창세기 27:9,염소떼에 가서 거기서 염소의 좋은 새끼를 내게로 가져오면 내가 그것으로 네 부친을 위하여 그 즐기시는 별미를 만들리니
창세기,27,10,창세기 27:10,네가 그것을 가져 네 부친께 드려서 그로 죽으시기 전에 네게 축복하기 위하여 잡수시게 하라'
창세기,27,15,창세기 27:15,리브가가 집 안 자기 처소에 있는 맏아들 에서의 좋은 의복을 취하여 작은 아들 야곱에게 입히고
창세기,27,16,창세기 27:16,또 염소 새끼의 가죽으로 그 손과 목의 매끈매끈한 곳에 꾸미고
창세기,27,17,창세기 27:17,그 만든 별미와 떡을 자기 아들 야곱의 손에 주매
창세기,27,28,창세기 27:28,하나님은 하늘의 이슬과 땅의 기름짐이며 풍성한 곡식과 포도주로 네게 주시기를 원하노라
창세기,27,43,창세기 27:43,"내 아들아, 내 말을 좇아 일어나 하란으로 가서 내 오라버니 라반에게 피하여"
창세기,27,44,창세기 27:44,네 형의 노가 풀리기 까지 몇날 동안 그와 함께 거하라
창세기,28,2,창세기 28:2,일어나 밧단아람으로 가서 너의 외조부 브두엘 집에 이르러 거기서 너의 외삼촌 라반의 딸 중에서 아내를 취하라
창세기,28,3,창세기 28:3,전능하신 하나님이 네게 복을 주어 너로 생육하고 번성케하사 너로 여러 족속을 이루게 하시고
창세기,28,7,창세기 28:7,또 야곱이 부모의 명을 좇아 밧단아람으로 갔으며
창세기,28,10,창세기 28:10,야곱이 브엘세바에서 떠나 하란으로 향하여 가더니
창세기,28,11,창세기 28:11,한 곳에 이르러는 해가 진지라 거기서 유숙하려고 그 곳의 한 돌을 취하여 베개하고 거기 누워 자더니
창세기,28,12,창세기 28:12,꿈에 본즉 사닥다리가 땅 위에 섰는데 그 꼭대기가 하늘에 닿았고 또 본즉 하나님의 사자가 그 위에서 오르락 내리락하고
창세기,28,14,창세기 28:14,네 자손이 땅의 티끌같이 되어서 동서남북에 편만할지며 땅의 모든 족속이 너와 네 자손을 인하여 복을 얻으리라 !
창세기,28,15,창세기 28:15,내가 너와 함께 있어 네가 어디로 가든지 너를 지키며 너를 이끌어 이 땅으로 돌아오게 할지라 내가 네게 허락한 것을 다 이루기까지 너를 떠나지 아니하리라 ! 하신지라
창세기,28,18,창세기 28:18,야곱이 아침에 일찌기 일어나 베개하였던 돌을 가져 기둥으로 세우고 그 위에 기름을 붓고
창세기,28,19,창세기 28:19,그곳 이름을 벧엘이라 하였더라 이 성의 본 이름은 루스더라
창세기,28,21,창세기 28:21,나로 평안히 아비 집으로 돌아가게 하시오면 여호와께서 나의 하나님이 되실 것이요
창세기,29,1,창세기 29:1,야곱이 발행하여 동방 사람의 땅에 이르러
창세기,29,2,창세기 29:2,본즉 들에 우물이 있고 그 곁에 양 세 떼가 누웠으니 이는 목자들이 그 우물에서 물을 양떼에게 먹임이라 큰 돌로 우물 아구를 덮었다가
창세기,29,3,창세기 29:3,모든 떼가 모이면 그들이 우물 아구에서 돌을 옮기고 양에게 물을 먹이고는 여전히 우물 아구 그 자리에 돌을 덮더라
창세기,29,10,창세기 29:10,야곱이 그 외삼촌 라반의 딸 라헬과 그 외삼촌의 양을 보고 나아가서 우물 아구에서 돌을 옮기고 외삼촌 라반의 양떼에게 물을 먹이고
창세기,29,12,창세기 29:12,그에게 자기가 그의 아비의 생질이요 리브가의 아들됨을 고하였더니 라헬이 달려가서 그 아비에게 고하매
창세기,29,13,창세기 29:13,라반이 그 생질 야곱의 소식을 듣고 달려와서 그를 영접하여 안고 입맞추고 자기 집으로 인도하여 들이니 야곱이 자기의 모든 일을 라반에게 고하매
창세기,29,16,창세기 29:16,라반이 두 딸이 있으니 형의 이름은 레아요 아우의 이름은 라헬이라
창세기,29,17,창세기 29:17,레아는 안력이 부족하고 라헬은 곱고 아리따우니
창세기,29,20,창세기 29:20,야곱이 라헬을 위하여 칠년 동안 라반을 봉사하였으나 그를 연애하는 까닭에 칠년을 수일 같이 여겼더라
창세기,29,22,창세기 29:22,라반이 그 곳 사람을 다 모아 잔치하고
창세기,29,27,창세기 29:27,이를 위하여 칠일을 채우라 우리가 그도 네게 주리니 네가 그를 위하여 또 칠년을 내게 봉사할지니라'
창세기,29,28,창세기 29:28,야곱이 그대로 하여 그 칠일을 채우매 라반이 딸 라헬도 그에게 아내로 주고
창세기,29,29,창세기 29:29,라반이 또 그 여종 빌하를 그 딸 라헬에게 주어 시녀가 되게 하매
창세기,30,4,창세기 30:4,그 시녀 빌하를 남편에게 첩으로 주매 야곱이 그에게로 들어갔더니
창세기,30,5,창세기 30:5,빌하가 잉태하여 야곱에게 아들을 낳은지라
창세기,30,7,창세기 30:7,라헬의 시녀 빌하가 다시 잉태하여 둘째 아들을 야곱에게 낳으매
창세기,30,9,창세기 30:9,레아가 자기의 생산이 멈춤을 보고 그 시녀 실바를 취하여 야곱에게 주어 첩을 삼게 하였더니
창세기,30,10,창세기 30:10,레아의 시녀 실바가 야곱에게 아들을 낳으매
창세기,30,12,창세기 30:12,레아의 시녀 실바가 둘째 아들을 야곱에게 낳으매
창세기,30,17,창세기 30:17,하나님이 레아를 들으셨으므로 그가 잉태하여 다섯째 아들을 야곱에게 낳은지라
창세기,30,19,창세기 30:19,레아가 다시 잉태하여 여섯째 아들을 야곱에게 낳은지라
창세기,30,22,창세기 30:22,하나님이 라헬을 생각하신지라 하나님이 그를 들으시고 그 태를 여신 고로
창세기,30,26,창세기 30:26,내가 외삼촌에게서 일하고 얻은 처자를 내게 주어 나로 가게 하소서 내가 외삼촌께 한 일은 외삼촌이 아시나이다
창세기,30,30,창세기 30:30,내가 오기 전에는 외삼촌의 소유가 적더니 번성하여 떼를 이루었나이다 나의 공력을 따라 여호와께서 외삼촌에게 복을 주셨나이다 그러나 나는 어느 때에나 내 집을 세우리이까
창세기,30,32,창세기 30:32,오늘 내가 외삼촌의 양떼로 두루 다니며 그 양 중에 아롱진 자와 점있는 자와 검은 자를 가리어 내며 염소 중에 점 있는 자와 아롱진 자를 가리어 내리니 이같은 것이 나면 나의 삯이 되리이다
창세기,30,33,창세기 30:33,후일에 외삼촌께서 오셔서 내 품삯을 조사하실 때에 나의 의가 나의 표징이 되리이다 내게 혹시 염소 중 아롱지지 아니한 자나 점이 없는 자나 양 중 검지 아니한 자가 있거든 다 도적질한 것으로 인정하소서
창세기,30,36,창세기 30:36,자기와 야곱의 사이를 사흘 길이 뜨게 하였고 야곱은 라반의 남은 양떼를 치니라
창세기,30,37,창세기 30:37,야곱이 버드나무와 살구나무와 신풍나무의 푸른 가지를 취하여 그것들의 껍질을 벗겨 흰 무늬를 내고
창세기,30,38,창세기 30:38,그 껍질 벗긴 가지를 양떼가 와서 먹는 개천의 물구유에 세워 양떼에 향하게 하매 그 떼가 물을 먹으러 올 때에 새끼를 배니
창세기,30,39,창세기 30:39,가지 앞에서 새끼를 배므로 얼룩얼룩한 것과 점이 있고 아롱진 것을 낳은지라
창세기,30,41,창세기 30:41,실한 양이 새끼 밸 때에는 야곱이 개천에다가 양떼의 눈앞에 그 가지를 두어 양으로 그 가지 곁에서 새끼를 배게하고
창세기,30,42,창세기 30:42,약한 양이면 그 가지를 두지 아니하니 이러므로 약한 자는 라반의 것이 되고 실한 자는 야곱의 것이 된지라
창세기,31,1,창세기 31:1,야곱이 들은즉 라반의 아들들의 말이 `야곱이 우리 아버지의 소유를 다 빼앗고 우리 아버지의 소유로 인하여 이같이 거부가 되었다' 하는지라
창세기,31,3,창세기 31:3,"여호와께서 야곱에게 이르시되 네 조상의 땅, 네 족속에게로 돌아가라 내가 너와 함께 있으리라 하신지라"
창세기,31,4,창세기 31:4,야곱이 보내어 라헬과 레아를 자기 양떼 있는 들로 불러다가
창세기,31,6,창세기 31:6,그대들도 알거니와 내가 힘을 다하여 그대들의 아버지를 섬겼거늘
창세기,31,7,창세기 31:7,그대들의 아버지가 나를 속여 품삯을 열번이나 변역하였느니라 그러나 하나님이 그를 금하사 나를 해치 못하게 하셨으며
창세기,31,9,창세기 31:9,하나님이 이같이 그대들의 아버지의 짐승을 빼앗아 내게 주셨으니라
창세기,31,12,창세기 31:12,"가라사대 네 눈을 들어 보라 ! 양떼를 탄 수양은 다 얼룩무늬 있는것, 점 있는 것, 아롱진 것이니라 라반이 네게 행한 모든 것을 내가 보았노라"
창세기,31,13,창세기 31:13,나는 벧엘 하나님이라 ! 네가 거기서 기둥에 기름을 붓고 거기서 내게 서원하였으니 지금 일어나 이곳을 떠나서 네 출생지로 돌아가라 하셨느니라'
창세기,31,15,창세기 31:15,아버지가 우리를 팔고 우리의 돈을 다 먹었으니 아버지가 우리를 외인으로 여기는 것이 아닌가
창세기,31,16,창세기 31:16,하나님이 우리 아버지에게서 취하신 재물은 우리와 우리 자식의 것이니 이제 하나님이 당신에게 이르신 일을 다 준행하라'
창세기,31,17,창세기 31:17,야곱이 일어나 자식들과 아내들을 약대들에게 태우고
창세기,31,19,창세기 31:19,때에 라반이 양털을 깎으러 갔으므로 라헬은 그 아비의 드라빔을 도적질하고
창세기,31,22,창세기 31:22,삼일만에 야곱의 도망한 것이 라반에게 들린지라
창세기,31,23,창세기 31:23,라반이 그 형제를 거느리고 칠일 길을 쫓아가 길르앗산에서 그에게 미쳤더니
창세기,31,24,창세기 31:24,밤에 하나님이 아람 사람 라반에게 현몽하여 가라사대 너는 삼가 야곱에게 선악간 말하지 말라 하셨더라
창세기,31,25,창세기 31:25,라반이 야곱을 쫓아 미치니 야곱이 산에 장막을 쳤는지라 라반이 그 형제로 더불어 길르앗산에 장막을 치고
창세기,31,27,창세기 31:27,"내가 즐거움과, 노래와, 북과, 수금으로 너를 보내겠거늘 어찌하여 네가 나를 속이고 가만히 도망하고 내게 고하지 아니하였으며"
창세기,31,28,창세기 31:28,나로 내 손자들과 딸들에게 입맞추지 못하게 하였느냐 ? 네 소위가 실로 어리석도다
창세기,31,33,창세기 31:33,라반이 야곱의 장막에 들어가고 레아의 장막에 들어가고 두 여종의 장막에 들어갔으나 찾지 못하고 레아의 장막에서 나와 라헬의 장막에 들어가매
창세기,31,34,창세기 31:34,라헬이 그 드라빔을 가져 약대 안장 아래 넣고 그 위에 앉은지라 라반이 그 장막에서 찾다가 얻지 못하매
창세기,31,37,창세기 31:37,외삼촌께서 내 물건을 다 뒤져 보셨으니 외삼촌의 가장집물 중에 무엇을 찾았나이까 ? 여기 나의 형제와 외삼촌의 형제 앞에 그것을 두고 우리 두 사이에 판단하게 하소서
창세기,31,38,창세기 31:38,내가 이 이십년에 외삼촌과 함께 하였거니와 외삼촌의 암양들이나 암염소들이 낙태하지 아니하였고 또 외삼촌의 양떼의 수양을 내가 먹지 아니하였으며
창세기,31,39,창세기 31:39,"물려 찢긴 것은 내가 외삼촌에게로 가져가지 아니하고 스스로 그것을 보충하였으며 낮에 도적을 맞았든지, 밤에 도적을 맞았든지, 내가 외삼촌에게 물어 내었으며"
창세기,31,40,창세기 31:40,"내가 이와 같이 낮에는 더위를 무릅쓰고, 밤에는 추위를 당하며, 눈붙일 겨를도 없이 지내었나이다"
창세기,31,41,창세기 31:41,"내가 외삼촌의 집에 거한 이 이십년에 외삼촌의 두 딸을 위하여 십 사년, 외삼촌의 양떼를 위하여 육년을 외삼촌을 봉사하였거니와 외삼촌께서 내 품값을 열번이나 변역하셨으니"
창세기,31,44,창세기 31:44,이제 오라 너와 내가 언약을 세워 그것으로 너와 나 사이에 증거를 삼을 것이니라'
창세기,31,46,창세기 31:46,또 `그 형제들에게 돌을 모으라` 하니 그들이 돌을 취하여 무더기를 이루매 무리가 거기 무더기 곁에서 먹고
창세기,31,47,창세기 31:47,라반은 그것을 여갈사하두다라 칭하였고 야곱은 그것을 갈르엣이라 칭하였으니
창세기,31,48,창세기 31:48,라반의 말에 `오늘날 이 무더기가 너와 나 사이에 증거가 된다' 하였으므로 그 이름을 갈르엣이라 칭하였으며
창세기,31,49,창세기 31:49,또 미스바라 하였으니 이는 그의 말에 `우리 피차 떠나 있을 때에 여호와께서 너와 나 사이에 감찰하옵소서' 함이라
창세기,31,52,창세기 31:52,"이 무더기가 증거가 되고 이 기둥이 증거가 되나니 내가 이 무더기를 넘어 네게로 가서 해하지 않을 것이요, 네가 이 무더기, 이 기둥을 넘어 내게로 와서 해하지 않을 것이라"
창세기,31,54,창세기 31:54,야곱이 또 산에서 제사를 드리고 형제들을 불러 떡을 먹이니 그들이 떡을 먹고 산에서 경야하고
창세기,31,55,창세기 31:55,라반이 아침에 일찌기 일어나 손자들과 딸들에게 입맞추며 그들에게 축복하고 떠나 고향으로 돌아갔더라
창세기,32,1,창세기 32:1,야곱이 그 길을 진행하더니 하나님의 사자들이 그를 만난지라
창세기,32,5,창세기 32:5,"내게 소와, 나귀와, 양떼와, 노비가 있사오므로 사람을 보내어 내 주께 고하고 내 주께 은혜 받기를 원하나이다 하더라 하라' 하였더니"
창세기,32,7,창세기 32:7,"야곱이 심히 두렵고 답답하여 자기와 함께 한 종자와 양과, 소와, 약대를 두 떼로 나누고"
창세기,32,11,창세기 32:11,내가 주께 간구하오니 내 형의 손에서 에서의 손에서 나를 건져내시옵소서 내가 그를 두려워하옴은 그가 와서 나와 내 처자들을 칠까 겁냄이니이다
창세기,32,12,창세기 32:12,주께서 말씀하시기를 내가 정녕 네게 은혜를 베풀어 네 씨로 바다의 셀 수 없는 모래와 같이 많게 하리라 하셨나이다'
창세기,32,13,창세기 32:13,야곱이 거기서 경야하고 그 소유 중에서 형 에서를 위하여 예물을 택하니
창세기,32,18,창세기 32:18,"대답하기를 주의 종 야곱의 것이요, 자기 주 에서에게로 보내는 예물이오며 야곱도 우리 뒤에 있나이다 하라' 하고"
창세기,32,21,창세기 32:21,그 예물은 그의 앞서 행하고 그는 무리 가운데서 경야하다가
창세기,32,22,창세기 32:22,밤에 일어나 두 아내와 두 여종과 열 한 아들을 인도하여 얍복 나루를 건널새
창세기,32,23,창세기 32:23,그들을 인도하여 시내를 건네며 그 소유도 건네고
창세기,32,24,창세기 32:24,야곱은 홀로 남았더니 어떤 사람이 날이 새도록 야곱과 씨름하다가
창세기,33,1,창세기 33:1,야곱이 눈을 들어 보니 에서가 사백인을 거느리고 오는지라 그 자식들을 나누어 레아와 라헬과 두 여종에게 맡기고
창세기,33,3,창세기 33:3,자기는 그들 앞에서 나아가되 몸을 일곱번 땅에 굽히며 그 형 에서에게 가까이 하니
창세기,33,4,창세기 33:4,에서가 달려와서 그를 맞아서 안고 목을 어긋맞기고 그와 입맞추고 피차 우니라
창세기,33,6,창세기 33:6,때에 여종들이 그 자식으로 더불어 나아와 절하고
창세기,33,11,창세기 33:11,하나님이 내게 은혜를 베푸셨고 나의 소유도 족하오니 청컨대 내가 형님께 드리는 예물을 받으소서 하고 그에게 강권하매 받으니라
창세기,33,14,창세기 33:14,청컨대 내 주는 종보다 앞서 가소서 나는 앞에 가는 짐승과 자식의 행보대로 천천히 인도하여 세일로 가서 내 주께 나아가리이다
창세기,33,17,창세기 33:17,야곱은 숙곳에 이르러 자기를 위하여 집을 짓고 짐승을 위하여 우릿간을 지은 고로 그 땅 이름을 숙곳이라 부르더라
창세기,33,19,창세기 33:19,그 장막 친 밭을 세겜의 아비 하몰의 아들들의 손에서 은 일백개로 사고
창세기,34,1,창세기 34:1,레아가 야곱에게 낳은 딸 디나가 그 땅 여자를 보러 나갔더니
창세기,34,6,창세기 34:6,세겜의 아비 하몰은 야곱에게 말하러 왔으며
창세기,34,9,창세기 34:9,너희가 우리와 통혼하여 너희 딸을 우리에게 주며 우리 딸을 너희가 취하고
창세기,34,10,창세기 34:10,너희가 우리와 함께 거하되 땅이 너희 앞에 있으니 여기 머물러 매매하며 여기서 기업을 얻으라' 하고
창세기,34,18,창세기 34:18,그들의 말을 하몰과 그 아들 세겜이 좋게 여기므로
창세기,34,19,창세기 34:19,이 소년이 그 일 행하기를 지체치 아니하였으니 그가 야곱의 딸을 사랑함이며 그는 그 아비 집에 가장 존귀함일러라
창세기,34,21,창세기 34:21,`이 사람들은 우리와 친목하고 이 땅은 넓어 그들을 용납할 만하니 그들로 여기서 거주하며 매매하게 하고 우리가 그들의 딸들을 아내로 취하고 우리 딸들도 그들에게 주자
창세기,35,1,창세기 35:1,하나님이 야곱에게 이르시되 일어나 벧엘로 올라가서 거기 거하며 네가 네 형 에서의 낯을 피하여 도망하던 때에 네게 나타났던 하나님께 거기서 단을 쌓으라 ! 하신지라
창세기,35,3,창세기 35:3,우리가 일어나 벧엘로 올라가자 나의 환난날에 내게 응답하시며 나의 가는 길에서 나와 함께 하신 하나님께 내가 거기서 단을 쌓으려 하노라' 하매
창세기,35,9,창세기 35:9,야곱이 밧단아람에서 돌아오매 하나님이 다시 야곱에게 나타나서 그에게 복을 주시고
창세기,35,10,창세기 35:10,그에게 이르시되 네 이름이 야곱이다마는 네 이름을 다시는 야곱이라 부르지 않겠고 이스라엘이 네 이름이 되리라 하시고 그가 그의 이름을 이스라엘이라 부르시고
창세기,35,11,창세기 35:11,그에게 이르시되 나는 전능한 하나님이니라 ! 생육하며 번성하라 ! 국민과 많은 국민이 네게서 나고 왕들이 네 허리에서 나오리라
창세기,35,13,창세기 35:13,하나님이 그와 말씀하시던 곳에서 그를 떠나 올라가시는지라
창세기,35,14,창세기 35:14,야곱이 하나님의 자기와 말씀하시던 곳에 기둥 곧 돌 기둥을 세우고 그 위에 전제물을 붓고 또 그 위에 기름을 붓고
창세기,35,15,창세기 35:15,하나님이 자기와 말씀하시던 곳의 이름을 벧엘이라 불렀더라
창세기,35,20,창세기 35:20,야곱이 라헬의 묘에 비를 세웠더니 지금까지 라헬의 묘비라 일컫더라
창세기,35,21,창세기 35:21,이스라엘이 다시 발행하여 에델 망대를 지나 장막을 쳤더라
창세기,37,7,창세기 37:7,우리가 밭에서 곡식을 묶더니 내 단은 일어서고 당신들의 단은 내 단을 둘러서서 절하더이다'
창세기,37,12,창세기 37:12,그 형들이 세겜에 가서 아비의 양떼를 칠 때에
창세기,38,1,창세기 38:1,그 후에 유다가 자기 형제에게서 내려가서 아둘람 사람 히라에게로 나아가니라
창세기,38,12,창세기 38:12,얼마 후에 유다의 아내 수아의 딸이 죽은지라 유다가 위로를 받은 후에 그 친구 아둘람 사람 히라와 함께 딤나로 올라가서 자기 양털 깍는 자에게 이르렀더니
창세기,38,20,창세기 38:20,유다가 그 친구 아둘람 사람의 손에 부탁하여 염소 새끼를 보내고 그 여인의 손에서 약조물을 찾으려 하였으나 그가 그 여인을 찾지 못한지라
창세기,38,27,창세기 38:27,임산하여 보니 쌍태라
창세기,38,30,창세기 38:30,그 형제 곧 손에 홍사 있는 자가 뒤에 나오니 그 이름을 세라라 불렀더라
창세기,39,9,창세기 39:9,이 집에는 나보다 큰 이가 없으며 주인이 아무 것도 내게 금하지 아니하였어도 금한 것은 당신뿐이니 당신은 자기 아내임이라 그런즉 내가 어찌 이 큰 악을 행하여 하나님께 득죄하리이까 ?'
창세기,39,16,창세기 39:16,그 옷을 곁에 두고 자기 주인이 집으로 돌아오기를 기다려
창세기,39,18,창세기 39:18,내가 소리질러 불렀더니 그가 그 옷을 내게 버려두고 도망하여 나갔나이다'
창세기,40,10,창세기 40:10,그 나무에 세 가지가 있고 싹이 나서 꽃이 피고 포도송이가 익었고
창세기,40,15,창세기 40:15,나는 히브리 땅에서 끌려온 자요 여기서도 옥에 갇힐 일은 행치 아니하였나이다'
창세기,41,2,창세기 41:2,보니 아름답고 살진 일곱 암소가 하수에서 올라와 갈밭에서 뜯어먹고
창세기,41,3,창세기 41:3,그 뒤에 또 흉악하고 파리한 다른 일곱 암소가 하수에서 올라와 그 소와 함께 하숫가에 섰더니
창세기,41,11,창세기 41:11,나와 그가 하룻밤에 꿈을 꾼즉 각기 징조가 있는 꿈이라
창세기,41,12,창세기 41:12,그 곳에 시위대장의 종된 히브리 소년이 우리와 함께 있기로 우리가 그에게 고하매 그가 우리의 꿈을 풀되 그 꿈대로 각인에게 해석하더니
창세기,41,13,창세기 41:13,그 해석 한대로 되어 나는 복직하고 그는 매여 달렸나이다'
창세기,41,18,창세기 41:18,보니 살지고 아름다운 일곱 암소가 하숫가에 올라와 갈밭에서 뜯어 먹고
창세기,41,20,창세기 41:20,그 파리하고 흉악한 소가 처음의 일곱 살진 소를 먹었으며
창세기,41,21,창세기 41:21,먹었으나 먹은듯하지 아니하여 여전히 흉악하더라 내가 곧 깨었다가
창세기,41,40,창세기 41:40,너는 내 집을 치리하라 내 백성이 다 네 명을 복종하리니 나는 너보다 높음이 보좌 뿐이니라'
창세기,41,47,창세기 41:47,일곱해 풍년에 토지 소출이 심히 많은지라
창세기,42,11,창세기 42:11,우리는 다 한 사람의 아들로서 독실한 자니 종들은 정탐이 아니니이다'
창세기,42,19,창세기 42:19,너희가 독실한 자이면 너희 형제 중 한 사람만 그 옥에 갇히게 하고 너희는 곡식을 가지고 가서 너희 집들의 주림을 구하고
창세기,42,20,창세기 42:20,너희 말째 아우를 내게로 데리고 오라 그리하면 너희 말이 진실함이 되고 너희가 죽지 아니하리라' 그들이 그대로 하니라
창세기,42,27,창세기 42:27,한 사람이 객점에서 나귀에게 먹이를 주려고 자루를 풀고 본즉 그 돈이 자루 아구에 있는지라
창세기,42,30,창세기 42:30,"`그 땅의 주, 그 사람이 엄히 우리에게 말씀하고 우리를 그 나라 정탐자로 여기기로"
창세기,42,34,창세기 42:34,너희 말째 아우를 내게로 데려오라 그리하면 너희가 정탐이 아니요 독실한 자임을 내가 알고 너희 형제를 너희에게 돌리리니 너희가 이 나라에서 무역하리라 하더이다' 하고
창세기,42,35,창세기 42:35,각기 자루를 쏟고 본즉 각인의 돈뭉치가 그 자루 속에 있는지라 그들과 그 아비가 돈 뭉치를 보고 다 두려워하더니
창세기,43,1,창세기 43:1,그 땅에 기근이 심하고
창세기,43,5,창세기 43:5,아버지께서 만일 그를 보내지 않으시면 우리는 내려가지 아니하리니 그 사람이 우리에게 말하기를 너희 아우가 너희와 함께하지 아니하면 너희가 내 얼굴을 보지 못하리라 하였음이니이다'
창세기,43,9,창세기 43:9,내가 그의 몸을 담보하오리니 아버지께서 내 손에 그를 물으소서 내가 만일 그를 아버지께 데려다가 아버지 앞에 두지 아니하면 내가 영원히 죄를 지리이다
창세기,43,10,창세기 43:10,우리가 지체하지 아니하였더면 벌써 두번 갔다 왔으리이다`
창세기,43,12,창세기 43:12,너희 손에 돈을 배나 가지고 너희 자루 아구에 도로 넣여 온 그 돈을 다시 가지고 가라 혹 차착이 있었을까 두렵도다
창세기,43,13,창세기 43:13,네 아우도 데리고 떠나 다시 그 사람에게로 가라
창세기,43,14,창세기 43:14,전능하신 하나님께서 그 사람 앞에서 너희에게 은혜를 베푸사 그 사람으로 너희 다른 형제와 베냐민을 돌려보내게 하시기를 원하노라 내가 자식을 잃게 되면 잃으리로다 !'
창세기,43,21,창세기 43:21,객점에 이르러 자루를 풀어본즉 각인의 돈이 본수대로 자루 아구에 있기로 우리가 도로 가져 왔고
창세기,43,22,창세기 43:22,양식 살 다른 돈도 우리가 가지고 내려왔나이다 우리의 돈을 우리 자루에 넣은 자는 누구인지 우리가 알지 못하나이다'
창세기,43,31,창세기 43:31,얼굴을 씻고 나와서 그 정을 억제하고 `음식을 차리라' 하매
창세기,44,3,창세기 44:3,개동시에 사람들과 그 나귀를 보내니라
창세기,44,6,창세기 44:6,청지기가 그들에게 따라 미쳐 그대로 말하니
창세기,44,19,창세기 44:19,이전에 내 주께서 종들에게 물으시되 너희는 아비가 있느냐 ? 아우가 있느냐 ? 하시기에
창세기,44,21,창세기 44:21,주께서 또 종들에게 이르시되 그를 내게로 데리고 내려와서 나로 그를 목도하게 하라 하시기로
창세기,44,22,창세기 44:22,우리가 내 주께 말씀하기를 그 아이는 아비를 떠나지 못할지니 떠나면 아비가 죽겠나이다
창세기,44,24,창세기 44:24,우리가 주의 종 우리 아비에게로 도로 올라가서 내 주의 말씀을 그에게 고하였나이다
창세기,44,25,창세기 44:25,그 후에 우리 아비가 다시 가서 곡물을 조금 사오라 하시기로
창세기,44,28,창세기 44:28,하나는 내게서 나간고로 내가 말하기를 정녕 찢겨 죽었다하고 내가 지금까지 그를 보지 못하거늘
창세기,44,29,창세기 44:29,너희가 이도 내게서 취하여 가려한즉 만일 재해가 그 몸에 미치면 나의 흰 머리로 슬피 음부로 내려가게 하리라 하니
창세기,44,30,창세기 44:30,아비의 생명과 아이의 생명이 서로 결탁되었거늘 이제 내가 주의 종 우리 아비에게 돌아갈 때에 아이가 우리와 함께 하지 아니하면
창세기,44,31,창세기 44:31,아비가 아이의 없음을 보고 죽으리니 이같이 되면 종들이 주의 종 우리 아비의 흰 머리로 슬피 음부로 내려가게 함이니이다
창세기,44,32,창세기 44:32,주의 종이 내 아비에게 아이를 담보하기를 내가 이를 아버지께로 데리고 돌아오지 아니하면 영영히 아버지께 죄를 지리이다 하였사오니
창세기,44,33,창세기 44:33,청컨대 주의 종으로 아이를 대신하여 있어서 주의 종이 되게 하시고 아이는 형제와 함께 도로 올려 보내소서
창세기,44,34,창세기 44:34,내가 어찌 아이와 함께 하지 아니하고 내 아비에게로 올라 갈 수 있으리이까 ? 두렵건대 재해가 내 아비에게 미침을 보리이다'
창세기,45,5,창세기 45:5,당신들이 나를 이곳에 팔았으므로 근심하지 마소서 한탄하지 마소서 ! 하나님이 생명을 구원하시려고 나를 당신들 앞서 보내셨나이다
창세기,45,6,창세기 45:6,이 땅에 이년 동안 흉년이 들었으나 아직 오년은 기경도 못하고 추수도 못할지라
창세기,45,7,창세기 45:7,하나님이 큰 구원으로 당신들의 생명을 보존하고 당신들의 후손을 세상에 두시려고 나를 당신들 앞서 보내셨나니
창세기,45,10,창세기 45:10,아버지의 아들들과 아버지의 손자들과 아버지의 양과 소와 모든 소유가 고센 땅에 있어서 나와 가깝게 하소서
창세기,45,11,창세기 45:11,흉년이 아직 다섯해가 있으니 내가 거기서 아버지를 봉양하리이다 아버지와 아버지의 가속과 아버지의 모든 소속이 결핍할까 하나이다 하더라 하소서
창세기,45,12,창세기 45:12,당신들의 눈과 내 아우 베냐민의 눈이 보는바 당신들에게 이 말을 하는 것은 내 입이라
창세기,45,22,창세기 45:22,또 그들에게 다 각기 옷 한벌씩 주되 베냐민에게는 은 삼백과 옷 다섯벌을 주고
창세기,46,32,창세기 46:32,그들은 목자라 목축으로 업을 삼으므로 그 양과 소와 모든 소유를 이끌고 왔나이다 하리니
창세기,48,4,창세기 48:4,내게 이르시되 내가 너로 생육하게 하며 번성하게 하여 네게서 많은 백성이 나게 하고 내가 이 땅을 네 후손에게 주어 영원한 기업이 되게 하리라 하셨느니라
창세기,48,6,창세기 48:6,이들 후의 네 소생이 네 것이 될 것이며 그 산업은 그 형의 명의하에서 함께 하리라
창세기,49,2,창세기 49:2,너희는 모여 들으라 야곱의 아들들아 너희 아비 이스라엘에게 들을지어다 !
창세기,49,3,창세기 49:3,르우벤아 너는 내 장자요 나의 능력이요 나의 기력의 시작이라 위광이 초등하고 권능이 탁월하도다마는
창세기,49,8,창세기 49:8,"유다야, 너는 네 형제의 찬송이 될지라 ! 네 손이 네 원수의 목을 잡을 것이요 네 아비의 아들들이 네 앞에 절하리로다"
창세기,49,9,창세기 49:9,유다는 사자 새끼로다 내 아들아 ! 너는 움킨 것을 찢고 올라 갔도다 그의 엎드리고 웅크림이 수사자 같고 암사자 같으니 누가 그를 범할 수 있으랴
창세기,49,10,창세기 49:10,홀이 유다를 떠나지 아니하며 치리자의 지팡이가 그 발 사이에서 떠나지 아니하시기를 실로가 오시기까지 미치리니 그에게 모든 백성이 복종하리로다
창세기,49,12,창세기 49:12,그 눈은 포도주로 인하여 붉겠고 그 이는 우유로 인하여 희리로다
창세기,49,13,창세기 49:13,스불론은 해변에 거하리니 그곳은 배 매는 해변이라 그 지경이 시돈까지리로다
창세기,49,14,창세기 49:14,잇사갈은 양의 우리 사이에 꿇어 앉은 건장한 나귀로다
창세기,49,15,창세기 49:15,그는 쉴 곳을 보고 좋게 여기며 토지를 보고 아름답게 여기고 어깨를 내려 짐을 메고 압제 아래서 섬기리로다
창세기,49,16,창세기 49:16,단은 이스라엘의 한 지파같이 그 백성을 심판하리로다
창세기,49,18,창세기 49:18,여호와여 ! 나는 주의 구원을 기다리나이다
창세기,49,19,창세기 49:19,갓은 군대의 박격을 받으나 도리어 그 뒤를 추격하리로다
창세기,49,20,창세기 49:20,아셀에게서 나는 식물은 기름진 것이라 그가 왕의 진수를 공궤하리로다
창세기,49,21,창세기 49:21,납달리는 놓인 암사슴이라 아름다운 소리를 발하는도다
창세기,49,25,창세기 49:25,네 아비의 하나님께로 말미암나니 그가 너를 도우실 것이요 전능자로 말미암나니 그가 네게 복을 주실 것이라 위로 하늘의 복과 아래로 원천의 복과 젖먹이는 복과 태의 복이리로다
창세기,49,32,창세기 49:32,이 밭과 거기 있는 굴은 헷 사람에게서 산 것이니라'
창세기,49,33,창세기 49:33,야곱이 아들에게 명하기를 마치고 그 발을 침상에 거두고 기운이 진하여 그 열조에게로 돌아갔더라
창세기,50,12,창세기 50:12,야곱의 아들들이 부명을 좇아 행하여
창세기,50,20,창세기 50:20,당신들은 나를 해하려 하였으나 하나님은 그것을 선으로 바꾸사 오늘과 같이 만민의 생명을 구원하게 하시려 하셨나니
출애굽기,1,21,출애굽기 1:21,산파는 하나님을 경외하였으므로 하나님이 그들의 집을 왕성케 하신지라
출애굽기,2,1,출애굽기 2:1,레위 족속 중 한 사람이 가서 레위 여자에게 장가 들었더니
출애굽기,2,2,출애굽기 2:2,그 여자가 잉태하여 아들을 낳아 그 준수함을 보고 그를 석달을 숨겼더니
출애굽기,2,3,출애굽기 2:3,더 숨길 수 없이 되매 그를 위하여 갈 상자를 가져다가 역청과 나무 진을 칠하고 아이를 거기 담아 하숫가 갈대 사이에 두고
출애굽기,2,4,출애굽기 2:4,그 누이가 어떻게 되는 것을 알려고 멀리 섰더니
출애굽기,2,25,출애굽기 2:25,이스라엘 자손을 권념하셨더라
출애굽기,3,2,출애굽기 3:2,여호와의 사자가 떨기나무 불꽃 가운데서 그에게 나타나시니라 그가 보니 떨기나무에 불이 붙었으나 사라지지 아니하는지라
출애굽기,3,5,출애굽기 3:5,하나님이 가라사대 이리로 가까이 하지 말라 너의 선 곳은 거룩한 땅이니 네 발에서 신을 벗으라 !
출애굽기,4,6,출애굽기 4:6,여호와께서 또 가라사대 네 손을 품에 넣으라 ! 하시매 손을 품에 넣었다가 내어보니 그 손에 문둥병이 발하여 눈 같이 흰지라
출애굽기,4,8,출애굽기 4:8,여호와께서 가라사대 그들이 너를 믿지 아니하며 그 처음 이적의 표징을 받지 아니하여도 둘째 이적의 표징은 믿으리라
출애굽기,4,12,출애굽기 4:12,이제 가라 내가 네 입과 함께 있어서 할 말을 가르치리라
출애굽기,4,15,출애굽기 4:15,너는 그에게 말하고 그 입에 말을 주라 내가 네 입과 그의 입에 함께 있어서 너의 행할 일을 가르치리라
출애굽기,4,16,출애굽기 4:16,그가 너를 대신하여 백성에게 말할 것이니 그는 네 입을 대신할 것이요 너는 그에게 하나님 같이 되리라
출애굽기,4,17,출애굽기 4:17,너는 이 지팡이를 손에 잡고 이것으로 이적을 행할지니라
출애굽기,7,25,출애굽기 7:25,여호와께서 하수를 치신 후 칠일이 지나니라
출애굽기,8,11,출애굽기 8:11,"개구리가 왕과, 왕궁과, 왕의 신하와, 왕의 백성을 떠나서 하수에만 있으리이다' 하고"
출애굽기,8,23,출애굽기 8:23,내가 내 백성과 네 백성 사이에 구별을 두리니 내일 이 표징이 있으리라 하셨다 하라 하시고
출애굽기,8,27,출애굽기 8:27,우리가 사흘길쯤 광야로 들어가서 우리 하나님 여호와께 희생을 드리되 우리에게 명하시는대로 하려하나이다'
출애굽기,9,2,출애굽기 9:2,네가 만일 그들 보내기를 거절하고 억지로 잡아 두면
출애굽기,9,5,출애굽기 9:5,여호와께서 기한을 정하여 가라사대 여호와가 내일 이 땅에서 이 일을 행하리라 하시더니
출애굽기,9,16,출애굽기 9:16,네가 너를 세웠음은 나의 능력을 네게 보이고 내 이름이 온 천하에 전파되게 하려 하였음이니라
출애굽기,9,28,출애굽기 9:28,여호와께 구하여 이 뇌성과 우박을 그만 그치게 하라 내가 너희를 보내리니 너희가 다시는 머물지 아니하리라'
출애굽기,9,30,출애굽기 9:30,그러나 왕과 왕의 신하들이 여호와 하나님을 아직도 두려워 아니할 줄을 내가 아나이다'
출애굽기,10,26,출애굽기 10:26,우리의 생축도 우리와 함께 가고 한 마리도 남길 수 없으니 이는 우리가 그 중에서 취하여 우리 하나님 여호와를 섬길 것임이며 또 우리가 거기 이르기까지는 어떤 것으로 여호와를 섬기는지 알지 못함이니이다' 하나
출애굽기,11,2,출애굽기 11:2,백성에게 말하여 남녀로 각기 이웃들에게 은금 패물을 구하게 하라 하시더니
출애굽기,12,2,출애굽기 12:2,이 달로 너희에게 달의 시작 곧 해의 첫 달이 되게 하고
출애굽기,12,5,출애굽기 12:5,너희 어린 양은 흠 없고 일년 된 수컷으로 하되 양이나 염소 중에서 취하고
출애굽기,12,7,출애굽기 12:7,양을 먹을 집 문 좌우 설주와 인방에 바르고
출애굽기,12,9,출애굽기 12:9,날로나 물에 삶아서나 먹지 말고 그 머리와 정강이와 내장을 다 불에 구워 먹고
출애굽기,12,10,출애굽기 12:10,아침까지 남겨 두지 말며 아침까지 남은 것은 곧 소화하라
출애굽기,12,14,출애굽기 12:14,너희는 이 날을 기념하여 여호와의 절기를 삼아 영원한 규례로 대대에 지킬지니라 !
출애굽기,12,16,출애굽기 12:16,너희에게 첫날에도 성회요 제 칠일에도 성회가 되리니 이 두 날에는 아무 일도 하지 말고 각인의 식물만 너희가 갖출 것이니라
출애굽기,12,19,출애굽기 12:19,칠일 동안은 누룩을 너희 집에 있지 않게 하라 무릇 유교물을 먹는 타국인이든지 본국에서 난 자든지 무론하고 이스라엘 회중에서 끊쳐지리니
출애굽기,12,22,출애굽기 12:22,너희는 우슬초 묶음을 취하여 그릇에 담은 피에 적시어서 그 피를 문 인방과 좌우 설주에 뿌리고 아침까지 한 사람도 자기 집 문밖에 나가지 말라
출애굽기,12,24,출애굽기 12:24,너희는 이 일을 규례로 삼아 너희와 너희 자손이 영원히 지킬 것이니
출애굽기,12,25,출애굽기 12:25,너희는 여호와께서 허락하신대로 너희에게 주시는 땅에 이를 때에 이 예식을 지킬 것이라
출애굽기,12,26,출애굽기 12:26,이 후에 너희 자녀가 묻기를 이 예식이 무슨 뜻이냐 ? 하거든
출애굽기,12,34,출애굽기 12:34,백성이 발교되지 못한 반죽 담은 그릇을 옷에 싸서 어깨에 메니라
출애굽기,12,37,출애굽기 12:37,이스라엘 자손이 라암셋에서 발행하여 숙곳에 이르니 유아 외에 보행하는 장정이 육십만 가량이요
출애굽기,12,38,출애굽기 12:38,중다한 잡족과 양과 소와 심히 많은 생축이 그들과 함께 하였으며
출애굽기,12,45,출애굽기 12:45,거류인과 타국 품군은 먹지 못하리라
출애굽기,12,46,출애굽기 12:46,한 집에서 먹되 그 고기를 조금도 집 밖으로 내지 말고 뼈도 꺾지 말지며
출애굽기,12,47,출애굽기 12:47,이스라엘 회중이 다 이것을 지킬지니라
출애굽기,12,49,출애굽기 12:49,본토인에게나 너희 중에 우거한 이방인에게나 이 법이 동일하니라 하셨으므로
출애굽기,13,2,출애굽기 13:2,이스라엘 자손 중에 사람이나 짐승이나 무론하고 초태생은 다 거룩히 구별하여 내게 돌리라 이는 내 것이니라 ! 하시니라
출애굽기,13,4,출애굽기 13:4,아빕월 이 날에 너희가 나왔으니
출애굽기,13,10,출애굽기 13:10,연년이 기한에 이르러 이 규례를 지킬지니라
출애굽기,13,12,출애굽기 13:12,너는 무릇 초태생과 네게 있는 생축의 초태생을 다 구별하여 여호와께 돌리라 수컷은 여호와의 것이니라
출애굽기,13,21,출애굽기 13:21,여호와께서 그들 앞에 행하사 낮에는 구름 기둥으로 그들의 길을 인도하시고 밤에는 불기둥으로 그들에게 비취사 주야로 진행하게 하시니
출애굽기,13,22,출애굽기 13:22,"낮에는 구름 기둥,밤에는 불기둥이 백성 앞에서 떠나지 아니하니라"
출애굽기,14,2,출애굽기 14:2,이스라엘 자손을 명하여 돌쳐서 바다와 믹돌 사이의 비하히롯 앞 곧 바알스본 맞은편 바닷가에 장막을 치게 하라
출애굽기,14,14,출애굽기 14:14,여호와께서 너희를 위하여 싸우시리니 너희는 가만히 있을지니라 !'
출애굽기,14,16,출애굽기 14:16,지팡이를 들고 손을 바다 위로 내밀어 그것으로 갈라지게 하라 이스라엘 자손이 바다 가운데 육지로 행하리라
출애굽기,14,19,출애굽기 14:19,이스라엘 진 앞에 행하던 하나님의 사자가 옮겨 그 뒤로 행하매 구름 기둥도 앞에서 그 뒤로 옮겨
출애굽기,14,22,출애굽기 14:22,이스라엘 자손이 바다 가운데 육지로 행하고 물은 그들의 좌우에 벽이 되니
출애굽기,15,2,출애굽기 15:2,"여호와는 나의 힘이요, 노래시며, 나의 구원이시로다 그는 나의 하나님이시니 내가 그를 찬송할 것이요 내 아비의 하나님이시니 내가 그를 높이리로다"
출애굽기,15,8,출애굽기 15:8,주의 콧김에 물이 쌓이되 파도가 언덕 같이 일어서고 큰 물이 바다 가운데 엉기니이다
출애굽기,15,11,출애굽기 15:11,여호와여 ! 신 중에 주와 같은 자 누구니이까 ? 주와 같이 거룩함에 영광스러우며 찬송할만한 위엄이 있으며 기이한 일을 행하는 자 누구니이까 ?
출애굽기,15,13,출애굽기 15:13,주께서 그 구속하신 백성을 은혜로 인도하시되 주의 힘으로 그들을 주의 성결한 처소에 들어가게 하시나이다
출애굽기,15,17,출애굽기 15:17,주께서 백성을 인도하사 그들을 주의 기업의 산에 심으시리이다 여호와여 ! 이는 주의 처소를 삼으시려고 예비하신 것이라 주여 ! 이것이 주의 손으로 세우신 성소로소이다
출애굽기,16,5,출애굽기 16:5,제 육일에는 그들이 그 거둔 것을 예비할지니 날마다 거두던 것의 갑절이 되리라'
출애굽기,16,7,출애굽기 16:7,아침에는 너희가 여호와의 영광을 보리니 이는 여호와께서 너희가 자기를 향하여 원망함을 들으셨음이라 우리가 누구관대 너희가 우리를 대하여 원망하느냐 ?'
출애굽기,16,12,출애굽기 16:12,내가 이스라엘 자손의 원망함을 들었노라 그들에게 고하여 이르기를 너희가 해 질 때에는 고기를 먹고 아침에는 떡으로 배부르리니 나는 여호와 너희의 하나님인 줄 알리라 하라 하시니라
출애굽기,16,13,출애굽기 16:13,저녁에는 메추라기가 와서 진에 덮이고 아침에는 이슬이 진 사면에 있더니
출애굽기,16,14,출애굽기 16:14,그 이슬이 마른 후에 광야 지면에 작고 둥글며 서리 같이 세미한 것이 있는지라
출애굽기,16,16,출애굽기 16:16,여호와께서 이같이 명하시기를 너희 각 사람의 식량대로 이것을 거둘지니 곧 너희 인수대로 매명에 한 오멜씩 취하되 각 사람이 그 장막에 있는 자들을 위하여 취할지니라 하셨느니라
출애굽기,16,17,출애굽기 16:17,이스라엘 자손이 그같이 하였더니 그 거둔 것이 많기도 하고 적기도 하나
출애굽기,16,21,출애굽기 16:21,무리가 아침마다 각기 식량대로 거두었고 해가 뜨겁게 쪼이면 그것이 스러졌더라
출애굽기,16,26,출애굽기 16:26,육일 동안은 너희가 그것을 거두되 제 칠일은 안식일인즉 그날에는 없으리라 !' 하였으나
출애굽기,16,27,출애굽기 16:27,제 칠일에 백성 중 더러가 거두러 나갔다가 얻지 못하니라
출애굽기,16,29,출애굽기 16:29,볼지어다 ! 여호와가 너희에게 안식일을 줌으로 제 육일에는 이들 양식을 너희에게 주는 것이니 너희는 각기 처소에 있고 제 칠일에는 아무도 그 처소에서 나오지 말지니라
출애굽기,16,30,출애굽기 16:30,그러므로 백성이 제 칠일에 안식하니라
출애굽기,17,1,출애굽기 17:1,이스라엘 자손의 온 회중이 여호와의 명령대로 신 광야에서 떠나 그 노정대로 행하여 르비딤에 장막을 쳤으나 백성이 마실 물이 없는지라
출애굽기,18,11,출애굽기 18:11,이제 내가 알았도다 ! 여호와는 모든 신보다 크시므로 이스라엘에게 교만히 행하는 그들을 이기셨도다' 하고
출애굽기,18,16,출애굽기 18:16,그들이 일이 있으면 내게로 오나니 내가 그 양편을 판단하여 하나님의 율례와 법도를 알게 하나이다'
출애굽기,18,18,출애굽기 18:18,그대와 그대와 함께한 이 백성이 필연 기력이 쇠하리니 이 일이 그대에게 너무 중함이라 그대가 혼자 할 수 없으리라
출애굽기,18,19,출애굽기 18:19,이제 내 말을 들으라 ! 내가 그대에게 방침을 가르치리니 하나님이 그대와 함께 계실지로다 ! 그대는 백성을 위하여 하나님 앞에 있어서 소송을 하나님께 베풀며
출애굽기,18,20,출애굽기 18:20,그들에게 율례와 법도를 가르쳐서 마땅히 갈 길과 할 일을 그들에게 보이고
출애굽기,18,21,출애굽기 18:21,그대는 또 온 백성 가운데서 재덕이 겸전한 자 곧 하나님을 두려워하며 진실무망하며 불의한 이를 미워하는 자를 빼서 백성 위에 세워 천부장과 백부장과 오십부장과 십부장을 삼아
출애굽기,18,22,출애굽기 18:22,그들로 때를 따라 백성을 재판하게 하라 무릇 큰 일이면 그대에게 베풀 것이고 무릇 작은 일이면 그들이 스스로 재판할 것이니 그리하면 그들이 그대와 함께 담당할 것인즉 일이 그대에게 쉬우리라
출애굽기,18,23,출애굽기 18:23,그대가 만일 이 일을 하고 하나님께서도 그대에게 인가하시면 그대가 이 일을 감당하고 이 모든 백성도 자기 곳으로 평안히 가리라'
출애굽기,18,25,출애굽기 18:25,이스라엘 무리 중에서 재덕이 겸전한 자를 빼서 그들로 백성의 두목 곧 천부장과 백부장과 오십부장과 십부장을 삼으매
출애굽기,19,5,출애굽기 19:5,세계가 다 내게 속하였나니 너희가 내 말을 잘 듣고 내 언약을 지키면 너희는 열국 중에서 내 소유가 되겠고
출애굽기,20,1,출애굽기 20:1,하나님이 이 모든 말씀으로 일러 가라사대
출애굽기,20,3,출애굽기 20:3,너는 나 외에는 다른 신들을 네게 있게 말지니라 !
출애굽기,20,4,출애굽기 20:4,너를 위하여 새긴 우상을 만들지 말고 또 위로 하늘에 있는 것이나 아래로 땅에 있는 것이나 땅 아래 물 속에 있는 것의 아무 형상이든지 만들지 말며
출애굽기,20,6,출애굽기 20:6,나를 사랑하고 내 계명을 지키는 자에게는 천대까지 은혜를 베푸느니라
출애굽기,20,8,출애굽기 20:8,안식일을 기억하여 거룩히 지키라 !
출애굽기,20,9,출애굽기 20:9,엿새 동안은 힘써 네 모든 일을 행할 것이나
출애굽기,20,10,출애굽기 20:10,제 칠일은 너의 하나님 여호와의 안식일인즉 너나 네 아들이나 네 육축이나 네 문안에 유하는 객이라도 아무 일도 하지 말라
출애굽기,20,12,출애굽기 20:12,네 부모를 공경하라 ! 그리하면 너의 하나님 나 여호와가 네게 준 땅에서 네 생명이 길리라
출애굽기,20,13,출애굽기 20:13,살인하지 말지니라 !
출애굽기,20,14,출애굽기 20:14,간음하지 말지니라 !
출애굽기,20,15,출애굽기 20:15,도적질하지 말지니라 !
출애굽기,20,16,출애굽기 20:16,네 이웃에 대하여 거짓 증거하지 말지니라 !
출애굽기,20,17,출애굽기 20:17,"네 이웃의 집을 탐내지 말지니라 ! 네 이웃의 아내나, 그의 남종이나, 그의 여종이나, 그의 소나, 그의 나귀나, 무릇 네 이웃의 소유를 탐내지 말지니라 !"
출애굽기,20,23,출애굽기 20:23,너희는 나를 비겨서 은으로 신상이나 금으로 신상을 너희를 위하여 만들지 말고
출애굽기,20,25,출애굽기 20:25,네가 내게 돌로 단을 쌓거든 다듬은 돌로 쌓지 말라 네가 정으로 그것을 쪼면 부정하게 함이니라
출애굽기,20,26,출애굽기 20:26,너는 층계로 내 단에 오르지 말라 네 하체가 그 위에서 드러날까 함이니라
출애굽기,21,1,출애굽기 21:1,네가 백성 앞에 세울 율례는 이러하니라
출애굽기,21,2,출애굽기 21:2,네가 히브리 종을 사면 그가 육년 동안 섬길 것이요 제 칠년에는 값 없이 나가 자유할 것이요
출애굽기,21,4,출애굽기 21:4,상전이 그에게 아내를 줌으로 그 아내가 자녀간 낳았으면 그 아내와 그 자식들은 상전에게 속할 것이요 그는 단신으로 나갈 것이로되
출애굽기,21,5,출애굽기 21:5,종이 진정으로 말하기를 `내가 상전과 내 처자를 사랑하니 나가서 자유하지 않겠노라' 하면
출애굽기,21,6,출애굽기 21:6,상전이 그를 데리고 재판장에게로 갈 것이요 또 그를 문이나 문설주 앞으로 데리고 가서 그것에다가 송곳으로 그 귀를 뚫을 것이라 그가 영영히 그 상전을 섬기리라
출애굽기,21,7,출애굽기 21:7,사람이 그 딸을 여종으로 팔았으면 그는 남종 같이 나오지 못할지며
출애굽기,21,8,출애굽기 21:8,만일 상전이 그를 기뻐 아니하여 상관치 아니하면 그를 속신케 할것이나 그 여자를 속임이 되었으니 타국인에게 팔지 못할 것이요
출애굽기,21,9,출애굽기 21:9,만일 그를 자기 아들에게 주기로 하였으면 그를 딸 같이 대접 할것이요
출애굽기,21,10,출애굽기 21:10,만일 상전이 달리 장가를 들지라도 그의 의복과 음식과 동침하는 것은 끊지 못할 것이요
출애굽기,21,11,출애굽기 21:11,이 세가지를 시행하지 아니하면 그는 속전을 내지 않고 거저 나가게 할 것이니라
출애굽기,21,18,출애굽기 21:18,사람이 서로 싸우다가 하나가 돌이나 주먹으로 그 적수를 쳤으나 그가 죽지 않고 자리에 누었다가
출애굽기,21,19,출애굽기 21:19,지팡이를 짚고 기동하면 그를 친 자가 형벌은 면하되 기간 손해를 배상하고 그로 전치되게 할지니라
출애굽기,21,22,출애굽기 21:22,사람이 서로 싸우다가 아이 밴 여인을 다쳐 낙태케 하였으나 다른 해가 없으면 그 남편의 청구대로 반드시 벌금을 내되 재판장의 판결을 좇아 낼 것이니라
출애굽기,21,27,출애굽기 21:27,그 남종의 한 이나 여종의 한 이를 쳐서 빠뜨리면 그 이 대신에 그를 놓을지니라
출애굽기,21,30,출애굽기 21:30,만일 그에게 속죄금을 명하면 무릇 그 명한 것을 생명의 속으로 낼 것이요
출애굽기,21,33,출애굽기 21:33,사람이 구덩이를 열어 두거나 구덩이를 파고 덮지 아니함으로 소나 나귀가 거기에 빠지면
출애굽기,21,34,출애굽기 21:34,그 구덩이 주인이 잘 조처하여 짐승의 임자에게 돈을 줄 것이요 죽은 것은 그의 차지가 될지니라 !
출애굽기,21,36,출애굽기 21:36,그 소가 본래 받는 버릇이 있는 줄을 알고도 그 임자가 단속하지 아니하였으면 그는 소로 소를 갚을 것이요 죽은 것은 그의 차지가 될지니라
출애굽기,22,1,출애굽기 22:1,사람이 소나 양을 도적질하여 잡거나 팔면 그는 소 하나에 소 다섯으로 갚고 양 하나에 양 넷으로 갚을지니라 !
출애굽기,22,4,출애굽기 22:4,도적질한 것이 살아 그 손에 있으면 소나 나귀나 양을 무론하고 갑절을 배상할지니라 !
출애굽기,22,5,출애굽기 22:5,사람이 밭에서나 포도원에서 먹이다가 그 짐승을 놓아서 남의 밭에서 먹게 하면 자기 밭의 제일 좋은 것과 자기 포도원의 제일 좋은 것으로 배상할지니라 !
출애굽기,22,6,출애굽기 22:6,불이 나서 가시나무에 미쳐 낟가리나 거두지 못한 곡식이나 전원을 태우면 불 놓은 자가 반드시 배상할지니라 !
출애굽기,22,7,출애굽기 22:7,사람이 돈이나 물품을 이웃에게 맡겨 지키게 하였다가 그 이웃의 집에서 봉적하였는데 그 도적이 잡히면 갑절을 배상할 것이요
출애굽기,22,10,출애굽기 22:10,사람이 나귀나 소나 양이나 다른 짐승을 이웃에게 맡겨 지키게 하였다가 죽거나 상하거나 몰려가도 본 사람이 없으면
출애굽기,22,13,출애굽기 22:13,만일 찢겼으면 그것을 가져다가 증거할 것이요 그 찢긴 것에 대하여 배상하지 않을지니라 !
출애굽기,22,15,출애굽기 22:15,그 임자가 그것과 함께 하였으면 배상하지 않을지며 세 낸것도 세를 위하여 왔은즉 배상하지 않을지니라 !
출애굽기,22,22,출애굽기 22:22,너는 과부나 고아를 해롭게 하지 말라 !
출애굽기,22,23,출애굽기 22:23,네가 만일 그들을 해롭게 하므로 그들이 내게 부르짖으면 내가 반드시 그 부르짖음을 들을지라
출애굽기,22,26,출애굽기 22:26,네가 만일 이웃의 옷을 전당잡거든 해가 지기 전에 그에게 돌려보내라
출애굽기,22,27,출애굽기 22:27,그 몸을 가릴 것이 이뿐이라 이는 그 살의 옷인즉 그가 무엇을 입고 자겠느냐 ? 그가 내게 부르짖으면 내가 들으리니 나는 자비한자임이니라
출애굽기,22,28,출애굽기 22:28,너는 재판장을 욕하지 말며 백성의 유사를 저주하지 말지니라 !
출애굽기,22,29,출애굽기 22:29,너는 너의 추수한 것과 너의 짜낸 즙을 드리기에 더디게 말지며 너의 처음 난 아들들을 내게 줄지며
출애굽기,22,30,출애굽기 22:30,너의 소와 양도 그 일례로 하되 칠일 동안 어미와 함께 있게 하다가 팔일만에 내게 줄지니라 !
출애굽기,22,31,출애굽기 22:31,너희는 내게 거룩한 사람이 될지니 들에서 짐승에게 찢긴 것의 고기를 먹지 말고 개에게 던질지니라 !
출애굽기,23,1,출애굽기 23:1,너는 허망한 풍설을 전파하지 말며 악인과 연합하여 무함하는 증인이 되지 말며
출애굽기,23,2,출애굽기 23:2,다수를 따라 악을 행하지 말며 송사에 다수를 따라 부정당한 증거를 하지 말며
출애굽기,23,3,출애굽기 23:3,가난한 자의 송사라고 편벽되이 두호하지 말지니라 !
출애굽기,23,4,출애굽기 23:4,네가 만일 네 원수의 길 잃은 소나 나귀를 만나 거든 반드시 그 사람에게로 돌릴지며
출애굽기,23,5,출애굽기 23:5,네가 만일 너를 미워하는 자의 나귀가 짐을 싣고 엎드러짐을 보거든 삼가 버려두지 말고 그를 도와 그 짐을 부리울지니라 !
출애굽기,23,6,출애굽기 23:6,너는 가난한 자의 송사라고 공평치 않게 하지 말며
출애굽기,23,7,출애굽기 23:7,거짓 일을 멀리하며 무죄한 자와 의로운 자를 죽이지 말라 ! 나는 악인을 의롭다 하지 아니하겠노라
출애굽기,23,8,출애굽기 23:8,너는 뇌물을 받지 말라 ! 뇌물은 밝은 자의 눈을 어둡게 하고 의로운 자의 말을 굽게 하느니라
출애굽기,23,10,출애굽기 23:10,너는 육년 동안은 너의 땅에 파종하여 그 소산을 거두고
출애굽기,23,11,출애굽기 23:11,제 칠년에는 갈지말고 묵여 두어서 네 백성의 가난한 자로 먹게하라 그 남은 것은 들짐승이 먹으리라 너의 포도원과 감람원도 그리할지니라
출애굽기,23,13,출애굽기 23:13,내가 네게 이른 모든 일을 삼가 지키고 다른 신들의 이름은 부르지도 말며 네 입에서 들리게도 말지니라
출애굽기,23,14,출애굽기 23:14,너는 매년 삼차 내게 절기를 지킬지니라 !
출애굽기,23,16,출애굽기 23:16,맥추절을 지키라 ! 이는 네가 수고하여 밭에 뿌린 것의 첫 열매를 거둠이니라 수장절을 지키라 ! 이는 네가 수고하여 이룬 것을 연종에 밭에서부터 거두어 저장함이니라
출애굽기,23,17,출애굽기 23:17,너의 모든 남자는 매년 세번씩 주 여호와께 보일지니라 !
출애굽기,23,18,출애굽기 23:18,너는 내 희생의 피를 유교병과 함께 드리지 말며 내 절기 희생의 기름을 아침까지 남겨 두지 말지니라
출애굽기,23,19,출애굽기 23:19,너의 토지에서 처음 익은 열매의 첫것을 가져다가 너의 하나님 여호와의 전에 드릴지니라 너는 염소 새끼를 그 어미의 젖으로 삶지 말지니라
출애굽기,23,20,출애굽기 23:20,내가 사자를 네 앞서 보내어 길에서 너를 보호하여 너로 내가 예비한 곳에 이르게 하리니
출애굽기,23,25,출애굽기 23:25,너의 하나님 여호와를 섬기라 ! 그리하면 여호와가 너희의 양식과 물에 복을 내리고 너희 중에 병을 제하리니
출애굽기,23,26,출애굽기 23:26,네 나라에 낙태하는 자가 없고 잉태치 못하는 자가 없을 것이라 내가 너의 날 수를 채우리라
출애굽기,23,30,출애굽기 23:30,네가 번성하여 그 땅을 기업으로 얻을 때까지 내가 그들을 네 앞에서 조금씩 쫓아내리라
출애굽기,24,11,출애굽기 24:11,하나님이 이스라엘의 존귀한 자들에게 손을 대지 아니하셨고 그들은 하나님을 보고 먹고 마셨더라
출애굽기,25,2,출애굽기 25:2,이스라엘 자손에게 명하여 내게 예물을 가져오라 하고 무릇 즐거운 마음으로 내는 자에게서 내게 드리는 것을 너희는 받을지니라
출애굽기,25,7,출애굽기 25:7,호마노며 에봇과 흉패에 물릴 보석이니라
출애굽기,25,8,출애굽기 25:8,내가 그들 중에 거할 성소를 그들을 시켜 나를 위하여 짓되
출애굽기,25,9,출애굽기 25:9,무릇 내가 네게 보이는대로 장막의 식양과 그 기구의 식양을 따라 지을지니라
출애굽기,25,10,출애굽기 25:10,"그들은 조각목으로 궤를 짓되 장이 이 규빗 반, 광이 일 규빗 반, 고가 일 규빗 반이 되게 하고"
출애굽기,25,11,출애굽기 25:11,너는 정금으로 그것을 싸되 그 안팎을 싸고 윗가로 돌아가며 금테를 두르고
출애굽기,25,12,출애굽기 25:12,"금고리 넷을 부어 만들어 그 네 발에 달되 이편에 두 고리요, 저편에 두 고리며"
출애굽기,25,13,출애굽기 25:13,조각목으로 채를 만들고 금으로 싸고
출애굽기,25,15,출애굽기 25:15,채를 궤의 고리에 꿴대로 두고 빼어내지 말지며
출애굽기,25,16,출애굽기 25:16,내가 네게 줄 증거판을 궤 속에 둘지며
출애굽기,25,17,출애굽기 25:17,"정금으로 속죄소를 만들되 장이 이 규빗 반,광이 일 규빗 반이 되게 하고"
출애굽기,25,18,출애굽기 25:18,금으로 그룹 둘을 속죄소 두 끝에 쳐서 만들되
출애굽기,25,19,출애굽기 25:19,"한 그룹은 이 끝에,한 그룹은 저 끝에 곧 속죄소 두 끝에 속죄소와 한 덩이로 연하게 할지며"
출애굽기,25,20,출애굽기 25:20,그룹들은 그 날개를 높이 펴서 그 날개로 속죄소를 덮으며 그 얼굴을 서로 대하여 속죄소를 향하게 하고
출애굽기,25,21,출애굽기 25:21,속죄소를 궤 위에 얹고 내가 네게 줄 증거판을 궤 속에 넣으라
출애굽기,25,22,출애굽기 25:22,거기서 내가 너와 만나고 속죄소 위 곧 증거궤 위에 있는 두 그룹 사이에서 내가 이스라엘 자손을 위하여 네게 명할 모든 일을 네게 이르리라
출애굽기,25,23,출애굽기 25:23,"너는 조각목으로 상을 만들되 장이 이 규빗, 광이 일 규빗, 고가 일 규빗 반이 되게 하고"
출애굽기,25,24,출애굽기 25:24,정금으로 싸고 주위에 금테를 두르고
출애굽기,25,25,출애굽기 25:25,그 사면에 손바닥 넓이만한 턱을 만들고 그 턱 주위에 금으로 테를 만들고
출애굽기,25,26,출애굽기 25:26,그것을 위하여 금고리 넷을 만들어 네 발위 네 모퉁이에 달되
출애굽기,25,28,출애굽기 25:28,또 조각목으로 그 채를 만들고 금으로 싸라 상을 이것으로 멜 것이니라
출애굽기,25,29,출애굽기 25:29,"너는 대접과, 숟가락과, 병과 붓는 잔을 만들되 정금으로 만들지며"
출애굽기,25,30,출애굽기 25:30,상 위에 진설병을 두어 항상 내 앞에 있게 할지니라 !
출애굽기,25,31,출애굽기 25:31,"너는 정금으로 등대를 쳐서 만들되 그 밑판과, 줄기와, 잔과, 꽃받침과, 꽃을 한 덩이로 연하게 하고"
출애굽기,25,33,출애굽기 25:33,이편 가지에 살구 꽃 형상의 잔 셋과 꽃받침과 꽃이 있게 하고 저편 가지에도 살구꽃 형상의 잔 셋과 꽃받침과 꽃이 있게 하여 등대에서 나온 여섯 가지를 같게 할지며
출애굽기,25,34,출애굽기 25:34,등대 줄기에는 살구꽃 형상의 잔 넷과 꽃받침과 꽃이 있게 하고
출애굽기,25,35,출애굽기 25:35,등대에서 나온 여섯 가지를 위하여 꽃받침이 있게 하되 두 가지 아래 한 꽃받침이 있어 줄기와 연하게 하며 또 두 가지 아래 한 꽃받침이 있어 줄기와 연하게 하고
출애굽기,25,36,출애굽기 25:36,그 꽃받침과 가지를 줄기와 연하게 하여 전부를 정금으로 쳐 만들고
출애굽기,25,38,출애굽기 25:38,그 불집게와 불똥 그릇도 정금으로 만들지니
출애굽기,25,39,출애굽기 25:39,등대와 이 모든 기구를 정금 한 달란트로 만들되
출애굽기,25,40,출애굽기 25:40,너는 삼가 이 산에서 네게 보인 식양대로 할지니라
출애굽기,26,2,출애굽기 26:2,"매 폭의 장은 이십 팔 규빗,광은 사 규빗으로 각 폭의 장단을 같게 하고"
출애굽기,26,3,출애굽기 26:3,"그 앙장 다섯 폭을 서로 연하며, 다른 다섯 폭도 서로 연하고"
출애굽기,26,4,출애굽기 26:4,"그 앙장의 연락할 말폭 가에 청색 고를 만들며, 다른 연락할 말폭가에도 그와 같이 하고"
출애굽기,26,5,출애굽기 26:5,"앙장 말폭 가에 고 오십을 달며, 다른 앙장 말폭 가에도 고 오십을 달고 그 고들을 서로 대하게 하고"
출애굽기,26,8,출애굽기 26:8,"각 폭의 장은 삼십 규빗,광은 사 규빗으로 열 한폭의 장단을 같게 하고"
출애굽기,26,10,출애굽기 26:10,"앙장을 연락할 말폭 가에 고 오십을 달며, 다른 연락할 말폭 가에도 고 오십을 달고"
출애굽기,26,11,출애굽기 26:11,"놋 갈고리 오십을 만들고, 그 갈고리로 그 고를 꿰어 연합하여 한 막이 되게 하고"
출애굽기,26,14,출애굽기 26:14,"붉은 물 들인 수양의 가죽으로 막의 덮개를 만들고, 해달의 가죽으로 그 웃덮개를 만들지니라 !"
출애굽기,26,16,출애굽기 26:16,"각 판의 장은 십 규빗,광은 일 규빗 반으로 하고"
출애굽기,26,19,출애굽기 26:19,스무 널판 아래 은받침 마흔을 만들지니 이 널판 아래에도 그 두촉을 위하여 두 받침을 만들고 저 널판 아래에도 그 두 촉을 위하여 두 받침을 만들지라
출애굽기,26,25,출애굽기 26:25,"그 여덟 널판에는 은받침이 열 여섯이니 이 판 아래에도 두 받침이요, 저 판 아래에도 두 받침이니라"
출애굽기,26,28,출애굽기 26:28,널판 가운데 있는 중간 띠는 이 끝에서 저 끝에 미치게 하고
출애굽기,26,29,출애굽기 26:29,그 널판들을 금으로 싸고 그 널판들의 띠를 꿸 금고리를 만들고 그 띠를 금으로 싸라
출애굽기,26,31,출애굽기 26:31,너는 청색 자색 홍색실과 가늘게 꼰 베실로 짜서 장을 만들고 그 위에 그룹들을 공교히 수 놓아서
출애굽기,26,32,출애굽기 26:32,금 갈고리로 네 기둥 위에 드리우되 그 네 기둥을 조각목으로 만들고 금으로 싸서 네 은받침 위에 둘지며
출애굽기,26,35,출애굽기 26:35,그 장 바깥 북편에 상을 놓고 남편에 등대를 놓아 상과 대하게 할지며
출애굽기,26,37,출애굽기 26:37,그 문장을 위하여 기둥 다섯을 조각목으로 만들어 금으로 싸고 그 갈고리도 금으로 만들찌며 또 그 기둥을 위하여 받침 다섯을 놋으로 부어 만들지니라
출애굽기,27,1,출애굽기 27:1,"너는 조각목으로 장이 오 규빗, 광이 오 규빗의 단을 만들되 네모 반듯하게 하며 고는 삼 규빗으로 하고"
출애굽기,27,2,출애굽기 27:2,그 네 모퉁이 위에 뿔을 만들되 그 뿔이 그것에 연하게 하고 그 단을 놋으로 쌀지며
출애굽기,27,3,출애굽기 27:3,"재를 담는 통과, 부삽과, 대야와, 고기 갈고리와, 불 옮기는 그릇을 만들되 단의 그릇을 다 놋으로 만들지며"
출애굽기,27,4,출애굽기 27:4,단을 위하여 놋으로 그물을 만들고 그 위 네 모퉁이에 놋고리 넷을 만들고
출애굽기,27,5,출애굽기 27:5,그물은 단 사면 가장자리 아래 곧 단 절반에 오르게 할지며
출애굽기,27,6,출애굽기 27:6,또 그 단을 위하여 채를 만들되 조각목으로 만들고 놋으로 쌀지며
출애굽기,27,7,출애굽기 27:7,단 양편 고리에 그 채를 꿰어 단을 메게 할지며
출애굽기,27,8,출애굽기 27:8,단은 널판으로 비게 만들되 산에서 네게 보인대로 그들이 만들지니라 !
출애굽기,27,10,출애굽기 27:10,그 기둥이 스물이며 그 받침 스물은 놋으로 하고 그 기둥의 갈고리와 가름대는 은으로 할찌며
출애굽기,27,11,출애굽기 27:11,그 북편에도 광이 백 규빗의 포장을 치되 그 기둥이 스물이며 그 기둥의 받침 스물은 놋으로 하고 그 기둥의 갈고리와 가름대는 은으로 할지며
출애굽기,27,13,출애굽기 27:13,동을 향하여 뜰 동편의 광도 오십 규빗이 될지며
출애굽기,27,14,출애굽기 27:14,"문 이편을 위하여 포장이 십 오 규빗이며, 그 기둥이 셋이요, 받침이 셋이요"
출애굽기,27,20,출애굽기 27:20,너는 또 이스라엘 자손에게 명하여 감람으로 찧어낸 순결한 기름을 등불을 위하여 네게로 가져오게 하고 끊이지 말고 등불을 켜되
출애굽기,28,5,출애굽기 28:5,"그들의 쓸것은 금실과, 청색, 자색, 홍색실과, 가늘게 꼰 베실이니라"
출애굽기,28,7,출애굽기 28:7,그것에 견대 둘을 달아 그 두 끝을 연하게 하고
출애굽기,28,8,출애굽기 28:8,"에봇 위에 매는 띠는 에봇 짜는 법으로 금실과, 청색, 자색, 홍색실과, 가늘게 꼰 베실로 에봇에 공교히 붙여 짤지며"
출애굽기,28,9,출애굽기 28:9,호마노 두개를 취하여 그 위에 이스라엘 아들들의 이름을 새기되
출애굽기,28,10,출애굽기 28:10,그들의 연치대로 여섯 이름을 한 보석에 나머지 여섯 이름은 다른 보석에
출애굽기,28,11,출애굽기 28:11,보석을 새기는 자가 인에 새김 같이 너는 이스라엘 아들들의 이름을 그 두 보석에 새겨 금테에 물리고
출애굽기,28,13,출애굽기 28:13,너는 금으로 테를 만들고
출애굽기,28,14,출애굽기 28:14,정금으로 노끈처럼 두 사슬을 땋고 그 땋은 사슬을 그 테에 달지니라
출애굽기,28,15,출애굽기 28:15,"너는 판결 흉패를 에봇 짜는 법으로 금실과, 청색, 자색, 홍색실과, 가늘게 꼰 베실로 공교히 짜서 만들되"
출애굽기,28,16,출애굽기 28:16,장광이 한뼘씩 두 겹으로 네모 반듯하게 하고
출애굽기,28,20,출애굽기 28:20,"네째 줄은 녹보석, 호마노, 벽옥으로 다 금테에 물릴지니"
출애굽기,28,21,출애굽기 28:21,이 보석들은 이스라엘 아들들의 이름대로 열 둘이라 매 보석에 열두 지파의 한 이름씩 인을 새기는 법으로 새기고
출애굽기,28,22,출애굽기 28:22,정금으로 노끈처럼 땋은 사슬을 흉패 위에 붙이고
출애굽기,28,23,출애굽기 28:23,또 금고리 둘을 만들어 흉패 위 곧 흉패 두 끝에 그 두 고리를 달고
출애굽기,28,24,출애굽기 28:24,땋은 두 금사슬로 흉패 두 끝 두 고리에 꿰어 매고
출애굽기,28,25,출애굽기 28:25,두 땋은 사슬의 다른 두 끝을 에봇 앞 두 견대의 금테에 매고
출애굽기,28,26,출애굽기 28:26,또 금고리 둘을 만들어 흉패 아래 양편 가 안쪽 곧 에봇에 닿은 곳에 달고
출애굽기,28,27,출애굽기 28:27,또 금고리 둘을 만들어 에봇 앞 두 견대 아래 매는 자리 가까운편 곧 공교히 짠 띠 윗편에 달고
출애굽기,28,28,출애굽기 28:28,청색 끈으로 흉패 고리와 에봇 고리에 꿰어 흉패로 공교히 짠 에봇 띠 위에 붙여 떠나지 않게 하라
출애굽기,28,32,출애굽기 28:32,두 어깨 사이에 머리 들어갈 구멍을 내고 그 주위에 갑옷 깃 같이 깃을 짜서 찢어지지 않게 하고
출애굽기,28,33,출애굽기 28:33,"그 옷 가장자리로 돌아가며 청색, 자색, 홍색실로 석류를 수놓고 금방울을 간격하여 달되"
출애굽기,28,34,출애굽기 28:34,"그 옷 가장자리로 돌아가며 한 금방울 한 석류, 한 금방울 한 석류가 있게 하라"
출애굽기,28,36,출애굽기 28:36,너는 또 정금으로 패를 만들어 인을 새기는 법으로 그 위에 새기되 여호와께 성결이라 하고
출애굽기,28,37,출애굽기 28:37,그 패를 청색 끈으로 관 위에 매되 곧 전면에 있게 하라
출애굽기,28,39,출애굽기 28:39,너는 가는 베실로 반포 속옷을 짜고 가는 베실로 관을 만드고 띠를 수 놓아 만들지니라 !
출애굽기,28,42,출애굽기 28:42,또 그들을 위하여 베로 고의를 만들어 허리에서부터 넓적다리까지 이르게 하여 하체를 가리게 하라
출애굽기,29,3,출애굽기 29:3,그것들을 한 광주리에 담고 그것을 광주리에 담은 채 그 송아지와 두 양과 함께 가져 오고
출애굽기,29,6,출애굽기 29:6,그 머리에 관을 씌우고 그 위에 성패를 더하고
출애굽기,29,7,출애굽기 29:7,관유를 가져다가 그 머리에 부어 바르고
출애굽기,29,8,출애굽기 29:8,그 아들들을 데려다가 그들에게 속옷을 입히고
출애굽기,29,37,출애굽기 29:37,네가 칠일 동안 단을 위하여 속죄하여 거룩하게 하라 ! 그리하면 지극히 거룩한 단이 되리니 무릇 단에 접촉하는 것이 거룩하리라
출애굽기,29,38,출애굽기 29:38,네가 단 위에 드릴 것은 이러하니라 매일 일년 된 어린 양 두 마리니
출애굽기,29,39,출애굽기 29:39,"한 어린 양은 아침에 드리고, 한 어린 양은 저녁 때에 드릴지며"
출애굽기,29,40,출애굽기 29:40,"한 어린 양에 고운 밀가루 에바 십분 일과, 찧은 기름 힌의 사분 일을 더하고 또 전제로 포도주 힌의 사분 일을 더할지며"
출애굽기,29,43,출애굽기 29:43,내가 거기서 이스라엘 자손을 만나리니 내 영광을 인하여 회막이 거룩하게 될지라 !
출애굽기,29,45,출애굽기 29:45,내가 이스라엘 자손 중에 거하여 그들의 하나님이 되리니
출애굽기,30,1,출애굽기 30:1,너는 분향할 단을 만들지니 곧 조각목으로 만들되
출애굽기,30,2,출애굽기 30:2,"장이 일 규빗,광이 일 규빗으로 네모 반듯하게 하고 고는 이 규빗으로 하며 그 뿔을 그것과 연하게 하고"
출애굽기,30,3,출애굽기 30:3,단 상면과 전후 좌우면과 뿔을 정금으로 싸고 주위에 금테를 두를지며
출애굽기,30,5,출애굽기 30:5,그 채를 조각목으로 만들고 금으로 싸고
출애굽기,30,8,출애굽기 30:8,또 저녁때 등불을 켤때에 사를지니 이향은 너희가 대대로 여호와앞에 끊지 못할지며
출애굽기,30,13,출애굽기 30:13,무릇 계수 중에 드는 자마다 성소에 세겔대로 반 세겔을 낼지니 한 세겔은 이 십 게라라 그 반 세겔을 여호와께 드릴지며
출애굽기,30,14,출애굽기 30:14,무릇 계수 중에 드는 자 곧 이십세 이상 된 자가 여호와께 드리되
출애굽기,30,15,출애굽기 30:15,"너희의 생명을 속하기 위하여 여호와께 드릴 때에 부자라고 반 세겔에서 더 내지 말고, 가난한 자라고 덜 내지 말지며"
출애굽기,30,16,출애굽기 30:16,너는 이스라엘 자손에게서 속전을 취하여 회막의 봉사에 쓰라 이것이 여호와 앞에서 이스라엘 자손의 기념이 되어서 너희의 생명을 속하리라
출애굽기,30,18,출애굽기 30:18,너는 물두멍을 놋으로 만들어 씻게 하되 그것을 회막과 단 사이에 두고 그 속에 물을 담으라
출애굽기,30,24,출애굽기 30:24,계피 오백 세겔을 성소의 세겔대로 하고 감람 기름 한 힌을 취하여
출애굽기,30,25,출애굽기 30:25,그것으로 거룩한 관유를 만들되 향을 제조하는 법대로 향기름을 만들지니 그것이 거룩한 관유가 될지라
출애굽기,30,26,출애굽기 30:26,너는 그것으로 회막과 증거궤에 바르고
출애굽기,30,29,출애굽기 30:29,그것들을 지성물로 구별하라 ! 무릇 이것에 접촉하는 것이 거룩하리라
출애굽기,30,31,출애굽기 30:31,이스라엘 자손에게 고하여 이르기를 이것은 너희 대대로 내게 거룩한 관유니
출애굽기,30,32,출애굽기 30:32,사람의 몸에 붓지 말며 이 방법대로 이와 같은 것을 만들지 말라 이는 거룩하니 너희는 거룩히 여기라
출애굽기,30,35,출애굽기 30:35,그것으로 향을 만들되 향 만드는 법대로 만들고 그것에 소금을 쳐서 성결하게 하고
출애굽기,30,36,출애굽기 30:36,그 향 얼마를 곱게 찧어 내가 너와 만날 회막 안 증거궤 앞에 두라 이 향은 너희에게 지극히 거룩하니라 !
출애굽기,30,37,출애굽기 30:37,네가 만들 향은 여호와를 위하여 거룩한 것이니 그 방법대로 너희를 위하여 만들지 말라 !
출애굽기,31,2,출애굽기 31:2,내가 유다 지파 훌의 손자요 우리의 아들인 브사렐을 지명하여 부르고
출애굽기,31,3,출애굽기 31:3,하나님의 신을 그에게 충만하게 하여 지혜와 총명과 지식과 여러가지 재주로
출애굽기,31,5,출애굽기 31:5,보석을 깍아 물리며 나무를 새겨서 여러가지 일을 하게 하고
출애굽기,31,6,출애굽기 31:6,내가 또 단 지파 아히사막의 아들 오홀리압을 세워 그와 함께 하게 하며 무릇 지혜로운 마음이 있는 자에게 내가 지혜를 주어 그들로 내가 네게 명한 것을 다 만들게 할지니
출애굽기,31,11,출애굽기 31:11,관유와 성소의 향기로운 향이라 무릇 내가 네게 명한대로 그들이 만들지니라 !
출애굽기,31,13,출애굽기 31:13,너는 이스라엘 자손에게 고하여 이르기를 너희는 나의 안식일을 지키라 ! 이는 나와 너희 사이에 너희 대대의 표징이니 나는 너희를 거룩하게 하는 여호와인 줄 너희로 알게 함이라
출애굽기,32,14,출애굽기 32:14,여호와께서 뜻을 돌이키사 말씀하신 화를 그 백성에게 내리지 아니하시니라
출애굽기,32,24,출애굽기 32:24,내가 그들에게 이르기를 금이 있는 자는 빼어내라 한즉 그들이 그것을 내게로 가져왔기로 내가 불에 던졌더니 이 송아지가 나왔나이다'
출애굽기,32,32,출애굽기 32:32,그러나 합의하시면 이제 그들의 죄를 사하시옵소서 ! 그렇지 않사오면 원컨대 주의 기록하신 책에서 내 이름을 지워 버려주옵소서 !'
출애굽기,33,4,출애굽기 33:4,백성이 이 황송한 말씀을 듣고 슬퍼하여 한 사람도 그 몸을 단장하지 아니하니
출애굽기,33,6,출애굽기 33:6,이스라엘 자손이 호렙 산에서부터 그 단장품을 제하니라
출애굽기,33,13,출애굽기 33:13,내가 참으로 주의 목전에 은총을 입게 하시며 이 족속을 주의 백성으로 여기소서 !'
출애굽기,33,14,출애굽기 33:14,여호와께서 가라사대 내가 친히 가리라 ! 내가 너로 편케 하리라 !
출애굽기,33,16,출애굽기 33:16,나와 주의 백성이 주의 목전에 은총 입은 줄을 무엇으로 알리이까 ? 주께서 우리와 함께 행하심으로 나와 주의 백성을 천하 만민 중에 구별하심이 아니니이까 ?'
출애굽기,33,19,출애굽기 33:19,여호와께서 가라사대 내가 나의 모든 선한 형상을 네 앞으로 지나게 하고 여호와의 이름을 네 앞에 반포하리라 나는 은혜 줄 자에게 은혜를 주고 긍휼히 여길자에게 긍휼을 베푸느니라
출애굽기,33,20,출애굽기 33:20,또 가라사대 네가 내 얼굴을 보지 못하리니 나를 보고 살 자가 없음이니라
출애굽기,33,21,출애굽기 33:21,여호와께서 가라사대 보라 내 곁에 한 곳이 있으니 너는 그 반석 위에 섰으라
출애굽기,33,22,출애굽기 33:22,내 영광이 지날 때에 내가 너를 반석 틈에 두고 내가 지나도록 내 손으로 너를 덮었다가
출애굽기,33,23,출애굽기 33:23,손을 거두리니 네가 내 등을 볼 것이요 얼굴은 보지 못하리라
출애굽기,34,2,출애굽기 34:2,아침 전에 예비하고 아침에 시내 산에 올라와 산꼭대기에서 내게 보이되
출애굽기,34,3,출애굽기 34:3,아무도 너와 함께 오르지 말며 온 산에 인적을 금하고 양과 소도 산 앞에서 먹지 못하게 하라
출애굽기,34,5,출애굽기 34:5,여호와께서 구름 가운데 강림하사 그와 함께 거기 서서 여호와의 이름을 반포하실쌔
출애굽기,34,6,출애굽기 34:6,여호와께서 그의 앞으로 지나시며 반포하시되 여호와로라 ! 여호와로라 ! 자비롭고 은혜롭고 노하기를 더디하고 인자와 진실이 많은 하나님이로라
출애굽기,34,12,출애굽기 34:12,너는 스스로 삼가 네가 들어가는 땅의 거민과 언약을 세우지 말라 그들이 너희 중에 올무가 될까 하노라
출애굽기,34,14,출애굽기 34:14,너는 다른 신에게 절하지 말라 ! 여호와는 질투라 이름하는 질투의 하나님임이니라 !
출애굽기,34,17,출애굽기 34:17,너는 신상들을 부어 만들지 말지니라 !
출애굽기,34,21,출애굽기 34:21,너는 엿새동안 일하고 제 칠일에는 쉴지니 밭 갈 때에나 거둘 때에도 쉴지며
출애굽기,34,22,출애굽기 34:22,칠칠절 곧 맥추의 초실절을 지키고 가을에는 수장절을 지키라 !
출애굽기,34,23,출애굽기 34:23,너희 모든 남자는 매년 세번씩 주 여호와 이스라엘의 하나님 앞에 보일지라
출애굽기,34,26,출애굽기 34:26,너의 토지 소산의 처음 익은 것을 가져다가 너의 하나님 여호와의 전에 드릴지며 너는 염소 새끼를 그 어미의 젖으로 삶지 말지니라
출애굽기,34,33,출애굽기 34:33,그들에게 말하기를 마치고 수건으로 자기 얼굴을 가리웠더라
출애굽기,35,9,출애굽기 35:9,"호마노며, 에봇과, 흉패에 물릴 보석이니라"
출애굽기,35,10,출애굽기 35:10,무릇 너희 중 마음이 지혜로운 자는 와서 여호와의 명하신 것을 다 만들지니
출애굽기,35,23,출애굽기 35:23,"무릇 청색, 자색, 홍색실과, 가는 베실과, 염소털과, 붉은 물 들인 수양의 가죽과, 해달의 가죽이 있는 자도 가져 왔으며"
출애굽기,35,24,출애굽기 35:24,무릇 은과 놋으로 예물을 삼는 자는 가져다가 여호와께 드렸으며 무릇 섬기는 일에 소용되는 조각목이 있는 자는 가져 왔으며
출애굽기,35,25,출애굽기 35:25,"마음이 슬기로운 모든 여인은 손수 실을 낳고 그 낳은 청색, 자색, 홍색실과, 가는 베실을 가져 왔으며"
출애굽기,35,26,출애굽기 35:26,마음에 감동을 받아 슬기로운 모든 여인은 염소털로 실을 낳았으며
출애굽기,35,27,출애굽기 35:27,모든 족장은 호마노와 및 에봇과 흉패에 물릴 보석을 가져 왔으며
출애굽기,35,28,출애굽기 35:28,"등불과, 관유와, 분향할 향에 소용되는 기름과, 향품을 가져 왔으니"
출애굽기,35,32,출애굽기 35:32,공교한 일을 연구하여 금과 은과 놋으로 일하게 하시며
출애굽기,35,33,출애굽기 35:33,보석을 깎아 물리며 나무를 새기는 여러가지 공교한 일을 하게 하셨고
출애굽기,35,34,출애굽기 35:34,또 그와 단 지파 아히사막의 아들 오홀리압을 감동시키사 가르치게 하시며
출애굽기,35,35,출애굽기 35:35,"지혜로운 마음을 그들에게 충만하게 하사 여러가지 일을 하게 하시되 조각하는 일과, 공교로운 일과, 청색, 자색, 홍색실과, 가는 베실로 수 놓은 일과 짜는 일과 그 외에 여러가지 일을 하게 하시고 공교로운 일을 연구하게 하셨나니"
출애굽기,36,1,출애굽기 36:1,브사렐과 오홀리압과 및 마음이 지혜로운 사람 곧 여호와께서 지혜와 총명을 부으사 성소에 쓸 모든 일을 할 줄 알게 하심을 입은 자들은 여호와의 무릇 명하신 대로 할 것이니라'
출애굽기,36,4,출애굽기 36:4,성소의 모든 일을 하는 지혜로운 자들이 각기 하는 일을 정지하고 와서
출애굽기,36,9,출애굽기 36:9,"매폭의 장은 이십 팔 규빗,광은 사 규빗으로 각 폭의 장단을 같게 하여"
출애굽기,36,10,출애굽기 36:10,"그 다섯 폭을 서로 연하며, 또 그 다섯 폭을 서로 연하고"
출애굽기,36,11,출애굽기 36:11,"연락할 말폭 가에 청색 고를 만들며, 다른 연락할 말폭 가에도 고를 만들되"
출애굽기,36,12,출애굽기 36:12,"그 연락할 한 폭에 고 오십을 달고, 다른 연락할 한 폭의 가에도 고 오십을 달아, 그 고들이 서로 대하게 하고"
출애굽기,36,15,출애굽기 36:15,"각 폭의 장은 삼십 규빗,광은 사 규빗으로 십 일폭의 장단을 같게 하여"
출애굽기,36,16,출애굽기 36:16,"그 앙장 다섯 폭을 서로 연하며, 또 여섯 폭을 서로 연하고"
출애굽기,36,17,출애굽기 36:17,"앙장을 연락할 말폭 가에도 고 오십을 달며, 다른 연락할 말폭 가에도 고 오십을 달고"
출애굽기,36,18,출애굽기 36:18,"놋 갈고리 오십을 만들어, 그 앙장을 연합하여 한 막이 되게 하고"
출애굽기,36,24,출애굽기 36:24,"그 이십 널판 밑에 은받침 사십을 만들었으되, 곧 이 널판 밑에도 두 받침이 그 두 촉을 받게 하였으며"
출애굽기,36,27,출애굽기 36:27,장막 뒤 곧 서편을 위하여는 널판 여섯을 만들었고
출애굽기,36,28,출애굽기 36:28,장막 뒤 두 모퉁이 편을 위하여는 널판 둘을 만들되
출애굽기,36,33,출애굽기 36:33,"그 중간 띠를 만들되, 널판 중간 이 끝에서 저 끝에 미치게 하였으며"
출애굽기,36,34,출애굽기 36:34,"그 널판들을 금으로 싸고 그 널판에 띠를 꿸 금고리를 만들고, 그 띠도 금으로 쌌더라"
출애굽기,36,36,출애굽기 36:36,"조각목으로 네 기둥을 만들어 금으로 쌌으며, 그 갈고리는 금이며 기둥의 네 받침은 은으로 부어 만들었으며"
출애굽기,36,37,출애굽기 36:37,"청색, 자색, 홍색실과, 가늘게 꼰 베실로 수 놓아 장막 문을 위하여 장을 만들고"
출애굽기,37,2,출애굽기 37:2,정금으로 안팎을 싸고 윗가로 돌아가며 금테를 만들었으며
출애굽기,37,3,출애굽기 37:3,"금고리 넷을 부어 만들어 네 발에 달았으니 곧 이편에 두 고리요, 저편에 두 고리며"
출애굽기,37,4,출애굽기 37:4,조각목으로 채를 만들어 금으로 싸고
출애굽기,37,5,출애굽기 37:5,그 채를 궤 양편 고리에 꿰어 궤를 메게 하였으며
출애굽기,37,7,출애굽기 37:7,금으로 그룹 둘을 속죄소 양편에 쳐서 만들었으되
출애굽기,37,8,출애굽기 37:8,"한 그룹은 이편 끝에, 한 그룹은 저편 끝에 곧 속죄소와 한 덩이로 그 양편에 만들었으니"
출애굽기,37,11,출애굽기 37:11,정금으로 싸고 윗가로 돌아가며 금테를 둘렀으며
출애굽기,37,12,출애굽기 37:12,그 사면에 손바닥 넓이만한 턱을 만들고 그 턱 주위에 금으로 테를 만들었고
출애굽기,37,13,출애굽기 37:13,상을 위하여 금고리 넷을 부어 만들어 네 발 위 네 모퉁이에 달았으니
출애굽기,37,14,출애굽기 37:14,그 고리가 턱 곁에 있어서 상을 메는 채를 꿰게 하였으며
출애굽기,37,15,출애굽기 37:15,또 조각목으로 상 멜 채를 만들어 금으로 쌌으며
출애굽기,37,18,출애굽기 37:18,"여섯 가지가 그 곁에서 나왔으니 곧 등대의 세 가지는 저편으로 나왔고, 등대의 세 가지는 이 편으로 나왔으며"
출애굽기,37,20,출애굽기 37:20,"등대 줄기에는 살구꽃 형상의 잔 넷과, 꽃받침과, 꽃이 있고"
출애굽기,37,21,출애굽기 37:21,등대에서 나온 여섯 가지를 위하여는 꽃받침이 있게 하였으되 두가지 아래 한 꽃받침이 있어 줄기와 연하였고 또 두 가지 아래 한 꽃받침이 있어 줄기와 연하게 하였으니
출애굽기,37,22,출애굽기 37:22,이 꽃받침과 가지들을 줄기와 연하여 전부를 정금으로 쳐서 만들었으며
출애굽기,37,23,출애굽기 37:23,"등잔 일곱과, 그 불집게와, 불똥 그릇을 정금으로 만들었으니"
출애굽기,37,26,출애굽기 37:26,단 상면과 전후 좌우면과 그 뿔을 정금으로 싸고 주위에 금테를 둘렀고
출애굽기,37,27,출애굽기 37:27,그 테 아래 양 편에 금고리 둘을 만들었으되 곧 그 양 편에 만들어 단을 메는 채를 꿰게 하였으며
출애굽기,37,28,출애굽기 37:28,조각목으로 그 채를 만들어 금으로 쌌으며
출애굽기,38,2,출애굽기 38:2,그 네 모퉁이 위에 그 뿔을 만들되 그 뿔을 단과 연하게 하고 단을 놋으로 쌌으며
출애굽기,38,3,출애굽기 38:3,"단의 모든 기구 곧 통과, 부삽과, 대야와, 고기 갈고리와, 불 옮기는 그릇을 다 놋으로 만들고"
출애굽기,38,4,출애굽기 38:4,단을 위하여 놋 그물을 만들어 단 사면 가장자리 아래 두되 단 절반에 오르게 하고
출애굽기,38,5,출애굽기 38:5,그 놋 그물 네 모퉁이에 채를 꿸 고리 넷을 부어 만들었으며
출애굽기,38,6,출애굽기 38:6,채를 조각목으로 만들어 놋으로 싸고
출애굽기,38,13,출애굽기 38:13,동으로 동편에도 오십 규빗이라
출애굽기,38,15,출애굽기 38:15,"문 저편도 그와 같으니 뜰문 이편,저편의 포장이 십 오 규빗씩이요, 그 기둥이 셋씩, 받침이 셋씩이라"
출애굽기,38,16,출애굽기 38:16,뜰 사면의 포장은 세마포요
출애굽기,38,17,출애굽기 38:17,"기둥 받침은 놋이요, 기둥의 갈고리와 가름대는 은이요, 기둥머리 싸개는 은이며, 뜰의 모든 기둥에 은 가름대를 꿰었으며"
출애굽기,38,23,출애굽기 38:23,"단 지파 아히사막의 아들 오홀리압은 그와 함께 하였으니 오홀리압은 재능이 있어서 조각하며 또 청색, 자색, 홍색실과, 가는 베실로 수 놓은 자더라"
출애굽기,38,25,출애굽기 38:25,조사를 받은 회중의 드린 은은 성소의 세겔대로 일백 달란트와 일천 칠백 칠십 오 세겔이니
출애굽기,38,26,출애굽기 38:26,조사를 받은 자가 이십세 이상으로 육십만 삼천 오백 오십명인즉 성소의 세겔대로 매인에게 은 한 베가 곧 반 세겔씩이라
출애굽기,38,27,출애굽기 38:27,은 일백 달란트로 성소의 판장 받침과 문장 기둥 받침 합 일백을 부어 만들었으니 매 받침에 한 달란트씩 합 일백 달란트요
출애굽기,38,28,출애굽기 38:28,일천 칠백 칠십오 세겔로 기둥 갈고리를 만들고 기둥머리를 싸고 기둥 가름대를 만들었으며
출애굽기,38,29,출애굽기 38:29,드린 놋은 칠십 달란트와 이천 사백 세겔이라
출애굽기,38,30,출애굽기 38:30,"이것으로 회막 문기둥 받침과, 놋 단과, 놋그물과, 단의 모든 기구를 만들었으며"
출애굽기,39,3,출애굽기 39:3,"금실을 얇게 쳐서 오려서 실을 만들어 청색, 자색, 홍색실과, 가는 베실에 섞어 공교히 짜고"
출애굽기,39,4,출애굽기 39:4,에봇을 위하여 견대를 만들어 그 두 끝에 달아 서로 연하게 하고
출애굽기,39,10,출애굽기 39:10,"그것에 네 줄 보석을 물렸으니 곧 홍보석, 황옥, 녹주옥이 첫 줄이요"
출애굽기,39,11,출애굽기 39:11,"둘째 줄은 석류석, 남보석, 홍마노요"
출애굽기,39,12,출애굽기 39:12,"세째 줄은 호박, 백마노, 자수정이요"
출애굽기,39,13,출애굽기 39:13,"네째 줄은 녹보석, 호마노, 벽옥이라 다 금테에 물렸으니"
출애굽기,39,14,출애굽기 39:14,이 보석들은 이스라엘 아들들의 이름 곧 그들의 이름대로 열 둘이라 인을 새김 같이 그 열 두 지파의 각 이름을 새겼으며
출애굽기,39,16,출애굽기 39:16,또 금테 둘과 금고리 둘을 만들어 그 두 고리를 흉패 두 끝에 달고
출애굽기,39,17,출애굽기 39:17,그 두 땋은 금사슬을 흉패 끝 두 고리에 꿰어 매었으며
출애굽기,39,18,출애굽기 39:18,그 땋은 두 사슬의 다른 두 끝을 에봇 앞 두 견대의 금테에 매고
출애굽기,39,19,출애굽기 39:19,또 금고리 둘을 만들어 흉패 두 끝에 달았으니 곧 그 에봇에 대한 안쪽 가에 달았으며
출애굽기,39,20,출애굽기 39:20,또 금고리 둘을 만들어 에봇 앞 두 견대 아래 매는 자리 가까운편 곧 공교히 짠 에봇띠 윗편에 달고
출애굽기,39,23,출애굽기 39:23,그 옷의 두 어깨 사이에 구멍을 내고 갑옷 깃 같이 그 구멍 주위에 깃을 짜서 찢어지지 않게 하고
출애굽기,39,24,출애굽기 39:24,"청색, 자색, 홍색실과, 가는 베실로 그 옷 가장자리에 석류를 수 놓고"
출애굽기,39,25,출애굽기 39:25,정금으로 방울을 만들어 그 옷 가장자리로 돌아가며 석류 사이 사이에 달되
출애굽기,39,28,출애굽기 39:28,세마포로 두건을 짓고 세마포로 빛난 관을 만들고 가는 베실로 짜서 세마포 고의들을 만들고
출애굽기,39,30,출애굽기 39:30,그들이 또 정금으로 거룩한 패를 만들고 인을 새김 같이 그 위에 여호와께 성결이라 새기고
출애굽기,40,3,출애굽기 40:3,또 증거궤를 들여 놓고 또 장으로 그 궤를 가리우고
출애굽기,40,4,출애굽기 40:4,또 상을 들여 놓고 그 위에 물품을 진설하고 등대를 들여 놓고 불을 켜고
출애굽기,40,7,출애굽기 40:7,또 물두멍을 회막과 단 사이에 놓고 그 속에 물을 담고
출애굽기,40,8,출애굽기 40:8,또 뜰 주위에 포장을 치고 뜰 문에 장을 달고
출애굽기,40,11,출애굽기 40:11,너는 또 물두멍과 그 받침에 발라 거룩하게 하고
출애굽기,40,14,출애굽기 40:14,너는 또 그 아들들을 데려다가 그들에게 겉옷을 입히고
출애굽기,40,37,출애굽기 40:37,구름이 떠오르지 않을 때에는 떠오르는 날까지 발행하지 아니하였으며
레위기,1,2,레위기 1:2,이스라엘 자손에게 고하여 이르라 너희 중에 누구든지 여호와께 예물을 드리려거든 생축 중에서 소나 양으로 예물을 드릴지니라 !
레위기,2,12,레위기 2:12,처음 익은 것으로는 그것을 여호와께 드릴지나 향기로운 냄새를 위하여는 단에 올리지 말지며
레위기,3,7,레위기 3:7,만일 예물로 드리는 것이 어린 양이면 그것을 여호와 앞으로 끌어다가
레위기,3,12,레위기 3:12,만일 예물이 염소면 그것을 여호와 앞으로 끌어다가
레위기,3,17,레위기 3:17,너희는 기름과 피를 먹지 말라 ! 이는 너희 모든 처소에서 대대로 영원한 규례니라
레위기,4,2,레위기 4:2,이스라엘 자손에게 고하여 이르라 누구든지 여호와의 금령 중 하나라도 그릇 범하였으되
레위기,4,23,레위기 4:23,그 범한 죄에 깨우침을 받거든 그는 흠 없는 수염소를 예물로 가져다가
레위기,4,28,레위기 4:28,그 범한 죄에 깨우침을 받거든 그는 흠 없는 암염소를 끌고와서 그 범한 죄를 인하여 그것을 예물로 삼아
레위기,5,1,레위기 5:1,누구든지 증인이 되어 맹세시키는 소리를 듣고도 그 본 일이나 아는 일을 진술치 아니하면 죄가 있나니 그 허물이 그에게로 돌아갈 것이요
레위기,5,2,레위기 5:2,"누구든지 부정한 들짐승의 사체나, 부정한 가축의 사체나, 부정한 곤충의 사체들, 무릇 부정한 것을 만졌으면 부지중에라 할지라도 그 몸이 더러워져서 허물이 있을 것이요"
레위기,5,3,레위기 5:3,혹시 부지중에 사람의 부정에 다닥쳤는데 그 사람의 부정이 어떠한 부정이든지 그것을 깨달을 때에는 허물이 있을 것이요
레위기,5,4,레위기 5:4,"혹 누구든지 무심중에 입으로 맹세를 발하여 악을 하리라 하든지, 선을 하리라 하면 그 사람의 무심중에 맹세를 발하여 말한 것이 어떠한 일이든지 깨닫지 못하다가 그것을 깨달을 때에는 그 중 하나에 허물이 있을 것이니"
레위기,5,5,레위기 5:5,이 중 하나에 허물이 있을 때에는 아무 일에 범과하였노라 자복하고
레위기,5,17,레위기 5:17,만일 누구든지 여호와의 금령 중 하나를 부지중에 범하여도 허물이라 벌을 당할 것이니
레위기,6,11,레위기 6:11,그 옷을 벗고 다른 옷을 입고 그 재를 진 바깥 정결한 곳으로 가져 갈 것이요
레위기,6,13,레위기 6:13,불은 끊이지 않고 단 위에 피워 꺼지지 않게 할지니라
레위기,6,27,레위기 6:27,무릇 그 고기에 접촉하는 자는 거룩할 것이며 그 피가 어떤 옷에든지 묻었으면 묻은 그것을 거룩한 곳에서 빨 것이요
레위기,7,4,레위기 7:4,"두 콩팥과, 그 위의 기름 곧 허리 근방에 있는 것과, 간에 덮인 꺼풀을 콩팥과 함께 취하고"
레위기,7,16,레위기 7:16,"그러나 그 희생의 예물이 서원이나 자원의 예물이면 그 희생을 드린 날에 먹을 것이요, 그 남은 것은 이튿날에도 먹되"
레위기,7,17,레위기 7:17,그 희생의 고기가 제 삼일까지 남았으면 불사를지니
레위기,7,19,레위기 7:19,그 고기가 부정한 물건에 접촉되었으면 먹지 말고 불사를 것이라 그 고기는 깨끗한 자만 먹을 것이니
레위기,7,24,레위기 7:24,스스로 죽은 것의 기름이나 짐승에게 찢긴 것의 기름은 달리는 쓰려니와 결단코 먹지 말지니라
레위기,8,3,레위기 8:3,온 회중을 회막 문에 모으라
레위기,8,8,레위기 8:8,흉패를 붙이고 흉패에 우림과 둠밈을 넣고
레위기,8,11,레위기 8:11,또 단에 일곱번 뿌리고 또 그 단과 그 모든 기구와 물두멍과 그 받침에 발라 거룩하게 하고
레위기,8,33,레위기 8:33,위임식은 칠일 동안 행하나니 위임식이 마치는 날까지 칠일 동안은 회막 문에 나가지 말라
레위기,8,34,레위기 8:34,오늘날 행한 것은 여호와께서 너희를 위하여 속하게 하시려고 명하신 것이니
레위기,8,35,레위기 8:35,너희는 칠 주야를 회막 문에 거하여 여호와의 부탁을 지키라 ! 그리하면 사망을 면하리라 내가 이같이 명령을 받았느니라'
레위기,10,10,레위기 10:10,그리하여야 너희가 거룩하고 속된 것을 분별하며 부정하고 정한 것을 분별하고
레위기,11,2,레위기 11:2,이스라엘 자손에게 고하여 이르라 육지 모든 짐승 중 너희의 먹을만한 생물은 이러하니
레위기,11,3,레위기 11:3,짐승중 무릇 굽이 갈라져 쪽발이 되고 새김질하는 것은 너희가 먹되
레위기,11,9,레위기 11:9,물에 있는 모든 것 중 너희의 먹을 만한 것은 이것이니 무릇 강과 바다와 다른 물에 있는 것 중에 지느러미와 비늘 있는 것은 너희가 먹되
레위기,11,21,레위기 11:21,오직 날개가 있고 네 발로 기어다니는 모든 곤충중에 그 발에 뛰는 다리가 있어서 땅에서 뛰는 것은 너희가 먹을지니
레위기,11,44,레위기 11:44,나는 여호와 너희 하나님이라 ! 내가 거룩하니 너희도 몸을 구별하여 거룩하게 하고 땅에 기는바 기어다니는 것으로 인하여 스스로 더럽히지 말라
레위기,11,47,레위기 11:47,부정하고 정한 것과 먹을 생물과 먹지 못할 생물을 분별한 것이니라
레위기,12,3,레위기 12:3,제 팔일에는 그 아이의 양피를 벨 것이요
레위기,13,14,레위기 13:14,아무 때든지 그에게 난육이 발생하면 그는 부정한즉
레위기,13,18,레위기 13:18,피부에 종기가 생겼다가 나았고
레위기,13,20,레위기 13:20,그는 진찰하여 피부보다 얕고 그 털이 희면 그를 부정하다 진단할지니 이는 종기로 된 문둥병의 환처임이니라
레위기,13,24,레위기 13:24,피부를 불에 데었는데 그 덴 곳에 불그스름하고 희거나 순전히 흰 색점이 생기면
레위기,13,29,레위기 13:29,남자나 여자의 머리에나 수염에 환처가 있으면
레위기,13,35,레위기 13:35,깨끗한 후에라도 옴이 크게 피부에 퍼지면
레위기,13,38,레위기 13:38,남자나 여자의 피부에 색점 곧 흰 색점이 있으면
레위기,13,40,레위기 13:40,누구든지 그 머리털이 빠지면 그는 대머리니 정하고
레위기,13,41,레위기 13:41,앞머리가 빠져도 그는 이마 대머리니 정하니라
레위기,13,47,레위기 13:47,"만일 의복에 문둥병 색점이 발하여 털옷에나, 베옷에나"
레위기,13,48,레위기 13:48,"베나, 털의 날에나, 씨에나, 혹 가죽에나, 무릇 가죽으로 만든 것에 있되"
레위기,13,58,레위기 13:58,"네가 빤 의복의 날에나, 씨에나, 무릇 가죽으로 만든 것에 그 색점이 벗어졌으면 그것을 다시 빨아야 정하리라"
레위기,14,7,레위기 14:7,문둥병에서 정결함을 받을 자에게 일곱번 뿌려 정하다 하고 그 산 새는 들에 놓을지며
레위기,14,8,레위기 14:8,정결함을 받는 자는 그 옷을 빨고 모든 털을 밀고 물로 몸을 씻을 것이라 그리하면 정하리니 그 후에 진에 들어올 것이나 자기 장막 밖에 칠일을 거할 것이요
레위기,14,9,레위기 14:9,칠일만에 그 모든 털을 밀되 머리털과 수염과 눈썹을 다 밀고 그 옷을 빨고 몸을 물에 씻을 것이라 그리하면 정하리라
레위기,14,16,레위기 14:16,우편 손가락으로 좌편 손의 기름을 찍어 그 손가락으로 그것을 여호와 앞에 일곱번 뿌릴 것이요
레위기,14,27,레위기 14:27,우편 손가락으로 좌편 손의 기름을 조금 찍어 여호와 앞에 일곱번 뿌릴 것이요
레위기,14,30,레위기 14:30,그는 힘이 미치는 대로 산비둘기 하나나 집비둘기 새끼 하나를 드리되
레위기,14,32,레위기 14:32,문둥병 환자로서 그 결례에 힘이 부족한 자의 규례가 이러하니라
레위기,14,37,레위기 14:37,그 색점을 볼 때에 그 집 벽에 푸르거나 붉은 무늬의 색점이 있어 벽보다 우묵하면
레위기,14,46,레위기 14:46,그 집을 폐쇄한 날 동안에 들어가는 자는 저녁까지 부정할 것이요
레위기,14,47,레위기 14:47,그 집에서 자는 자는 그 옷을 빨 것이요 그 집에서 먹는 자도 그 옷을 빨 것이니라
레위기,14,49,레위기 14:49,"그는 그 집을 정결케 하기 위하여 새 두마리와, 백향목과, 홍색실과, 우슬초를 취하고"
레위기,14,53,레위기 14:53,그 산새는 성 밖 들에 놓아 그 집을 위하여 속할 것이라 그리하면 정결하리라 !
레위기,14,57,레위기 14:57,언제는 부정하고 언제는 정함을 가르치는 것이니 문둥병의 규례가 이러하니라
레위기,15,7,레위기 15:7,유출병 있는 자의 몸에 접촉하는 자는 옷을 빨고 물로 몸을 씻을 것이며 저녁까지 부정하리라
레위기,15,8,레위기 15:8,유출병 있는 자가 정한 자에게 침을 뱉으면 정한 자는 옷을 빨고 물로 몸을 씻을 것이며 저녁까지 부정하리라
레위기,15,10,레위기 15:10,그 몸 아래 닿았던 것에 접촉한 자는 다 저녁까지 부정하며 그런 것을 옮기는 자는 옷을 빨고 물로 몸을 씻을 것이며 저녁까지 부정하리라
레위기,15,11,레위기 15:11,유출병 있는 자가 물로 손을 씻지 아니하고 아무든지 만지면 그 자는 옷을 빨고 물로 몸을 씻을 것이며 저녁까지 부정하리라
레위기,15,12,레위기 15:12,유출병 있는 자의 만진 질그릇은 깨뜨리고 목기는 다 물로 씻을지니라
레위기,15,13,레위기 15:13,유출병 있는 자는 그 유출이 깨끗하여지거든 그 몸이 정결하기 위하여 칠일을 계산하여 옷을 빨고 흐르는 물에 몸을 씻을 것이요 그리하면 정하리니
레위기,15,16,레위기 15:16,설정한 자는 전신을 물로 씻을 것이며 저녁까지 부정하리라
레위기,15,17,레위기 15:17,무릇 정수가 묻은 옷이나 가죽은 물에 빨 것이며 저녁까지 부정하리라
레위기,15,18,레위기 15:18,남녀가 동침하여 설정하였거든 둘 다 물로 몸을 씻을 것이며 저까지 부정하리라
레위기,15,19,레위기 15:19,어떤 여인이 유출을 하되 그 유출이 피면 칠일 동안 불결하니 무릇 그를 만지는 자는 저녁까지 부정할 것이요
레위기,15,20,레위기 15:20,그 불결할 동안에 그의 누웠던 자리는 다 부정하며 그의 앉았던 자리도 다 부정한즉
레위기,15,25,레위기 15:25,여인의 피의 유출이 그 불결기 외에 있어서 여러 날이 간다든지 그 유출이 불결기를 지나든지 하면 그 부정을 유출하는 날 동안은 무릇 그 불결한 때와 같이 부정한즉
레위기,15,26,레위기 15:26,무릇 그 유출이 있는 날 동안에 그의 눕는 침상은 그에게 불결한 때의 침상과 같고 무릇 그의 앉는 자리도 부정함이 불결의 부정 과 같으니
레위기,15,27,레위기 15:27,이런 것을 만지는 자는 무릇 부정한즉 옷을 빨고 물로 몸을 씻을 것이며 저녁까지 부정할 것이요
레위기,15,31,레위기 15:31,너희는 이와 같이 이스라엘 자손으로 그 부정에서 떠나게하여 그들로 그 가운데 있는 내 장막을 더럽히고 그 부정한 중에서 죽음을 면케 할찌니라
레위기,15,33,레위기 15:33,불결을 앓는 여인과 유출병이 있는 남녀와 불결한 여인과 동침한 자에게 관한 것이니라
레위기,16,7,레위기 16:7,또 그 두 염소를 취하여 회막 문 여호와 앞에 두고
레위기,16,12,레위기 16:12,향로를 취하여 여호와 앞 단 위에서 피운 불을 그것에 채우고 또 두손에 곱게 간 향기로운 향을 채워 가지고 장 안에 들어가서
레위기,16,19,레위기 16:19,또 손가락으로 그 피를 그 위에 일곱번 뿌려 이스라엘 자손의 부정에서 단을 성결케 할 것이요
레위기,16,22,레위기 16:22,염소가 그들의 모든 불의를 지고 무인지경에 이르거든 그는 그 염소를 광야에 놓을지니라
레위기,16,28,레위기 16:28,불사른 자는 옷을 빨고 물로 몸을 씻은 후에 진에 들어올지니라
레위기,16,29,레위기 16:29,너희는 영원히 이 규례를 지킬지니라 ! 칠월 곧 그 달 십일에 너희는 스스로 괴롭게 하고 아무 일도 하지 말되 본토인이든지 너희 중에 우거하는 객이든지 그리하라
레위기,17,11,레위기 17:11,육체의 생명은 피에 있음이라 내가 이 피를 너희에게 주어 단에 뿌려 너희의 생명을 위하여 속하게 하였나니 생명이 피에 있으므로 피가 죄를 속하느니라
레위기,17,12,레위기 17:12,그러므로 내가 이스라엘 자손에게 말하기를 너희 중에 아무도 피를 먹지 말며 너희 중에 우거하는 타국인이라도 피를 먹지 말라 하였나니
레위기,17,13,레위기 17:13,무릇 이스라엘 자손이나 그들 중에 우거하는 타국인이 먹을 만한 짐승이나 새를 사냥하여 잡거든 그 피를 흘리고 흙으로 덮을지니라
레위기,18,2,레위기 18:2,너는 이스라엘 자손에게 고하여 이르라 나는 여호와 너희 하나님이라 !
레위기,18,4,레위기 18:4,너희는 나의 법도를 좇으며 나의 규례를 지켜 그대로 행하라 ! 나는 너희의 하나님 여호와니라 !
레위기,18,5,레위기 18:5,너희는 나의 규례와 법도를 지키라 ! 사람이 이를 행하면 그로 인하여 살리라 ! 나는 여호와니라 !
레위기,18,21,레위기 18:21,너는 결단코 자녀를 몰렉에게 주어 불로 통과케 말아서 네 하나님의 이름을 욕되게 하지 말라 나는 여호와니라 !
레위기,18,26,레위기 18:26,그러므로 너희 곧 너희의 동족이나 혹시 너희 중에 우거하는 타국인이나 나의 규례와 법도를 지키고 이런 가증한 일의 하나도 행하지 말라
레위기,18,30,레위기 18:30,그러므로 너희는 내 명령을 지키고 너희 있기 전에 행하던 가증한 풍속을 하나라도 좇음으로 스스로 더럽히지 말라 ! 나는 너희 하나님 여호와니라
레위기,19,2,레위기 19:2,너는 이스라엘 자손의 온 회중에게 고하여 이르라 너희는 거룩하라 ! 나 여호와 너희 하나님이 거룩함이니라
레위기,19,3,레위기 19:3,너희 각 사람은 부모를 경외하고 나의 안식일을 지키라 ! 나는 너희 하나님 여호와니라 !
레위기,19,4,레위기 19:4,너희는 헛것을 위하지 말며 너희를 위하여 신상들을 부어 만들지 말라 ! 나는 너희 하나님 여호와니라 !
레위기,19,6,레위기 19:6,그 제물은 드리는 날과 이튿날에 먹고 제 삼일까지 남았거든 불사르라
레위기,19,10,레위기 19:10,너의 포도원의 열매를 다 따지 말며 너의 포도원에 떨어진 열매도 줍지 말고 가난한 사람과 타국인을 위하여 버려 두라 나는 너희 하나님 여호와니라 !
레위기,19,11,레위기 19:11,너희는 도적질하지 말며 속이지 말며 서로 거짓말하지 말며
레위기,19,12,레위기 19:12,너희는 내 이름으로 거짓 맹세함으로 네 하나님의 이름을 욕되게 하지 말라 ! 나는 여호와니라 !
레위기,19,13,레위기 19:13,너는 네 이웃을 압제하지 말며 늑탈하지 말며 품군의 삯을 아침까지 밤새도록 네게 두지 말며
레위기,19,15,레위기 19:15,너희는 재판할 때에 불의를 행치 말며 가난한 자의 편을 들지 말며 세력있는 자라고 두호하지 말고 공의로 사람을 재판할지며
레위기,19,16,레위기 19:16,너는 네 백성 중으로 돌아다니며 사람을 논단하지 말며 네 이웃을 대적하여 죽을 지경에 이르게 하지 말라 나는 여호와니라 !
레위기,19,17,레위기 19:17,너는 네 형제를 마음으로 미워하지 말며 이웃을 인하여 죄를 당치 않도록 그를 반드시 책선하라
레위기,19,18,레위기 19:18,원수를 갚지 말며 동포를 원망하지 말며 이웃 사랑하기를 네 몸과 같이 하라 ! 나는 여호와니라 !
레위기,19,19,레위기 19:19,너희는 내 규례를 지킬지어다 ! 네 육축을 다른 종류와 교합시키지 말며 네 밭에 두 종자를 섞어 뿌리지 말며 두 재료로 직조한 옷을 입지 말지며
레위기,19,25,레위기 19:25,제 오년에는 그 열매를 먹을지니 그리하면 너희에게 그 소산이 풍성하리라 나는 너희 하나님 여호와니라 !
레위기,19,26,레위기 19:26,너희는 무엇이든지 피 채 먹지 말며 복술을 하지 말며 술수를 행치 말며
레위기,19,27,레위기 19:27,머리 가를 둥글게 깎지 말며 수염 끝을 손상치 말며
레위기,19,28,레위기 19:28,죽은 자를 위하여 너희는 살을 베지 말며 몸에 무늬를 놓지 말라 ! 나는 여호와니라 !
레위기,19,30,레위기 19:30,내 안식일을 지키고 내 성소를 공경하라 ! 나는 여호와니라 !
레위기,19,31,레위기 19:31,너희는 신접한 자와 박수를 믿지 말며 그들을 추종하여 스스로 더럽히지 말라 ! 나는 너희 하나님 여호와니라 !
레위기,19,32,레위기 19:32,너는 센 머리 앞에 일어서고 노인의 얼굴을 공경하며 네 하나님을 경외하라 ! 나는 여호와니라 !
레위기,19,33,레위기 19:33,타국인이 너희 땅에 우거하여 함께 있거든 너희는 그를 학대하지 말고
레위기,19,35,레위기 19:35,너희는 재판에든지 도량형에든지 불의를 행치 말고
레위기,19,37,레위기 19:37,너희는 나의 모든 규례와 나의 모든 법도를 지켜 행하라 ! 나는 여호와니라
레위기,20,7,레위기 20:7,너희는 스스로 깨끗케 하여 거룩할지어다 ! 나는 너희 하나님 여호와니라 !
레위기,20,8,레위기 20:8,너희는 내 규례를 지켜 행하라 ! 나는 너희를 거룩케 하는 여호와니라 !
레위기,20,19,레위기 20:19,너의 이모나 고모의 하체를 범하지 말지니 이는 골육지친의 하체인즉 그들이 그 죄를 당하리라
레위기,20,22,레위기 20:22,너희는 나의 모든 규례와 법도를 지켜 행하라 ! 그리하여야 내가 너희를 인도하여 거하게 하는 땅이 너희를 토하지 아니하리라
레위기,20,23,레위기 20:23,너희는 내가 너희 앞에서 쫓아내는 족속의 풍속을 좇지 말라 ! 그들이 이 모든 일을 행하므로 내가 그들을 가증히 여기노라
레위기,20,24,레위기 20:24,내가 전에 너희에게 이르기를 너희가 그들의 땅을 기업으로 얻을 것이라 내가 그 땅 곧 젖과 꿀이 흐르는 땅으로 너희에게 주어 유업을 삼게 하리라 하였노라 나는 너희를 만민 중에서 구별한 너희 하나님 여호와라 !
레위기,20,25,레위기 20:25,너희는 짐승의 정하고 부정함과 새의 정하고 부정함을 구별하고 내가 너희를 위하여 부정한 것으로 구별한 짐승이나 새나 땅에 기는 곤충으로 인하여 너희 몸을 더럽히지 말라 !
레위기,20,26,레위기 20:26,너희는 내게 거룩할지어다 ! 이는 나 여호와가 거룩하고 내가 또 너희로 나의 소유를 삼으려고 너희를 만민 중에서 구별하였음이니라
레위기,21,2,레위기 21:2,골육지친인 부모나 자녀나 형제나
레위기,21,3,레위기 21:3,출가하지 아니한 처녀인 친 자매로 인하여는 몸을 더럽힐 수 있느니라
레위기,21,6,레위기 21:6,그 하나님께 대하여 거룩하고 그 하나님의 이름을 욕되게 하지 말 것이며 그들은 여호와의 화제 곧 그 하나님의 식물을 드리는 자인즉 거룩할 것이라
레위기,21,7,레위기 21:7,그들은 기생이나 부정한 여인을 취하지 말 것이며 이혼 당한 여인을 취하지 말지니 이는 그가 여호와께 거룩함이니라
레위기,21,8,레위기 21:8,너는 그를 거룩하게 하라 ! 그는 네 하나님의 식물을 드림이니라 너는 그를 거룩히 여기라 ! 나 여호와 너희를 거룩하게 하는 자는 거룩함이니라
레위기,21,11,레위기 21:11,어떤 시체에든지 가까이 말지니 부모로 인하여도 더러워지게 말며
레위기,21,12,레위기 21:12,성소에서 나오지 말며 그 하나님의 성소를 더럽히지 말라 ! 이는 하나님의 위임한 관유가 그 위에 있음이니라 나는 여호와니라 !
레위기,21,13,레위기 21:13,그는 처녀를 취하여 아내를 삼을지니
레위기,21,15,레위기 21:15,그 자손으로 백성 중에서 더럽히지 말지니 나는 그를 거룩하게 하는 여호와임이니라
레위기,21,22,레위기 21:22,그는 하나님의 식물의 지성물이든지 성물이든지 먹을 것이나
레위기,22,5,레위기 22:5,무릇 사람을 부정하게 하는 벌레에 접촉된 자나 무슨 부정이든지 사람을 더럽힐 만한 자에게 접촉된 자
레위기,22,7,레위기 22:7,해 질 때에야 정하리니 그 후에 성물을 먹을 것이라 이는 자기의 응식이 됨이니라
레위기,22,8,레위기 22:8,절로 죽은 것이나 들짐승에게 찢긴 것을 먹음으로 자기를 더럽히지 말라 ! 나는 여호와니라 !
레위기,22,15,레위기 22:15,이스라엘 자손이 여호와께 드리는 성물을 그들은 더럽히지 말지니
레위기,22,19,레위기 22:19,열납되도록 소나 양이나 염소의 흠 없는 수컷으로 드릴지니
레위기,22,20,레위기 22:20,무릇 흠 있는 것을 너희는 드리지 말 것은 그것이 열납되지 못할 것임이니라
레위기,22,23,레위기 22:23,우양의 지체가 더하거나 덜하거나 한 것은 너희가 낙헌 예물로는 쓰려니와 서원한 것을 갚음으로 드리면 열납되지 못하리라
레위기,22,27,레위기 22:27,수소나 양이나 염소가 나거든 칠일동안 그 어미와 같이 있게하라 제 팔일 이후로는 여호와께 화제로 예물을 드리면 열납되리라
레위기,22,28,레위기 22:28,암소나 암양을 무론하고 어미와 새끼를 동일에 잡지 말지니라
레위기,22,29,레위기 22:29,너희가 여호와께 감사 희생을 드리거든 너희가 열납되도록 드릴지며
레위기,22,30,레위기 22:30,그 제물은 당일에 먹고 이튿날까지 두지 말라 나는 여호와니라 !
레위기,22,31,레위기 22:31,너희는 나의 계명을 지키며 행하라 ! 나는 여호와니라 !
레위기,22,32,레위기 22:32,너희는 나의 성호를 욕되게 말라 ! 나는 이스라엘 자손 중에서 거룩하게 함을 받을 것이니라 나는 너희를 거룩하게 하는 여호와요
레위기,23,2,레위기 23:2,이스라엘 자손에게 고하여 이르라 너희가 공포하여 성회를 삼을 여호와의 절기는 이러하니라
레위기,23,3,레위기 23:3,엿새 동안은 일할 것이요 일곱째 날은 쉴 안식일이니 성회라 너희는 무슨 일이든지 하지 말라 이는 너희 거하는 각처에서 지킬 여호와의 안식일이니라
레위기,23,4,레위기 23:4,기한에 미쳐 너희가 공포하여 성회로 삼을 여호와의 절기는 이러하니라
레위기,23,7,레위기 23:7,그 첫날에는 너희가 성회로 모이고 아무 노동도 하지 말지며
레위기,23,8,레위기 23:8,너희는 칠일 동안 여호와께 화제를 드릴 것이요 제 칠일에도 성회로 모이고 아무 노동도 하지 말지니라
레위기,23,22,레위기 23:22,너희 땅의 곡물을 벨 때에 밭 모퉁이까지 다 베지 말며 떨어진 진을 줍지 말고 너는 그것을 가난한 자와 객을 위하여 버려 두라 나는 너희 하나님 여호와니라 !
레위기,23,24,레위기 23:24,이스라엘 자손에게 고하여 이르라 칠월 곧 그 달 일일로 안식일을 삼을지니 이는 나팔을 불어 기념할 날이요 성회라
레위기,23,25,레위기 23:25,아무 노동도 하지 말고 여호와께 화제를 드릴지니라
레위기,23,28,레위기 23:28,이 날에는 아무 일도 하지 말 것은 너희를 위하여 너희 하나님 여호와 앞에 속죄할 속죄일이 됨이니라
레위기,23,31,레위기 23:31,너희는 아무 일이든지 하지 말라 이는 너희가 그 거하는 각처에서 대대로 지킬 영원한 규례니라 !
레위기,23,35,레위기 23:35,첫 날에는 성회가 있을지니 너희는 아무 노동도 하지 말지며
레위기,23,36,레위기 23:36,칠일 동안에 너희는 화제를 여호와께 드릴 것이요 제 팔일에도 너희에게 성회가 될 것이며 화제를 여호와께 드릴지니 이는 거룩한 대회라 너희는 아무 노동도 하지 말지니라 !
레위기,23,39,레위기 23:39,너희가 토지 소산 거두기를 마치거든 칠월 십오일부터 칠일 동안 여호와의 절기를 지키되 첫날에도 안식하고 제 팔일에도 안식할 것이요
레위기,23,40,레위기 23:40,"첫날에는 너희가 아름다운 나무 실과와, 종려 가지와, 무성한 가지와, 시내 버들을 취하여 너희 하나님 여호와 앞에서 칠일동안 즐거워할 것이라"
레위기,23,41,레위기 23:41,너희는 매년에 칠일 동안 여호와께 이 절기를 지킬지니 너희 대대로의 영원한 규례라 ! 너희는 칠월에 이를 지킬지니라 !
레위기,23,42,레위기 23:42,너희는 칠일 동안 초막에 거하되 이스라엘에서 난 자는 다 초막에 거할지니
레위기,24,2,레위기 24:2,이스라엘 자손에게 명하여 감람을 찧어 낸 순결한 기름을 켜기 위하여 네게로 가져오게 하고 끊이지 말고 등잔불을 켤지며
레위기,24,4,레위기 24:4,그가 여호와 앞에서 순결한 등대 위의 등잔들을 끊이지 않고 정리할지니라
레위기,24,5,레위기 24:5,너는 고운 가루를 취하여 떡 열 둘을 굽되 매 덩이를 에바 십분 이로 하여
레위기,24,6,레위기 24:6,여호와 앞 순결한 상 위에 두 줄로 한 줄에 여섯씩 진설하고
레위기,24,8,레위기 24:8,항상 매 안식일에 이 떡을 여호와 앞에 진설할지니 이는 이스라엘 자손을 위한 것이요 영원한 언약이니라
레위기,24,12,레위기 24:12,그들이 그를 가두고 여호와의 명령을 기다리더니
레위기,24,22,레위기 24:22,외국인에게든지 본토인에게든지 그 법을 동일히 할 것은 나는 너희 하나님 여호와임이니라 !
레위기,25,2,레위기 25:2,이스라엘 자손에게 고하여 이르라 너희는 내가 너희에게 주는 땅에 들어간 후에 그 땅으로 여호와 앞에 안식하게 하라
레위기,25,3,레위기 25:3,너는 육년 동안 그 밭에 파종하며 육년 동안 그 포도원을 다스려 그 열매를 거둘 것이나
레위기,25,4,레위기 25:4,제 칠년에는 땅으로 쉬어 안식하게 할지니 여호와께 대한 안식이라 너는 그 밭에 파종하거나 포도원을 다스리지 말며
레위기,25,7,레위기 25:7,네 육축과 네 땅에 있는 들짐승들이 다 그 소산으로 식물을 삼을지니라
레위기,25,9,레위기 25:9,칠월 십일은 속죄일이니 너는 나팔 소리를 내되 전국에서 나팔을 크게 불지며
레위기,25,14,레위기 25:14,네 이웃에게 팔든지 네 이웃의 손에서 사거든 너희는 서로 속이지 말라
레위기,25,16,레위기 25:16,연수가 많으면 너는 그 값을 많게 하고 연수가 적으면 너는 그 값을 적게 할지니 곧 그가 그 열매의 다소를 따라서 네게 팔 것이라
레위기,25,17,레위기 25:17,너희는 서로 속이지 말고 너희의 하나님을 경외하라 ! 나는 너희 하나님 여호와니라 !
레위기,25,18,레위기 25:18,너희는 내 법도를 행하며 내 규례를 지켜 행하라 ! 그리하면 너희가 그 땅에 안전히 거할 것이라
레위기,25,19,레위기 25:19,땅은 그 산물을 내리니 너희가 배불리 먹고 거기 안전히 거하리라
레위기,25,20,레위기 25:20,혹 너희 말이 우리가 만일 제 칠년에 심지도 못하고 그 산물을 거두지도 못하면 무엇을 먹으리요 하겠으나
레위기,25,21,레위기 25:21,내가 명하여 제 육년에 내 복을 너희에게 내려 그 소출이 삼년 쓰기에 족하게 할지라
레위기,25,22,레위기 25:22,너희가 제 팔년에는 파종하려니와 묵은 곡식을 먹을 것이며 제 구년 곧 추수하기까지 묵은 곡식을 먹으리라
레위기,25,23,레위기 25:23,토지를 영영히 팔지 말 것은 토지는 다 내 것임이라 너희는 나그네요 우거하는 자로서 나와 함께 있느니라
레위기,25,24,레위기 25:24,너희 기업의 온 땅에서 그 토지 무르기를 허락할지니
레위기,25,25,레위기 25:25,만일 너희 형제가 가난하여 그 기업 얼마를 팔았으면 그 근족이 와서 동족의 판 것을 무를 것이요
레위기,25,26,레위기 25:26,만일 그것을 무를 사람이 없고 자기가 부요하게 되어 무를 힘이 있거든
레위기,25,27,레위기 25:27,그 판 해를 계수하여 그 남은 값을 산 자에게 주고 그 기업으로 돌아갈 것이니라
레위기,25,32,레위기 25:32,레위 족속의 성읍 곧 그 기업의 성읍의 가옥은 레위 사람이 언제든지 무를 수 있으나
레위기,25,34,레위기 25:34,그러나 그 성읍의 들의 사면 밭은 그의 영원한 기업이니 팔지 못할지니라
레위기,25,36,레위기 25:36,너는 그에게 이식을 취하지 말고 네 하나님을 경외하여 네 형제로 너와 함께 생활하게 할 것인즉
레위기,25,37,레위기 25:37,너는 그에게 이식을 위하여 돈을 꾸이지 말고 이익을 위하여 식물을 꾸이지 말라
레위기,25,39,레위기 25:39,네 동족이 반한하게 되어 네게 몸이 팔리거든 너는 그를 종으로 부리지 말고
레위기,25,41,레위기 25:41,그 때에는 그와 그 자녀가 함께 네게서 떠나 그 본족에게로 돌아가서 조상의 기업을 회복하리라
레위기,25,43,레위기 25:43,너는 그를 엄하게 부리지 말고 너의 하나님을 경외하라 !
레위기,25,47,레위기 25:47,너희 중에 우거하는 이방인은 부요하게 되고 그 곁에 사는 너희 동족은 빈한하게 됨으로 너희 중에 우거하는 그 이방인에게나 그 족속에게 몸이 팔렸으면
레위기,25,48,레위기 25:48,팔린 후에 그를 속량할 수 있나니 그 형제 중 하나가 속하거나
레위기,25,51,레위기 25:51,만일 남은 해가 많으면 그 연수대로 팔린 값에서 속하는 값을 그 사람에게 도로 주고
레위기,25,53,레위기 25:53,주인은 그를 매년의 삯군과 같이 여기고 너의 목전에서 엄하게 부리지 못하리라
레위기,26,1,레위기 26:1,너희는 자기를 위하여 우상을 만들지 말지니 목상이나 주상을 세우지 말며 너희 땅에 조각한 석상을 세우고 그에게 경배하지 말라 나는 너희 하나님 여호와임이니라 !
레위기,26,2,레위기 26:2,너희는 나의 안식일을 지키며 나의 성소를 공경하라 ! 나는 여호와니라 !
레위기,26,3,레위기 26:3,너희가 나의 규례와 계명을 준행하면
레위기,26,4,레위기 26:4,내가 너희 비를 그 시후에 주리니 땅은 그 산물을 내고 밭의 수목은 열매를 맺을지라
레위기,26,5,레위기 26:5,너희의 타작은 포도 딸 때까지 미치며 너희의 포도 따는 것은 파종할 때까지 미치리니 너희가 음식을 배불리 먹고 너희 땅에 안전히 거하리라
레위기,26,12,레위기 26:12,나는 너희 중에 행하여 너희 하나님이 되고 너희는 나의 백성이 될 것이니라
레위기,26,34,레위기 26:34,너희가 대적의 땅에 거할 동안에 너희 본토가 황무할 것이므로 땅이 안식을 누릴 것이라 그 때에 땅이 쉬어 안식을 누리리니
레위기,26,35,레위기 26:35,너희가 그 땅에 거한 동안 너희 안식시에 쉼을 얻지 못하던 땅이 그 황무할 동안에는 쉬리라
레위기,27,2,레위기 27:2,이스라엘 자손에게 고하여 이르라 사람을 여호와께 드리기로 서원하였으면 너는 그 값을 정할지니
레위기,27,3,레위기 27:3,너의 정한 값은 이십세로 육십세까지는 남자이면 성소의 세겔대로 은 오십 세겔로 하고
레위기,27,9,레위기 27:9,사람이 예물로 여호와께 드리는 것이 생축이면 서원물로 여호와께 드릴 때는 다 거룩하니
레위기,27,15,레위기 27:15,그 사람이 자기 집을 무르려면 정가한 돈에 그 오분 일을 더할지니 그리하면 자기 소유가 되리라
레위기,27,16,레위기 27:16,사람이 자기 기업된 밭 얼마를 구별하여 여호와께 드리려면 두락수대로 정가하되 보리 한 호멜지기에는 은 오십 세겔로 계산할지며
레위기,27,19,레위기 27:19,밭을 구별하여 드린 자가 그것을 무르려면 정가한 돈에 그 오분일을 더할지니 그리하면 그것이 자기 소유가 될 것이요
레위기,27,22,레위기 27:22,사람에게 샀고 자기 기업이 아닌 밭을 여호와께 구별하여 드렸으면
레위기,27,25,레위기 27:25,너의 모든 정가를 성소의 세겔대로 하되 이십 게라를 한 세겔로 할지니라
레위기,27,27,레위기 27:27,부정한 짐승이면 너의 정가에 그 오분 일을 더하여 속할 것이요 만일 속하지 아니하거든 너의 정가대로 팔지니라
레위기,27,30,레위기 27:30,땅의 십분 일 곧 땅의 곡식이나 나무의 과실이나 그 십분 일은 여호와의 것이니 여호와께 성물이라
레위기,27,31,레위기 27:31,사람이 그 십분 일을 속하려면 그것에 그 오분 일을 더할 것이요
레위기,27,32,레위기 27:32,소나 양의 십분 일은 막대기 아래로 통과하는 것의 열째마다 여호와의 거룩한 것이 되리니
레위기,27,33,레위기 27:33,그 우열을 교계하거나 바꾸거나 하지 말라 바꾸면 둘 다 거룩하리니 속하지 못하리라
민수기,1,52,민수기 1:52,그들을 증거막과 그 모든 기구와 그 모든 부속품을 관리하게 하라
민수기,2,2,민수기 2:2,이스라엘 자손은 각각 그 기와 그 종족의 기호 곁에 진을 치되 회막을 사면으로 대하여 치라
민수기,2,10,민수기 2:10,남편에는 르우벤 군대의 진 기가 있을 것이라 르우벤 자손의 족장은 스데울의 아들 엘리술이요
민수기,3,15,민수기 3:15,레위 자손을 그들의 종족과 가족을 따라 계수하되 일개월 이상의 남자를 다 계수하라
민수기,3,23,민수기 3:23,게르손 가족들은 장막 뒤 곧 서편에 진을 칠 것이요
민수기,3,37,민수기 3:37,"뜰 사면 기둥과, 그 받침과, 그 말뚝과, 그 줄들이니라"
민수기,3,47,민수기 3:47,매명에 오세겔씩 취하되 성소의 세겔대로 취하라 한 세겔은 이십 게라니라
민수기,4,4,민수기 4:4,고핫 자손의 회막 안 지성물에 대하여 할 일은 이러하니라
민수기,4,6,민수기 4:6,그 위에 해달의 가죽으로 덮고 그 위에 순청색 보자기를 덮은후에 그 채를 꿰고
민수기,4,7,민수기 4:7,"또 진설병의 상에 청색 보자기를 펴고 대접들과, 숟가락들과, 주발들과, 붓는 잔들을 그 위에 두고 또 항상 진설하는 떡을 그 위에 두고"
민수기,4,8,민수기 4:8,홍색 보자기를 그 위에 펴고 그것을 해달의 가죽 덮개로 덮은후에 그 채를 꿰고
민수기,4,9,민수기 4:9,"또 청색 보자기를 취하여 등대와, 그 등잔들과, 그 불집게들과, 불똥 그릇들과, 그 쓰는 바 모든 기름 그릇을 덮고"
민수기,4,10,민수기 4:10,등대와 그 모든 기구를 해달의 가죽 덮개 안에 넣어 메는 틀위에 두고
민수기,4,11,민수기 4:11,또 금단 위에 청색 보자기를 펴고 해달의 가죽 덮개로 덮고 그 채를 꿰고
민수기,4,12,민수기 4:12,또 성소에서 봉사하는 데 쓰는 모든 기명을 취하여 청색 보자기에 싸서 해달의 가죽 덮개로 덮어 메는 틀 위에 두고
민수기,4,13,민수기 4:13,또 단의 재를 버리고 그 단 위에 자색 보자기를 펴고
민수기,4,20,민수기 4:20,그들은 잠시라도 들어가서 성소를 보지 말것은 죽을까 함이니라
민수기,4,24,민수기 4:24,게르손 가족의 할 일과 멜 것은 이러하니
민수기,5,12,민수기 5:12,이스라엘 자손에게 고하여 그들에게 이르라 만일 어떤 사람의 아내가 실행하여 남편에게 범죄하여
민수기,5,19,민수기 5:19,여인에게 맹세시켜 그에게 이르기를 네가 네 남편을 두고 실행하여 사람과 동침하여 더럽힌 일이 없으면 저주가 되게 하는 이 쓴물의 해독을 면하리라
민수기,5,28,민수기 5:28,그러나 여인이 더럽힌 일이 없고 정결하면 해를 받지 않고 잉태하리라
민수기,5,31,민수기 5:31,남편은 무죄할 것이요 여인은 죄가 있으면 당하리라
민수기,6,3,민수기 6:3,포도주와 독주를 멀리하며 포도주의 초나 독주의 초를 마시지 말며 포도즙도 마시지 말며 생포도나 건포도도 먹지 말지니
민수기,6,4,민수기 6:4,자기 몸을 구별하는 모든 날 동안에는 포도나무 소산은 씨나 껍질이라도 먹지말지며
민수기,6,6,민수기 6:6,자기 몸을 구별하여 여호와께 드리는 모든 날 동안은 시체를 가까이 하지 말 것이요
민수기,6,7,민수기 6:7,그 부모 형제 자매가 죽은 때에라도 그로 인하여 더럽히지 말것이니 이는 자기 몸을 구별하여 하나님께 드리는 표가 그 머리에 있음이라
민수기,6,8,민수기 6:8,자기 몸을 구별하는 모든 날 동안 그는 여호와께 거룩한 자니라
민수기,6,26,민수기 6:26,여호와는 그 얼굴을 네게로 향하여 드사 평강주시기를 원하노라 할지니라 하라
민수기,6,27,민수기 6:27,그들은 이같이 내 이름으로 이스라엘 자손에게 축복할지니 내가 그들에게 복을 주리라
민수기,7,50,민수기 7:50,또 십세겔중 금숟가락 하나라 이것에는 향을 채웠고
민수기,7,56,민수기 7:56,또 십세겔중 금숟가락 하나라 이것에는 향을 채웠고
민수기,7,60,민수기 7:60,제 구일에는 베냐민 자손의 족장 기드오니의 아들 아비단이 드렸으니
민수기,7,62,민수기 7:62,또 십세겔중 금숟가락 하나라 이것에는 향을 채웠고
민수기,7,66,민수기 7:66,제 십일에는 단 자손의 족장 암미삿대의 아들 아히에셀이 드렸으니
민수기,7,68,민수기 7:68,또 십세겔중 금숟가락 하나라 이것에는 향을 채웠고
민수기,7,72,민수기 7:72,제 십일일에는 아셀 자손의 족장 오그란의 아들 바기엘이 드렸으니
민수기,7,74,민수기 7:74,또 십세겔중 금숟가락 하나라 이것에는 향을 채웠고
민수기,8,7,민수기 8:7,너는 이같이 하여 그들을 정결케 하되 곧 속죄의 물로 그들에게 뿌리고 그들로 그 전신을 삭도로 밀게 하고 그 의복을 빨게 하여 몸을 정결케 하고
민수기,8,16,민수기 8:16,그들은 이스라엘 자손 중에서 내게 온전히 드린바 된 자라 이스라엘 자손 중 일절 초태생 곧 모든 처음 난 자의 대신으로 내가 그들을 취하였나니
민수기,8,25,민수기 8:25,오십세부터는 그 일을 쉬어 봉사하지 아니할 것이나
민수기,9,3,민수기 9:3,그 정기 곧 이달 십 사일 해질 때에 너희는 그것을 지키되 그 모든 율례와 그 모든 규례대로 지킬지니라 !
민수기,9,16,민수기 9:16,항상 그러하여 낮에는 구름이 그것을 덮었고 밤에는 불 모양이 있었는데
민수기,9,19,민수기 9:19,구름이 장막 위에 머무는 날이 오랠 때에는 이스라엘 자손이 여호와의 명을 지켜 진행치 아니하였으며
민수기,9,20,민수기 9:20,혹시 구름이 장막 위에 머무는 날이 적을 때에도 그들이 다만 여호와의 명을 좇아 유진하고 여호와의 명을 좇아 진행하였으며
민수기,9,21,민수기 9:21,혹시 구름이 저녁부터 아침까지 있다가 아침에 그 구름이 떠오를때에는 그들이 진행하였고 구름이 밤낮 있다가 떠 오르면 곧 진행하였으며
민수기,10,2,민수기 10:2,은나팔 둘을 만들되 쳐서 만들어서 그것으로 회중을 소집하며 진을 진행케 할 것이라
민수기,10,3,민수기 10:3,두 나팔을 불 때에는 온 회중이 회막문 앞에 모여서 네게로 나아올 것이요
민수기,10,5,민수기 10:5,너희가 그것을 울려 불 때에는 동편 진들이 진행할 것이고
민수기,10,11,민수기 10:11,제이년 이월 이십일에 구름이 증거막에서 떠오르매
민수기,10,12,민수기 10:12,이스라엘 자손이 시내 광야에서 출발하여 자기 길을 행하더니 바란 광야에 구름이 머무니라
민수기,10,28,민수기 10:28,이스라엘 자손이 진행할 때에 이와 같이 그 군대를 따라 나아갔더라
민수기,10,32,민수기 10:32,우리와 동행하면 여호와께서 우리에게 복을 내리시는 대로 우리도 당신에게 행하리이다
민수기,10,33,민수기 10:33,그들이 여호와의 산에서 떠나 삼 일 길을 행할 때에 여호와의 언약궤가 그 삼 일 길에 앞서 행하며 그들의 쉴 곳을 찾았고
민수기,11,6,민수기 11:6,이제는 우리 정력이 쇠약하되 이 만나 외에는 보이는 것이 아무 것도 없도다' 하니
민수기,11,7,민수기 11:7,만나는 깟씨와 같고 모양은 진주와 같은 것이라
민수기,11,9,민수기 11:9,밤에 이슬이 진에 내릴 때에 만나도 같이 내렸더라
민수기,11,12,민수기 11:12,이 모든 백성을 내가 잉태하였나이까 ? 내가 어찌 그들을 생산하였기에 주께서 나더러 양육하는 아비가 젖 먹는 아이를 품듯 그들을 품에 품고 주께서 그들의 열조에게 맹세하신 땅으로 가라 하시나이까 ?
민수기,11,14,민수기 11:14,책임이 심히 중하여 나 혼자는 이 모든 백성을 질 수 없나이다
민수기,11,17,민수기 11:17,내가 강림하여 거기서 너와 말하고 네게 임한 신을 그들에게도 임하게 하리니 그들이 너와 함께 백성의 짐을 담당하고 너 혼자 지지 아니하리라
민수기,11,19,민수기 11:19,하루나 이틀이나 닷새나 열흘이나 이십일만 먹을 뿐 아니라
민수기,11,22,민수기 11:22,그들을 위하여 양떼와 소떼를 잡은들 족하오며 바다의 모든 고기를 모은들 족하오리이까 ?'
민수기,11,26,민수기 11:26,그 녹명된 자 중 엘닷이라 하는 자와 메닷이라 하는 자 두 사람이 진에 머물고 회막에 나아가지 아니하였으나 그들에게도 신이 임하였으므로 진에서 예언한지라
민수기,11,31,민수기 11:31,"바람이 여호와에게로서 나와 바다에서부터 메추라기를 몰아 진곁 이편, 저편 곧 진 사방으로 각기 하룻길 되는 지면 위 두 규빗쯤에 내리게 한지라"
민수기,11,35,민수기 11:35,백성이 기브롯 핫다아와에서 진행하여 하세롯에 이르러 거기 거하니라
민수기,12,16,민수기 12:16,그 후에 백성이 하세롯에서 진행하여 바란 광야에 진을 치니라
민수기,13,23,민수기 13:23,또 에스골 골짜기에 이르러 거기서 포도 한 송이 달린 가지를 베어 둘이 막대기에 꿰어 메고 또 석류와 무화과를 취하니라
민수기,13,28,민수기 13:28,그러나 그 땅 거민은 강하고 성읍은 견고하고 심히 클 뿐 아니라 거기서 아낙 자손을 보았으며
민수기,14,8,민수기 14:8,여호와께서 우리를 기뻐하시면 우리를 그 땅으로 인도하여 들이시고 그 땅을 우리에게 주시리라 이는 과연 젖과 꿀이 흐르는 땅이니라
민수기,14,9,민수기 14:9,오직 여호와를 거역하지 말라 ! 또 그 땅 백성을 두려워하지 말라 ! 그들은 우리 밥이라 ! 그들의 보호자는 그들에게서 떠났고 여호와는 우리와 함께 하시느니라 ! 그들을 두려워 말라 !' 하나
민수기,14,14,민수기 14:14,이 땅 거민에게 고하리이다 주 여호와께서 이 백성 중에 계심을 그들도 들었으니 곧 주 여호와께서 대면하여 보이시며 주의 구름이 그들 위에 섰으며 주께서 낮에는 구름기둥 가운데서 밤에는 불기둥 가운데서 그들 앞에서 행하시는 것이니이다
민수기,14,20,민수기 14:20,여호와께서 가라사대 내가 네 말대로 사하노라 !
민수기,14,21,민수기 14:21,그러나 진실로 나의 사는 것과 여호와의 영광이 온 세계에 충만할 것으로 맹세하노니
민수기,14,24,민수기 14:24,오직 ! 내 종 갈렙은 그 마음이 그들과 달라서 나를 온전히 좇았은즉 그의 갔던 땅으로 내가 그를 인도하여 들이리니 그 자손이 그 땅을 차지하리라
민수기,15,2,민수기 15:2,이스라엘 자손에게 고하여 그들에게 이르라 너희가 내게 주어 거하게 할 땅에 들어가서
민수기,15,7,민수기 15:7,전제로 포도주 한 힌의 삼분지 일을 드려 여호와 앞에 향기롭게 할 것이요
민수기,15,10,민수기 15:10,전제로 포도주 반 힌을 드려 여호와 앞에 향기로운 화제를 삼을지니라
민수기,15,12,민수기 15:12,너희 예비하는 수효를 따라 각기 수효에 맞게 하라
민수기,15,13,민수기 15:13,무릇 본토 소생이 여호와께 향기로운 화제를 드릴 때에는 이 법대로 할 것이요
민수기,15,14,민수기 15:14,너희 중에 우거하는 타국인이나 너희 중에 대대로 있는 자가 누구든지 여호와께 향기로운 화제를 드릴 때에는 너희 하는대로 그도 그리할 것이라
민수기,15,15,민수기 15:15,회중 곧 너희나 우거하는 타국인이나 한 율례니 너희의 대대로 영원한 율례라 너희의 어떠한 대로 타국인도 여호와 앞에 그러하리라
민수기,15,16,민수기 15:16,"너희나 너희 중에 우거하는 타국인이나 한 법도, 한 규례니라"
민수기,15,18,민수기 15:18,이스라엘 자손에게 고하여 이르라 너희가 나의 인도하는 땅에 들어가거든
민수기,15,26,민수기 15:26,이스라엘 자손의 온 회중과 그들 중에 우거하는 타국인도 사함을 얻을 것은 온 백성이 그릇 범죄하였음이니라
민수기,15,32,민수기 15:32,이스라엘 자손이 광야에 거할 때에 안식일에 어떤 사람이 나무하는 것을 발견한지라
민수기,15,34,민수기 15:34,어떻게 처치할는지 지시하심을 받지 못한 고로 가두었더니
민수기,15,38,민수기 15:38,이스라엘 자손에게 명하여 그들의 대대로 그 옷단 귀에 술을 만들고 청색 끈을 그 귀의 술에 더하라
민수기,15,39,민수기 15:39,이 술은 너희로 보고 여호와의 모든 계명을 기억하여 준행하고 너희로 방종케 하는 자기의 마음과 눈의 욕심을 좇지 않게 하기 위함이라
민수기,16,1,민수기 16:1,"레위의 증손 고핫의 손자 이스할의 아들 고라와, 르우벤 자손 엘리압의 아들 다단과 아비람과 벨렛의 아들 온이 당을 짓고"
민수기,16,13,민수기 16:13,네가 우리를 젖과 꿀이 흐르는 땅에서 이끌어 내어 광야에서 죽이려 함이 어찌 작은 일이기에 오히려 스스로 우리 위에 왕이 되려 하느냐 ?
민수기,16,14,민수기 16:14,이뿐 아니라 네가 우리를 젖과 꿀이 흐르는 땅으로 인도하여 들이지도 아니하고 밭과 포도원도 우리에게 기업으로 주지 아니하니 네가 이 사람들의 눈을 빼려느냐 ? 우리는 올라가지 아니하겠노라'
민수기,16,19,민수기 16:19,고라가 온 회중을 회막 문에 모아 놓고 그 두 사람을 대적하려 하매 여호와의 영광이 온 회중에게 나타나시니라
민수기,16,27,민수기 16:27,"무리가 고라와, 다단과, 아비람의 장막 사면을 떠나고 다단과, 아비람은 그 처자와 유아들과 함께 나와서 자기 장막 문에 선지라"
민수기,16,38,민수기 16:38,사람들은 범죄하여 그 생명을 스스로 해하였거니와 그들이 향로를 여호와 앞에 드렸으므로 그 향기가 거룩하게 되었나니 그 향로를 쳐서 제단을 싸는 편철을 만들라 이스라엘 자손에게 표가 되리라 하신지라
민수기,16,48,민수기 16:48,죽은 자와 산 자 사이에 섰을 때에 염병이 그치니라
민수기,17,2,민수기 17:2,너는 이스라엘 자손에게 고하여 그들 중에서 각 종족을 따라 지팡이 하나씩 취하되 곧 그들의 종족대로 그 모든 족장에게서 지팡이 열둘을 취하고 그 사람들의 이름을 각각 그 지팡이에 쓰되
민수기,17,4,민수기 17:4,그 지팡이를 회막 안에서 내가 너희와 만나는 곳인 증거궤 앞에 두라
민수기,17,5,민수기 17:5,내가 택한 자의 지팡이에는 싹이 나리니 이것으로 이스라엘 자손이 너희를 대하여 원망하는 말을 내 앞에서 그치게 하리라
민수기,18,2,민수기 18:2,너는 네 형제 레위 지파 곧 네 조상의 지파를 데려다가 너와 합동시켜 너를 섬기게 하고 너와 네 아들들은 증거의 장막앞에 있을 것이니라
민수기,18,10,민수기 18:10,지극히 거룩하게 여김으로 먹으라 이는 네게 성물인즉 남자들이 다 먹을지니라
민수기,18,12,민수기 18:12,"그들이 여호와께 드리는 첫 소산 곧 제일 좋은 기름과, 제일 좋은 포도주와, 곡식을 네게 주었은즉"
민수기,18,13,민수기 18:13,그들이 여호와께 드리는 그 땅 처음 익은 모든 열매는 네 것이니 네 집에 정결한 자마다 먹을 것이라
민수기,18,14,민수기 18:14,이스라엘 중에서 특별히 드린 모든 것은 네 것이 되리라 !
민수기,18,16,민수기 18:16,그 사람을 속할 때에는 난지 일개월 이후에 네가 정한 대로 성소의 세겔을 따라 은 다섯 세겔로 속하라 한 세겔은 이십 게라니라
민수기,18,18,민수기 18:18,그 고기는 네게 돌릴지니 흔든 가슴과 우편 넓적다리 같이 네게 돌릴 것이니라
민수기,18,31,민수기 18:31,너희와 너희 권속이 어디서든지 이것을 먹을 수 있음은 이는 회막에서 일한 너희의 보수임이니라
민수기,19,2,민수기 19:2,여호와의 명하는 법의 율례를 이제 이르노니 이스라엘 자손에게 일러서 온전하여 흠이 없고 아직 멍에 메지 아니한 붉은 암송아지를 네게로 끌어 오게 하고
민수기,19,8,민수기 19:8,송아지를 불사른 자도 그 옷을 물로 빨고 물로 그 몸을 씻을 것이라 그도 저녁까지 부정하리라
민수기,19,10,민수기 19:10,암송아지의 재를 거둔 자도 그 옷을 빨 것이며 저녁까지 부정하리라 이는 이스라엘 자손과 그 중에 우거하는 외인에게 영원한 율례니라
민수기,19,11,민수기 19:11,사람의 시체를 만진 자는 칠일을 부정하리니
민수기,19,17,민수기 19:17,그 부정한 자를 위하여 죄를 깨끗하게 하려고 불사른 재를 취하여 흐르는 물과 함께 그릇에 담고
민수기,19,18,민수기 19:18,정한 자가 우슬초를 취하여 그 물을 찍어서 장막과 그 모든 기구와 거기 있는 사람들에게 뿌리고 또 뼈나 죽임을 당한 자나 시체나 무덤을 만진 자에게 뿌리되
민수기,19,19,민수기 19:19,그 정한 자가 제 삼일과 제 칠일에 그 부정한 자에게 뿌려서 제 칠일에 그를 정결케 할 것이며 그는 자기 옷을 빨고 물로 몸을 씻을 것이라 저녁이면 정하리라
민수기,19,22,민수기 19:22,부정한 자가 만진 것은 무엇이든지 부정할 것이며 그것을 만지는 자도 저녁까지 부정하리라
민수기,20,1,민수기 20:1,정월에 이스라엘 자손 곧 온 회중이 신 광야에 이르러서 백성이 가데스에 거하더니 미리암이 거기서 죽으매 거기 장사하니라
민수기,20,11,민수기 20:11,그 손을 들어 그 지팡이로 반석을 두번 치매 물이 많이 솟아 나오므로 회중과 그들의 짐승이 마시니라
민수기,20,13,민수기 20:13,이스라엘 자손이 여호와와 다투었으므로 이를 므리바 물이라 하니라 여호와께서 그들 중에서 그 거룩함을 나타내셨더라
민수기,20,22,민수기 20:22,이스라엘 자손 곧 온 회중이 가데스에서 진행하여 호르산에 이르렀더니
민수기,21,10,민수기 21:10,이스라엘 자손이 진행하여 오봇에 진 쳤고
민수기,21,12,민수기 21:12,거기서 진행하여 세렛 골짜기에 진 쳤고
민수기,21,18,민수기 21:18,이 우물은 족장들이 팠고 백성의 귀인들이 홀과 지팡이로 판 것이로다 하였더라 광야에서 맛다나에 이르렀고
민수기,21,19,민수기 21:19,"맛다나에서 나할리엘에 이르렀고, 나할리엘에서 바못에 이르렀고"
민수기,21,22,민수기 21:22,`우리로 당신의 땅을 통과하게 하소서 우리가 밭에든지 포도원에든지 들어가지 아니하며 우물물도 공히 마시지 아니하고 우리가 당신의 지경에서 다 나가기까지 왕의 대로로만 통행하리이다'하나
민수기,21,25,민수기 21:25,이스라엘이 이같이 그 모든 성읍을 취하고 그 아모리인의 모든 성읍을 취하고 그 아모리인의 모든 성읍 헤스본과 그 모든 촌락에 거하였으니
민수기,21,31,민수기 21:31,이스라엘이 아모리인의 땅에 거하였더니
민수기,22,2,민수기 22:2,십볼의 아들 발락이 이스라엘이 아모리인에게 행한 모든 일을 보았으므로
민수기,22,9,민수기 22:9,하나님이 발람에게 임하여 가라사대 너와 함께 한 이 사람들이 누구냐 ?
민수기,22,12,민수기 22:12,하나님이 발람에게 이르시되 너는 그들과 함께 가지도 말고 그 백성을 저주하지도 말라 그들은 복을 받은 자니라 !
민수기,22,15,민수기 22:15,발락이 다시 그들보다 더 높은 귀족들을 더 많이 보내매
민수기,22,20,민수기 22:20,밤에 하나님이 발람에게 임하여 이르시되 그 사람들이 너를 부르러 왔거든 일어나 함께 가라 그러나 내가 네게 이르는 말만 준행할지니라'
민수기,22,25,민수기 22:25,나귀가 여호와의 사자를 보고 몸을 담에 대고 발람의 발을 그 담에 비비어 상하게 하매 발람이 다시 채찍질하니
민수기,22,26,민수기 22:26,여호와의 사자가 더 나아가서 좌우로 피할 데 없는 좁은 곳에 선지라
민수기,22,27,민수기 22:27,나귀가 여호와의 사자를 보고 발람의 밑에 엎드리니 발람이 노하여 자기 지팡이로 나귀를 때리는지라
민수기,22,31,민수기 22:31,때에 여호와께서 발람의 눈을 밝히시매 여호와의 사자가 손에 칼을 빼어 들고 길에 선 것을 보고 머리를 숙이고 엎드리니
민수기,22,34,민수기 22:34,발람이 여호와의 사자에게 말씀하되 `내가 범죄하였나이다 당신이 나를 막으려고 길에 서신 줄을 내가 알지 못하였나이다 당신이 이를 기뻐하지 아니하시면 나는 돌아가겠나이다'
민수기,22,39,민수기 22:39,발람이 발락과 동행하여 기럇후솟에 이르러서는
민수기,22,41,민수기 22:41,아침에 발락이 발람과 함께 하고 그를 인도하여 바알의 산당에 오르매 발람이 거기서 이스라엘 백성의 진 끝까지 보니라
민수기,23,5,민수기 23:5,여호와께서 발람의 입에 말씀을 주어 가라사대 발락에게 돌아가서 이렇게 말할지어다
민수기,23,8,민수기 23:8,하나님이 저주치 않으신 자를 내 어찌 저주하며 여호와께서 꾸짖지 않으신 자를 내 어찌 꾸짖을꼬
민수기,23,9,민수기 23:9,내가 바위 위에서 그들을 보며 작은 산에서 그들을 바라보니 이 백성은 홀로 처할 것이라 그를 열방 중의 하나로 여기지 않으리로다
민수기,23,16,민수기 23:16,여호와께서 발람에게 임하사 그 입에 말씀을 주어 가라사대 발락에게로 돌아가서 이렇게 말할지니라
민수기,23,19,민수기 23:19,하나님은 인생이 아니시니 식언치 않으시고 인자가 아니시니 후회가 없으시도다 어찌 그 말씀하신 바를 행치 않으시며 하신 말씀을 실행치 않으시랴
민수기,23,20,민수기 23:20,내가 축복의 명을 받았으니 그가 하신 축복을 내가 돌이킬 수 없도다
민수기,23,21,민수기 23:21,여호와는 야곱의 허물을 보지 아니하시며 이스라엘의 패역을 보지 아니하시는도다 여호와 그의 하나님이 그와 함께 계시니 왕을 부르는 소리가 그 중에 있도다
민수기,23,23,민수기 23:23,야곱을 해할 사술이 없고 이스라엘을 해할 복술이 없도다 이 때에 야곱과 이스라엘에 대하여 논할진대 하나님의 행하신 일이 어찌 그리 크뇨 하리로다
민수기,23,28,민수기 23:28,발락이 발람을 인도하여 광야가 내려다 보이는 브올산 꼭대기에 이르니
민수기,24,1,민수기 24:1,발람이 자기와 이스라엘을 축복하는 것을 여호와께서 선히 여기심을 보고 전과 같이 사술을 쓰지 아니하고 그 낯을 광야로 향하여
민수기,24,2,민수기 24:2,눈을 들어 이스라엘이 그 지파대로 거하는 것을 보는 동시에 하나님의 신이 그 위에 임하신지라
민수기,24,5,민수기 24:5,"야곱이여 ! 네 장막이, 이스라엘이여 ! 네 거처가 어찌 그리 아름다운고"
민수기,24,6,민수기 24:6,그 벌어짐이 골짜기 같고 강 가의 동산 같으며 여호와의 심으신 침향목들 같고 물가의 백향목들 같도다
민수기,24,7,민수기 24:7,그 통에서는 물이 넘치겠고 그 종자는 많은 물가에 있으리로다 그 왕이 아각보다 높으니 그 나라가 진흥하리로다
민수기,24,9,민수기 24:9,꿇어 앉고 누움이 수사자와 같고 암사자와도 같으니 일으킨 자 누구이랴 너를 축복하는 자마다 복을 받을 것이요 너를 저주하는 자마다 저주를 받을지어다 !
민수기,24,13,민수기 24:13,"가령 발락이 그 집에 은,금을 가득히 채워서 내게 줄지라도 나는 여호와의 말씀을 어기고 선악간 임의로 행하지 못하고 여호와께서 말씀하신 대로 말하리라 하지 아니하였나이까 ?"
민수기,24,14,민수기 24:14,이제 나는 내 백성에게로 돌아가거니와 들으소서 내가 이 백성이 후일에 당신의 백성에게 어떻게 할 것을 당신에게 고하리이다'하고
민수기,24,25,민수기 24:25,발람이 일어나 자기 곳으로 돌아갔고 발락도 자기 길로 갔더라
민수기,25,12,민수기 25:12,그러므로 말하라 내가 그에게 나의 평화의 언약을 주리니
민수기,26,8,민수기 26:8,발루의 아들은 엘리압이요
민수기,26,33,민수기 26:33,"헤벨의 아들 슬로브핫은 아들이 없고 딸 뿐이라 그 딸의 이름은 말라와, 노아와, 호글라와, 밀가와, 디르사니"
민수기,26,53,민수기 26:53,이 계수대로 땅을 나눠 주어 기업을 삼게 하라
민수기,26,54,민수기 26:54,수가 많은 자에게는 기업을 많이 줄 것이요 수가 적은 자에게는 기업을 적게 줄 것이니 그들의 계수함을 입은 수대로 각기 기업을 주되
민수기,26,55,민수기 26:55,오직 그 땅을 제비뽑아 나누어 그들의 조상 지파의 이름을 따라 얻게 할지니라
민수기,26,56,민수기 26:56,그 다소를 물론하고 그 기업을 제비 뽑아 나눌지니라
민수기,27,3,민수기 27:3,우리 아버지가 광야에서 죽었으나 여호와를 거스려 모인 고라의 무리에 들지 아니하고 자기 죄에 죽었고 아들이 없나이다
민수기,27,4,민수기 27:4,어찌하여 아들이 없다고 우리 아버지의 이름이 그 가족 중에서 삭제되리이까 우리 아버지의 형제 중에서 우리에게 기업을 주소서 하매
민수기,27,7,민수기 27:7,슬로브핫 딸들의 말이 옳으니 너는 반드시 그들의 아비의 형제 중에서 그들에게 기업을 주어 얻게 하되 그 아비의 기업으로 그들에게 돌릴지니라
민수기,27,8,민수기 27:8,너는 이스라엘 자손에게 고하여 이르기를 사람이 죽고 아들이 없거든 그 기업을 그 딸에게 돌릴 것이요
민수기,27,9,민수기 27:9,딸도 없거든 그 기업을 그 형제에게 줄 것이요
민수기,27,10,민수기 27:10,형제도 없거든 그 기업을 그 아비의 형제에게 줄 것이요
민수기,27,16,민수기 27:16,"여호와, 모든 육체의 생명의 하나님이시여 원컨대 한 사람을 이 회중 위에 세워서"
민수기,27,17,민수기 27:17,그로 그들 앞에 출입하며 그들을 인도하여 출입하게 하사 여호와의 회중으로 목자 없는 양과 같이 되지 않게 하옵소서
민수기,27,20,민수기 27:20,네 존귀를 그에게 돌려 이스라엘 자손의 온 회중으로 그에게 복종하게 하라
민수기,28,2,민수기 28:2,"이스라엘 자손에게 명하여 그들에게 이르라 나의 예물, 나의 식물되는 화제, 나의 향기로운 것은 너희가 그 정한 시기에 삼가 내게 드릴지니라"
민수기,28,4,민수기 28:4,"한 어린 양은 아침에 드리고, 한 어린 양은 해 질 때에 드릴 것이요"
민수기,28,25,민수기 28:25,제 칠일에는 성회로 모일 것이요 아무 노동도 하지 말 것이니라
민수기,28,30,민수기 28:30,또 너희를 속하기 위하여 수염소 하나를 드리되
민수기,29,1,민수기 29:1,칠월에 이르러는 그 달 초일일에 성회로 모이고 아무 노동도 하지 말라 이는 너희가 나팔을 불 날이니라
민수기,29,12,민수기 29:12,칠월 십오일에는 너희가 너희 성회로 모일 것이요 아무 노동도 하지 말 것이며 칠일 동안 여호와 앞에 절기를 지킬 것이라
민수기,30,2,민수기 30:2,사람이 여호와께 서원하였거나 마음을 제어하기로 서약하였거든 파약하지 말고 그 입에서 나온 대로 다 행할 것이니라
민수기,30,3,민수기 30:3,또 여자가 만일 어려서 그 아비 집에 있을 때에 여호와께 서원한 일이나 스스로 제어하려 한 일이 있다 하자
민수기,30,4,민수기 30:4,그 아비가 그의 서원이나 그 마음을 제어하려는 서약을 듣고도 그에게 아무 말이 없으면 그 모든 서원을 행할 것이요 그 마음을 제어하려는 서약을 지킬 것이니라
민수기,30,5,민수기 30:5,그러나 그 아비가 그것을 듣는 날에 허락지 아니하면 그 서원과 마음을 제어하려던 서약이 이루지 못할 것이니 그 아비가 허락지 아니하였은즉 여호와께서 사하시리라
민수기,30,6,민수기 30:6,또 혹시 남편을 맞을 때에 서원이나 마음을 제어 하려는 서약을 경솔히 그 입에서 발하였다 하자
민수기,30,7,민수기 30:7,그 남편이 그것을 듣고 그 듣는 날에 그에게 아무 말이 없으면 그 서원을 행할 것이요 그 마음을 제어하려는 서약을 지킬 것이니라
민수기,30,8,민수기 30:8,그러나 그 남편이 그것을 듣는 날에 허락지 아니하면 그 서원과 마음을 제어하려고 경솔히 입술에서 발한 서약이 무효될 것이니 여호와께서 그 여자를 사하시리라
민수기,30,9,민수기 30:9,과부나 이혼당한 여자의 서원이나 무릇 그 마음을 제어하려는 서약은 지킬 것이니라
민수기,30,10,민수기 30:10,부녀가 혹시 그 남편의 집에 있어 서원을 하였다든지 마음을 제어하려고 서약하였다 하자
민수기,30,11,민수기 30:11,그 남편이 그것을 듣고도 아무 말이 없고 금함이 없으면 그 서원은 무릇 행할 것이요 그 마음을 제어하려는 서약은 무릇 지킬 것이니라
민수기,30,12,민수기 30:12,그러나 그 남편이 그것을 듣는 날에 무효케 하면 그 서원과 마음을 제어하려던 일에 대하여 입술에서 낸 것을 무엇이든지 이루지 못하나니 그 남편이 그것을 무효케 하였은즉 여호와께서 그 부녀를 사하시느니라
민수기,30,13,민수기 30:13,무릇 서원과 무릇 마음을 괴롭게 하려는 서약은 그 남편이 그것을 지키게도 할 수 있고 무효케도 할 수 있나니
민수기,30,14,민수기 30:14,그 남편이 일향 말이 없으면 아내의 서원과 스스로 제어하려는 일을 지키게 하는 것이니 이는 그가 그것을 들을 때에 그 아내에게 아무 말도 아니하였으므로 지키게 됨이니라
민수기,30,15,민수기 30:15,그러나 그 남편이 들은 지 얼마 후에 그것을 무효케 하면 그가 아내의 죄를 담당할 것이니라
민수기,31,20,민수기 31:20,무릇 의복과 무릇 가죽으로 만든 것과 무릇 염소 털로 만든 것과 무릇 나무로 만든 것을 다 깨끗케 할지니라
민수기,31,23,민수기 31:23,무릇 불에 견딜 만한 물건은 불을 지나게 하라 그리하면 깨끗하려니와 오히려 정결케 하는 물로 그것을 깨끗케 할 것이며 무릇 불에 견디지 못할 모든 것은 물을 지나게 할 것이니라
민수기,31,24,민수기 31:24,너희는 제 칠일에 옷을 빨아서 깨끗케 한 후에 진에 들어 올지니라'
민수기,31,27,민수기 31:27,그 얻은 물건을 반분하여 그 절반은 싸움에 나갔던 군인들에게 주고 절반은 회중에게 주고
민수기,31,32,민수기 31:32,그 탈취물 곧 군인들의 다른 탈취물 외에 양이 육십 칠만 오천이요
민수기,31,33,민수기 31:33,소가 칠만 이천이요
민수기,31,34,민수기 31:34,나귀가 육만 일천이요
민수기,31,50,민수기 31:50,"우리 각 사람의 얻은 바 금 패물 곧 발목고리, 손목고리, 인장반지, 귀고리, 팔고리들을 여호와의 예물로 우리의 생명을 위하여 여호와 앞에 속죄하려고 가져왔나이다'"
민수기,32,1,민수기 32:1,르우벤 자손과 갓 자손은 심히 많은 가축 떼가 있었더라 그들이 야셀 땅과 길르앗 땅을 본즉 그 곳은 가축에 적당한 곳인지라
민수기,32,7,민수기 32:7,너희가 어찌하여 이스라엘 자손으로 낙심케 하여서 여호와께서 그들에게 주신 땅으로 건너갈 수 없게 하려느냐 ?
민수기,32,8,민수기 32:8,너희 열조도 내가 가데스바네아에서 그 땅을 보라고 보내었을 때에 그리하였었나니
민수기,32,17,민수기 32:17,이 땅 거민의 연고로 우리 유아들로 그 견고한 성읍에 거하게 한후에 우리는 무장하고 이스라엘 자손을 그 곳으로 인도하기까지 그들의 앞에 행하고
민수기,32,18,민수기 32:18,이스라엘 자손이 각기 기업을 얻기까지 우리 집으로 돌아오지 아니하겠사오며
민수기,32,22,민수기 32:22,그 땅으로 여호와 앞에 복종케 하시기까지 싸우면 여호와의 앞에서나 이스라엘의 앞에서나 무죄히 돌아오겠고 이 땅은 여호와 앞에서 너희의 산업이 되리라마는
민수기,32,24,민수기 32:24,너희는 유아들을 위하여 성읍을 건축하고 양을 위하여 우리를 지으라 그리하고 너희 입에서 낸 대로 행하라'
민수기,32,26,민수기 32:26,우리의 어린 자와 아내와 양떼와 모든 가축은 이곳 길르앗 성읍 들에 두고
민수기,32,27,민수기 32:27,우리 주의 말씀대로 종들은 무장하고 여호와 앞에서 다 건너가서 싸우리이다'
민수기,33,5,민수기 33:5,이스라엘 자손이 라암셋에서 발행하여 숙곳에 진 쳤고
민수기,33,6,민수기 33:6,숙곳에서 발행하여 광야 끝 에담에 진 쳤고
민수기,33,7,민수기 33:7,에담에서 발행하여 바알스본 앞 비하히롯으로 돌아가서 믹돌 앞에 진 쳤고
민수기,33,8,민수기 33:8,하히롯 앞에서 발행하여 바다 가운데로 지나 광야에 이르고 에담 광야로 삼일 길쯤 들어가서 마라에 진 쳤고
민수기,33,9,민수기 33:9,마라에서 발행하여 엘림에 이르니 엘림에는 샘물 열 둘과 종려 칠십 주가 있으므로 거기 진 쳤고
민수기,33,12,민수기 33:12,신 광야에서 발행하여
민수기,33,13,민수기 33:13,돕 가에 진 쳤고 돕가에서 발행하여 알루스에 진 쳤고
민수기,33,15,민수기 33:15,르비딤에서 발행하여 시내 광야에 진 쳤고
민수기,33,16,민수기 33:16,시내 광야에서 발행하여 기브롯핫다아와에 진 쳤고
민수기,33,17,민수기 33:17,기브롯핫다아와에서 발행하여 하세롯에 진 쳤고
민수기,33,18,민수기 33:18,하세롯에서 발행하여 릿마에 진 쳤고
민수기,33,19,민수기 33:19,릿마에서 발행하여 림몬베레스에 진 쳤고
민수기,33,20,민수기 33:20,림몬베레스에서 발행하여 립나에 진 쳤고
민수기,33,21,민수기 33:21,립나에서 발행하여 릿사에 진 쳤고
민수기,33,22,민수기 33:22,릿사에서 발행하여 그헬라다에 진 쳤고
민수기,33,23,민수기 33:23,그헬라다에서 발행하여 세벨산에 진 쳤고
민수기,33,24,민수기 33:24,세벨산에서 발행하여 하라다에 진 쳤고
민수기,33,25,민수기 33:25,하라다에서 발행하여 막헬롯에 진 쳤고
민수기,33,26,민수기 33:26,막헬롯에서 발행하여 다핫에 진 쳤고
민수기,33,27,민수기 33:27,다핫에서 발행하여 데라에 진 쳤고
민수기,33,28,민수기 33:28,데라에서 발행하여 밋가에 진 쳤고
민수기,33,29,민수기 33:29,밋가에서 발행하여 하스모나에 진 쳤고
민수기,33,32,민수기 33:32,브네야아간에서 발행하여 홀하깃갓에 진 쳤고
민수기,33,33,민수기 33:33,홀하깃갓에서 발행하여 욧바다에 진 쳤고
민수기,33,34,민수기 33:34,욧바다에서 발행하여 아브로나에 진 쳤고
민수기,33,35,민수기 33:35,아브로나에서 발행하여 에시온게벨에 진 쳤고
민수기,33,36,민수기 33:36,에시온게벨에서 발행하여 신 광야 곧 가데스에 진 쳤고
민수기,33,42,민수기 33:42,살모나에서 발행하여 부논에 진 쳤고
민수기,33,43,민수기 33:43,부논에서 발행하여 오봇에 진 쳤고
민수기,33,45,민수기 33:45,이임에서 발행하여 디본갓에 진 쳤고
민수기,33,46,민수기 33:46,디본갓에서 발행하여 알몬디블라다임에 진 쳤고
민수기,33,47,민수기 33:47,알몬디블라다임에서 발행하여 느보 앞 아바림 산에 진 쳤고
민수기,33,53,민수기 33:53,그 땅을 취하여 거기 거하라 내가 그 땅을 너희 산업으로 너희에게 주었음이라
민수기,33,54,민수기 33:54,너희의 가족을 따라서 그 땅을 제비뽑아 나눌 것이니 수가 많으면 많은 기업을 주고 적으면 적은 기업을 주되 각기 제비뽑힌 대로 그 소유가 될 것인즉 너희 열조의 지파를 따라 기업을 얻을 것이니라
민수기,34,4,민수기 34:4,돌아서 아그람빔 언덕 남편에 이르고 신을 지나 가데스바네아 남방에 이르고 또 하살아달을 지나 아스몬에 이르고
민수기,34,6,민수기 34:6,서편 경계는 대해가 경계가 되나니 이는 너희의 서편 경계니라
민수기,34,7,민수기 34:7,북편 경계는 이러하니 대해에서부터 호르산까지 긋고
민수기,34,8,민수기 34:8,호르산에서 그어 하맛 어귀에 이르러 스닷에 미치고
민수기,34,18,민수기 34:18,너희가 또 기업의 땅을 나누기 위하여 매 지파에 한 족장씩 택하라
민수기,34,19,민수기 34:19,그 사람들의 이름은 이러하니 유다 지파에서는 여분네의 아들 갈렙이요
민수기,34,20,민수기 34:20,시므온 지파에서는 암미훗의 아들 스므엘이요
민수기,34,21,민수기 34:21,베냐민 지파에서는 기슬론의 아들 엘리닷이요
민수기,34,22,민수기 34:22,단 자손의 지파의 족장 요글리의 아들 북기요
민수기,34,24,민수기 34:24,에브라임 자손 지파의 족장 십단의 아들 그므엘이요
민수기,34,26,민수기 34:26,잇사갈 자손 지파의 족장 앗산의 아들 발디엘이요
민수기,34,27,민수기 34:27,아셀 자손 지파의 족장 슬로미의 아들 아히훗이요
민수기,34,28,민수기 34:28,납달리 자손 지파의 족장 암미훗의 아들 브다헬이니라 하셨으니
민수기,35,3,민수기 35:3,성읍으로는 그들의 거처가 되게 하고 들로는 그들의 가축과 물산과 짐승들을 둘 곳이 되게 할 것이라
민수기,35,11,민수기 35:11,너희를 위하여 성읍을 도피성으로 정하여 그릇 살인한 자로 그리로 피하게 하라
민수기,35,15,민수기 35:15,이 여섯 성읍은 이스라엘 자손과 타국인과 이스라엘 중에 우거하는 자의 도피성이 되리니 무릇 그릇 살인한 자가 그리로 도피할 수 있으리라
민수기,35,22,민수기 35:22,원한 없이 우연히 사람을 밀치거나 기회를 엿봄이 없이 무엇을 던지거나
민수기,35,24,민수기 35:24,회중이 친 자와 피를 보수하는 자 간에 이 규례대로 판결하여
민수기,35,26,민수기 35:26,그러나 살인자가 어느 때든지 그 피하였던 도피성 지경 밖에 나갔다 하자
민수기,35,34,민수기 35:34,너희는 너희 거하는 땅 곧 나의 거하는 땅을 더럽히지 말라 나 여호와가 이스라엘 자손 중에 거함이니라
민수기,36,6,민수기 36:6,슬로브핫의 딸들에게 대한 여호와의 명이 이러하니라 이르시되 슬로브핫의 딸들은 마음대로 시집가려니와 오직 그 조상 지파의 가족에게로만 시집갈지니
민수기,36,8,민수기 36:8,이스라엘 자손의 지파 중 무릇 그 기업을 이은 딸들은 자기 조상지파 가족되는 사람에게로 시집갈 것이라 그리하면 이스라엘 자손이 각기 조상의 기업을 보존하게 되어서
민수기,36,9,민수기 36:9,그 기업으로 이 지파에서 저 지파로 옮기게 하지 아니하고 이스라엘 자손 지파가 각각 자기 기업을 지키리라'
민수기,36,11,민수기 36:11,슬로브핫의 딸 말라와 디르사와 호글라와 밀가와 노아가 다 그 아비 형제의 아들들에게로 시집가되
신명기,1,6,신명기 1:6,우리 하나님 여호와께서 호렙산에서 우리에게 말씀하여 이르시기를 너희가 이 산에서 거한지 오래니
신명기,1,11,신명기 1:11,너희 열조의 하나님 여호와께서 너희를 현재보다 천배나 많게 하시며 너희에게 허락하신 것과 같이 너희에게 복 주시기를 원하노라 !
신명기,1,13,신명기 1:13,너희의 각 지파에서 지혜와 지식이 있는 유명한 자를 택하라 내가 그들을 세워 너희 두령을 삼으리라 한즉
신명기,1,15,신명기 1:15,"내가 너희 지파의 두령으로 지혜가 있는 유명한 자를 취하여 너희의 어른을 삼되 곧 각 지파를 따라 천부장과, 백부장과, 오십부장과, 십부장과, 패장을 삼고"
신명기,1,16,신명기 1:16,내가 그 때에 너희 재판장들에게 명하여 이르기를 너희가 너희 형제 중에 송사를 들을 때에 양방간에 공정히 판결 할 것이며 그들 중의 타국인에게도 그리할 것이라
신명기,1,17,신명기 1:17,재판은 하나님께 속한 것인즉 너희는 재판에 외모를 보지 말고 귀천을 일반으로 듣고 사람의 낯을 두려워 말 것이며 스스로 결단하기 어려운 일이거든 내게로 돌리라 내가 들으리라 하였고
신명기,1,18,신명기 1:18,내가 너희의 행할 모든 일을 그 때에 너희에게 다 명하였느니라
신명기,1,19,신명기 1:19,우리 하나님 여호와께서 우리에게 명하신 대로 우리가 호렙산에서 발행하여 너희의 본바 크고 두려운 광야를 지나 아모리 족속 산지 길로 가데스 바네아에 이른 때에
신명기,1,20,신명기 1:20,내가 너희에게 이르기를 우리 하나님 여호와께서 우리에게 주신 아모리 족속의 산지에 너희가 이르렀나니
신명기,1,21,신명기 1:21,너희 하나님 여호와께서 이 땅을 너희 앞에 두셨은즉 너희 열조의 하나님 여호와께서 너희에게 이르신 대로 올라가서 얻으라 두려워 말라 ! 주저하지 말라 ! 한즉
신명기,1,22,신명기 1:22,너희가 다 내 앞으로 나아와 말하기를 우리가 사람을 우리 앞서 보내어 우리를 위하여 그 땅을 정탐하고 어느 길로 올라가야 할 것과 어느 성읍으로 들어가야 할 것을 우리에게 회보케 하자 하기에
신명기,1,23,신명기 1:23,내가 그 말을 선히 여겨 너희 중에서 매 지파에 한 사람씩 열 둘을 택하매
신명기,1,29,신명기 1:29,내가 너희에게 말하기를 `그들을 무서워 말라 ! 두려워 하지 말라 !
신명기,1,31,신명기 1:31,광야에서도 너희가 당하였거니와 사람이 자기 아들을 안음 같이 너희 하나님 여호와께서 너희의 행로 중에 너희를 안으사 이곳까지 이르게 하셨느니라' 하나
신명기,1,33,신명기 1:33,"그는 너희 앞서 행하시며 장막 칠 곳을 찾으시고 밤에는 불로, 낮에는 구름으로 너희의 행할 길을 지시하신 자니라"
신명기,1,36,신명기 1:36,오직 ! 여분네의 아들 갈렙은 온전히 여호와를 순종하였은즉 그는 그것을 볼것이요 그가 밟은 땅을 내가 그와 그의 자손에게 주리라 하시고
신명기,1,39,신명기 1:39,또 너희가 사로 잡히리라 하던 너희의 아이들과 당일에 선악을 분변치 못하던 너희 자녀들 그들은 그리로 들어갈 것이라 내가 그 땅을 그들에게 주어 산업이 되게 하리라
신명기,1,46,신명기 1:46,너희가 가데스에 여러날동안 거하였었나니 곧 너희가 그 곳에 거하던 날 수대로니라
신명기,2,3,신명기 2:3,너희가 이 산을 두루 행한지 오래니 돌이켜 북으로 나아가라
신명기,2,4,신명기 2:4,너는 또 백성에게 명하여 이르기를 너희는 세일에 거하는 너희 동족 에서의 자손의 지경으로 지날진대 그들이 너희를 두려워하리니 너희는 깊이 스스로 삼가고
신명기,2,5,신명기 2:5,그들과 다투지 말라 그들의 땅은 한 발자국도 너희에게 주지 아니하리니 이는 내가 세일산을 에서에게 기업으로 주었음이로라
신명기,2,6,신명기 2:6,너희는 돈으로 그들에게서 양식을 사서 먹으며 돈으로 그들에게서 물을 사서 마시라
신명기,2,7,신명기 2:7,네 하나님 여호와가 너의 하는 모든 일에 네게 복을 주고 네가 이 큰 광야에 두루 행함을 알고 네 하나님 여호와가 이 사십년 동안을 너와 함께 하였으므로 네게 부족함이 없었느니라 하셨다 하라 하시기로
신명기,2,10,신명기 2:10,옛적에 엠 사람이 거기 거하여 강하고 많고 아낙 족속과 같이 키가 크므로
신명기,2,13,신명기 2:13,이제 너희는 일어나서 세렛 시내를 건너가라 하시기로 우리가 세렛 시내를 건넜으니
신명기,2,17,신명기 2:17,모든 군인이 사망하여 백성 중에서 진멸된 후에
신명기,2,18,신명기 2:18,여호와께서 내게 일러 가라사대
신명기,2,20,신명기 2:20,암몬 족속에게 가까이 이르거든 그들을 괴롭게 말라 그들과 다투지도 말라 암몬 족속의 땅은 내가 네게 기업으로 주지 아니하리니 이는 내가 그것을 롯 자손에게 기업으로 주었음이로라
신명기,2,23,신명기 2:23,마치 세일에 거한에서 자손 앞에 호리 사람을 멸하심과 일반이라 그들이 호리 사람을 쫓아 내고 대신하여 오늘까지 거기 거하였으며
신명기,2,26,신명기 2:26,오늘부터 내가 천하 만민으로 너를 무서워하며 너를 두려워하게 하리니 그들이 네 명성을 듣고 떨며 너로 인하여 근심하리라 하셨느니라
신명기,2,28,신명기 2:28,나를 네 땅으로 통과하게 하라 내가 대로로만 행하고 좌로나 우로나 치우치지 아니하리라
신명기,2,29,신명기 2:29,너는 돈을 받고 양식을 팔아 나로 먹게 하고 돈을 받고 물을 주어 나로 마시게 하라 나는 도보로 지날 뿐인즉
신명기,2,31,신명기 2:31,헤스본 왕 시혼이 우리의 통과하기를 허락지 아니하였으니 이는 너의 하나님 여호와께서 그를 네 손에 붙이시려고 그 성품을 완강케 하셨고 그 마음을 강퍅케 하셨음이라 오늘날과 같으니라
신명기,3,5,신명기 3:5,그 모든 성읍에 높은 성벽이 둘려 있고 문과 빗장이 있어 견고하며 그 외에 성벽 없는 고을이 심히 많았느니라
신명기,3,10,신명기 3:10,우리의 취한 것은 평원의 모든 성읍과 길르앗 온 땅과 바산의 온 땅 곧 옥의 나라 바산의 성읍 살르가와 에드레이까지니라
신명기,3,15,신명기 3:15,내가 마길에게 길르앗을 주었고
신명기,3,16,신명기 3:16,"르우벤 자손과, 갓 자손에게는 길르앗에서부터 아르논 골짜기까지 주었으되 그 골짜기의 중앙으로 지경을 정하였으니 곧 암몬 자손의 지경 얍복강까지며"
신명기,3,19,신명기 3:19,너희에게 육축이 많은 줄 내가 아노니 너희의 처자와 육축은 내가 너희에게 준 성읍에 머무르라
신명기,3,22,신명기 3:22,너희는 그들을 두려워하지 말라 ! 너희 하나님 여호와 그가 너희를 위하여 싸우시리라 ! 하였노라
신명기,3,24,신명기 3:24,`주 여호와여 ! 주께서 주의 크심과 주의 권능을 주의 종에게 나타내시기를 시작하였사오니 천지간에 무슨 신이 능히 주의 행하신 일 곧 주의 큰 능력으로 행하신 일같이 행할 수 있으리이까 ?
신명기,3,29,신명기 3:29,그때에 우리가 벨브올 맞은편 골짜기에 거하였었느니라
신명기,4,1,신명기 4:1,이스라엘아 ! 이제 내가 너희에게 가르치는 규례와 법도를 듣고 준행하라 ! 그리하면 너희가 살 것이요 너희의 열조의 하나님 여호와께서 너희에게 주시는 땅에 들어가서 그것을 얻게 되리라
신명기,4,2,신명기 4:2,내가 너희에게 명하는 말을 너희는 가감하지 말고 내가 너희에게 명하는 너희 하나님 여호와의 명령을 지키라 !
신명기,4,4,신명기 4:4,오직 ! 너희의 하나님 여호와께 붙어 떠나지 않은 너희는 오늘까지 다 생존하였느니라
신명기,4,5,신명기 4:5,내가 나의 하나님 여호와의 명하신 대로 규례와 법도를 너희에게 가르쳤나니 이는 너희로 들어가서 기업으로 얻을 땅에서 그대로 행하게 하려 함인즉
신명기,4,6,신명기 4:6,너희는 지켜 행하라 ! 그리함은 열국 앞에 너희의 지혜요 너희의 지식이라 그들이 이 모든 규례를 듣고 이르기를 이 큰 나라 사람은 과연 지혜와 지식이 있는 백성이로다 하리라
신명기,4,7,신명기 4:7,우리 하나님 여호와께서 우리가 그에게 기도할 때마다 우리에게 가까이 하심과 같이 그 신의 가까이 함을 얻은 나라가 어디 있느냐 ?
신명기,4,8,신명기 4:8,오늘 내가 너희에게 선포하는 이 율법과 같이 그 규례와 법도가 공의로운 큰 나라가 어디 있느냐 ?
신명기,4,9,신명기 4:9,오직 너는 스스로 삼가며 네 마음을 힘써 지키라 두렵건대 네가 그 목도한 일을 잊어버릴까 하노라 두렵건대 네 생존하는 날 동안에 그 일들이 네 마음 속에서 떠날까 하노라 너는 그 일들을 네 아들들과 네 손자들에게 알게 하라
신명기,4,12,신명기 4:12,여호와께서 화염 중에서 너희에게 말씀하시되 음성 뿐이므로 너희가 그 말소리만 듣고 형상은 보지 못하였느니라
신명기,4,13,신명기 4:13,여호와께서 그 언약을 너희에게 반포하시고 너희로 지키라 명하셨으니 곧 십계명이며 두 돌판에 친히 쓰신 것이라
신명기,4,15,신명기 4:15,여호와께서 호렙산 화염 중에서 너희에게 말씀하시던 날에 너희가 아무 형상도 보지 못하였은즉 너희는 깊이 삼가라 !
신명기,4,18,신명기 4:18,"땅 위에 기는 아무 곤충의 형상이라든지, 땅 아래 물 속에 있는 아무 어족의 형상이라든지 만들까 하노라"
신명기,4,19,신명기 4:19,"땅 위에 기는 아무 곤충의 형상이라든지, 땅 아래 물 속에 있는 아무 어족의 형상이라든지 만들까 하노라"
신명기,4,20,신명기 4:20,또 두렵건대 네가 하늘을 향하여 눈을 들어 일월 성신 하늘 위의 군중 곧 너희 하나님 여호와께서 천하 만민을 위하여 분정하신 것을 보고 미혹하여 그것에 경배하며 섬길까 하노라
신명기,4,29,신명기 4:29,너희는 거기서 사람의 손으로 만든바 보지도 못하며 듣지도 못하며 먹지도 못하며 냄새도 맡지 못하는 목석의 신들을 섬기리라
신명기,4,30,신명기 4:30,그러나 네가 거기서 네 하나님 여호와를 구하게 되리니 만일 마음을 다하고 성품을 다하여 그를 구하면 만나리라 !
신명기,4,31,신명기 4:31,이 모든 일이 네게 임하여 환난을 당하다가 끝날에 네가 네 하나님 여호와께로 돌아와서 그 말씀을 청종하리니
신명기,4,32,신명기 4:32,네 하나님 여호와는 자비하신 하나님이심이라 ! 그가 너를 버리지 아니하시며 너를 멸하지 아니하시며 네 열조에게 맹세하신 언약을 잊지 아니하시리라
신명기,4,33,신명기 4:33,네가 있기 전 하나님이 사람을 세상에 창조하신 날부터 지금까지 지나간 날을 상고하여 보라 ! 하늘 이 끝에서 저 끝까지 이런 큰 일이 있었느냐 ? 이런 일을 들은 적이 있었느냐 ?
신명기,4,36,신명기 4:36,이것을 네게 나타내심은 여호와는 하나님이시요 그 외에는 다른 신이 없음을 네게 알게 하려 하심이니라
신명기,4,37,신명기 4:37,여호와께서 너를 교훈하시려고 하늘에서부터 그 음성을 너로 듣게 하시며 땅에서는 그 큰 불을 네게 보이시고 너로 불가운데서 나오는 그 말씀을 듣게 하셨느니라
신명기,4,39,신명기 4:39,너보다 강대한 열국을 네 앞에서 쫓아내고 너를 그들의 땅으로 인도하여 들여서 그것을 네게 기업으로 주려 하심이 오늘과 같으니라
신명기,4,41,신명기 4:41,오늘 내가 네게 명하는 여호와의 규례와 명령을 지키라 ! 너와 네 후손이 복을 받아 네 하나님 여호와께서 네게 주시는 땅에서 한 없이 오래 살리라
신명기,5,2,신명기 5:2,우리 하나님 여호와께서 호렙산에서 우리와 언약을 세우셨나니
신명기,5,3,신명기 5:3,이 언약은 여호와께서 우리 열조와 세우신 것이 아니요 오늘날 여기 살아 있는 우리 곧 우리와 세우신 것이라
신명기,5,4,신명기 5:4,여호와께서 산 위 불 가운데서 너희와 대면하여 말씀하시매
신명기,5,7,신명기 5:7,나 외에는 위하는 신들을 네게 있게 말지니라 !
신명기,5,8,신명기 5:8,"너는 자기를 위하여 새긴 우상을 만들지 말고 위로 하늘에 있는 것이나, 아래로 땅에 있는 것이나, 땅 밑 물 속에 있는 것의 아무 형상이든지 만들지 말며"
신명기,5,10,신명기 5:10,나를 사랑하고 내 계명을 지키는 자에게는 천대까지 은혜를 베푸느니라 !
신명기,5,11,신명기 5:11,너는 너의 하나님 여호와의 이름을 망령되이 일컫지 말라 ! 나 여호와는 나의 이름을 망령되이 일컫는 자를 죄 없는 줄로 인정치 아니하리라
신명기,5,12,신명기 5:12,여호와 너의 하나님이 네게 명한대로 안식일을 지켜 거룩하게 하라 !
신명기,5,13,신명기 5:13,엿새 동안은 힘써 네 모든 일을 행할 것이나
신명기,5,16,신명기 5:16,너는 너의 하나님 여호와의 명한대로 네 부모를 공경하라 ! 그리하면 너의 하나님 여호와가 네게 준 땅에서 네가 생명이 길고 복을 누리리라 !
신명기,5,17,신명기 5:17,살인하지 말지니라 !
신명기,5,18,신명기 5:18,간음하지 말지니라 !
신명기,5,19,신명기 5:19,도적질 하지 말지니라 !
신명기,5,20,신명기 5:20,네 이웃에 대하여 거짓 증거하지도 말지니라 !
신명기,5,21,신명기 5:21,"네 이웃의 아내를 탐내지도 말지니라 ! 네 이웃의 집이나, 그의 밭이나, 그의 남종이나, 그의 여종이나, 그의 소나, 그의 나귀나, 무릇 네 이웃의 소유를 탐내지 말지니라 !"
신명기,5,22,신명기 5:22,"여호와께서 이 모든 말씀을 산 위 불 가운데, 구름 가운데, 흑암 가운데서, 큰 음성으로 너희 총회에 이르신 후에 더 말씀하지 아니하시고 그것을 두 돌판에 써서 내게 주셨느니라"
신명기,5,27,신명기 5:27,당신은 가까이 나아가서 우리 하나님 여호와의 하시는 말씀을 다 듣고 우리 하나님 여호와의 당신에게 이르시는 것을 다 우리에게 전하소서 우리가 듣고 행하겠나이다 !' 하였느니라
신명기,5,28,신명기 5:28,여호와께서 너희가 내게 말할 때에 너희의 말하는 소리를 들으신지라 여호와께서 내게 이르시되 이 백성이 네게 말하는 그 말소리를 내가 들은즉 그 말이 다 옳도다
신명기,5,29,신명기 5:29,다만 그들이 항상 이같은 마음을 품어 나를 경외하며 나의 모든 명령을 지켜서 그들과 그 자손이 영원히 복 받기를 원하노라
신명기,5,30,신명기 5:30,가서 그들에게 각기 장막으로 돌아가라 이르고
신명기,5,31,신명기 5:31,너는 여기 내 곁에 섰으라 ! 내가 모든 명령과 규례와 법도를 네게 이르리니 너는 그것을 그들에게 가르쳐서 내가 그들에게 기업으로 주는 땅에서 그들로 이를 행하게 하라 하셨나니
신명기,5,33,신명기 5:33,너희 하나님 여호와께서 너희에게 명하신 모든 도를 행하라 ! 그리하면 너희가 삶을 얻고 복을 얻어서 너희의 얻은 땅에서 너희의 날이 장구하리라
신명기,6,3,신명기 6:3,이스라엘아 듣고 삼가 그것을 행하라 ! 그리하면 네가 복을 얻고 네 열조의 하나님 여호와께서 네게 허락하심 같이 젖과 꿀이 흐르는 땅에서 너의 수효가 심히 번성하리라
신명기,6,4,신명기 6:4,이스라엘아 들으라 ! 우리 하나님 여호와는 오직 하나인 여호와시니
신명기,6,5,신명기 6:5,"너는 마음을 다하고, 성품을 다하고, 힘을 다하여 네 하나님 여호와를 사랑하라 !"
신명기,6,6,신명기 6:6,오늘날 내가 네게 명하는 이 말씀을 너는 마음에 새기고
신명기,6,8,신명기 6:8,너는 또 그것을 네 손목에 매어 기호를 삼으며 네 미간에 붙여 표를 삼고
신명기,6,9,신명기 6:9,또 네 집 문설주와 바깥 문에 기록할지니라
신명기,6,11,신명기 6:11,네가 채우지 아니한 아름다운 물건이 가득한 집을 얻게 하시며 네가 파지 아니한 우물을 얻게 하시며 네가 심지 아니한 포도원과 감람 나무를 얻게 하사 너로 배불리 먹게 하실 때에
신명기,6,13,신명기 6:13,네 하나님 여호와를 경외하며 섬기며 그 이름으로 맹세할 것이니라
신명기,6,14,신명기 6:14,너희는 다른 신들 곧 네 사면에 있는 백성의 신들을 좇지 말라
신명기,6,16,신명기 6:16,너희가 맛사에서 시험한 것 같이 너희의 하나님 여호와를 시험하지 말고
신명기,6,17,신명기 6:17,너희의 하나님 여호와께서 너희에게 명하신 명령과 증거하신 것과 규례를 삼가 지키며
신명기,6,18,신명기 6:18,여호와의 보시기에 정직하고 선량한 일을 행하라 그리하면 네가 복을 얻고 여호와께서 네 열조에게 맹세하사 네 대적을 몰수히 네 앞에서 쫓아내리라 하신 아름다운 땅을 들어가서 얻으리니 여호와의 말씀과 같으리라
신명기,6,20,신명기 6:20,후일에 네 아들이 네게 묻기를 우리 하나님 여호와의 명하신 증거와 말씀과 규례와 법도가 무슨 뜻이뇨 ? 하거든
신명기,6,23,신명기 6:23,우리 열조에게 맹세하신 땅으로 우리에게 주어 들어가게 하시려고 우리를 거기서 인도하여 내시고
신명기,6,24,신명기 6:24,여호와께서 우리에게 이 모든 규례를 지키라 명하셨으니 이는 우리로 우리 하나님 여호와를 경외하여 항상 복을 누리게 하기 위하심이며 또 여호와께서 우리로 오늘날과 같이 생활하게 하려 하심이라
신명기,6,25,신명기 6:25,우리가 그 명하신대로 이 모든 명령을 우리 하나님 여호와 앞에서 삼가 지키면 그것이 곧 우리의 의로움이니라 ! 할지니라
신명기,7,3,신명기 7:3,또 그들과 혼인하지 말지니 네 딸을 그 아들에게 주지 말 것이요 그 딸로 네 며느리를 삼지 말 것은
신명기,7,6,신명기 7:6,너는 여호와 네 하나님의 성민이라 네 하나님 여호와께서 지상 만민 중에서 너를 자기 기업의 백성으로 택하셨나니
신명기,7,7,신명기 7:7,여호와께서 너희를 기뻐하시고 너희를 택하심은 너희가 다른 민족보다 수효가 많은 연고가 아니라 너희는 모든 민족 중에 가장 적으니라
신명기,7,12,신명기 7:12,너희가 이 모든 법도를 듣고 지켜 행하면 네 하나님 여호와께서 네 열조에게 맹세하신 언약을 지켜 네게 인애를 베푸실 것이라
신명기,7,17,신명기 7:17,네가 혹시 심중에 이르기를 이 민족들이 나보다 많으니 내가 어찌 그를 쫓아 낼 수 있으리요 하리라마는
신명기,7,19,신명기 7:19,네 하나님 여호와께서 너를 인도하여 내실 때에 네가 목도한 큰 시험과 이적과 기사와 강한 손과 편 팔을 기억하라 ! 그와 같이 네 하나님 여호와께서 네가 두려워하는 모든 민족에게 행하실 것이요
신명기,7,21,신명기 7:21,너는 그들을 두려워 말라 ! 너희 하나님 여호와 곧 크고 두려운 하나님이 너희 중에 계심이니라
신명기,7,25,신명기 7:25,그들의 왕들을 네 손에 붙이시리니 너는 그 이름을 천하에서 제하여 버리라 너를 당할 자가 없이 네가 필경은 그들을 진멸하리라
신명기,8,1,신명기 8:1,내가 오늘날 명하는 모든 명령을 너희는 지켜 행하라 ! 그리하면 너희가 살고 번성하고 여호와께서 너희의 열조에게 맹세하신 땅에 들어가서 그것을 얻으리라
신명기,8,2,신명기 8:2,네 하나님 여호와께서 이 사십년 동안에 너로 광야의 길을 걷게 하신 것을 기억하라 ! 이는 너를 낮추시며 너를 시험하사 네 마음이 어떠한지 그 명령을 지키는지 아니 지키는지 알려 하심이라
신명기,8,3,신명기 8:3,너를 낮추시며 너로 주리게 하시며 또 너도 알지 못하며 네 열조도 알지 못하던 만나를 네게 먹이신 것은 사람이 떡으로만 사는 것이 아니요 여호와의 입에서 나오는 모든 말씀으로 사는 줄을 너로 알게 하려 하심이니라
신명기,8,4,신명기 8:4,이 사십년 동안에 네 의복이 해어지지 아니하였고 네 발이 부릍지 아니하였느니라
신명기,8,5,신명기 8:5,너는 사람이 그 아들을 징계함 같이 네 하나님 여호와께서 너를 징계하시는 줄 마음에 생각하고
신명기,8,6,신명기 8:6,네 하나님 여호와의 명령을 지켜 그 도를 행하며 그를 경외할지니라 !
신명기,8,7,신명기 8:7,네 하나님 여호와께서 너를 아름다운 땅에 이르게 하시나니 그곳은 골짜기에든지 산지에든지 시내와 분천과 샘이 흐르고
신명기,8,8,신명기 8:8,"밀과, 보리의 소산지요, 포도와, 무화과와, 석류와, 감람들의 나무와, 꿀의 소산지라"
신명기,8,9,신명기 8:9,너의 먹는 식물의 결핍함이 없고 네게 아무 부족함이 없는 땅이며 그 땅의 돌은 철이요 산에서는 동을 캘 것이라
신명기,8,10,신명기 8:10,네가 먹어서 배불리고 네 하나님 여호와께서 옥토로 네게 주셨음을 인하여 그를 찬송하리라
신명기,8,11,신명기 8:11,내가 오늘날 네게 명하는 여호와의 명령과 법도와 규례를 지키지 아니하고 네 하나님 여호와를 잊어버리게 되지 않도록 삼갈지어다 !
신명기,8,12,신명기 8:12,네가 먹어서 배불리고 아름다운 집을 짓고 거하게 되며
신명기,8,13,신명기 8:13,"또 네 우양이 번성하며 네 은,금이 증식되며 네 소유가 다 풍부하게 될 때에"
신명기,8,15,신명기 8:15,너를 인도하여 그 광대하고 위험한 광야 곧 불뱀과 전갈이 있고 물이 없는 간조한 땅을 지나게 하셨으며 또 너를 위하여 물을 굳은 반석에서 내셨으며
신명기,8,16,신명기 8:16,네 열조도 알지 못하던 만나를 광야에서 네게 먹이셨나니 이는 다 너를 낮추시며 너를 시험하사 마침내 네게 복을 주려 하심이었느니라
신명기,8,17,신명기 8:17,또 두렵건대 네가 마음에 이르기를 내 능과 내 손의 힘으로 내가 이 재물을 얻었다 할까 하노라
신명기,8,18,신명기 8:18,네 하나님 여호와를 기억하라 ! 그가 네게 재물 얻을 능을 주셨음이라 이같이 하심은 네 열조에게 맹세하신 언약을 오늘과 같이 이루려 하심이니라
신명기,9,6,신명기 9:6,그러므로 네가 알 것은 네 하나님 여호와께서 네게 이 아름다운 땅을 기업으로 주신 것이 네 의로움을 인함이 아니니라 너는 목이 곧은 백성이니라
신명기,9,10,신명기 9:10,여호와께서 두 돌판을 네게 주셨나니 그 판의 글은 하나님이 친수로 기록하신 것이요 너희 총회 날에 여호와께서 산상 불 가운데서 너희에게 이르신 모든 말씀이니라
신명기,9,11,신명기 9:11,사십 주야가 지난 후에 여호와께서 내게 돌판 곧 언약의 두 돌판을 주시고
신명기,9,15,신명기 9:15,내가 돌이켜 산에서 내려 오는데 산에는 불이 붙었고 언약의 두 돌판은 내 손에 있었느니라
신명기,9,17,신명기 9:17,내가 그 두 돌판을 내 두 손에서 들어 던져 너희의 목전에서 깨뜨렸었노라
신명기,9,29,신명기 9:29,그들은 주의 큰 능력과 펴신 팔로 인도하여 내신 주의 백성 곧 주의 기업이로소이다' 하였었노라
신명기,10,2,신명기 10:2,네가 깨뜨린 처음 판에 쓴 말을 내가 그 판에 쓰리니 너는 그것을 그 궤에 넣으라 하시기로
신명기,10,3,신명기 10:3,내가 싯딤나무로 궤를 만들고 처음 것과 같은 돌판 둘을 다듬어 손에 들고 산에 오르매
신명기,10,4,신명기 10:4,여호와께서 그 총회 날에 산 위 불 가운데서 너희에게 이르신 십계명을 처음과 같이 그 판에 쓰시고 그것을 내게 주시기로
신명기,10,5,신명기 10:5,내가 돌이켜 산에서 내려와서 여호와께서 내게 명하신 대로 그 판을 내가 만든 궤에 넣었더니 지금까지 있느니라
신명기,10,7,신명기 10:7,또 거기서 발행하여 굿고다에 이르고 굿고다에서 발행하여 욧바다에 이른즉 그 땅에는 시내가 많았었으며
신명기,10,9,신명기 10:9,그러므로 레위는 그 형제 중에 분깃이 없으며 기업이 없고 네 하나님 여호와께서 그에게 말씀하심 같이 여호와가 그의 기업이시니라
신명기,10,10,신명기 10:10,내가 처음과 같이 사십 주야를 산에서 유하였고 그 때에도 여호와께서 내 말을 들으사 너를 참아 멸하지 아니하시고
신명기,10,11,신명기 10:11,여호와께서 내게 이르시되 일어나서 백성 앞서 진행하라 내가 그들에게 주리라고 그 열조에게 맹세한 땅에 그들이 들어가서 그것을 얻으리라 하셨느니라
신명기,10,12,신명기 10:12,이스라엘아 ! 네 하나님 여호와께서 네게 요구하시는 것이 무엇이냐 ? 곧 네 하나님 여호와를 경외하여 그 모든 도를 행하고 그를 사랑하며 마음을 다하고 성품을 다하여 네 하나님 여호와를 섬기고
신명기,10,13,신명기 10:13,내가 오늘날 네 행복을 위하여 네게 명하는 여호와의 명령과 규례를 지킬 것이 아니냐 ?
신명기,10,14,신명기 10:14,하늘과 모든 하늘의 하늘과 땅과 그 위의 만물은 본래 네 하나님 여호와께 속한 것이로되
신명기,10,15,신명기 10:15,여호와께서 오직 네 열조를 기뻐하시고 그들을 사랑하사 그 후손 너희를 만민 중에서 택하셨음이 오늘날과 같으니라
신명기,10,17,신명기 10:17,"너희의 하나님 여호와는 신의 신이시요, 주의 주시요, 크고 능하시며 두려우신 하나님이시라 사람을 외모로 보지 아니하시며 뇌물을 받지 아니하시고"
신명기,10,18,신명기 10:18,고아와 과부를 위하여 신원하시며 나그네를 사랑하사 그에게 식물과 의복을 주시나니
신명기,10,20,신명기 10:20,네 하나님 여호와를 경외하여 그를 섬기며 그에게 친근히 하고 그 이름으로 맹세하라
신명기,10,21,신명기 10:21,그는 네 찬송이시요 ! 네 하나님이시라 ! 네가 목도한 바 이같이 크고 두려운 일을 너를 위하여 행하셨느니라
신명기,11,7,신명기 11:7,너희가 여호와의 행하신 이 모든 큰 일을 목도하였느니라
신명기,11,9,신명기 11:9,또 여호와께서 너희의 열조에게 맹세하사 그와 그 후손에게 주리라고 하신 땅 곧 젖과 꿀이 흐르는 땅에서 너희의 날이 장구하리라
신명기,11,11,신명기 11:11,너희가 건너가서 얻을 땅은 산과 골짜기가 있어서 하늘에서 내리는 비를 흡수하는 땅이요
신명기,11,12,신명기 11:12,네 하나님 여호와께서 권고하시는 땅이라 세초부터 세말까지 네 하나님 여호와의 눈이 항상 그 위에 있느니라
신명기,11,13,신명기 11:13,내가 오늘날 너희에게 명하는 나의 명령을 너희가 만일 청종하고 너희의 하나님 여호와를 사랑하여 마음을 다하고 성품을 다하여 섬기면
신명기,11,14,신명기 11:14,"여호와께서 너희 땅에 이른비, 늦은비를 적당한 때에 내리시리니 너희가 곡식과 포도주와 기름을 얻을 것이요"
신명기,11,15,신명기 11:15,또 육축을 위하여 들에 풀이 나게 하시리니 네가 먹고 배부를 것이라
신명기,11,16,신명기 11:16,너희는 스스로 삼가라 두렵건대 마음에 미혹하여 돌이켜 다른 신들을 섬기며 그것에 절하므로
신명기,11,19,신명기 11:19,"또 그것을 너희의 자녀에게 가르치며 집에 앉았을 때에든지,길에 행할 때에든지, 누웠을 때에든지,일어날 때에든지 이 말씀을 강론하고"
신명기,11,20,신명기 11:20,또 네 집 문설주와 바깥 문에 기록하라
신명기,11,22,신명기 11:22,너희가 만일 내가 너희에게 명하는 이 모든 명령을 잘 지켜 행하여 너희 하나님 여호와를 사랑하고 그 모든 도를 행하여 그에게 부종하면
신명기,11,24,신명기 11:24,너희의 발바닥으로 밟는 곳은 다 너희 소유가 되리니 너희의 경계는 곧 광야에서부터 레바논까지와 유브라데 하수라 하는 하수에서 서해까지라
신명기,11,27,신명기 11:27,너희가 만일 내가 오늘날 너희에게 명하는 너희 하나님 여호와의 명령을 들으면 복이 될 것이요
신명기,11,32,신명기 11:32,내가 오늘날 너희 앞에 베푸는 모든 규례와 법도를 너희는 지켜 행할지니라
신명기,12,1,신명기 12:1,네 열조의 하나님 여호와께서 네게 주셔서 얻게 하신 땅에서 너희가 평생에 지켜 행할 규례와 법도는 이러하니라
신명기,12,4,신명기 12:4,너희 하나님 여호와에게는 너희가 그처럼 행하지 말고
신명기,12,5,신명기 12:5,오직 너희 하나님 여호와께서 자기 이름을 두시려고 너희 모든 지파 중에서 택하신 곳인 그 거하실 곳으로 찾아 나아가서
신명기,12,7,신명기 12:7,거기 곧 너희 하나님 여호와 앞에서 먹고 너희 하나님 여호와께서 너희 손으로 수고한 일에 복 주심을 인하여 너희와 너희 가족이 즐거워할지니라
신명기,12,8,신명기 12:8,우리가 오늘날 여기서는 각기 소견대로 하였거니와 너희가 거기서는 하지 말지니라
신명기,12,20,신명기 12:20,네 하나님 여호와께서 네게 허락하신 대로 네 지경을 넓히신 후에 네 마음에 고기를 먹고자 하여 이르기를 내가 고기를 먹으리라 하면 네가 무릇 마음에 좋아하는 대로 고기를 먹을 수 있으리니
신명기,12,21,신명기 12:21,만일 네 하나님 여호와께서 자기 이름을 두시려고 택하신 곳이 네게서 멀거든 내가 네게 명한 대로 너는 여호와의 주신 우양을 잡아 너의 각 성에서 네가 무릇 마음에 좋아하는 것을 먹되
신명기,12,23,신명기 12:23,오직 크게 삼가서 그 피는 먹지 말라 ! 피는 그 생명인즉 네가 그 생명을 고기와 아울러 먹지 못하리니
신명기,12,24,신명기 12:24,너는 그것을 먹지 말고 물 같이 땅에 쏟으라 !
신명기,12,25,신명기 12:25,너는 피를 먹지 말라 ! 네가 이같이 여호와께서 의롭게 여기시는 일을 행하면 너와 네 후손이 복을 누리리라 !
신명기,12,26,신명기 12:26,오직 네 성물과 서원물을 여호와께서 택하신 곳으로 가지고 가라
신명기,12,28,신명기 12:28,내가 네게 명하는 이 모든 말을 너는 듣고 지키라 ! 네 하나님 여호와의 목전에 선과 의를 행하면 너와 네 후손에게 영원히 복이 있으리라 !
신명기,12,30,신명기 12:30,너는 스스로 삼가서 네 앞에서 멸망한 그들의 자취를 밟아 올무에 들지 말라 또 그들의 신을 탐구하여 이르기를 이 민족들은 그 신들을 어떻게 위하였는고 나도 그와 같이 하겠다 하지 말라
신명기,12,32,신명기 12:32,내가 너희에게 명하는 이 모든 말을 너희는 지켜 행하고 그것에 가감하지 말지니라
신명기,13,1,신명기 13:1,너희 중에 선지자나 꿈 꾸는 자가 일어나서 이적과 기사를 네게 보이고
신명기,13,3,신명기 13:3,너는 그 선지자나 꿈꾸는 자의 말을 청종하지 말라 이는 너희 하나님 여호와께서 너희가 마음을 다하고 성품을 다하여 너희 하나님 여호와를 사랑하는 여부를 알려 하사 너희를 시험하심이니라
신명기,13,4,신명기 13:4,너희는 너희 하나님 여호와를 순종하며 그를 경외하며 그 명령을 지키며 그 목소리를 청종하며 그를 섬기며 그에게 부종하고
신명기,13,6,신명기 13:6,네 동복 형제나 네 자녀나 네 품의 아내나 너와 생명을 함께 하는 친구가 가만히 너를 꾀어 이르기를 너와 네 열조가 알지 못하던 다른 신들
신명기,13,13,신명기 13:13,너희 중 어떤 잡류가 일어나서 그 성읍 거민을 유혹하여 이르기를 너희가 알지 못하던 다른 신들을 우리가 가서 섬기자 한다 하거든
신명기,13,14,신명기 13:14,너는 자세히 묻고 살펴보아서 이런 가증한 일이 참 사실로 너희 중에 있으면
신명기,13,17,신명기 13:17,너는 이 진멸할 물건을 조금도 네 손에 대지 말라 그리하면 여호와께서 그 진노를 그치시고 너를 긍휼히 여기시고 자비를 더하사 너의 열조에게 맹세하심 같이 네 수효를 번성케 하실 것이라
신명기,13,18,신명기 13:18,네가 만일 네 하나님 여호와의 말씀을 듣고 오늘날 내가 네게 명하는 그 모든 명령을 지켜 네 하나님 여호와의 목전에 정직을 행하면 이같이 되리라
신명기,14,1,신명기 14:1,너희는 너희 하나님 여호와의 자녀니 죽은 자를 위하여 자기 몸을 베지 말며 눈썹 사이 이마 위의 털을 밀지 말라
신명기,14,2,신명기 14:2,너는 너의 하나님 여호와의 성민이라 여호와께서 지상 만민 중에서 너를 택하여 자기의 기업의 백성을 삼으셨느니라
신명기,14,3,신명기 14:3,너는 가증한 물건은 무엇이든지 먹지 말라 !
신명기,14,6,신명기 14:6,무릇 짐승 중에 굽이 갈라져 쪽발도 되고 새김질도 하는 것은 너희가 먹을 것이니라
신명기,14,7,신명기 14:7,"다만 새김질을 하거나 굽이 갈라진 짐승 중에도 너희가 먹지 못할 것은 이것이니 곧 약대와, 토끼와, 사반 그것들은 새김질을 하나 굽이 갈라지지 아니하였으니 너희에게 부정하고"
신명기,14,9,신명기 14:9,물에 있는 어족 중에 이런 것은 너희가 먹을 것이니 무릇 지느러미와 비늘 있는 것은 너희가 먹을 것이요
신명기,14,20,신명기 14:20,무릇 정한 새는 너희가 먹을지니라
신명기,14,21,신명기 14:21,너희는 너희 하나님 여호와의 성민이라 무릇 스스로 죽은 것은 먹지 말 것이니 그것을 성 중에 우거하는 객에게 주어 먹게 하거나 이방인에게 팔아도 가하니라 너는 염소 새끼를 그 어미의 젖에 삶지 말지니라
신명기,14,24,신명기 14:24,그러나 네 하나님 여호와께서 그 이름을 두시려고 택하신 곳이 네게서 너무 멀고 행로가 어려워서 그 풍부히 주신 것을 가지고 갈 수 없거든
신명기,14,25,신명기 14:25,그것을 돈으로 바꾸어 그 돈을 싸서 가지고 네 하나님 여호와의 택하신 곳으로 가서
신명기,14,28,신명기 14:28,매 삼년 끝에 그 해 소산의 십분 일을 다 내어 네 성읍에 저축하여
신명기,15,1,신명기 15:1,매 칠년 끝에 면제하라
신명기,15,2,신명기 15:2,면제의 규례는 이러하니라 무릇 그 이웃에게 꾸어준 채주는 그것을 면제하고 그 이웃에게나 그 형제에게 독촉하지 말지니 이 해는 여호와의 면제년이라 칭함이니라
신명기,15,3,신명기 15:3,이방인에게는 네가 독촉하려니와 네 형제에게 꾸인 것은 네 손에서 면제하라
신명기,15,4,신명기 15:4,네가 만일 네 하나님 여호와의 말씀만 듣고 내가 오늘날 네게 명하는 그 명령을 다 지켜 행하면 네 하나님 여호와께서 네게 유업으로 주신 땅에서 네가 정녕 복을 받으리니 너희 중에 가난한 자가 없으리라
신명기,15,6,신명기 15:6,네 하나님 여호와께서 네게 허락하신 대로 네게 복을 주시리니 네가 여러 나라에 꾸어 줄지라도 너는 꾸지 아니하겠고 네가 여러 나라를 치리할지라도 너는 치리함을 받지 아니하리라
신명기,15,7,신명기 15:7,네 하나님 여호와께서 네게 주신 땅 어느 성읍에서든지 가난한 형제가 너와 함께 거하거든 그 가난한 형제에게 네 마음을 강퍅히 하지 말며 네 손을 움켜 쥐지 말고
신명기,15,8,신명기 15:8,반드시 네 손을 그에게 펴서 그 요구하는 대로 쓸 것을 넉넉히 꾸어주라
신명기,15,9,신명기 15:9,삼가 너는 마음에 악념을 품지 말라 곧 이르기를 제 칠년 면제년이 가까왔다 하고 네 궁핍한 형제에게 악한 눈을 들고 아무 것도 주지 아니하면 그가 너를 여호와께 호소하리니 네가 죄를 얻을 것이라
신명기,15,10,신명기 15:10,너는 반드시 그에게 구제할 것이요 구제할 때에는 아끼는 마음을 품지 말 것이니라 이로 인하여 네 하나님 여호와께서 네 범사와 네 손으로 하는바에 네게 복을 주시리라 !
신명기,15,11,신명기 15:11,땅에는 언제든지 가난한 자가 그치지 아니하겠는고로 내가 네게 명하여 이르노니 너는 반드시 네 경내 네 형제의 곤란한 자와 궁핍한 자에게 네 손을 펼지니라 !
신명기,15,12,신명기 15:12,네 동족 히브리 남자나 히브리 여자가 네게 팔렸다 하자 만일 육년을 너를 섬겼거든 제 칠년에 너는 그를 놓아 자유하게 할 것이요
신명기,15,14,신명기 15:14,네 양 무리 중에서와 타작 마당에서와 포도주 틀에서 그에게 후히 줄지니 곧 네 하나님 여호와께서 네게 복을 주신대로 그에게 줄지니라
신명기,15,16,신명기 15:16,종이 만일 너와 네 집을 사랑하므로 너와 동거하기를 좋게 여겨 네게 향하여 내가 주인을 떠나지 아니하겠노라 하거든
신명기,15,18,신명기 15:18,그가 육년 동안에 품군의 삯의 배나 받을 만큼 너를 섬겼은즉 너는 그를 놓아 자유하게 하기를 어렵게 여기지 말라 그리하면 네 하나님 여호와께서 너의 범사에 네게 복을 주시리라 !
신명기,15,19,신명기 15:19,너는 우양의 처음 난 수컷은 구별하여 네 하나님 여호와께 드릴 것이니 네 소의 첫 새끼는 부리지 말고 네 양의 첫 새끼의 털은 깍지 말고
신명기,15,20,신명기 15:20,너와 네 가족이 매년에 여호와의 택하신 곳 네 하나님 여호와 앞에서 먹을지니라
신명기,15,21,신명기 15:21,그러나 그 짐승이 흠이 있어서 절거나 눈이 멀었거나 무슨 흠이 있든지 네 하나님 여호와께 잡아 드리지 못할지니
신명기,15,22,신명기 15:22,네 성 중에서 먹되 부정한 자나 정한 자가 다 같이 먹기를 노루와 사슴을 먹음같이 할 것이요
신명기,15,23,신명기 15:23,오직 피는 먹지 말고 물 같이 땅에 쏟을 지니라
신명기,16,7,신명기 16:7,네 하나님 여호와께서 택하신 곳에서 그 고기를 구워먹고 아침에 네 장막으로 돌아갈 것이니라
신명기,16,9,신명기 16:9,칠주를 계속할지니 곡식에 낫을 대는 첫날부터 칠주를 계수하여
신명기,16,10,신명기 16:10,네 하나님 여호와 앞에 칠칠절을 지키되 네 하나님 여호와께서 네게 복을 주신 대로 네 힘을 헤아려 자원하는 예물을 드리고
신명기,16,15,신명기 16:15,네 하나님 여호와께서 택하신 곳에서 너는 칠일 동안 네 하나님 여호와 앞에서 절기를 지키고 네 하나님 여호와께서 네 모든 물산과 네 손을 댄 모든 일에 복 주실 것을 인하여 너는 온전히 즐거워할지니라 !
신명기,16,17,신명기 16:17,각 사람이 네 하나님 여호와의 주신 복을 따라 그 힘대로 물건을 드릴지니라 !
신명기,16,18,신명기 16:18,네 하나님 여호와께서 네게 주시는 각 성에서 네 지파를 따라 재판장과 유사를 둘 것이요 그들은 공의로 백성을 재판할 것이니라
신명기,16,19,신명기 16:19,너는 굽게 판단하지 말며 사람을 외모로 보지 말며 또 뇌물을 받지 말라 뇌물은 지혜자의 눈을 어둡게 하고 의인의 말을 굽게 하느니라
신명기,16,20,신명기 16:20,너는 마땅히 공의만 좇으라 ! 그리하면 네가 살겠고 네 하나님 여호와께서 네게 주시는 땅을 얻으리라
신명기,16,21,신명기 16:21,네 하나님 여호와를 위하여 쌓은 단 곁에 아무 나무로든지 아세라 상을 세우지 말며
신명기,16,22,신명기 16:22,자기를 위하여 주상을 세우지 말라 ! 네 하나님 여호와께서 미워하시느니라
신명기,17,8,신명기 17:8,네 성중에서 송사로 다투는 일이 있으되 서로 피를 흘렸거나 다투었거나 구타하였거나 하여 네가 판결하기 어려운 일이 생기거든 너는 일어나 네 하나님 여호와의 택하실 곳으로 올라가서
신명기,17,10,신명기 17:10,여호와께서 택하신 곳에서 그들이 네게 보이는 판결의 뜻대로 네가 행하되 무릇 그들이 네게 가르치는 대로 삼가 행할 것이니
신명기,17,14,신명기 17:14,네가 네 하나님 여호와께서 네게 주시는 땅에 이르러서 그 땅을 얻어 거할 때에 만일 우리도 우리 주위의 열국 같이 우리 위에 왕을 세우리라는 뜻이 나거든
신명기,17,17,신명기 17:17,"아내를 많이 두어서 그 마음이 미혹되게 말것이며 은,금을 자기를 위하여 많이 쌓지 말 것이니라"
신명기,17,19,신명기 17:19,평생에 자기 옆에 두고 읽어서 그 하나님 여호와 경외하기를 배우며 이 율법의 모든 말과 이 규례를 지켜 행할 것이라
신명기,18,2,신명기 18:2,그들이 그 형제 중에 기업이 없을 것은 그들에게 대하여 말씀하심 같이 여호와께서 그들의 기업이 되심이니라
신명기,18,4,신명기 18:4,또 너의 처음 된 곡식과 포도주와 기름과 너의 처음 깍은 양털을 네가 그에게 줄 것이니
신명기,18,8,신명기 18:8,그 사람의 응식은 그들과 같을 것이요 그 상속 산업을 판 돈은 이 외에 그에게 속할 것이니라
신명기,18,9,신명기 18:9,네 하나님 여호와께서 네게 주시는 땅에 들어가거든 너는 그 민족들의 가증한 행위를 본받지 말 것이니
신명기,18,13,신명기 18:13,너는 네 하나님 여호와 앞에 완전하라 !
신명기,18,15,신명기 18:15,네 하나님 여호와께서 너의 중 네 형제 중에서 나와 같은 선지자 하나를 너를 위하여 일으키시리니 너희는 그를 들을지니라
신명기,18,17,신명기 18:17,여호와께서 이르시되 그들의 말이 옳도다
신명기,18,18,신명기 18:18,내가 그들의 형제 중에 너와 같은 선지자 하나를 그들을 위하여 일으키고 내 말을 그 입에 두리니 내가 그에게 명하는 것을 그가 우리에게 다 고하리라
신명기,18,21,신명기 18:21,네가 혹시 심중에 이르기를 그 말이 여호와의 이르신 말씀인지 우리가 어떻게 알리요 하리라
신명기,18,22,신명기 18:22,만일 선지자가 있어서 여호와의 이름으로 말한 일에 증험도 없고 성취함도 없으면 이는 여호와의 말씀하신 것이 아니요 그 선지자가 방자히 한 말이니 너는 그를 두려워 말지니라
신명기,19,2,신명기 19:2,네 하나님 여호와께서 네게 기업으로 주신 땅 가운데서 세 성읍을 너를 위하여 구별하고
신명기,19,7,신명기 19:7,그러므로 내가 네게 명하기를 세 성읍을 너를 위하여 구별하라 하노라
신명기,19,8,신명기 19:8,네 하나님 여호와께서 네 열조에게 맹세하신 대로 네 지경을 넓혀 네 열조에게 주리라고 말씀하신 땅을 다 네게 주실 때
신명기,19,9,신명기 19:9,또 네가 나의 오늘날 네게 명하는 이 모든 명령을 지켜 행하여 네 하나님 여호와를 사랑하고 항상 그 길로 행할 때에는 이 셋 외에 세 성읍을 더하여
신명기,19,14,신명기 19:14,네 하나님 여호와께서 네게 주어 얻게 하시는 땅 곧 네 기업된 소유의 땅에서 선인의 정한 네 이웃의 경계표를 이동하지 말지니라
신명기,19,16,신명기 19:16,만일 위증하는 자가 있어 아무 사람이 악을 행하였다 말함이 있으면
신명기,19,18,신명기 19:18,재판장은 자세히 사실하여 그 증인이 위증인이라 그 형제를 거짓으로 무함한 것이 판명되거든
신명기,20,10,신명기 20:10,네가 어떤 성읍으로 나아가서 치려할 때에 그 성에 먼저 평화를 선언하라 !
신명기,20,19,신명기 20:19,너희가 어느 성읍을 오래 동안 에워싸고 쳐서 취하려 할 때에도 도끼를 둘러 그 곳의 나무를 작벌하지 말라 이는 너희의 먹을 것이 될 것임이니 찍지 말라 밭의 수목이 사람이냐 ? 너희가 어찌 그것을 에워싸겠느냐 ?
신명기,20,20,신명기 20:20,오직 과목이 아닌 줄로 아는 수목은 작벌하여 너희와 싸우는 그 성읍을 치는 기구를 만들어 그 성읍을 함락시킬 때까지 쓸지니라
신명기,21,3,신명기 21:3,그 피살한 곳에서 제일 가까운 성읍 곧 그 성읍의 장로들이 아직 부리우지 아니하고 멍에를 메지 아니한 암송아지를 취하고
신명기,21,7,신명기 21:7,말하기를 우리의 손이 이 피를 흘리지 아니하였고 우리의 눈이 이것을 보지도 못하였나이다
신명기,21,8,신명기 21:8,여호와여 ! 주께서 속량하신 주의 백성 이스라엘을 사하시고 무죄한 피를 주의 백성 이스라엘 중에 머물러 두지 마옵소서 하면 그 피 흘린 죄가 사함을 받으리니
신명기,21,9,신명기 21:9,너는 이와 같이 여호와의 보시기에 정직한 일을 행하여 무죄자의 피 흘린 죄를 너희 중에서 제할지니라 !
신명기,21,14,신명기 21:14,그 후에 네가 그를 기뻐하지 아니하거든 그 마음대로 가게 하고 결코 돈을 받고 팔지 말지라 네가 그를 욕보였은즉 종으로 여기지 말지니라
신명기,21,16,신명기 21:16,자기의 소유를 그 아들들에게 기업으로 나누는 날에 그 사랑을 받는 자의 아들로 장자를 삼아 참 장자 곧 미움을 받는 자의 아들보다 앞세우지 말고
신명기,21,17,신명기 21:17,반드시 그 미움을 받는 자의 아들을 장자로 인정하여 자기의 소유에서 그에게는 두 몫을 줄 것이니 그는 자기의 기력의 시작이라 장자의 권리가 그에게 있음이니라
신명기,22,1,신명기 22:1,네 형제의 우양의 길 잃은 것을 보거든 못 본 체 하지 말고 너는 반드시 끌어다가 네 형제에게 돌릴 것이요
신명기,22,2,신명기 22:2,네 형제가 네게서 멀거나 네가 혹 그를 알지 못하거든 그 짐승을 네 집으로 끌고 와서 네 형제가 찾기까지 네게 두었다가 그에게 돌릴지니
신명기,22,4,신명기 22:4,네 형제의 나귀나 소가 길에 넘어진 것을 보거든 못 본 체 하지말고 너는 반드시 형제를 도와서 그것을 일으킬지니라
신명기,22,6,신명기 22:6,노중에서 나무에나 땅에 있는 새의 보금자리에 새 새끼나 알이 있고 어미새가 그 새끼나 알을 품은 것을 만나거든 그 어미새와 새끼를 아울러 취하지 말고
신명기,22,7,신명기 22:7,어미는 반드시 놓아 줄 것이요 새끼는 취하여도 가하니 그리하면 네가 복을 누리고 장수하리라
신명기,22,8,신명기 22:8,네가 새 집을 건축할 때에 지붕에 난간을 만들어 사람으로 떨어지지 않게 하라 그 피 흐른 죄가 네 집에 돌아갈까 하노라
신명기,22,9,신명기 22:9,네 포도원에 두 종자를 섞어 뿌리지 말라 ! 그리하면 네가 뿌린 씨의 열매와 포도원의 소산이 다 빼앗김이 될까 하노라
신명기,22,10,신명기 22:10,너는 소와 나귀를 겨리하여 갈지 말며
신명기,22,11,신명기 22:11,양털과 베실로 섞어 짠 것을 입지 말지니라 !
신명기,22,12,신명기 22:12,입는 겉옷 네 귀에 술을 만들지니라 !
신명기,22,15,신명기 22:15,처녀의 아비가 장로들에게 말하기를 `내 딸을 이 사람에게 아내로 주었더니 그가 미워하여
신명기,22,16,신명기 22:16,비방거리를 만들어 말하기를 내가 네 딸의 처녀인 표적을 보지 못하였노라 하나 보라 ! 내 딸의 처녀인 표적이 이것이라' 하고 그 부모가 그 자리옷을 그 성읍 장로들 앞에 펼 것이요
신명기,22,27,신명기 22:27,만일 남자가 어떤 약혼하지 아니한 처녀를 만나 그를 붙들고 통간하는 중 그 두 사람이 발견되거든
신명기,23,5,신명기 23:5,네 하나님 여호와께서 너를 사랑하시므로 발람의 말을 듣지 아니하시고 그 저주를 변하여 복이 되게 하셨나니
신명기,23,8,신명기 23:8,그들의 삼대 후 자손은 여호와의 총회에 들어올 수 있느리라
신명기,23,9,신명기 23:9,네가 대적을 치러 출진할 때에 모든 악한 일을 스스로 삼갈지니
신명기,23,10,신명기 23:10,너희 중에 누가 밤에 몽설함으로 부정하거든 진 밖으로 나가고 진 안에 들어오지 아니하다가
신명기,23,11,신명기 23:11,해질 때에 목욕하고 해진 후에 진에 들어올 것이요
신명기,23,12,신명기 23:12,너의 진 밖에 변소를 베풀고 그리로 나가되
신명기,23,13,신명기 23:13,너의 기구에 작은 삽을 더하여 밖에 나가서 대변을 통할 때에 그것으로 땅을 팔 것이요 몸을 돌이켜 그 배설물을 덮을지니
신명기,23,15,신명기 23:15,종이 그 주인을 피하여 네게로 도망하거든 너는 그 주인에게로 돌리지 말고
신명기,23,19,신명기 23:19,"네가 형제에게 꾸이거든 이식을 취하지 말지니 곧 돈의 이식, 식물의 이식, 무릇 이식을 낼 만한 것의 이식을 취하지 말 것이라"
신명기,23,20,신명기 23:20,타국인에게 네가 꾸이면 이식을 취하여도 가하거니와 너의 형제에게 꾸이거든 이식을 취하지 말라 그리하면 네 하나님 여호와께서 네가 들어가서 얻을 땅에서 네 손으로 하는 범사에 복을 내리시리라
신명기,23,21,신명기 23:21,네 하나님 여호와께 서원하거든 갚기를 더디 하지 말라 ! 네 하나님 여호와께서 반드시 그것을 네게 요구하시리니 더디면 네게 죄라
신명기,23,22,신명기 23:22,네가 서원치 아니하였으면 무죄하니라마는
신명기,23,23,신명기 23:23,네 입에서 낸 것은 그대로 실행하기를 주의하라 무릇 자원한 예물은 네 하나님 여호와께 네가 서원하여 입으로 언약한 대로 행할지니라
신명기,23,24,신명기 23:24,네 이웃의 포도원에 들어갈 때에 마음대로 그 포도를 배불리 먹어도 가하니라 그러나 그릇에 담지 말 것이요
신명기,24,1,신명기 24:1,사람이 아내를 취하여 데려온 후에 수치되는 일이 그에게 있음을 발견하고 그를 기뻐하지 아니하거든 이혼 증서를 써서 그 손에 주고 그를 자기 집에서 내어보낼 것이요
신명기,24,3,신명기 24:3,그 후부도 그를 미워하여 이혼 증서를 써서 그 손에 주고 그를 자기 집에서 내어 보내었거나 혹시 그를 아내로 취한 후부가 죽었다 하자
신명기,24,4,신명기 24:4,그 여자가 이미 몸을 더럽혔은즉 그를 내어 보낸 전부가 그를 다시 아내로 취하지 말지니 이 일은 여호와 앞에 가증한 것이라 네 하나님 여호와께서 네게 기업으로 주시는 땅으로 너는 범죄케 하지 말지니라
신명기,24,5,신명기 24:5,사람이 새로이 아내를 취하였거든 그를 군대로 내어 보내지 말 것이요 무슨 직무든지 그에게 맡기지 말 것이며 그는 일년 동안 집에 한가히 거하여 그 취한 아내를 즐겁게 할지니라
신명기,24,6,신명기 24:6,사람이 맷돌의 전부나 그 윗짝만이나 전집하지 말지니 이는 그 생명을 전집함이니라
신명기,24,10,신명기 24:10,무릇 네 이웃에게 꾸어줄 때에 네가 그 집에 들어가서 전집물을 취하지 말고
신명기,24,13,신명기 24:13,해질 때에 전집물을 반드시 그에게 돌릴 것이라 그리하면 그가 그 옷을 입고 자며 너를 위하여 축복하리니 그 일이 네 하나님 여호와 앞에서 네 의로움이 되리라
신명기,24,14,신명기 24:14,곤궁하고 빈한한 품군은 너의 형제든지 네 땅 성문안에 우거하는 객이든지 그를 학대하지 말며
신명기,24,15,신명기 24:15,그 품삯을 당일에 주고 해진 후까지 끌지 말라 이는 그가 빈궁하므로 마음에 품삯을 사모함이라 두렵건대 그가 너를 여호와께 호소하면 죄가 네게로 돌아갈까 하노라
신명기,24,16,신명기 24:16,아비는 그 자식들을 인하여 죽임을 당치 않을 것이요 자식들은 그 아비를 인하여 죽임을 당치 않을 것이라 각 사람은 자기 죄에 죽임을 당할 것이니라
신명기,24,17,신명기 24:17,너는 객이나 고아의 송사를 억울하게 말며 과부의 옷을 전집하지말라
신명기,24,19,신명기 24:19,네가 밭에서 곡식을 벨 때에 그 한 뭇을 밭에 잊어버렸거든 다시 가서 취하지 말고 객과 고아와 과부를 위하여 버려두라 그리하면 네 하나님 여호와께서 네 손으로 하는 범사에 복을 내리시리라
신명기,24,20,신명기 24:20,네가 네 감람나무를 떤 후에 그 가지를 다시 살피지 말고 그 남은 것은 객과 고아와 과부를 위하여 버려두며
신명기,24,21,신명기 24:21,네가 네 포도원의 포도를 딴 후에 그 남은 것을 다시 따지 말고 객과 고아와 과부를 위하여 버려두라
신명기,25,4,신명기 25:4,곡식 떠는 소의 입에 망을 씌우지 말지니라 !
신명기,25,5,신명기 25:5,형제가 동거하는데 그 중 하나가 죽고 아들이 없거든 그 죽은 자의 아내는 나가서 타인에게 시집가지 말 것이요 그 남편의 형제가 그에게로 들어가서 그를 취하여 아내를 삼아 그의 남편의 형제 된 의무를 그에게 다 행할 것이요
신명기,25,6,신명기 25:6,그 여인의 낳은 첫 아들로 그 죽은 형제의 후사를 잇게 하여 그 이름을 이스라엘 중에서 끊어지지 않게 할 것이니라
신명기,25,8,신명기 25:8,그 성읍 장로들은 그를 불러다가 이를 것이며 그가 이미 정한 뜻대로 말하기를 내가 그 여자 취하기를 즐겨 아니하노라 하거든
신명기,25,10,신명기 25:10,이스라엘 중에서 그의 이름을 신 벗기운 자의 집이라 칭할 것이니라
신명기,25,14,신명기 25:14,네 집에 같지 않은 되 곧 큰 것과 작은 것을 두지 말 것이요
신명기,25,15,신명기 25:15,오직 십분 공정한 저울추를 두며 십분 공정한 되를 둘 것이라 그리하면 네 하나님 여호와께서 네게 주시는 땅에서 네 날이 장구하리라
신명기,26,1,신명기 26:1,네 하나님 여호와께서 네게 기업으로 주사 얻게 하시는 땅에 네가 들어가서 거기 거할 때에
신명기,26,2,신명기 26:2,네 하나님 여호와께서 네게 주시는 땅에서 그 토지 모든 소산의 맏물을 거둔 후에 그것을 취하여 광주리에 담고 네 하나님 여호와께서 그 이름을 두시려고 택하신 곳으로 그것을 가지고 가서
신명기,26,7,신명기 26:7,우리가 우리 조상의 하나님 여호와께 부르짖었더니 여호와께서 우리 음성을 들으시고 우리의 고통과 신고와 압제를 하감하시고
신명기,26,9,신명기 26:9,이 곳으로 인도하사 이 땅 곧 젖과 꿀이 흐르는 땅을 주셨나이다
신명기,26,14,신명기 26:14,내가 애곡하는 날에 이 성물을 먹지 아니하였고 부정한 몸으로 이를 떼어두지 아니하였고 죽은 자를 위하여 이를 쓰지 아니하였고 내 하나님 여호와의 말씀을 청종하여 주께서 내게 명령하신 대로 다 행하였사오니
신명기,26,15,신명기 26:15,원컨대 주의 거룩한 처소 하늘에서 하감하시고 주의 백성 이스라엘에게 복을 주시며 우리 열조에게 맹세하여 우리에게 주신 바 젖과 꿀이 흐르는 땅에 복을 내리소서 할지니라
신명기,26,16,신명기 26:16,오늘날 네 하나님 여호와께서 이 규례와 법도를 행하라고 네게 명하시나니 그런즉 너는 마음을 다하고 성품을 다하여 지켜 행하라
신명기,26,17,신명기 26:17,네가 오늘날 여호와를 네 하나님으로 인정하고 또 그 도를 행하고 그 규례와 명령과 법도를 지키며 그 소리를 들으리라 확언하였고
신명기,26,18,신명기 26:18,여호와께서도 네게 말씀하신 대로 오늘날 너를 자기의 보배로운 백성으로 인정하시고 또 그 모든 명령을 지키게 하리라 확언하셨은즉
신명기,26,19,신명기 26:19,여호와께서 너의 칭찬과 명예와 영광으로 그 지으신 모든 민족 위에 뛰어나게 하시고 그 말씀하신 대로 너로 네 하나님 여호와의 성민이 되게 하시리라
신명기,27,3,신명기 27:3,이미 건넌 후에 이 율법의 모든 말씀을 그 위에 기록하라 그리하면 네 하나님 여호와께서 네게 주시는 땅 곧 젖과 꿀이 흐르는 땅에 네가 들어가기를 네 열조의 하나님 여호와께서 네게 말씀하신 대로 하리니
신명기,27,5,신명기 27:5,또 거기서 네 하나님 여호와를 위하여 단 곧 돌단을 쌓되 그것에 철기를 대지 말지니라
신명기,27,8,신명기 27:8,너는 이 율법의 모든 말씀을 그 돌들 위에 명백히 기록할지니라 !
신명기,28,1,신명기 28:1,네가 네 하나님 여호와의 말씀을 삼가 듣고 내가 오늘날 네게 명하는 그 모든 명령을 지켜 행하면 네 하나님 여호와께서 너를 세계 모든 민족 위에 뛰어나게 하실 것이라
신명기,28,2,신명기 28:2,네가 네 하나님 여호와의 말씀을 순종하면 이 모든 복이 네게 임하며 네게 미치리니
신명기,28,6,신명기 28:6,"네가 들어와도 복을 받고, 나가도 복을 받을 것이니라"
신명기,28,9,신명기 28:9,네가 네 하나님 여호와의 명령을 지켜 그 길로 행하면 여호와께서 네게 맹세하신 대로 너를 세워 자기의 성민이 되게 하시리니
신명기,28,11,신명기 28:11,"여호와께서 네게 주리라고 네 열조에게 맹세하신 땅에서 네게 복을 주사 네 몸의 소생과, 육축의 새끼와, 토지의 소산으로 많게 하시며"
신명기,28,12,신명기 28:12,여호와께서 너를 위하여 하늘의 아름다운 보고를 열으사 네 땅에 때를 따라 비를 내리시고 네 손으로 하는 모든 일에 복을 주시리니 네가 많은 민족에게 꾸어줄지라도 너는 꾸지 아니할 것이요
신명기,28,14,신명기 28:14,내가 오늘날 너희에게 명하는 그 말씀을 떠나 좌로나 우로나 치우치지 아니하고 다른 신을 따라 섬기지 아니하면 이와 같으리라
신명기,28,46,신명기 28:46,이 모든 저주가 너와 네 자손에게 영원히 있어서 표적과 감계가 되리라
신명기,28,58,신명기 28:58,네가 만일 이 책에 기록한 이 율법의 모든 말씀을 지켜 행하지 아니하고 네 하나님 여호와라 하는 영화롭고 두려운 이름을 경외하지 아니하면
신명기,29,4,신명기 29:4,그러나 깨닫는 마음과 보는 눈과 듣는 귀는 오늘날까지 여호와께서 너희에게 주지 아니하셨느니라
신명기,29,5,신명기 29:5,주께서 사십년 동안 너희를 인도하여 광야를 통행케 하셨거니와 너희 몸의 옷이 낡지 아니하였고 너희 발의 신이 해어지지 아니하였으며
신명기,29,6,신명기 29:6,너희로 떡도 먹지 못하며 포도주나 독주를 마시지 못하게 하셨음은 주는 너희 하나님 여호와이신 줄을 알게 하려 하심이니라
신명기,29,11,신명기 29:11,너희 유아들과 너희 아내와 및 네 진중에 있는 객과 무릇 너를 위하여 나무를 패는 자로부터 물 긷는 자까지 다 너희 하나님 여호와 앞에 선 것은
신명기,29,12,신명기 29:12,너의 하나님 여호와의 언약에 참예하며 또 너의 하나님 여호와께서 오늘날 네게 향하여 하시는 맹세에 참예하여
신명기,29,14,신명기 29:14,내가 이 언약과 맹세를 너희에게만 세우는 것이 아니라
신명기,29,15,신명기 29:15,오늘날 우리 하나님 여호와 앞에서 우리와 함께 여기 선 자와 오늘날 우리와 함께 여기 있지 아니한 자에게까지니
신명기,29,17,신명기 29:17,너희가 또 그들 중에 있는 가증한 것과 목석과 은금의 우상을 보았느니라)
신명기,29,29,신명기 29:29,오묘한 일은 우리 하나님 여호와께 속하였거니와 나타난 일은 영구히 우리와 우리 자손에게 속하였나니 이는 우리로 이 율법의 모든 말씀을 행하게 하심이니라
신명기,30,1,신명기 30:1,내가 네게 진술한 모든 복과 저주가 네게 임하므로 네가 네 하나님 여호와께 쫓겨간 모든 나라 가운데서 이 일이 마음에서 기억이 나거든
신명기,30,2,신명기 30:2,너와 네 자손이 네 하나님 여호와께로 돌아와 내가 오늘날 네게 명한 것을 온전히 따라서 마음을 다하고 성품을 다하여 여호와의 말씀을 순종하면
신명기,30,3,신명기 30:3,네 하나님 여호와께서 마음을 돌이키시고 너를 긍휼히 여기사 네 포로를 돌리시되 네 하나님 여호와께서 너를 흩으신 그 모든 백성 중에서 너를 모으시리니
신명기,30,4,신명기 30:4,너의 쫓겨간 자들이 하늘 가에 있을지라도 네 하나님 여호와께서 거기서 너를 모으실 것이며 거기서부터 너를 이끄실 것이라
신명기,30,8,신명기 30:8,너는 돌아와 다시 여호와의 말씀을 순종하고 내가 오늘날 네게 명한 그 모든 명령을 행할 것이라
신명기,30,10,신명기 30:10,것과 같이 너를 다시 기뻐하사 네게 복을 주시리라
신명기,30,11,신명기 30:11,내가 오늘날 네게 명한 이 명령은 네게 어려운 것도 아니요 먼 것도 아니라
신명기,30,12,신명기 30:12,하늘에 있는 것이 아니니 네가 이르기를 누가 우리를 위하여 하늘에 올라가서 그 명령을 우리에게로 가지고 와서 우리에게 들려행하게 할꼬 ? 할 것이 아니요
신명기,30,13,신명기 30:13,이것이 바다 밖에 있는 것이 아니니 네가 이르기를 누가 우리를 위하여 바다를 건너가서 그 명령을 우리에게로 가지고 와서 우리에게 들려 행하게 할꼬 ? 할 것도 아니라
신명기,30,14,신명기 30:14,오직 ! 그 말씀이 네게 심히 가까와서 네 입에 있으며 네 마음에 있은즉 네가 이를 행할 수 있느니라
신명기,30,19,신명기 30:19,내가 오늘날 천지를 불러서 너희에게 증거를 삼노라 내가 생명과 사망과 복과 저주를 네 앞에 두었은즉 너와 네 자손이 살기 위하여 생명을 택하고
신명기,31,6,신명기 31:6,너는 마음을 강하게 하고 담대히 하라 그들을 두려워 말라 그들 앞에서 떨지 말라 이는 네 하나님 여호와 그가 너와 함께 행하실 것임이라 반드시 너를 떠나지 아니하시며 버리지 아니하시리라 하고
신명기,31,8,신명기 31:8,여호와 그가 네 앞서 행하시며 너와 함께 하사 너를 떠나지 아니하시며 버리지 아니하시리니 너는 두려워 말라 ! 놀라지 말라 !
신명기,31,11,신명기 31:11,온 이스라엘이 네 하나님 여호와 앞 그 택하신 곳에 모일 때에 이 율법을 낭독하여 온 이스라엘로 듣게 할지니
신명기,31,15,신명기 31:15,여호와께서 구름 기둥 가운데서 장막에 나타나시고 구름 기둥은 장막 문 위에 머물렀더라
신명기,31,19,신명기 31:19,그러므로 이제 너희는 이 노래를 써서 이스라엘 자손에게 가르쳐서 그 입으로 부르게 하여 이 노래로 나를 위하여 이스라엘 자손에게 증거가 되게 하라
신명기,31,26,신명기 31:26,`이 율법책을 가져다가 너희 하나님 여호와의 언약궤 곁에 두어 너희에게 증거가 되게 하라
신명기,32,1,신명기 32:1,하늘이여 귀를 기울이라 내가 말하리라 땅은 내 입의 말을 들을지어다
신명기,32,2,신명기 32:2,"나의 교훈은 내리는 비요, 나의 말은 맺히는 이슬이요, 연한 풀 위에 가는 비요, 채소 위에 단 비로다"
신명기,32,3,신명기 32:3,내가 여호와의 이름을 전파하리니 너희는 위엄을 우리 하나님께 돌릴지어다 !
신명기,32,4,신명기 32:4,그는 반석이시니 그 공덕이 완전하고 그 모든 길이 공평하며 진실무망하신 하나님이시니 공의로우시고 정직하시도다
신명기,32,7,신명기 32:7,옛날을 기억하라 역대의 연대를 생각하라 네 아비에게 물으라 그가 네게 설명할 것이요 네 어른들에게 물으라 그들이 네게 이르리로다
신명기,32,8,신명기 32:8,지극히 높으신 자가 열국의 기업을 주실 때 인종을 분정하실 때에 이스라엘 자손의 수효대로 민족들의 경계를 정하셨도다
신명기,32,9,신명기 32:9,여호와의 분깃은 자기 백성이라 야곱은 그 택하신 기업이로다
신명기,32,10,신명기 32:10,"여호와께서 그를 황무지에서, 짐승의 부르짖는 광야에서 만나시고 호위하시며 보호하시며 자기 눈동자같이 지키셨도다"
신명기,32,11,신명기 32:11,마치 독수리가 그 보금자리를 어지럽게 하며 그 새끼 위에 너풀 거리며 그 날개를 펴서 새끼를 받으며 그 날개 위에 그것을 업는것 같이
신명기,32,12,신명기 32:12,여호와께서 홀로 그들을 인도하셨고 함께 한 다른 신이 없었도다
신명기,32,13,신명기 32:13,"여호와께서 그로 땅의 높은 곳을 타고 다니게 하시며 밭의 소산을 먹게 하시며 반석에서 꿀을,굳은 반석에서 기름을 빨게 하시며"
신명기,32,14,신명기 32:14,소의 젖 기름과 양의 젖과 어린 양의 기름과 바산 소산의 수양과 염소와 지극히 아름다운 밀을 먹이시며 또 포도즙의 붉은 술을 마시우셨도다
신명기,32,28,신명기 32:28,그들은 모략이 없는 국민이라 그 중에 지식이 없도다
신명기,32,30,신명기 32:30,그들의 반석이 그들을 팔지 아니하였고 여호와께서 그들을 내어 주지 아니하셨더면 어찌 한 사람이 천을 쫓으며 두 사람이 만을 도망케 하였을까
신명기,32,31,신명기 32:31,대적의 반석이 우리의 반석과 같지 못하니 대적도 스스로 판단하도다
신명기,32,33,신명기 32:33,그들의 포도주는 뱀의 독이요 독사의 악독이라
신명기,32,34,신명기 32:34,이것이 내게 쌓이고 내 곳간에 봉하여 있지 아니한가
신명기,32,36,신명기 32:36,여호와께서 자기 백성을 판단하시고 그 종들을 인하여 후회하시리니 곧 그들의 무력함과 갇힌 자나 놓인 자가 없음을 보시는 때에로다
신명기,32,37,신명기 32:37,여호와의 말씀에 그들의 신들이 어디 있으며 그들의 피하던 반석이 어디 있느냐 ?
신명기,32,38,신명기 32:38,"그들의 희생의 고기를 먹던 것들, 전제의 술을 마시던 것들로 일어나서 너희를 돕게 하라 너희의 보장이 되게 하라"
신명기,32,40,신명기 32:40,내가 하늘을 향하여 내 손을 들고 말하노라 나의 영원히 삶을 두고 맹세하노니
신명기,33,2,신명기 33:2,일렀으되 여호와께서 시내에서 오시고 세일산에서 일어나시고 바란산에서 비취시고 일만 성도 가운데서 강림하셨고 그 오른손에는 불 같은 율법이 있도다
신명기,33,3,신명기 33:3,여호와께서 백성을 사랑하시나니 모든 성도가 그 수중에 있으며 주의 발 아래에 앉아서 주의 말씀을 받는도다
신명기,33,5,신명기 33:5,여수룬에 왕이 있었으니 곧 백성의 두령이 모이고 이스라엘 모든 지파가 함께 한 때에로다
신명기,33,6,신명기 33:6,르우벤은 살고 죽지 아니하고 그 인수가 적지 않기를 원하도다
신명기,33,7,신명기 33:7,유다에 대한 축복은 이러하니라 일렀으되 여호와여 ! 유다의 음성을 들으시고 그 백성에게로 인도하시오며 그 손으로 자기를 위하여 싸우게 하시고 주께서 도우사 그로 그 대적을 치게 하시기를 원하나이다
신명기,33,8,신명기 33:8,레위에 대하여는 일렀으되 주의 둠밈과 우림이 주의 경건한 자에게 있도다 주께서 그를 맛사에서 시험하시고 므리바 물 가에서 그와 다투셨도다
신명기,33,9,신명기 33:9,그는 그 부모에게 대하여 이르기를 내가 그들을 보지 못하였다 하며 그 형제들을 인정치 아니하며 그 자녀를 알지 아니한 것은 주의 말씀을 준행하고 주의 언약을 지킴을 인함이로다
신명기,33,12,신명기 33:12,베냐민에 대하여는 일렀으되 여호와의 사랑을 입은 자는 그 곁에 안전히 거하리로다 여호와께서 그를 날이 맞도록 보호하시고 그로 자기 어깨 사이에 처하게 하시리로다
신명기,33,18,신명기 33:18,스불론에 대하여는 일렀으되 스불론이여 너는 나감을 기뻐하라 잇사갈이여 ! 너는 장막에 있음을 즐거워하라 !
신명기,33,21,신명기 33:21,그가 자기를 위하여 먼저 기업을 택하였으니 곧 법 세운 자의 분깃으로 예비된 것이로다 그가 백성의 두령들과 함께 와서 여호와의 공의와 이스라엘과 세우신 법도를 행하도다
신명기,33,22,신명기 33:22,단에 대하여는 일렀으되 단은 바산에서 뛰어 나오는 사자의 새끼로다
신명기,33,23,신명기 33:23,납달리에 대하여는 일렀으되 은혜가 족하고 여호와의 복이 가득한 납달리여 ! 너는 서방과 남방을 얻을지로다
신명기,33,24,신명기 33:24,아셀에 대하여는 일렀으되 아셀은 다자한 복을 받으며 그 형제에게 기쁨이 되며 그 발이 기름에 잠길지로다
신명기,33,25,신명기 33:25,네 문빗장은 철과 놋이 될 것이니 네 사는 날을 따라서 능력이 있으리로다
신명기,33,26,신명기 33:26,여수룬이여 ! 하나님 같은 자 없도다 그가 너를 도우시려고 하늘을 타시고 궁창에서 위엄을 나타내시는도다
신명기,33,28,신명기 33:28,이스라엘이 안전히 거하며 야곱의 샘은 곡식과 새 포도주의 땅에 홀로 있나니 곧 그의 하늘이 이슬을 내리는 곳에로다
신명기,34,3,신명기 34:3,남방과 종려의 성읍 여리고 골짜기 평지를 소알까지 보이시고
신명기,34,12,신명기 34:12,모든 큰 권능과 위엄을 행하게 하시매 온 이스라엘 목전에서 그것을 행한 자더라
여호수아,1,6,여호수아 1:6,마음을 강하게 하라 ! 담대히 하라 ! 너는 이 백성으로 내가 그 조상에게 맹세하여 주리라 한 땅을 얻게 하리라
여호수아,1,8,여호수아 1:8,이 율법책을 네 입에서 떠나지 말게 하며 주야로 그것을 묵상하여 그 가운데 기록한대로 다 지켜 행하라 ! 그리하면 네 길이 평탄하게 될 것이라 네가 형통하리라 !
여호수아,1,9,여호수아 1:9,내가 네게 명한 것이 아니냐 ? 마음을 강하게 하고 담대히 하라 ! 두려워 말며 놀라지 말라 ! 네가 어디로 가든지 네 하나님 여호와가 너와 함께 하느니라 ! 하시니라
여호수아,2,5,여호수아 2:5,그 사람들이 어두워 성문을 닫을 때쯤 되어 나갔으니 어디로 갔는지 알지 못하되 급히 따라가라 그리하면 그들에게 미치리라' 하였으나
여호수아,2,6,여호수아 2:6,실상은 그가 이미 그들을 이끌고 지붕에 올라가서 그 지붕에 벌여놓은 삼대에 숨겼더라
여호수아,2,11,여호수아 2:11,우리가 듣자 곧 마음이 녹았고 너희의 연고로 사람이 정신을 잃었나니 너희 하나님 여호와는 상천 하지에 하나님이시니라 !
여호수아,2,12,여호수아 2:12,그러므로 청하노니 내가 너희를 선대하였은즉 너희도 내 아버지의 집을 선대하여 나의 부모와 남녀 형제와 무릇 그들에게 있는 모든 자를 살려주어 우리 생명을 죽는데서 건져내기로 이제 여호와로 맹세하고 내게 진실한 표를 내라'
여호수아,2,18,여호수아 2:18,우리가 이 땅에 들어올 때에 우리를 달아 내리운 창에 이 붉은 줄을 내고 네 부모와 형제와 네 아비의 가족을 다 네 집에 모으라
여호수아,2,20,여호수아 2:20,네가 우리의 이 일을 누설하면 네가 우리로 서약케 한 맹세에 대하여 우리에게 허물이 없으리라'
여호수아,3,2,여호수아 3:2,삼일 후에 유사들이 진중으로 두루 다니며
여호수아,3,4,여호수아 3:4,그러나 너희와 그 사이 상거가 이천 규빗쯤 되게 하고 그것에 가까이 하지는 말라 그리하면 너희 행할 길을 알리니 너희가 이전에 이 길을 지나보지 못하였음이니라'
여호수아,3,12,여호수아 3:12,이제 이스라엘 지파 중에서 매 지파에 한 사람씩 십 이명을 택하라
여호수아,4,2,여호수아 4:2,백성의 매 지파에 한 사람씩 열 두 사람을 택하고
여호수아,6,1,여호수아 6:1,이스라엘 자손들로 인하여 여리고는 굳게 닫혔고 출입하는 자 없더라
여호수아,6,3,여호수아 6:3,너희 모든 군사는 성을 둘러 성 주위를 매일 한번씩 돌되 엿새 동안을 그리하라
여호수아,6,11,여호수아 6:11,여호와의 궤로 성을 한번 돌게 하니라 무리가 진에 돌아와서 진에서 자니라
여호수아,6,14,여호수아 6:14,그 제 이일에도 성을 한번 돌고 진에 돌아오니라 엿새 동안을 이같이 행하니라
여호수아,6,19,여호수아 6:19,"은,금과 동철 기구들은 다 여호와께 구별될 것이니 그것을 여호와의 곳간에 들일지니라'"
여호수아,7,4,여호수아 7:4,백성중 삼천명쯤 그리로 올라갔다가 아이 사람 앞에서 도망하니
여호수아,7,8,여호수아 7:8,주여 ! 이스라엘이 그 대적 앞에서 돌아섰으니 내가 무슨 말을 하오리이까 ?
여호수아,7,17,여호수아 7:17,유다 족속을 가까이 나아오게 하였더니 세라 족속이 뽑혔고 세라족속의 각 남자를 가까이 나아오게 하였더니 삽디가 뽑혔고
여호수아,7,18,여호수아 7:18,삽디의 가족 각 남자를 가까이 나아오게 하였더니 유다 지파 세라의 증손이요 삽디의 손자요 갈미의 아들인 아간이 뽑혔더라
여호수아,7,21,여호수아 7:21,내가 노략한 물건 중에 시날산의 아름다운 외투 한벌과 은 이백 세겔과 오십 세겔중의 금덩이 하나를 보고 탐내어 취하였나이다 보소서 ! 이제 그 물건들을 내 장막 가운데 땅 속에 감추었는데 은은 그 밑에 있나이다'
여호수아,8,5,여호수아 8:5,나와 나를 좇는 모든 백성은 다 성읍으로 가까이 가리니 그들이 처음과 같이 우리에게로 쳐 올라올 것이라 그리할 때에 우리가 그들 앞에서 도망하면
여호수아,8,7,여호수아 8:7,너희는 매복한 곳에서 일어나서 그 성읍을 점령하라 너희 하나님여호와께서 너희 손에 붙이시리라
여호수아,9,4,여호수아 9:4,꾀를 내어 사신의 모양을 꾸미되 해어진 전대와 해어지고 찢어져서 기운 가죽 포도주 부대를 나귀에 싣고
여호수아,9,5,여호수아 9:5,그 발에는 낡아 기운 신을 신고 낡은 옷을 입고 다 마르고 곰팡이 난 떡을 예비하고
여호수아,9,12,여호수아 9:12,우리의 이 떡은 우리가 당신들에게로 오려고 떠나던 날에 우리들의 집에서 오히려 뜨거운 것을 양식으로 취하였더니 보소서 이제 말랐고 곰팡이 났으며
여호수아,9,13,여호수아 9:13,또 우리가 포도주를 담은 이 가죽 부대도 새 것이더니 찢어지게 되었으며 우리의 이 옷과 신도 여행이 심히 길므로 인하여 낡아졌나이다' 한지라
여호수아,9,14,여호수아 9:14,무리가 그들의 양식을 취하고 어떻게 할 것을 여호와께 묻지 아니하고
여호수아,9,16,여호수아 9:16,그들과 언약을 맺은 후 삼일이 지나서야 그들은 근린에 있어 자기들 중에 거주하는 자라 함을 들으니라
여호수아,9,17,여호수아 9:17,"이스라엘 자손이 진행하여 제 삼일에 그들의 여러 성읍에 이르렀으니 그 성읍은 기브온과, 그비라와, 브에롯과, 기럇여아림이라"
여호수아,9,18,여호수아 9:18,그러나 회중 족장들이 이스라엘 하나님 여호와로 그들에게 맹세한 고로 이스라엘 자손이 그들을 치지 못한지라 그러므로 회중이 다 족장들을 원망하니
여호수아,9,20,여호수아 9:20,우리가 그들에게 맹세한 맹약을 인하여 진노가 우리에게 임할까 하노니 이렇게 행하여 그들을 살리리라' 하고
여호수아,9,25,여호수아 9:25,보소서 ! 이제 우리가 당신의 손에 있으니 당신의 의향에 좋고 옳은대로 우리에게 행하소서' 한지라
여호수아,10,2,여호수아 10:2,크게 두려워하였으니 이는 기브온은 왕도와 같은 큰 성임이요 아이보다 크고 그 사람들은 다 강함이라
여호수아,10,13,여호수아 10:13,태양이 머물고 달이 그치기를 백성이 그 대적에게 원수를 갚도록 하였느니라 야살의 책에 기록되기를 태양이 중천에 머물러서 거의 종일토록 속히 내려가지 아니하였다 하지 아니하였느냐
여호수아,10,14,여호수아 10:14,여호와께서 사람의 목소리를 들으신 이 같은 날은 전에도 없었고 후에도 없었나니 이는 여호와께서 이스라엘을 위하여 싸우셨음이니라
여호수아,10,16,여호수아 10:16,그 다섯 왕이 도망하여 막게다의 굴에 숨었더니
여호수아,11,5,여호수아 11:5,이 왕들이 모여 나아와서 이스라엘과 싸우려고 메롬 물가에 함께 진 쳤더라
여호수아,13,11,여호수아 13:11,길르앗과 및 그술 사람과 마아갓 사람의 지경과 온 헤르몬산과 살르가까지 이른 온 바산
여호수아,14,8,여호수아 14:8,나와 함께 올라갔던 내 형제들은 백성의 간담을 녹게 하였으나 나는 나의 하나님 여호와를 온전히 좇았으므로
여호수아,14,15,여호수아 14:15,헤브론의 옛 이름은 기럇 아르바라 아르바는 아낙 사람 가운데 가장 큰 사람이었더라 그 땅에 전쟁이 그쳤더라
여호수아,15,2,여호수아 15:2,그 남편 경계는 염해의 극단 곧 남향한 해만에서부터
여호수아,15,3,여호수아 15:3,아그랍빔 비탈 남편으로 지나 신에 이르고 가데스 바네아 남편으로 올라가서 헤스론을 지나며 아달로 올라가서 돌이켜 갈가에 이르고
여호수아,15,6,여호수아 15:6,벧호글라로 올라가서 벧 아라바 북편을 지나 르우벤 자손 보한의 돌에 이르고
여호수아,15,7,여호수아 15:7,또 아골 골짜기에서부터 드빌을 지나 북으로 올라가서 강 남편에 있는 아둠빔 비탈 맞은편 길갈을 향하고 나아가 엔 세메스 물을 지나 엔로겔에 이르며
여호수아,15,9,여호수아 15:9,또 이 산 꼭대기에서부터 넵도아 샘물까지 이르러 에브론 산 성읍들에 미치고 또 바알라 곧 기럇 여아림에 미치며
여호수아,15,10,여호수아 15:10,또 바알라에서부터 서편으로 돌이켜 세일 산에 이르러 여아림 산 곧 그살론 곁 북편에 이르고 또 벧 세메스로 내려가서 딤나로 지나고
여호수아,15,11,여호수아 15:11,또 에그론 북편으로 나아가 식그론에 이르러 바알라 산에 미치고 얍느엘에 이르나니 그 끝은 바다며
여호수아,15,12,여호수아 15:12,서편 경계는 대해와 그 해변이니 유다 자손이 그 가족대로 얻은 사면 경계가 이러하니라
여호수아,15,15,여호수아 15:15,거기서 올라가서 드빌 거민을 쳤는데 드빌의 본 이름은 기럇 세벨이라
여호수아,15,16,여호수아 15:16,갈렙이 말하기를 기럇 세벨을 쳐서 그것을 취하는 자에게는 내가 내 딸 악사를 아내로 주리라 하였더니
여호수아,15,20,여호수아 15:20,유다 자손의 지파가 그 가족대로 얻은 기업은 이러하니라
여호수아,15,63,여호수아 15:63,예루살렘 거민 여부스 사람을 유다 자손이 쫓아내지 못하였으므로 여부스 사람이 오늘날까지 유다 자손과 함께 예루살렘에 거하니라
여호수아,16,2,여호수아 16:2,벧엘에서부터 루스로 나아가 아렉 사람의 경계로 지나 아다롯에 이르고
여호수아,16,3,여호수아 16:3,서편으로 내려가서 야블렛 사람의 경계에 이르러 아래 벧 호론 곧 게셀에 미치고 그 끝은 바다라
여호수아,16,5,여호수아 16:5,에브라임 자손의 그 가족대로 얻은 것의 경계는 이러하니라 그 기업의 경계는 동으로 아다롯 앗달에서 윗 벧 호론에 이르고
여호수아,16,6,여호수아 16:6,또 서편으로 나아가 북편 믹므다에 이르고 동편으로 돌아 다아낫실로에 이르러 야노아 동편을 지나고
여호수아,16,8,여호수아 16:8,또 답부아에서부터 서편으로 지나서 가나 시내에 미치나니 그 끝은 바다라 에브라임 자손의 지파가 그 가족대로 얻은 기업이 이러하였고
여호수아,18,1,여호수아 18:1,이스라엘 자손의 온 회중이 실로에 모여서 거기 회막을 세웠으니 그 땅이 이미 그들의 앞에 돌아와 복종하였음이나
여호수아,18,2,여호수아 18:2,이스라엘 자손 중에 그 기업의 분배를 얻지 못한 자가 오히려 일곱 지파라
여호수아,18,4,여호수아 18:4,너희는 매 지파에 삼인씩 선정하라 내가 그들을 보내리니 그들은 일어나서 그 땅에 두루 다니며 그 기업에 상당하게 그려 가지고 내게로 돌아올 것이라
여호수아,18,6,여호수아 18:6,그 남은 땅을 일곱 부분으로 그려서 이곳 내게로 가져올지니 내가 여기서 너희를 위하여 우리 하나님 여호와 앞에서 제비뽑으리라
여호수아,18,13,여호수아 18:13,또 그 경계가 거기서부터 루스로 나아가서 루스 남편에 이르나니루스는 곧 벧엘이며 또 그 경계가 아다롯 앗달로 내려가서 아래 벧 호론 남편 산 곁으로 지나고
여호수아,18,14,여호수아 18:14,벧 호론 앞 남편 산에서부터 서방으로 돌아 남편으로 향하여 유다 자손의 성읍 기럇바알 곧 기럇 여아림에 이르러 끝이 되나니 이는 서방 경계며
여호수아,18,15,여호수아 18:15,남방 경계는 기럇 여아림 끝에서부터 서편으로 나아가 넵도아 물 근원에 이르고
여호수아,18,16,여호수아 18:16,르바임 골짜기 북편 힌놈의 아들 골짜기 앞에 있는 산 끝으로 내려가고 또 힌놈의 골짜기로 내려가서 여부스 남편에 이르러 엔 로겔로 내려가고
여호수아,18,17,여호수아 18:17,또 북향하여 엔 세메스로 나아가서 아둠밈 비탈 맞은편 글릴롯으로 나아가서 르우벤 자손 보한의 돌까지 내려 가고
여호수아,18,18,여호수아 18:18,북으로 아라바 맞은편을 지나 아라바로 내려가고
여호수아,19,1,여호수아 19:1,둘째로 시므온 곧 시므온 자손의 지파를 위하여 그 가족대로 제비를 뽑았으니 그 기업은 유다 자손의 기업 중에서라
여호수아,19,29,여호수아 19:29,돌아서 라마와 견고한 성읍 두로에 이르고 돌아서 호사에 이르고 악십 지방 곁 바다가 끝이 되며
여호수아,19,30,여호수아 19:30,"또 움마와, 아벡과, 르홉이니 모두 이십 이 성읍과 그 촌락이라"
여호수아,19,32,여호수아 19:32,여섯째로 납달리 자손을 위하여 납달리 자손의 가족대로 제비를 뽑았으니
여호수아,19,38,여호수아 19:38,"이론과, 믹다렐과, 호렘과, 벧 아낫과, 벧 세메스니 모두 십 구 성읍이요 또 그 촌락이라"
여호수아,19,40,여호수아 19:40,일곱째로 단 자손의 지파를 위하여 그 가족대로 제비를 뽑았으니
여호수아,19,46,여호수아 19:46,"메얄곤과, 락곤과, 욥바 맞은편 경계까지라"
여호수아,20,3,여호수아 20:3,부지 중 오살한 자를 그리로 도망하게 하라 이는 너희 중 피의 보수자를 피할 곳이니라
여호수아,20,4,여호수아 20:4,그 성읍들의 하나에 도피하는 자는 그 성읍에 들어가는 문 어귀에 서서 그 성읍 장로들의 귀에 자기의 사고를 고할 것이요 그들은 그를 받아 성읍에 들여 한 곳을 주어 자기들 중에 거하게 하고
여호수아,20,5,여호수아 20:5,피의 보수가 그 뒤를 따라온다 할지라도 그들은 그 살인자를 그의 손에 내어주지 말지니 이는 본래 미워함이 없이 부지 중에 그 이웃을 죽였음이라
여호수아,21,3,여호수아 21:3,이스라엘 자손이 여호와의 명을 따라 자기의 기업에서 이 아래 성읍들과 그 들을 레위 사람에게 주니라
여호수아,21,9,여호수아 21:9,유다 자손의 지파와 시므온 자손의 지파 중에서는 이 아래 기명한 성읍들을 주었는데
여호수아,21,11,여호수아 21:11,아낙의 아비 아르바의 성읍 유다 산지 기럇 아르바 곧 헤브론과 그 사면 들을 그들에게 주었고
여호수아,21,16,여호수아 21:16,"아인과 그 들과, 윳다와 그 들과, 벧 세메스와 그 들이니 이 두 지파에서 아홉 성읍을 내었고"
여호수아,21,18,여호수아 21:18,"아나돗과 그 들과, 알몬과 그 들 곧 네 성읍을 내었으니"
여호수아,21,43,여호수아 21:43,여호와께서 이스라엘의 열조에게 맹세하사 주마 하신 온 땅을 이와 같이 이스라엘에게 다 주셨으므로 그들이 그것을 얻어 거기 거하였으며
여호수아,21,44,여호수아 21:44,여호와께서 그들의 사방에 안식을 주셨으되 그 열조에게 맹세하신 대로 하셨으므로 그 모든 대적이 그들을 당한 자가 하나도 없었으니 이는 여호와께서 그들의 모든 대적을 그들의 손에 붙이셨음이라
여호수아,22,3,여호수아 22:3,오늘날까지 날이 오래도록 너희가 너희 형제를 떠나지 아니하고 오직 너희 하나님 여호와의 명하신 그 책임을 지키도다
여호수아,22,14,여호수아 22:14,이스라엘 각 지파에서 한 방백씩 열 방백을 그와 함께 하게 하니 그들은 각기 이스라엘 천만인 중 족속의 두령이라
여호수아,22,22,여호수아 22:22,"'전능하신 자 하나님 여호와,전능하신 자 하나님 여호와께서 아시나니 이스라엘도 장차 알리라 이 일이 만일 여호와께 패역함이거나 범죄함이거든 주는 오늘날 우리를 구원치 마시옵소서"
여호수아,22,24,여호수아 22:24,우리가 목적이 있어서 주의하고 이같이 하였노라 곧 생각하기를 후일에 너희 자손이 우리 자손에게 말하여 이르기를 너희가 이스라엘 하나님 여호와와 무슨 상관이 있느냐 ?
여호수아,23,3,여호수아 23:3,너희 하나님 여호와께서 너희를 위하여 이 모든 나라에 행하신 일을 너희가 다 보았거니와 너희 하나님 여호와 그는 너희를 위하여 싸우신 자시니라
여호수아,23,7,여호수아 23:7,너희 중에 남아 있는 이 나라들 중에 가지 말라 ! 그 신들의 이름을 부르지 말라 ! 그것을 가리켜 맹세하지 말라 ! 또 그것을 섬겨서 그것에게 절하지 말라 !
여호수아,23,8,여호수아 23:8,오직 너희 하나님 여호와를 친근히 하기를 오늘날까지 행한것 같이 하라
여호수아,23,9,여호수아 23:9,대저 여호와께서 강대한 나라들을 너희 앞에서 쫓아내셨으므로 오늘날까지 너희를 당한 자가 하나도 없었느니라
여호수아,23,10,여호수아 23:10,너희 중 한 사람이 천명을 쫓으리니 이는 너희 하나님 여호와 그가 너희에게 말씀하신 것 같이 너희를 위하여 싸우심이라
여호수아,23,11,여호수아 23:11,그러므로 스스로 조심하여 너희 하나님 여호와를 사랑하라 !
여호수아,23,14,여호수아 23:14,"보라, 나는 오늘날 온 세상이 가는 길로 가려니와 너희 하나님 여호와께서 너희에게 대하여 말씀하신 모든 선한 일이 하나도 틀리지 아니하고 다 너희에게 응하여 그 중에 하나도 어김이 없음을 너희 모든 사람의 마음과 뜻에 아는 바라"
여호수아,24,10,여호수아 24:10,내가 발람을 듣기를 원치 아니한 고로 그가 오히려 너희에게 축복하였고 나는 너희를 그 손에서 건져 내었으며
여호수아,24,12,여호수아 24:12,내가 왕벌을 너희 앞에 보내어 그 아모리 사람의 두 왕을 너희 앞에서 쫓아내게 하였나니 너희 칼로나 너희 활로나 이같이 한 것이 아니며
여호수아,24,13,여호수아 24:13,내가 또 너희의 수고하지 아니한 땅과 너희가 건축지 아니한 성읍을 너희에게 주었더니 너희가 그 가운데 거하며 너희가 또 자기의 심지 아니한 포도원과 감람원의 과실을 먹는다 하셨느니라
여호수아,24,15,여호수아 24:15,만일 여호와를 섬기는 것이 너희에게 좋지 않게 보이거든 너희 열조가 강 저편에서 섬기던 신이든지 혹 너희의 거하는 땅 아모리 사람의 신이든지 너희 섬길 자를 오늘날 택하라 ! 오직 나와 내 집은 여호와를 섬기겠노라 !'
사사기,1,12,사사기 1:12,갈렙이 말하기를 `기럇 세벨을 쳐서 그것을 취하는 자에게는 내 딸 악사를 아내로 주리라' 하였더니
사사기,1,18,사사기 1:18,유다가 또 가사와 그 경내와 아스글론과 그 경내와 에그론과 그 경내를 취하였고
사사기,1,19,사사기 1:19,여호와께서 유다와 함께 하신 고로 그가 산지 거민을 쫓아내었으나 골짜기의 거민들은 철병거가 있으므로 그들을 쫓아내지 못하였으며
사사기,1,31,사사기 1:31,"아셀이 악고 거민과, 시돈 거민과, 알랍과, 악십과, 헬바와, 아빅과, 르홉 거민을 쫓아내지 못하고"
사사기,1,34,사사기 1:34,아모리 사람이 단 자손을 산지로 쫓아들이고 골짜기에 내려오기를 용납지 아니하고
사사기,1,36,사사기 1:36,아모리 사람의 지계는 아그랍빔 비탈의 바위부터 그 위였더라
사사기,2,4,사사기 2:4,여호와의 사자가 이스라엘 모든 자손에게 이말씀을 이르매 백성이 소리를 높여 운지라
사사기,2,5,사사기 2:5,그러므로 그곳을 이름하여 보김이라 하니라 무리가 거기서 여호와께 제사를 드렸더라
사사기,2,9,사사기 2:9,무리가 그의 기업의 경내 에브라임 산지 가아스산 북 딤낫 헤레스에 장사하였고
사사기,2,16,사사기 2:16,여호와께서 사사를 세우사 노략하는 자의 손에서 그들을 건져내게 하셨으나
사사기,3,2,사사기 3:2,이스라엘 자손의 세대 중에 아직 전쟁을 알지 못하는 자에게 그것을 가르쳐 알게 하려하사 남겨 두신 열국은
사사기,3,9,사사기 3:9,이스라엘 자손이 여호와께 부르짖으매 여호와께서 그들을 위하여 한 구원자를 세워 구원하게 하시니 그는 곧 갈렙의 아우 그나스의 아들 옷니엘이라
사사기,3,18,사사기 3:18,에훗이 공물 바치기를 마친 후에 공물을 메고 온 자들을 보내고
사사기,3,26,사사기 3:26,그들의 기다리는 동안에 에훗이 피하여 돌 뜨는 곳을 지나 스이라로 도망하니라
사사기,4,7,사사기 4:7,내가 야빈의 군대 장관 시스라와 그 병거들과 그 무리를 기손강으로 이끌어 네게 이르게 하고 그를 네 손에 붙이리라 하셨느니라'
사사기,4,12,사사기 4:12,아비노암의 아들 바락이 다볼산에 오른 것을 혹이 시스라에게 고하매
사사기,4,17,사사기 4:17,시스라가 도보로 도망하여 겐사람 헤벨의 아내 야엘의 장막에 이르렀으니 하솔 왕 야빈은 겐 사람 헤벨의 집과 화평이 있음이라
사사기,5,2,사사기 5:2,이스라엘의 두령이 그를 영솔하였고 백성이 즐거이 헌신하였으니 여호와를 찬송하라 !
사사기,5,3,사사기 5:3,너희 왕들아 들으라 ! 방백들아 귀를 기울이라 ! 나 곧 내가 여호와를 노래할 것이요 이스라엘의 하나님 여호와를 찬송하리로다 !
사사기,5,6,사사기 5:6,아낫의 아들 삼갈의 날에 또는 야엘의 날에는 대로가 비었고 행인들은 소로로 다녔도다
사사기,5,9,사사기 5:9,내 마음이 이스라엘의 방백을 사모함은 그들이 백성 중에서 즐거이 헌신하였음이라 여호와를 찬송하라 !
사사기,5,10,사사기 5:10,"흰 나귀를 탄 자들, 귀한 화문석에 앉은 자들, 길에 행하는 자들아 선파할지어다 !"
사사기,5,11,사사기 5:11,활 쏘는 자의 지꺼림에서 멀리 떨어진 물 긷는 곳에서도 여호와의 의로우신 일을 칭술하라 그의 이스라엘을 다스리시는 의로우신 일을 칭술하라 그 때에 여호와의 백성이 성문에 내려갔도다
사사기,5,16,사사기 5:16,네가 양의 우리 가운데 앉아서 목자의 저 부는 소리를 들음은 어찜이뇨 ? 르우벤 시냇가에서 마음에 크게 살핌이 있도다
사사기,5,18,사사기 5:18,스불론은 죽음을 무릅쓰고 생명을 아끼지 아니한 백성이요 납달리도 들의 높은 곳에서 그러하도다
사사기,5,20,사사기 5:20,별들이 하늘에서부터 싸우되 그 다니는 길에서 시스라와 싸웠도다
사사기,5,21,사사기 5:21,기손강은 그 무리를 표류시켰으니 이 기손강은 옛 강이라 내 영혼아 ! 네가 힘 있는 자를 밟았도다
사사기,5,24,사사기 5:24,겐 사람 헤벨의 아내 야엘은 다른 여인보다 복을 받을 것이니 장막에 거한 여인보다 더욱 복을 받을 것이로다
사사기,5,25,사사기 5:25,시스라가 물을 구하매 우유를 주되 곧 엉긴 젖을 귀한 그릇에 담아주었고
사사기,5,28,사사기 5:28,시스라의 어미가 창문으로 바라보며 살창에서 부르짖기를 `그의 병거가 어찌하여 더디 오는고 그의 병거 바퀴가 어찌하여 더디 구는고' 하매
사사기,6,10,사사기 6:10,내가 또 너희에게 이르기를 나는 너희 하나님 여호와니 너희의 거하는 아모리 사람의 땅의 신들을 두려워 말라 하였으나 너희가 내 목소리를 청종치 아니하였느니라 하셨다 하니라
사사기,6,21,사사기 6:21,여호와의 사자가 손에 잡은 지팡이 끝을 내밀어 고기와 무교전병에 대매 불이 반석에서 나와 고기와 무교전병을 살랐고 여호와의 사자는 떠나서 보이지 아니한지라
사사기,6,23,사사기 6:23,여호와께서 그에게 이르시되 너는 안심하라 ! 두려워 말라 ! 죽지 아니하리라 ! 하시니라
사사기,6,37,사사기 6:37,보소서 ! 내가 양털 한 뭉치를 타작마당에 두리니 이슬이 양털에만 있고 사면 땅은 마르면 주께서 이미 말씀하심 같이 내 손으로 이스라엘을 구원하실 줄 내가 알겠나이다' 하였더니
사사기,7,6,사사기 7:6,손으로 움켜 입에 대고 핥는 자의 수는 삼백명이요 그 외의 백성은 다 무릎을 꿇고 물을 마신지라
사사기,7,10,사사기 7:10,만일 네가 내려가기를 두려워 하거든 네 부하 부라를 데리고 그 진으로 내려가서
사사기,7,16,사사기 7:16,삼백명을 세 대로 나누고 각 손에 나팔과 빈 항아리를 들리고 항아리 안에는 횃불을 감추게 하고
사사기,7,21,사사기 7:21,각기 당처에 서서 그 진을 사면으로 에워싸매 그 온 적군이 달음질하고 부르짖으며 도망하였는데
사사기,8,8,사사기 8:8,거기서 브누엘에 올라가서 그들에게도 그같이 구한즉 브누엘 사람들의 대답도 숙곳 사람들의 대답과 같은지라
사사기,8,14,사사기 8:14,숙곳 사람 중 한 소년을 잡아 신문하매 숙곳 방백과 장로 칠십 칠인을 그를 위하여 기록한지라
사사기,8,29,사사기 8:29,요아스의 아들 여룹바알이 돌아가서 자기 집에 거하였는데
사사기,9,2,사사기 9:2,청하노니 너희는 세겜 사람들의 귀에 말하라 여룹바알의 아들 칠십 인이 다 너희를 다스림과 한 사람이 너희를 다스림이 어느 것이 너희에게 나으냐 또 나는 너희의 골육지친임을 생각하라
사사기,9,3,사사기 9:3,그 어미의 형제들이 그를 위하여 이 모든 말을 온 세겜 사람들의 귀에 고하매 그들의 마음이 아비멜렉에게로 기울어서 말하기를 그는 우리 형제라 하고
사사기,9,6,사사기 9:6,세겜 모든 사람과 밀로 모든 족속이 모여 가서 세겜에 있는 기둥 상수리나무 아래서 아비멜렉으로 왕을 삼으니라
사사기,9,16,사사기 9:16,이제 너희가 아비멜렉을 세워 왕을 삼았으니 너희 행한 것이 과연 진실하고 의로우냐 이것이 여룹바알과 그 집을 선대함이냐 이것이 그 행한 대로 그에게 보답함이냐
사사기,9,21,사사기 9:21,요담이 그 형제 아비멜렉을 두려워하여 달려 도망하여 브엘로 가서 거기 거하니라
사사기,9,22,사사기 9:22,아비멜렉이 이스라엘을 다스린지 삼 년에
사사기,9,25,사사기 9:25,세겜 사람들이 산들 꼭대기에 사람을 매복하여 아비멜렉을 엿보게 하고 무릇 그 길로 지나는 자를 다 겁탈하게 하니 혹이 그것을 아비멜렉에게 고하니라
사사기,9,26,사사기 9:26,에벳의 아들 가알이 그 형제로 더불어 세겜에 이르니 세겜 사람들이 그를 의뢰하니라
사사기,9,30,사사기 9:30,그 성읍 장관 스불이 에벳의 아들 가알의 말을 듣고 노하여
사사기,9,35,사사기 9:35,에벳의 아들 가알이 나와서 성읍문 입구에 설 때에 아비멜렉과 그를 좇은 백성이 매복하였던 곳에서 일어난지라
사사기,9,42,사사기 9:42,이튿날 백성이 밭으로 나오매 혹이 그것을 아비멜렉에게 고하니라
사사기,9,46,사사기 9:46,세겜 망대의 사람들이 이를 듣고 엘브릿 신당의 보장으로 들어갔더니
사사기,9,47,사사기 9:47,세겜 망대의 모든 사람의 모인 것이 아비멜렉에게 들리매
사사기,9,50,사사기 9:50,아비멜렉이 데베스에 가서 데베스를 대하여 진 치고 그것을 취하였더니
사사기,9,51,사사기 9:51,성중에 견고한 망대가 있으므로 그 성 백성의 남녀가 모두 그리로 도망하여 들어가서 문을 잠그고 망대 꼭대기로 올라간지라
사사기,9,55,사사기 9:55,이스라엘 사람들이 아비멜렉의 죽은 것을 보고 각각 자기 처소로 떠나갔더라
사사기,10,1,사사기 10:1,아비멜렉의 후에 잇사갈 사람 도도의 손자 부아의 아들 돌라가 일어나서 이스라엘을 구원하니라 그가 에브라임 산지 사밀에 거하여
사사기,10,3,사사기 10:3,그 후에 길르앗 사람 야일이 일어나서 이십 이년 동안 이스라엘의 사사가 되니라
사사기,10,16,사사기 10:16,자기 가운데서 이방 신들을 제하여 버리고 여호와를 섬기매 여호와께서 이스라엘의 곤고를 인하여 마음에 근심하시니라
사사기,11,1,사사기 11:1,길르앗 사람 큰 용사 입다는 기생이 길르앗에게 낳은 아들이었고
사사기,11,5,사사기 11:5,암몬 자손이 이스라엘을 치려 할 때에 길르앗 장로들이 입다를 데려 오려고 돕 땅에 가서
사사기,11,14,사사기 11:14,입다가 암몬 자손의 왕에게 다시 사자를 보내어
사사기,11,26,사사기 11:26,이스라엘이 헤스본과 그 향촌들과 아로엘과 그 향촌들과 아르논 연안에 있는 모든 성읍에 거한지 삼백년이어늘 그동안 너희가 어찌하여 도로 찾지 아니하였느냐 ?
사사기,11,27,사사기 11:27,내가 네게 죄를 짓지 아니하였거늘 네가 나를 쳐서 내게 악을 행하고자 하는도다 원컨대 심판하시는 여호와는 오늘날 이스라엘 자손과 암몬 자손의 사이에 판결하시옵소서' 하나
사사기,11,34,사사기 11:34,입다가 미스바에 돌아와 자기 집에 이를 때에 그 딸이 소고를 잡고 춤추며 나와서 영접하니 그의 무남독녀라
사사기,12,3,사사기 12:3,내가 너희의 구원치 아니하는 것을 보고 내 생명을 돌아보지 아니하고 건너가서 암몬 자손을 쳤더니 여호와께서 그들을 내 손에 붙이셨거늘 너희가 어찌하여 오늘날 내게 올라와서 나로 더불어 싸우고자 하느냐 ?' 하고
사사기,12,14,사사기 12:14,그에게 아들 사십과 손자 삼십이 있어서 어린 나귀 칠십필을 탔었더라 압돈이 이스라엘의 사사가 된지 팔년이라
사사기,13,2,사사기 13:2,소라 땅에 단 지파의 가족 중 마노아라 이름하는 자가 있더라 그 아내가 잉태하지 못하므로 생산치 못하더니
사사기,13,3,사사기 13:3,여호와의 사자가 그 여인에게 나타나시고 그에게 이르시되 `보라 ! 네가 본래 잉태하지 못하므로 생산치 못하였으나 이제 잉태하여 아들을 낳으리니
사사기,13,4,사사기 13:4,그러므로 너는 삼가서 포도주와 독주를 마시지 말지며 무릇 부정한 것을 먹지 말지니라
사사기,13,9,사사기 13:9,하나님이 마노아의 목소리를 들으시니라 여인이 밭에 앉았을 때에 하나님의 사자가 다시 그에게 임하셨으나 그 남편 마노아는 함께 있지 아니한지라
사사기,13,13,사사기 13:13,여호와의 사자가 마노아에게 이르시되 `내가 여인에게 말한 것들을 그가 다 삼가서
사사기,13,14,사사기 13:14,포도나무의 소산을 먹지 말며 포도주와 독주를 마시지 말며 무릇 부정한 것을 먹지 말아서 내가 그에게 명한 것은 다 지킬 것이니라'
사사기,13,15,사사기 13:15,마노아가 여호와의 사자에게 말씀하되 `구하옵나니 당신은 우리에게 머물러서 우리가 당신을 위하여 염소 새끼 하나를 준비하게 하소서'
사사기,13,17,사사기 13:17,마노아가 또 여호와의 사자에게 말씀하되 `당신의 이름이 무엇이니이까 ? 당신의 말씀이 이룰 때에 우리가 당신을 존숭하리이다'
사사기,13,18,사사기 13:18,여호와의 사자가 그에게 이르시되 `어찌하여 이를 묻느냐 ? 내 이름은 기묘니라'
사사기,13,20,사사기 13:20,불꽃이 단에서부터 하늘로 올라가는 동시에 여호와의 사자가 단 불꽃 가운데로 좇아 올라간지라 마노아와 그 아내가 이것을 보고 얼굴을 땅에 대고 엎드리니라
사사기,13,21,사사기 13:21,여호와의 사자가 마노아와 그 아내에게 다시 나타나지 아니하니 마노아가 이에 그가 여호와의 사자인 줄알고
사사기,13,25,사사기 13:25,소라와 에스다올 사이 마하네단에서 여호와의 신이 비로소 그에게 감동하시니라
사사기,16,29,사사기 16:29,"집을 버틴 두 가운데 기둥을 하나는 왼손으로, 하나는 오른손으로 껴 의지하고"
사사기,17,1,사사기 17:1,에브라임 산지에 미가라 이름하는 사람이 있더니
사사기,18,11,사사기 18:11,단 지파 가족 중 육백명이 병기를 띠고 소라와 에스다올에서 출발하여
사사기,18,13,사사기 18:13,무리가 거기서 떠나서 에브라임 산지 미가의 집에 이르니라
사사기,18,15,사사기 18:15,다섯 사람이 그 편으로 향하여 소년 레위 사람의 집 곧 미가의 집에 이르러 문안하고
사사기,18,16,사사기 18:16,단 자손 육백명은 병기를 띠고 문 입구에 서니라
사사기,18,26,사사기 18:26,단 자손이 자기 길을 행한지라 미가가 단 자손이 자기보다 강한 것을 보고 돌이켜 집으로 돌아갔더라
사사기,18,29,사사기 18:29,이스라엘의 소생 그 조상 단의 이름을 따라 그 성읍을 단이라 하니라 그 성읍의 본 이름은 라이스더라
사사기,19,3,사사기 19:3,그 남편이 그 여자에게 다정히 말하고 그를 데려오고자 하여 하인 하나와 나귀 두 필을 데리고 그에게로 가매 여자가 그를 인도하여 아비의 집에 들어가니 그 여자의 아비가 그를 보고 환영하니라
사사기,19,4,사사기 19:4,그 첩장인 곧 여자의 아비가 그를 머물리매 그가 삼일을 그와 함께 거하며 먹고 마시며 거기서 유숙하다가
사사기,19,7,사사기 19:7,그 사람이 일어나서 가고자 하되 첩장인의 간청으로 다시 유숙하더니
사사기,19,14,사사기 19:14,모두 앞으로 행하더니 베냐민에 속한 기브아에 가까이 이르러는 해가 진지라
사사기,19,19,사사기 19:19,우리에게는 나귀들에게 먹일 짚과 보리가 있고 나와 당신의 여종과 당신의 종 우리들과 함께한 소년의 먹을 양식과 포도주가 있어 무엇이든지 부족함이 없나이다'
사사기,19,26,사사기 19:26,동틀 때에 여인이 그 주인의 우거한 그 사람의 집 문에 이르러 엎드러져 밝기까지 거기 누웠더라
사사기,20,2,사사기 20:2,온 백성의 어른 곧 이스라엘 모든 지파의 어른들은 하나님 백성의 총회에 섰고 칼을 빼는 보병은 사십만이었으며
사사기,20,7,사사기 20:7,이스라엘 자손들아 ! 너희가 다 여기 있은즉 너희의 의견과 방책을 낼지니라'
사사기,20,9,사사기 20:9,우리가 기브아 사람에게 이렇게 행하리니 곧 제비뽑아서 그들을 치되
사사기,20,10,사사기 20:10,"우리가 이스라엘 모든 지파 중에서 백에 열, 천에 백, 만에 천을 취하고 그 백성을 위하여 양식을 예비하고 그들로 베냐민의 기브아에 가서 그 무리의 이스라엘 중에서 망령된 일을 행한 대로 징계하게 하리라' 하니라"
사사기,20,11,사사기 20:11,이와 같이 이스라엘 모든 사람이 하나 같이 합심하여 그 성읍을 치려고 모였더라
사사기,20,12,사사기 20:12,이스라엘 지파들이 베냐민 온 지파에 사람들을 보내어 두루 행하며 이르기를 `너희 중에서 생긴 이 악이 어찜이뇨 ?
사사기,20,16,사사기 20:16,이 모든 백성 중에서 택한 칠 백명은 다 왼손잡이라 물매로 돌을 던지면 호리도 틀림이 없는 자더라
사사기,20,17,사사기 20:17,베냐민 자손 외에 이스라엘 사람의 칼을 빼는 자의 수는 사십만명이니 다 전사라
사사기,20,19,사사기 20:19,이스라엘 자손이 아침에 일어나 기브아를 대하여 진을 치니라
사사기,20,22,사사기 20:22,이스라엘 사람들이 스스로 용기를 내어 첫날 항오를 벌였던 곳에 다시 항오를 벌이니라
사사기,20,29,사사기 20:29,이스라엘이 기브아 사면에 군사를 매복하니라
사사기,20,32,사사기 20:32,스스로 이르기를 이들이 처음과 같이 우리 앞에서 패한다하나 이스라엘 자손은 이르기를 `우리가 도망하여 그들을 성읍에서 큰 길로 꾀어내자' 하고
사사기,20,33,사사기 20:33,이스라엘 사람이 모두 그 처소에서 일어나서 바알다말에 항오를 벌였고 그 복병은 그 처소 곧 기브아 초장에서 쏟아져 나왔더라
사사기,20,38,사사기 20:38,처음에 이스라엘 사람과 복병 사이에 상약하기를 `성읍에서 큰 연기가 치미는 것으로 군호를 삼자' 하고
사사기,21,2,사사기 21:2,백성이 벧엘에 이르러 거기서 저녁까지 하나님 앞에 앉아서 대성 통곡하여
사사기,21,7,사사기 21:7,그 남은 자들에게 우리가 어떻게 하면 아내를 얻게 하리요 우리가 전에 여호와로 맹세하여 우리 딸을 그들의 아내로 주지 아니하리라' 하였도다
사사기,21,9,사사기 21:9,백성을 계수할 때에 야베스 길르앗 거민이 하나도 거기 없음을 보았음이라
사사기,21,13,사사기 21:13,온 회중이 림몬 바위에 있는 베냐민 자손에게 보내어 평화를 공포하게 하였더니
사사기,21,21,사사기 21:21,보다가 실로의 여자들이 무도하러 나오거든 너희는 포도원에서 나와서 실로의 딸 중에서 각각 그 아내로 붙들어 가지고 베냐민 땅으로 돌아가라
사사기,21,23,사사기 21:23,베냐민 자손이 그같이 행하여 춤추는 여자 중에서 자기들의 수효대로 아내로 붙들어 가지고 자기 기업에 돌아가서 성읍들을 중건하고 거기 거하니라
룻기,1,7,룻기 1:7,있던 곳을 떠나고 두 자부도 그와 함께 하여 유다 땅으로 돌아오려고 길을 행하다가
룻기,1,9,룻기 1:9,여호와께서 너희로 각각 남편의 집에서 평안함을 얻게 하시기를 원하노라' 하고 그들에게 입맞추매 그들이 소리를 높여 울며
룻기,1,12,룻기 1:12,내 딸들아 돌이켜 너희 길로 가라 나는 늙었으니 남편을 두지 못할지라 가령 내가 소망이 있다고 말한다든지 오늘 밤에 남편을 두어서 아들들을 생산한다 하자
룻기,1,17,룻기 1:17,어머니께서 죽으시는 곳에서 나도 죽어 거기 장사될 것이라 만일 내가 죽는 일 외에 어머니와 떠나면 여호와께서 내게 벌을 내리시고 더 내리시기를 원하나이다'
룻기,2,9,룻기 2:9,그들의 베는 밭을 보고 그들을 따르라 내가 그 소년들에게 명하여 너를 건드리지 말라 하였느니라 목이 마르거든 그릇에 가서 소년들의 길어 온 것을 마실지니라'
룻기,2,12,룻기 2:12,여호와께서 네 행한 일을 보응하시기를 원하며 이스라엘의 하나님 여호와께서 그 날개 아래 보호를 받으러 온 네게 온전한 상 주시기를 원하노라 !'
룻기,2,16,룻기 2:16,또 그를 위하여 줌에서 조금씩 뽑아 버려서 그로 줍게 하고 꾸짖지 말라' 하니라
룻기,2,17,룻기 2:17,룻이 밭에서 저녁까지 줍고 그 주운 것을 떠니 보리가 한 에바쯤 되는지라
룻기,2,18,룻기 2:18,그것을 가지고 성읍에 들어가서 시모에게 그 주운 것을 보이고 그 배불리 먹고 남긴 것을 내어 시모에게 드리매
룻기,3,8,룻기 3:8,밤중에 그 사람이 놀라 몸을 돌이켜 본즉 한 여인이 자기 발치에 누웠는지라
룻기,3,11,룻기 3:11,"내 딸아, 두려워말라 ! 내가 네 말대로 네게 다 행하리라 ! 네가 현숙한 여자인 줄 나의 성읍 백성이 다 아느니라"
룻기,3,12,룻기 3:12,참으로 나는 네 기업을 무를자나 무를 자가 나보다 더 가까운 친족이 있으니
룻기,4,7,룻기 4:7,옛적 이스라엘 중에 모든 것을 무르거나 교환하는 일을 확정하기 위하여 사람이 그신을 벗어 그 이웃에게 주더니 이것이 이스라엘의 증명하는 전례가 된지라
룻기,4,12,룻기 4:12,여호와께서 이 소년 여자로 네게 후사를 주사 네 집으로 다말이 유다에게 낳아준 베레스의 집과 같게 하시기를 원하노라'
사무엘상,1,4,사무엘상 1:4,엘가나가 제사를 드리는 날에는 제물의 분깃을 그 아내 브닌나와 그 모든 자녀에게 주고
사무엘상,1,5,사무엘상 1:5,한나에게는 갑절을 주니 이는 그를 사랑함이라 그러나 여호와께서 그로 성태치 못하게 하시니
사무엘상,1,7,사무엘상 1:7,매년에 한나가 여호와의 집에 올라갈 때마다 남편이 그같이 하매 브닌나가 그를 격동시키므로 그가 울고 먹지 아니하니
사무엘상,1,12,사무엘상 1:12,그가 여호와 앞에 오래 기도하는 동안에 엘리가 그의 입을 주목한즉
사무엘상,1,13,사무엘상 1:13,한나가 속으로 말하매 입술만 동하고 음성은 들리지 아니하므로 엘리는 그가 취한 줄로 생각한지라
사무엘상,1,16,사무엘상 1:16,당신의 여종을 악한 여자로 여기지 마옵소서 내가 지금까지 말한 것은 나의 원통함과 격동됨이 많음을 인함이니이다'
사무엘상,1,20,사무엘상 1:20,그들이 아침에 일찌기 일어나 여호와 앞에 경배하고 돌아가서 라마의 자기 집에 이르니라 엘가나가 그 아내 한나와 동침하매 여호와께서 그를 생각하신지라
사무엘상,1,22,사무엘상 1:22,그 사람 엘가나와 그 온 집이 여호와께 매년제와 그 서원제를 드리러 올라갈 때에
사무엘상,1,25,사무엘상 1:25,젖을 뗀 후에 그를 데리고 올라갈새 수소 셋과 가루 한 에바와 포도주 한 가죽부대를 가지고 실로 여호와의 집에 나아갔는데 아이가 어리더라
사무엘상,1,28,사무엘상 1:28,이 아이를 위하여 내가 기도하였더니 여호와께서 나의 구하여 기도한 바를 허락하신지라 [ 그러므로 나도 그를 여호와께 드리되 그의 평생을 여호와께 드리나이다' 하고 그 아이는 거기서 여호와께 경배하니라 ]
사무엘상,2,2,사무엘상 2:2,여호와와 같이 거룩하신 이가 없으시니 이는 주 밖에 다른 이가 없고 우리 하나님 같은 반석도 없으심이니이다
사무엘상,2,3,사무엘상 2:3,심히 교만한 말을 다시 하지 말 것이며 오만한 말을 너희 입에서 내지 말지어다 ! 여호와는 지식의 하나님이시라 행동을 달아보시느니라
사무엘상,2,5,사무엘상 2:5,유족하던 자들은 양식을 위하여 품을 팔고 주리던 자들은 다시 주리지 않도다 전에 잉태치 못하던 자는 일곱을 낳았고 많은 자녀를 둔 자는 쇠약하도다
사무엘상,2,7,사무엘상 2:7,"여호와는 가난하게도 하시고 부하게도 하시며, 낮추기도 하시고 높이기도 하시는도다"
사무엘상,2,8,사무엘상 2:8,가난한 자를 진토에서 일으키시며 빈핍한 자를 거름더미에서 드사 귀족들과 함께 앉게 하시며 영광의 위를 차지하게 하시는도다 땅의 기둥들은 여호와의 것이라 여호와께서 세계를 그 위에 세우셨도다
사무엘상,2,19,사무엘상 2:19,그 어미가 매년제를 드리러 그 남편과 함께 올라갈 때마다 작은 겉옷을 지어다가 그에게 주었더니
사무엘상,2,24,사무엘상 2:24,내 아들아 그리 말라 내게 들리는 소문이 좋지 아니하니라 너희가 여호와의 백성으로 범과케 하는도다
사무엘상,3,2,사무엘상 3:2,엘리의 눈이 점점 어두워 가서 잘 보지 못하는 그 때에 그가 자기 처소에 누웠고
사무엘상,4,5,사무엘상 4:5,여호와의 언약궤가 진에 들어 올 때에 온 이스라엘이 큰 소리로 외치매 땅이 울린지라
사무엘상,4,12,사무엘상 4:12,당일에 어떤 베냐민 사람이 진에서 달려나와 그 옷을 찢고 그 머리에 티끌을 무릅쓰고 실로에 이르니라
사무엘상,4,13,사무엘상 4:13,그가 이를 때는 엘리가 길 곁 자기 의자에 앉아 기다리며 그 마음이 여호와의 궤로 인하여 떨릴 즈음이라 그 사람이 성에 들어 오며 고하매 온 성이 부르짖는지라
사무엘상,5,3,사무엘상 5:3,아스돗 사람이 이튿날 일찌기 일어나 본즉 다곤이 여호와의 궤 앞에서 엎드러져 그 얼굴이 땅에 닿았는지라 그들이 다곤을 일으켜 다시 그 자리에 세웠더니
사무엘상,6,7,사무엘상 6:7,그러므로 새 수레를 만들고 멍에 메어 보지 아니한 젖 나는 소 둘을 끌어다가 수레를 소에 메우고 그 송아지들은 떼어 집으로 돌려 보내고
사무엘상,6,9,사무엘상 6:9,보아서 궤가 그 본 지경 길로 올라가서 벧세메스로 가면 이 큰 재앙은 그가 우리에게 내린 것이요 그렇지 아니하면 우리를 친 것이 그 손이 아니요 우연히 만난 것인 줄 알리라'
사무엘상,6,10,사무엘상 6:10,그 사람들이 그같이 하여 젖나는 소 둘을 끌어다가 수레를 메우고 송아지들은 집에 가두고
사무엘상,6,11,사무엘상 6:11,여호와의 궤와 및 금쥐와 그들의 독종의 형상을 담은 상자를 수레 위에 실으니
사무엘상,6,13,사무엘상 6:13,벧세메스 사람들이 골짜기에서 밀을 베다가 눈을 들어 궤를 보고 그것의 보임을 기뻐하더니
사무엘상,7,1,사무엘상 7:1,기럇여아림 사람들이 와서 여호와의 궤를 옮겨 산에 사는 아비나답의 집에 들여 놓고 그 아들 엘리아살을 거룩히 구별하여 여호와의 궤를 지키게 하였더니
사무엘상,7,2,사무엘상 7:2,궤가 기럇여아림에 들어간 날부터 이십 년 동안을 오래 있은지라 이스라엘 온 족속이 여호와를 사모하니라
사무엘상,7,16,사무엘상 7:16,해마다 벧엘과 길갈과 미스바로 순회하여 그 모든 곳에서 이스라엘을 다스렸고
사무엘상,8,2,사무엘상 8:2,장자의 이름은 요엘이요 차자의 이름은 아비야라 그들이 브엘세 바에서 사사가 되니라
사무엘상,8,9,사무엘상 8:9,그러므로 그들의 말을 듣되 너는 그들에게 엄히 경계하고 그들을 다스릴 왕의 제도를 알게 하라
사무엘상,9,13,사무엘상 9:13,당신들이 성으로 들어가면 그가 먹으러 산당에 올라가기 전에 곧 만나리이다 그가 오기 전에는 백성이 먹지 아니하나니 이는 그가 제물을 축사한 후에야 청함을 받은 자가 먹음이라 그러므로 지금올라 가소서 금시로 만나리이다' 하는지라
사무엘상,9,20,사무엘상 9:20,사흘 전에 잃은 네 암나귀들을 염려하지 말라 찾았느니라 온 이스라엘의 사모하는 자가 누구냐 ? 너와 네 아비의 온 집이 아니냐 ?'
사무엘상,10,3,사무엘상 10:3,네가 거기서 더 나아가서 다볼 상수리나무에 이르면 거기서 하나님께 뵈려고 벧엘로 올라가는 세 사람이 너와 만나리니 하나는 염소 새끼 셋을 이끌었고 하나는 떡 세덩이를 가졌고 하나는 포도주 한 가죽부대를 가진 자라
사무엘상,10,6,사무엘상 10:6,네게는 여호와의 신이 크게 임하리니 너도 그들과 함께 예언을 하고 변하여 새 사람이 되리라
사무엘상,10,7,사무엘상 10:7,이 징조가 네게 임하거든 너는 기회를 따라 행하라 ! 하나님이 너와 함께 하시느니라 !
사무엘상,12,12,사무엘상 12:12,너희가 암몬 자손의 왕 나하스의 너희를 치러 옴을 보고 너희 하나님 여호와께서는 너희의 왕이 되실지라도 너희가 내게 이르기를 아니라 우리를 다스릴 왕이 있어야 하겠다 하였도다
사무엘상,12,13,사무엘상 12:13,이제 너희의 구한 왕 너희의 택한 왕을 보라 여호와께서 너희 위에 왕을 세우셨느니라
사무엘상,12,14,사무엘상 12:14,너희가 만일 여호와를 경외하여 그를 섬기며 그 목소리를 듣고 여호와의 명령을 거역하지 아니하며 또 너희와 너희를 다스리는 왕이 너희 하나님 여호와를 좇으면 좋으니라마는
사무엘상,12,21,사무엘상 12:21,돌이켜 유익하게도 못하며 구원하지도 못하는 헛된 것을 좇지 말라 ! 그들은 헛되니라
사무엘상,12,22,사무엘상 12:22,여호와께서는 너희로 자기 백성 삼으신 것을 기뻐하신 고로 그 크신 이름을 인하여 자기 백성을 버리지 아니하실 것이요
사무엘상,12,23,사무엘상 12:23,나는 너희를 위하여 기도하기를 쉬는 죄를 여호와 앞에 결단코 범치 아니하고 선하고 의로운 도로 너희를 가르칠 것인즉
사무엘상,12,24,사무엘상 12:24,너희는 여호와께서 너희를 위하여 행하신 그 큰 일을 생각하여 오직 그를 경외하며 너희의 마음을 다하여 진실히 섬기라 !
사무엘상,13,2,사무엘상 13:2,이스라엘 사람 삼천을 택하여 그 중에서 이천은 자기와 함께 믹마스와 벧엘산에 있게 하고 일천은 요나단과 함께 베냐민 기브아에 있게 하고 남은 백성은 각기 장막으로 보내니라
사무엘상,14,5,사무엘상 14:5,한 바위는 북에서 믹마스 앞에 일어섰고 하나는 남에서 게바 앞에 일어섰더라
사무엘상,14,10,사무엘상 14:10,그들이 만일 이같이 말하기를 우리에게로 올라오라 하면 우리가 올라갈 것은 여호와께서 그들을 우리 손에 붙이셨음이니 이것이 우리에게 표징이 되리라' 하고
사무엘상,14,23,사무엘상 14:23,여호와께서 그 날에 이스라엘을 구원하시므로 전쟁이 벧아웬을 지나니라
사무엘상,14,26,사무엘상 14:26,백성이 수풀로 들어갈 때에 꿀이 흐르는 것을 보고도 그들이 맹세를 두려워하여 손을 그 입에 대는 자가 없으나
사무엘상,14,27,사무엘상 14:27,요나단은 그 아비가 맹세로 백성에게 명할 때에 듣지 못하였으므로 손에 가진 지팡이 끝을 내밀어 꿀을 찍고 그 손을 돌이켜 입에 대매 눈이 밝아졌더라
사무엘상,15,19,사무엘상 15:19,어찌하여 왕이 여호와의 목소리를 청종치 아니하고 탈취하기에만 급하여 여호와의 악하게 여기시는 것을 행하였나이까 ?'
사무엘상,15,25,사무엘상 15:25,청하오니 지금 내 죄를 사하고 나와 함께 돌아가서 나로 여호와께 경배하게 하소서'
사무엘상,15,29,사무엘상 15:29,이스라엘의 지존자는 거짓이나 변개함이 없으시니 그는 사람이 아니시므로 결코 변개치 않으심이니이다'
사무엘상,16,3,사무엘상 16:3,이새를 제사에 청하라 내가 너의 행할 일을 가르치리니 내가 네게 하는 자에게 나를 위하여 기름을 부을지니라
사무엘상,17,18,사무엘상 17:18,이 치스 열 덩이를 가져다가 그들의 천부장에게 주고 네 형들의 안부를 살피고 증표를 가져오라
사무엘상,17,30,사무엘상 17:30,돌이켜 다른 사람을 향하여 전과 같이 말하매 백성이 전과 같이 대답하니라
사무엘상,17,47,사무엘상 17:47,또 여호와의 구원하심이 칼과 창에 있지 아니함을 이 무리로 알게 하리라 전쟁은 여호와께 속한 것인즉 그가 너희를 우리 손에 붙이시리라
사무엘상,18,14,사무엘상 18:14,그 모든 일을 지혜롭게 행하니라 여호와께서 그와 함께 계시니라
사무엘상,19,3,사무엘상 19:3,내가 나가서 너 있는 들에서 내 부친 곁에 서서 네 일을 내 부친과 말하다가 무엇을 보거든 네게 알게 하리라' 하고
사무엘상,19,13,사무엘상 19:13,미갈이 우상을 취하여 침상에 뉘고 염소털로 엮은 것을 그 머리에 씌우고 의복으로 그것을 덮었더니
사무엘상,20,14,사무엘상 20:14,너는 나의 사는 날 동안에 여호와의 인자를 내게 베풀어서 나로 죽지 않게 할 뿐 아니라
사무엘상,20,19,사무엘상 20:19,너는 사흘을 있다가 빨리 내려가서 그 일이 있던 날에 숨었던 곳에 이르러 에셀 바위 곁에 있으라
사무엘상,20,20,사무엘상 20:20,내가 과녁을 쏘려 함 같이 살 셋을 그 곁에 쏘고
사무엘상,20,21,사무엘상 20:21,아이를 보내어 가서 살을 찾으라 하며 내가 짐짓 아이에게 이르기를 보라 살이 네 이편에 있으니 가져오라 하거든 너는 돌아올지니 여호와께서 사시거니와 네가 평안 무사할 것이요
사무엘상,20,22,사무엘상 20:22,만일 아이에게 이르기를 보라 살이 네 앞편에 있다 하거든 네 길을 가라 여호와께서 너를 보내셨음이니라
사무엘상,20,23,사무엘상 20:23,너와 내가 말한 일에 대하여는 여호와께서 너와 나 사이에 영영토록 계시느니라'
사무엘상,20,38,사무엘상 20:38,요나단이 아이 뒤에서 또 외치되 `지체 말고 빨리 달음질하라' 하매 요나단의 아이가 살을 주워가지고 주인에게로 돌아왔으나
사무엘상,21,3,사무엘상 21:3,이제 당신의 수중에 무엇이 있나이까 ? 떡 다섯 덩이나 무엇이든지 있는대로 내 손에 주소서'
사무엘상,21,13,사무엘상 21:13,그들의 앞에서 그 행동을 변하여 미친 체 하고 대문짝에 그적거리며 침을 수염에 흘리매
사무엘상,21,15,사무엘상 21:15,내게 미치광이가 부족하여서 너희가 이 자를 데려다가 내 앞에서 미친 짓을 하게 하느냐 ? 이 자가 어찌 내 집에 들어오겠느냐 ?' 하니라
사무엘상,22,15,사무엘상 22:15,내가 그를 위하여 하나님께 물은 것이 오늘이 처음이니이까 ? 결단코 아니니이다 원컨대 왕은 종과 종의 아비의 온 집에 아무것도 돌리지 마옵소서 왕의 종은 이 모든 일의 대소간에 아는 것이 없나이다'
사무엘상,22,23,사무엘상 22:23,두려워 말고 내게 있으라 ! 내 생명을 찾는 자가 네 생명도 찾는 자니 네가 나와 함께 있으면 보전하리라' 하니라
사무엘상,24,11,사무엘상 24:11,나의 아버지여 ! 보소서 내 손에 있는 왕의 옷자락을 보소서 내가 왕을 죽이지 아니하고 겉옷자락만 베었은즉 나의 손에 악이나 죄과가 없는 줄을 아실지니이다 왕은 내 생명을 찾아 해하려 하시나 나는 왕에게 범죄한 일이 없나이다
사무엘상,24,13,사무엘상 24:13,옛 속담에 말하기를 악은 악인에게서 난다 하였으니 내 손이 왕을 해하지 아니하리이다
사무엘상,24,14,사무엘상 24:14,이스라엘 왕이 누구를 따라 나왔으며 누구를 쫓나이까 ? 죽은 개나 벼룩을 쫓음이니이다
사무엘상,24,18,사무엘상 24:18,네가 나 선대한 것을 오늘 나타내었나니 여호와께서 나를 네 손에 붙이셨으나 네가 나를 죽이지 아니하였도다
사무엘상,24,19,사무엘상 24:19,사람이 그 원수를 만나면 그를 평안히 가게 하겠느냐 네가 오늘날 내게 행한 일을 인하여 여호와께서 네게 선으로 갚으시기를 원하노라
사무엘상,24,20,사무엘상 24:20,보라 나는 네가 반드시 왕이 될 것을 알고 이스라엘 나라가 네 손에 견고히 설 것을 아노니
사무엘상,25,2,사무엘상 25:2,마온에 한 사람이 있는데 그 업이 갈멜에 있고 심히 부하여 양이 삼천이요 염소가 일천이므로 그가 갈멜에서 그 양털을 깎고 있었으니
사무엘상,25,7,사무엘상 25:7,네게 양털 깎는 자들이 있다 함을 이제 내가 들었노라 네 목자들이 우리와 함께 있었으나 우리가 그들을 상치 아니하였고 그들이 갈멜에 있는 동안에 그들의 것을 하나도 잃지 아니하였나니
사무엘상,25,11,사무엘상 25:11,내가 어찌 내 떡과 물과 내 양털 깎는 자를 위하여 잡은 고기를 가져 어디로서인지 알지도 못하는 자들에게 주겠느냐 ?' 한지라
사무엘상,25,15,사무엘상 25:15,우리가 들에 있어 그들과 상종할 동안에 그 사람들이 우리를 매우 선대하였으므로 우리가 상하거나 잃은 것이 없었으니
사무엘상,25,16,사무엘상 25:16,우리가 양을 지키는 동안에 그들이 우리와 함께 있어 밤낮 우리에게 담이 되었음이라
사무엘상,25,18,사무엘상 25:18,아비가일이 급히 떡 이백 덩이와 포도주 두 가죽 부대와 잡아 준비한 양 다섯과 볶은 곡식 다섯 세아와 건포도 백송이와 무화과뭉치 이백을 취하여 나귀들에게 싣고
사무엘상,25,25,사무엘상 25:25,원하옵나니 내 주는 이 불량한 사람 나발을 개의치 마옵소서 그 이름이 그에게 적당하니 그 이름이 나발이라 그는 미련한 자니이다 여종은 내 주의 보내신 소년들을 보지 못하였나이다
사무엘상,25,27,사무엘상 25:27,여종이 내 주에게 가져온 이 예물로 내 주를 좇는 이 소년들에게 주게 하시고
사무엘상,25,28,사무엘상 25:28,주의 여종의 허물을 사하여 주옵소서 ! 여호와께서 반드시 내 주를 위하여 든든한 집을 세우시리니 이는 내 주께서 여호와의 싸움을 싸우심이요 내 주의 일생에 내 주에게서 악한 일을 찾을 수 없음이니이다
사무엘상,25,29,사무엘상 25:29,사람이 일어나서 내 주를 쫓아 내 주의 생명을 찾을지라도 내 주의 생명은 내 주의 하나님 여호와와 함께 생명싸개 속에 싸였을 것이요 내 주의 원수들의 생명은 물매로 던지듯 여호와께서 그것을 던지시리이다
사무엘상,25,30,사무엘상 25:30,여호와께서 내 주에 대하여 하신 말씀대로 모든 선을 내 주에게 행하사 내 주를 이스라엘의 지도자로 세우신 때에
사무엘상,25,33,사무엘상 25:33,또 네 지혜를 칭찬할지며 또 네게 복이 있을지로다 ! 오늘날 내가 피를 흘릴 것과 친히 보수하는 것을 네가 막았느니라
사무엘상,25,36,사무엘상 25:36,아비가일이 나발에게로 돌아오니 그가 왕의 잔치 같은 잔치를 그집에 배설하고 대취하여 마음에 기뻐하므로 아비가일이 밝는 아침까지는 다소간 말하지 아니하다가
사무엘상,26,11,사무엘상 26:11,내가 손을 들어 여호와의 기름 부음을 받은 자를 치는 것을 여호와께서 금하시나니 너는 그의 머리 곁에 있는 창과 물병만 가지고 가자' 하고
사무엘상,26,23,사무엘상 26:23,여호와께서 각 사람에게 그 의와 신실을 갚으시리니 이는 여호와께서 오늘날 왕을 내 손에 붙이셨으되 나는 손을 들어 여호와의 기름 부음을 받은 자 치기를 원치 아니하였음이니이다
사무엘상,26,24,사무엘상 26:24,오늘날 왕의 생명을 내가 중히 여긴 것 같이 내 생명을 여호와께서 중히 여기셔서 모든 환난에서 나를 구하여 내시기를 바라나이다'
사무엘상,27,2,사무엘상 27:2,일어나 함께 있는 육백인으로 더불어 가드 왕 마옥의 아들 아기스에게로 건너가니라
사무엘상,27,6,사무엘상 27:6,아기스가 그 날에 시글락을 그에게 주었으므로 시글락이 오늘까지 유다 왕에게 속하니라
사무엘상,30,12,사무엘상 30:12,"무화과 뭉치에서 뗀 덩이 하나와 건포도 두 송이를 주었으니 그가 낮 사흘, 밤 사흘을 떡도 먹지 못하였고 물도 마시지 못하였음이라 그가 먹고 정신을 차리매"
사무엘상,30,24,사무엘상 30:24,이 일에 누가 너희를 듣겠느냐 전장에 내려갔던 자의 분깃이나 소유물 곁에 머물렀던 자의 분깃이 일반일지니 같이 분배할 것이니라 하고
사무엘하,1,18,사무엘하 1:18,명하여 그것을 유다 족속에게 가르치라 하였으니 곧 활 노래라 야살의 책에 기록되었으되
사무엘하,1,19,사무엘하 1:19,이스라엘아 ! 너의 영광이 산 위에서 죽임을 당하였도다 오호라 ! 두용사가 엎드러졌도다
사무엘하,1,25,사무엘하 1:25,오호라 ! 두 용사가 전쟁 중에 엎드러졌도다 요나단이 너의 산위에서 죽임을 당하였도다
사무엘하,1,26,사무엘하 1:26,내 형 요나단이여 ! 내가 그대를 애통함은 그대는 내게 심히 아름다움이라 그대가 나를 사랑함이 기이하여 여인의 사랑보다 승하였도다
사무엘하,2,3,사무엘하 2:3,또 자기와 함께한 종자들과 그들의 권속들을 다 데리고 올라가서 헤브론 각 성에 거하게 하니라
사무엘하,2,6,사무엘하 2:6,너희가 이 일을 하였으니 이제 여호와께서 은혜와 진리로 너희에게 베푸시기를 원하고 나도 이 선한 일을 너희에게 갚으리니
사무엘하,2,24,사무엘하 2:24,요압과 아비새가 아브넬의 뒤를 쫓아 기브온 거친 땅의 길 가 기아 맞은편 암마산에 이를 때에 해가 졌고
사무엘하,2,25,사무엘하 2:25,베냐민 족속은 함께 모여 아브넬을 따라 한 떼를 이루고 작은 산꼭대기에 섰더라
사무엘하,2,28,사무엘하 2:28,나팔을 불매 온 무리가 머물러서고 다시는 이스라엘을 쫓아가지 아니하고 다시는 싸우지도 아니하니라
사무엘하,3,3,사무엘하 3:3,둘째는 길르압이라 갈멜 사람 나발의 아내 되었던 아비가일의 소생이요 세째는 압살롬이라 그술 왕 달매의 딸 마아가의 아들이요
사무엘하,3,4,사무엘하 3:4,네째는 아도니야라 학깃의 아들이요 다섯째는 스바댜라 아비달의 아들이요
사무엘하,3,11,사무엘하 3:11,이스보셋이 아브넬을 두려워하여 감히 한 말도 대답지 못하니라
사무엘하,3,15,사무엘하 3:15,이스보셋이 보내어 그 남편 라이스의 아들 발디엘에게서 취하매
사무엘하,3,16,사무엘하 3:16,그 남편이 저와 함께 오되 울며 바후림까지 따라 왔더니 아브넬이 저에게 돌아가라 하매 돌아가니라
사무엘하,3,25,사무엘하 3:25,왕도 아시려니와 넬의 아들 아브넬의 온 것은 왕을 속임이라 왕의 출입하는 것을 알고 모든 하시는 것을 알려 함이니이다' 하고
사무엘하,3,32,사무엘하 3:32,아브넬을 헤브론에 장사하고 아브넬의 무덤에서 소리를 높여 울고 백성도 다 우니라
사무엘하,3,34,사무엘하 3:34,네 손이 결박되지 아니하였고 네 발이 착고에 채이지 아니하였거늘 불의한 자식의 앞에 엎드러짐 같이 네가 엎드러졌도다' 하매 온 백성이 다시 그를 슬퍼하여 우니라
사무엘하,3,36,사무엘하 3:36,온 백성이 보고 기뻐하며 왕이 무슨 일을 하든지 무리가 다 기뻐하므로
사무엘하,3,37,사무엘하 3:37,이 날에야 온 백성과 온 이스라엘이 넬의 아들 아브넬을 죽인 것이 왕의 한 바가 아닌 줄을 아니라
사무엘하,4,5,사무엘하 4:5,브에롯 사람 림몬의 아들 레갑과 바아나가 행하여 볕이 쬘 때 즈음에 이스보셋의 집에 이르니 마침 저가 낮잠을 자는지라
사무엘하,5,5,사무엘하 5:5,헤브론에서 칠년 육개월 동안 유다를 다스렸고 예루살렘에서 삼십 삼년 동안 온 이스라엘과 유다를 다스렸더라
사무엘하,6,2,사무엘하 6:2,일어나서 그 함께 있는 모든 사람으로 더불어 바알레유다로 가서 거기서 하나님의 궤를 메어 오려 하니 그 궤는 그룹들 사이에 좌정하신 만군의 여호와의 이름으로 이름하는 것이라
사무엘하,6,3,사무엘하 6:3,저희가 하나님의 궤를 새 수레에 싣고 산에 있는 아비나답의 집에서 나오는데 아비나답의 아들 웃사와 아효가 그 새 수레를 모니라
사무엘하,6,4,사무엘하 6:4,저희가 산에 있는 아비나답의 집에서 하나님의 궤를 싣고 나올때에 아효는 궤 앞에서 행하고
사무엘하,6,6,사무엘하 6:6,저희가 나곤의 타작 마당에 이르러서는 소들이 뛰므로 웃사가 손을 들어 하나님의 궤를 붙들었더니
사무엘하,6,11,사무엘하 6:11,여호와의 궤가 가드 사람 오벧에돔의 집에 석달을 있었는데 그 온 집에 복을 주시니라
사무엘하,6,19,사무엘하 6:19,모든 백성 곧 온 이스라엘 무리의 무론 남녀하고 떡 한개와 고기 한 조각과 건포도 떡 한덩이씩 나눠주매 모든 백성이 각기 집으로 돌아가니라
사무엘하,7,1,사무엘하 7:1,여호와께서 사방의 모든 대적을 파하사 왕으로 궁에 평안히 거하게 하신 때에
사무엘하,7,4,사무엘하 7:4,그 밤에 여호와의 말씀이 나단에게 임하여 가라사대
사무엘하,7,7,사무엘하 7:7,무릇 이스라엘 자손으로 더불어 행하는 곳에서 내가 내 백성 이스라엘을 먹이라고 명한 이스라엘 어느 지파에게 내가 말하기를 너희가 어찌하여 나를 위하어 백향목 집을 건축하지 아니하였느냐고 말하였느냐
사무엘하,7,9,사무엘하 7:9,네가 어디를 가든지 내가 너와 함께 있어 네 모든 대적을 네 앞에서 멸하였은즉 세상에서 존귀한 자의 이름같이 네 이름을 존귀케 만들어 주리라
사무엘하,7,10,사무엘하 7:10,내가 또 내 백성 이스라엘을 위하여 한 곳을 정하여 저희를 심고 저희로 자기 곳에 거하여 다시 옮기지 않게 하며 악한 유로 전과 같이 저희를 해하지 못하게 하여
사무엘하,7,11,사무엘하 7:11,전에 내가 사사를 명하여 내 백성 이스라엘을 다스리던 때와 같지 않게 하고 너를 모든 대적에게서 벗어나 평안케 하리라 여호와가 또 네게 이르노니 여호와가 너를 위하여 집을 이루고
사무엘하,7,12,사무엘하 7:12,네 수한이 차서 네 조상들과 함께 잘 때에 내가 네 몸에서 날 자식을 네 뒤에 세워 그 나라를 견고케 하리라
사무엘하,7,13,사무엘하 7:13,저는 내 이름을 위하여 집을 건축할 것이요 나는 그 나라 위를 영원히 견고케 하리라
사무엘하,7,16,사무엘하 7:16,네 집과 네 나라가 네 앞에서 영원히 보전되고 네 위가 영원히 견고하리라 하셨다 하라
사무엘하,7,19,사무엘하 7:19,"주 여호와여, 주께서 이것을 오히려 적게 여기시고 또 종의 집에 영구히 이를 일을 말씀하실 뿐 아니라 주 여호와여 인간의 규례대로 하셨나이다"
사무엘하,7,21,사무엘하 7:21,주의 말씀을 인하여 주의 뜻대로 이 모든 큰 일을 행하사 주의 종에게 알게 하셨나이다
사무엘하,7,22,사무엘하 7:22,여호와 하나님이여 이러므로 주는 광대하시니 이는 우리 귀로 들은 대로는 주와 같은 이가 없고 주 외에는 참 신이 없음이니이다 !
사무엘하,7,24,사무엘하 7:24,"주께서 주의 백성 이스라엘을 세우사 영원히 주의 백성을 삼으셨사오니 여호와여, 주께서 저희 하나님이 되셨나이다"
사무엘하,7,25,사무엘하 7:25,"여호와 하나님이여, 이제 주의 종과 종의 집에 대하여 말씀하신 것을 영원히 확실케 하옵시며 말씀하신 대로 행하사"
사무엘하,7,27,사무엘하 7:27,"만군의 여호와 이스라엘의 하나님이여, 주의 종에게 알게 하여 이르시기를 내가 너를 위하여 집을 세우리라 하신고로 주의 종이 이 기도로 구할 마음이 생겼나이다"
사무엘하,7,28,사무엘하 7:28,"주 여호와여, 오직 주는 하나님이시며 말씀이 참되시니이다 ! 주께서 이 좋은 것으로 종에게 허락하셨사오니"
사무엘하,7,29,사무엘하 7:29,이제 청컨대 종의 집에 복을 주사 주 앞에 영원히 있게 하옵소서 ! 주 여호와께서 말씀하셨사오니 주의 은혜로 종의 집이 영원히 복을 받게 하옵소서 !` 하니라
사무엘하,8,8,사무엘하 8:8,또 하닷에셀의 고을 베다와 베로대에서 매우 많은 놋을 빼앗으니라
사무엘하,9,10,사무엘하 9:10,너와 네 아들들과 네 종들은 저를 위하여 밭을 갈고 거두어 네 주인의 아들을 공궤하라 그러나 네 주인의 아들 므비보셋은 항상 내 상에서 먹으리라' 하니라 시바는 아들이 열 다섯이요 종이 스물이라
사무엘하,9,12,사무엘하 9:12,므비보셋에게 젊은 아들 하나가 있으니 이름은 미가더라 무릇 시바의 집에 거하는 자들은 므비보셋의 종이 되니라
사무엘하,10,1,사무엘하 10:1,그 후에 암몬 자손의 왕이 죽고 그 아들 하눈이 대신하여 왕이 되니
사무엘하,10,12,사무엘하 10:12,너는 담대하라 ! 우리가 우리 백성과 우리 하나님의 성읍들을 위하여 담대히 하자 ! 여호와께서 선히 여기시는 대로 행하시기를 원하노라' 하고
사무엘하,11,20,사무엘하 11:20,혹시 왕이 노하여 네게 말씀하기를 너희가 어찌하여 성에 그처럼 가까이 가서 싸웠느냐 ? 저희가 성 위에서 쏠 줄을 알지 못하였느냐 ?
사무엘하,11,26,사무엘하 11:26,우리아의 처가 그 남편 우리아의 죽었음을 듣고 호곡하니라
사무엘하,12,2,사무엘하 12:2,그 부한 자는 양과 소가 심히 많으나
사무엘하,12,3,사무엘하 12:3,가난한 자는 아무것도 없고 자기가 사서 기르는 작은 암양 새끼 하나뿐이라 그 암양 새끼는 저와 저의 자식과 함께 있어 자라며 저의 먹는 것을 먹으며 저의 잔에서 마시며 저의 품에 누우므로 저에게는 딸처럼 되었거늘
사무엘하,12,4,사무엘하 12:4,어떤 행인이 그 부자에게 오매 부자가 자기의 양과 소를 아껴 자기에게 온 행인을 위하여 잡지 아니하고 가난한 사람의 양 새끼를 빼앗아다가 자기에게 온 사람을 위하여 잡았나이다'
사무엘하,12,8,사무엘하 12:8,네 주인의 집을 네게 주고 네 주인의 처들을 네 품에 두고 이스라엘과 유다 족속을 네게 맡겼느니라 만일 그것이 부족하였을 것같으면 내가 네게 이것 저것을 더 주었으리라
사무엘하,12,23,사무엘하 12:23,시방은 죽었으니 어찌 금식하랴 내가 다시 돌아오게 할 수 있느냐 ? 나는 저에게로 가려니와 저는 내게로 돌아오지 아니하리라'
사무엘하,12,26,사무엘하 12:26,요압이 암몬 자손의 왕성 랍바를 쳐서 취하게 되매
사무엘하,12,28,사무엘하 12:28,이제 왕은 남은 군사를 모아 진치고 이 성을 쳐서 취하소서 ! 내가 이 성을 취하면 이 성이 내 이름으로 일컬음을 받을까 두려워하나이다'
사무엘하,13,8,사무엘하 13:8,다말이 그 오라비 암논의 집에 이르매 암논이 누었더라 다말이 밀가루를 가지고 반죽하여 그 보는 데서 과자를 만들고 그 과자를 굽고
사무엘하,13,18,사무엘하 13:18,암논의 하인이 저를 끌어내고 곧 문빗장을 지르니라 다말이 채색옷을 입었으니 출가하지 아니한 공주는 이런 옷으로 단장하는 법이라
사무엘하,13,23,사무엘하 13:23,이 주년 후에 에브라임 곁 바알하솔에서 압살롬의 양털을 깎는 일이 있으매 압살롬이 왕의 모든 아들을 청하고
사무엘하,13,27,사무엘하 13:27,압살롬이 간청하매 왕이 암논과 왕의 모든 아들을 저와 함께 보내니라
사무엘하,13,33,사무엘하 13:33,그러하온즉 내 주 왕이여 ! 왕자들이 다 죽은줄로 생각하여 괘념하지 마옵소서 암논만 죽었으리이다'
사무엘하,13,36,사무엘하 13:36,말을 마치자 왕자들이 이르러 대성통곡하니 왕과 그 모든 신복도 심히 통곡하니라
사무엘하,13,38,사무엘하 13:38,압살롬이 도망하여 그술로 가서 거한지 삼년이라
사무엘하,14,1,사무엘하 14:1,스루야의 아들 요압이 왕의 마음이 압살롬에게로 향하는 줄 알고
사무엘하,14,3,사무엘하 14:3,왕께 들어가서 여차여차히 말하라'고 할 말을 그 입에 넣어주니라
사무엘하,14,6,사무엘하 14:6,아들 둘이 있더니 저희가 들에서 싸우나 말려 줄 사람이 아무도 없으므로 저가 이를 쳐 죽인지라
사무엘하,14,14,사무엘하 14:14,우리는 필경 죽으리니 땅에 쏟아진 물을 다시 모으지 못함 같을 것이오나 하나님은 생명을 빼앗지 아니하시고 방책을 베푸사 내어쫓긴 자로 하나님께 버린 자가 되지 않게 하시나이다
사무엘하,14,16,사무엘하 14:16,왕께서 들으시고 나와 내 아들을 함께 하나님의 산업에서 끊을 자의 손에서 종을 구원하시리라 함이니이다
사무엘하,14,23,사무엘하 14:23,일어나 그술로 가서 압살롬을 데리고 예루살렘으로 오니
사무엘하,14,25,사무엘하 14:25,온 이스라엘 가운데 압살롬 같이 아름다움으로 크게 칭찬 받는 자가 없었으니 저는 발바닥부터 정수리까지 흠이 없음이라
사무엘하,14,27,사무엘하 14:27,압살롬이 아들 셋과 딸 하나를 낳았는데 딸의 이름은 다말이라 얼굴이 아름다운 여자더라
사무엘하,14,28,사무엘하 14:28,압살롬이 이태 동안을 예루살렘에 있으되 왕의 얼굴을 보지 못하였으므로
사무엘하,14,29,사무엘하 14:29,요압을 왕께 보내려 하여 사람을 보내어 부르되 오지 아니하고 또 다시 보내되 오지 아니하는지라
사무엘하,14,33,사무엘하 14:33,요압이 왕께 나아가서 그 말을 고하매 왕이 압살롬을 부르니 저가 왕께 나아가 그 앞에서 얼굴을 땅에 대어 절하매 왕이 압살롬과 입을 맞추니라
사무엘하,15,1,사무엘하 15:1,이 후에 압살롬이 자기를 위하여 병거와 말들을 준비하고 전배 오십명을 세우니라
사무엘하,15,3,사무엘하 15:3,압살롬이 저에게 이르기를 `네 일이 옳고 바르다마는 네 송사 들을 사람을 왕께서 세우지 아니하셨다' 하고
사무엘하,15,4,사무엘하 15:4,또 이르기를 `내가 이 땅에서 재판관이 되고 누구든지 송사나 재판 할 일이 있어 내게로 오는 자에게 내가 공의 베풀기를 원하노라' 하고
사무엘하,15,5,사무엘하 15:5,사람이 가까이 와서 절하려 하면 압살롬이 손을 펴서 그 사람을 붙들고 입을 맞추니
사무엘하,15,6,사무엘하 15:6,무릇 이스라엘 무리 중에 왕께 재판을 청하러 오는 자들에게 압살롬의 행함이 이 같아서 이스라엘 사람의 마음을 도적하니라
사무엘하,15,8,사무엘하 15:8,종이 아람 그술에 있을 때에 서원하기를 만일 여호와께서 나를 예루살렘으로 돌아가게 하시면 내가 여호와를 섬기리이다' 하였나이다
사무엘하,15,16,사무엘하 15:16,왕이 나갈 때에 권속을 다 따르게 하고 후궁 열명을 남겨 두어 궁을 지키게 하니라
사무엘하,15,17,사무엘하 15:17,왕이 나가매 모든 백성이 다 따라서 벧메르학에 이르러 머무니
사무엘하,15,18,사무엘하 15:18,모든 신복이 그 곁으로 지나가고 모든 그렛 사람과 모든 블렛 사람과 및 왕을 따라 가드에서 온 육백인이 왕의 앞으로 진행하니라
사무엘하,15,20,사무엘하 15:20,너는 어제 왔고 나는 정처 없이 가니 오늘날 어찌 너로 우리와 함께 유리하게 하리요 너도 돌아가고 네 동포들도 데려가라 은혜와 진리가 너와 함께 있기를 원하노라 !'
사무엘하,15,23,사무엘하 15:23,온 땅 사람이 대성통곡하며 모든 인민이 앞서 건너가매 왕도 기드론 시내를 건너가니 건너간 모든 백성이 광야 길로 향하니라
사무엘하,15,24,사무엘하 15:24,사독과 그와 함께 한 모든 레위 사람이 하나님의 언약궤를 메어다가 내려놓고 아비아달도 올라와서 모든 백성이 성에서 나오기를 기다리더니
사무엘하,15,28,사무엘하 15:28,너희에게서 내게 고하는 기별이 올 때까지 내가 광야 나룻터에서 기다리리라'
사무엘하,15,29,사무엘하 15:29,사독과 아비아달이 하나님의 궤를 예루살렘으로 도로 메어다 놓고 거기 유하니라
사무엘하,15,34,사무엘하 15:34,그러나 네가 만일 성으로 돌아가서 압살롬에게 말하기를 왕이여 ! 내가 왕의 종이니이다 이왕에는 왕의 부친의 종이었더니 내가 이제는 왕의 종이니이다 하면 네가 나를 위하여 아히도벨의 모략을 패하게 하리라
사무엘하,15,36,사무엘하 15:36,저희의 두 아들 곧 사독의 아히마아스와 아비아달의 요나단이 저희와 함께 거기 있나니 무릇 너희 듣는 것을 저희 편으로 내게 기별할지니라'
사무엘하,16,12,사무엘하 16:12,혹시 여호와께서 나의 원통함을 감찰하시리니 오늘날 그 저주 까닭에 선으로 내게 갚아 주시리라' 하고
사무엘하,16,14,사무엘하 16:14,왕과 그 함께 있는 백성들이 다 곤비하여 한 곳에 이르러 거기서 쉬니라
사무엘하,16,15,사무엘하 16:15,압살롬과 모든 이스라엘 백성들이 예루살렘에 이르고 아히도벨도 저와 함께 이른지라
사무엘하,16,19,사무엘하 16:19,또 내가 이제 누구를 섬기리이까 ? 그 아들이 아니니이까 내가 전에 왕의 아버지를 섬긴 것같이 왕을 섬기리이다' 하니라
사무엘하,17,3,사무엘하 17:3,모든 백성으로 왕께 돌아오게 하리니 무리의 돌아오기는 왕의 찾는 이 사람에게 달렸음이라 그리하면 모든 백성이 평안하리이다'
사무엘하,17,4,사무엘하 17:4,압살롬과 이스라엘 장로들이 다 그 말을 옳게 여기더라
사무엘하,17,10,사무엘하 17:10,비록 용감하여 사자같은 자의 마음이라도 저상하리니 이는 이스라엘 무리가 왕의 부친은 영웅이요 그 종자들도 용사인 줄 앎이니이다
사무엘하,17,18,사무엘하 17:18,한 소년이 저희를 보고 압살롬에게 고한지라 그 두 사람이 빨리 달려서 바후림 어떤 사람의 집으로 들어가서 그 뜰에 있는 우물속으로 내려가니
사무엘하,17,19,사무엘하 17:19,그 집 여인이 덮을 것을 가져다가 우물 아구를 덮고 찧은 곡식을 그 위에 널매 도무지 알지 못할러라
사무엘하,18,13,사무엘하 18:13,아무일도 왕 앞에는 숨길 수 없나니 내가 만일 거역하여 그 생명을 해하였다면 당신도 나를 대적하였으리이다'
사무엘하,18,16,사무엘하 18:16,요압이 나팔을 불어 백성들로 그치게 하니 저희가 이스라엘을 따르지 아니하고 돌아오니라
사무엘하,18,18,사무엘하 18:18,압살롬이 살았을 때에 자기를 위하여 한 비석을 가져 세웠으니 이는 저가 자기 이름을 전할 아들이 없음을 한탄함이라 그러므로 자기 이름으로 그 비석을 이름하였으며 그 비석이 왕의 골짜기에 있고 이제까지 압살롬의 기념비라 일컫더라
사무엘하,19,12,사무엘하 19:12,너희는 내 형제요 내 골육이어늘 어찌하여 왕을 도로 모셔 오는일에 나중이 되리요 하셨다' 하고
사무엘하,19,13,사무엘하 19:13,너희는 또 아마사에게 이르기를 `너는 내 골육이 아니냐 네가 요압을 대신하여 항상 내 앞에서 군장이 되지 아니하면 하나님이 내게 벌위에 벌을 내리시기를 바라노라 하셨다 하라' 하여
사무엘하,19,27,사무엘하 19:27,종 나를 내 주 왕께 참소하였나이다 내 주 왕께서는 하나님의 사자와 같으시니 왕의 처분대로 하옵소서
사무엘하,19,28,사무엘하 19:28,내 아비의 온 집이 내 주 왕 앞에서는 다만 죽을 사람이 되지 아니하였었나이까 그러나 종을 왕의 상에서 음식 먹는 자 가운데 두셨사오니 내게 오히려 무슨 옳음이 있어서 다시 왕께 부르짖을 수 있사오리이까 ?'
사무엘하,19,35,사무엘하 19:35,내 나이 이제 팔십세라 어떻게 좋고 흉한 것을 분간할 수 있사오며 음식의 맛을 알 수 있사오리이까 ? 어떻게 다시 노래하는 남자나 여인의 소리를 알아 들을 수 있사오리이까 ? 어찌하여 종이 내주 왕께 오히려 누를 끼치리이까 ?
사무엘하,19,40,사무엘하 19:40,왕이 길갈로 건너오고 김함도 함께 건너오니 온 유다 백성과 이스라엘 백성의 절반이나 왕을 호행하니라
사무엘하,20,5,사무엘하 20:5,아마사가 유다 사람을 소집하러 가더니 왕의 정한 기한에 지체된지라
사무엘하,20,7,사무엘하 20:7,요압을 좇는 자들과 그렛 사람들과 블렛 사람들과 모든 용사들이
사무엘하,20,8,사무엘하 20:8,기브온 큰 바위 곁에 이르매 아마사가 맞으러 오니 때에 요압이 군복을 입고 띠를 띠고 집에 꽂은 칼을 허리에 매었는데 저가 행할 때에 칼이 빠져 떨어졌더라
사무엘하,20,13,사무엘하 20:13,아마사를 큰 길에서 옮겨가매 사람들이 다 요압을 따라 비그리의 아들 세바를 쫓아가니라
사무엘하,20,14,사무엘하 20:14,요압이 이스라엘 모든 지파 가운데 두루 행하여 아벨과 벧마아가와 베림 온 땅에 이르니 그 무리도 다 모여 저를 따르더라
사무엘하,20,23,사무엘하 20:23,요압은 이스라엘 온 군대의 장관이 되고 여호야다의 아들 브나야는 그렛 사람과 블렛 사람의 장관이 되고
사무엘하,22,3,사무엘하 22:3,"나의 하나님이시요, 나의 피할 바위시요, 나의 방패시요, 나의 구원의 뿔이시요, 나의 높은 망대시요, 나의 피난처시요, 나의 구원자시라 ! 나를 흉악에서 구원하셨도다"
사무엘하,22,4,사무엘하 22:4,내가 찬송받으실 여호와께 아뢰리니 내 원수들에게서 구원을 얻으리로다
사무엘하,22,7,사무엘하 22:7,내가 환난 중에서 여호와께 아뢰며 나의 하나님께 아뢰었더니 저가 그 전에서 내 소리를 들으심이여 나의 부르짖음이 그 귀에 들렸도다
사무엘하,22,11,사무엘하 22:11,그룹을 타고 날으심이여 ! 바람 날개 위에 나타나셨도다
사무엘하,22,13,사무엘하 22:13,그 앞에 있는 광채로 인하여 숯불이 피었도다
사무엘하,22,18,사무엘하 22:18,나를 강한 원수와 미워하는 자에게서 건지셨음이여 ! 저희는 나보다 힘센 연고로다
사무엘하,22,19,사무엘하 22:19,저희가 나의 재앙의 날에 내게 이르렀으나 여호와께서 나의 의지가 되셨도다
사무엘하,22,20,사무엘하 22:20,나를 또 넓은 곳으로 인도하시고 나를 기뻐하시므로 구원하셨도다
사무엘하,22,23,사무엘하 22:23,그 모든 규례를 내 앞에 두고 그 율례를 버리지 아니하였음이로다
사무엘하,22,24,사무엘하 22:24,내가 또 그 앞에 완전하여 스스로 지켜 죄악을 피하였나니
사무엘하,22,25,사무엘하 22:25,"그러므로 여호와께서 내 의대로, 그 목전에 내 깨끗한 대로 내게 갚으셨도다"
사무엘하,22,26,사무엘하 22:26,자비한 자에게는 주의 자비하심을 나타내시며 완전한 자에게는 주의 완전하심을 보이시며
사무엘하,22,27,사무엘하 22:27,깨끗한 자에게는 주의 깨끗하심을 보이시며 사특한 자에게는 주의 거스리심을 보이시리이다
사무엘하,22,28,사무엘하 22:28,주께서 곤고한 백성은 구원하시고 교만한 자를 살피사 낮추시리이다
사무엘하,22,29,사무엘하 22:29,"여호와여, 주는 나의 등불이시니 여호와께서 나의 흑암을 밝히시리이다"
사무엘하,22,30,사무엘하 22:30,내가 주를 의뢰하고 적군에 달리며 내 하나님을 의지하고 성벽을 뛰어 넘나이다
사무엘하,22,31,사무엘하 22:31,하나님의 도는 완전하고 여호와의 말씀은 정미하니 저는 자기에게 피하는 모든 자에게 방패시로다
사무엘하,22,32,사무엘하 22:32,여호와 외에 누가 하나님이며 우리 하나님 외에 누가 바위뇨
사무엘하,22,33,사무엘하 22:33,하나님은 나의 견고한 요새시며 나를 온전한 곳으로 인도하시며
사무엘하,22,34,사무엘하 22:34,나의 발로 암사슴 발 같게 하시며 나를 나의 높은 곳에 세우시며
사무엘하,22,36,사무엘하 22:36,주께서 또 주의 구원의 방패를 내게 주시며 주의 온유함이 나를 크게 하셨나이다
사무엘하,22,37,사무엘하 22:37,내 걸음을 넓게 하셨고 나로 실족지 않게 하셨나이다
사무엘하,22,42,사무엘하 22:42,저희가 둘러보아도 구원할 자가 없었고 여호와께 부르짖어도 대답지 아니하셨나이다
사무엘하,22,44,사무엘하 22:44,주께서 또 나를 내 백성의 다툼에서 건지시고 나를 보존하사 열방의 으뜸을 삼으셨으니 내가 알지 못하는 백성이 나를 섬기리이다
사무엘하,22,45,사무엘하 22:45,이방인들이 내게 굴복함이여 ! 저희가 내 풍성을 듣고 곧 순복하리로다
사무엘하,22,46,사무엘하 22:46,이방인들이 쇠미하여 그 견고한 곳에서 떨며 나오리로다
사무엘하,22,47,사무엘하 22:47,여호와는 생존하시니 나의 바위를 찬송하며 내 구원의 바위이신 하나님을 높일지로다 !
사무엘하,22,49,사무엘하 22:49,나를 원수들에게서 나오게 하시며 나를 대적하는 자 위에 나를 드시고 나를 강포한 자에게서 건지시는도다
사무엘하,23,2,사무엘하 23:2,여호와의 신이 나를 빙자하여 말씀하심이여 그 말씀이 내 혀에 있도다
사무엘하,23,3,사무엘하 23:3,"이스라엘의 하나님이 말씀하시며 이스라엘의 바위가 내게 이르시기를 사람을 공의로 다스리는 자,하나님을 경외함으로 다스리는 자여 !"
사무엘하,23,4,사무엘하 23:4,저는 돋는 해 아침 빛 같고 구름 없는 아침 같고 비 후의 광선으로 땅에서 움이 돋는 새 풀 같으니라 하시도다
사무엘하,23,5,사무엘하 23:5,내 집이 하나님 앞에 이같지 아니하냐 하나님이 나로 더불어 영원한 언약을 세우사 만사에 구비하고 견고케 하셨으니 나의 모든 구원과 나의 모든 소원을 어찌 이루지 아니하시랴
사무엘하,23,22,사무엘하 23:22,여호야다의 아들 브나야가 이런 일을 행하였으므로 세 용사 중에 이름을 얻고
사무엘하,24,8,사무엘하 24:8,저희 무리가 국중을 두루 돌아 아홉달 스무날만에 예루살렘에 이르러
열왕기상,1,3,열왕기상 1:3,이스라엘 사방 경내에 아리따운 동녀를 구하다가 수넴 여자 아비삭을 얻어 왕께 데려왔으니
열왕기상,1,14,열왕기상 1:14,당신이 거기서 왕과 말씀할 때에 나도 이어 들어가서 당신의 말씀을 증거하리이다
열왕기상,1,18,열왕기상 1:18,이제 아도니야가 왕이 되었어도 내 주 왕은 알지 못하시나이다
열왕기상,1,20,열왕기상 1:20,내 주 왕이여 온 이스라엘이 왕에게 다 주목하고 누가 내 주 왕을 이어 그 위에 앉을 것을 반포하시기를 기다리나이다
열왕기상,1,22,열왕기상 1:22,밧세바가 왕과 말씀할 때에 선지자 나단이 들어온지라
열왕기상,1,27,열왕기상 1:27,이것이 내 주 왕의 하신 일이니이까 그런데 왕께서 내 주 왕을 이어 그 위에 앉을 자를 종에게 알게 하지 아니하셨나이다
열왕기상,1,35,열왕기상 1:35,저를 따라 올라오라 저가 와서 내 위에 앉아 나를 대신하여 왕이 되리라 내가 저를 세워 이스라엘과 유다의 주권자가 되게 하기로 작정하였느니라
열왕기상,1,40,열왕기상 1:40,모든 백성이 왕을 따라 올라와서 피리를 불며 크게 즐거워하므로 땅이 저희 소리로 인하여 갈라질 듯하니
열왕기상,1,48,열왕기상 1:48,이르시기를 이스라엘의 하나님 여호와를 찬송하리로다 여호와께서 오늘날 내 위에 앉을 자를 주사 나로 목도하게 하셨도다 하셨나이다 하니
열왕기상,1,49,열왕기상 1:49,아도니야와 함께 한 손들이 다 놀라 일어나 각기 갈 길로 간지라
열왕기상,2,2,열왕기상 2:2,내가 이제 세상 모든 사람의 가는 길로 가게 되었노니 너는 힘써 대장부가 되고
열왕기상,2,4,열왕기상 2:4,여호와께서 내 일에 대하여 말씀하시기를 만일 네 자손이 그 길을 삼가 마음을 다하고 성품을 다하여 진실히 내 앞에서 행하면 이스라엘 왕 위에 오를 사람이 네게서 끊어지지 아니하리라 하신 말씀을 확실히 이루게 하시리라
열왕기상,2,7,열왕기상 2:7,마땅히 길르앗 바실래의 아들들에게 은총을 베풀어 저희로 네 상에서 먹는 자 중에 참예하게 하라 내가 네 형 압살롬의 낯을 피하여 도망할 때에 저희가 내게 나아왔었느니라
열왕기상,2,40,열왕기상 2:40,시므이가 그 종을 찾으려고 일어나 그 나귀에 안장을 지우고 가드로 가서 아기스에게 나아가 그 종을 가드에서 데려왔더니
열왕기상,2,43,열왕기상 2:43,네가 어찌하여 여호와를 가리켜 한 맹세와 내가 네게 이른 명령을 지키지 아니하였느냐 ?'
열왕기상,3,8,열왕기상 3:8,주의 빼신 백성 가운데 있나이다 저희는 큰 백성이라 수효가 많아서 셀 수도 없고 기록할 수도 없사오니
열왕기상,3,9,열왕기상 3:9,누가 주의 이 많은 백성을 재판할 수 있사오리이까 지혜로운 마음을 종에게 주사 주의 백성을 재판하여 선악을 분별하게 하옵소서'
열왕기상,3,12,열왕기상 3:12,내가 네 말대로 하여 네게 지혜롭고 총명한 마음을 주노니 너의 전에도 너와 같은 자가 없었거니와 너의 후에도 너와 같은 자가 일어남이 없으리라
열왕기상,3,13,열왕기상 3:13,내가 또 너의 구하지 아니한 부와 영광도 네게 주노니 네 평생에 열왕 중에 너와 같은 자가 없을 것이라
열왕기상,3,21,열왕기상 3:21,미명에 내가 내 아들을 젖 먹이려고 일어나 본즉 죽었기로 내가 아침에 자세히 보니 내가 낳은 아들이 아니더이다' 하매
열왕기상,4,20,열왕기상 4:20,유다와 이스라엘의 인구가 바닷가의 모래 같이 많게 되매 먹고 마시며 즐거워하였으며
열왕기상,4,28,열왕기상 4:28,또 저희가 각기 직무를 따라 말과 준마에게 먹일 보리와 꼴을 그 말의 있는 곳으로 가져왔더라
열왕기상,4,31,열왕기상 4:31,"저는 모든 사람보다 지혜로와서 예스라 사람 에단과, 마홀의 아들 헤만과 갈골과, 다르다보다 나으므로 그 이름이 사방 모든 나라에 들렸더라"
열왕기상,5,4,열왕기상 5:4,이제 내 하나님 여호와께서 내게 사방의 태평을 주시매 대적도 없고 재앙도 없도다
열왕기상,5,9,열왕기상 5:9,내 종이 레바논에서 바다로 수운하겠고 내가 그것을 바다에서 떼로 엮어 당신이 지정하는 곳으로 보내고 거기서 그것을 풀리니 당신은 받으시고 나의 원을 이루어서 나의 궁정을 위하여 식물을 주소서` 하고
열왕기상,5,16,열왕기상 5:16,이 외에 그 역사를 동독하는 관리가 삼천 삼백인이라 저희가 일하는 백성을 거느렸더라
열왕기상,6,4,열왕기상 6:4,전을 위하여 붙박이 교창을 내고
열왕기상,6,6,열왕기상 6:6,"하층 다락의 광은 다섯 규빗이요, 중층 다락의 광은 여섯 규빗이요, 제 삼층 다락의 광은 일곱 규빗이라 전의 벽 바깥으로 돌아가며 턱을 내어 골방 들보들로 전의 벽에 박히지 않게 하였으며"
열왕기상,6,7,열왕기상 6:7,이 전은 건축할 때에 돌을 뜨는 곳에서 치석하고 가져다가 건축하였으므로 건축하는 동안에 전 속에서는 방망이나 도끼나 모든 철 연장 소리가 들리지 아니하였으며
열왕기상,6,9,열왕기상 6:9,전의 건축이 마치니라 그 전은 백향목 서까래와 널판으로 덮었고
열왕기상,6,13,열왕기상 6:13,내가 또한 이스라엘 자손 가운데 거하며 내 백성 이스라엘을 버리지 아니하리라 하셨더라
열왕기상,6,15,열왕기상 6:15,백향목 널판으로 전의 안 벽 곧 전 마루에서 천장까지의 벽에 입히고 또 잣나무 널판으로 전 마루를 놓고
열왕기상,6,19,열왕기상 6:19,여호와의 언약궤를 두기 위하여 전 안에 내소를 예비하였는데
열왕기상,6,20,열왕기상 6:20,"그 내소의 속이 장이 이십 규빗이요, 광이 이십 규빗이요, 고가 이십 규빗이라 정금으로 입혔고 백향목 단에도 입혔더라"
열왕기상,6,22,열왕기상 6:22,온 전을 금으로 입히기를 마치고 내소에 속한 단의 전부를 금으로 입혔더라
열왕기상,6,23,열왕기상 6:23,내소 안에 감람목으로 두 그룹을 만들었는데 그 고가 각각 십 규빗이라
열왕기상,6,25,열왕기상 6:25,"다른 그룹도 십 규빗이니 그 두 그룹은 한 척수,한 모양이요"
열왕기상,6,26,열왕기상 6:26,"이 그룹의 고가 십 규빗이요, 저 그룹도 일반이라"
열왕기상,6,29,열왕기상 6:29,내외소 사면 벽에는 모두 그룹들과 종려와 핀 꽃 형상을 아로새겼고
열왕기상,6,30,열왕기상 6:30,내외 전 마루에는 금으로 입혔으며
열왕기상,6,31,열왕기상 6:31,내소에 들어가는 곳에는 감람목으로 문을 만들었는데 그 문 인방과 문설주는 벽의 오분지 일이요
열왕기상,6,32,열왕기상 6:32,감람목으로 만든 그 두 문짝에 그룹과 종려와 핀 꽃을 아로새기고 금으로 입히되 곧 그룹들과 종려에 금으로 입혔더라
열왕기상,6,34,열왕기상 6:34,그 두 문짝은 잣나무라 이 문짝도 두 짝으로 접게 되었고 저 문짝도 두 짝으로 접게 되었으며
열왕기상,6,35,열왕기상 6:35,그 문짝에 그룹들과 종려와 핀 꽃을 아로새기고 금으로 입히되 그 새긴데 맞게 하였고
열왕기상,6,37,열왕기상 6:37,제 사년 시브월에 여호와의 전 기초를 쌓았고
열왕기상,7,3,열왕기상 7:3,기둥위에 있는 사십 오개 들보를 백향목으로 덮었는데 들보는 한줄에 열 다섯이요
열왕기상,7,4,열왕기상 7:4,또 창틀이 세 줄로 있는데 창과 창이 세 층으로 서로 대하였고
열왕기상,7,5,열왕기상 7:5,모든 문과 문설주를 다 큰 나무로 네모지게 만들었는데 창과 창이 세 층으로 서로 대하였으며
열왕기상,7,6,열왕기상 7:6,"또 기둥을 세워 낭실을 지었으니 장이 오십 규빗이요, 광이 삼십 규빗이며 또 기둥 앞에 한 낭실이 있고 또 그 앞에 기둥과 섬돌이 있으며"
열왕기상,7,7,열왕기상 7:7,또 심판하기 위하여 보좌의 낭실 곧 재판하는 낭실을 짓고 온 마루를 백향목으로 덮었고
열왕기상,7,9,열왕기상 7:9,이 집들은 안팎을 모두 귀하고 다듬은 돌로 지었으니 척수대로 톱으로 켠 것이라 그 기초석에서 처마까지와 외면에서 큰 뜰에 이르기까지 다 그러하니
열왕기상,7,10,열왕기상 7:10,그 기초석인 귀하고 큰 돌 곧 십 규빗 되는 돌과 여덟 규빗 되는 돌이라
열왕기상,7,11,열왕기상 7:11,그 위에는 척수대로 다듬은 귀한 돌도 있고 백향목도 있으며
열왕기상,7,12,열왕기상 7:12,또 큰 뜰 주위에는 다듬은 돌 세 켜와 백향목 두꺼운 판자 한 켜를 놓았으니 마치 여호와의 전 안뜰과 낭실에 놓은 것 같더라
열왕기상,7,17,열왕기상 7:17,"기둥 꼭대기에 있는 머리를 위하여 바둑판 모양으로 얽은 그물과 사슬 모양의 땋은 것을 만들었으니 이 머리에 일곱이요, 저 머리에 일곱이라"
열왕기상,7,18,열왕기상 7:18,기둥을 이렇게 만들었고 또 두줄 석류를 한 그물 위에 둘러 만들어서 기둥 꼭대기에 있는 머리에 두르게 하였고 다른 기둥 머리에도 그렇게 하였으며
열왕기상,7,19,열왕기상 7:19,낭실 기둥 꼭대기에 있는 머리의 네 규빗은 백합화 모양으로 만들었으며
열왕기상,7,22,열왕기상 7:22,그 두 기둥 꼭대기에 백합화 형상이 있더라 두 기둥의 공역이 마치니라
열왕기상,7,24,열왕기상 7:24,그 가장자리 아래에는 돌아가며 박이 있는데 매 규빗에 열개씩 있어서 바다 주위에 둘렸으니 그 박은 바다를 부어 만들 때에 두 줄로 부어 만들었으며
열왕기상,7,25,열왕기상 7:25,"그 바다를 열 두 소가 받쳤으니 셋은 북을 향하였고, 셋은 서를 향하였고, 셋은 남을 향하였고, 셋은 동을 향하였으며, 바다를 그 위에 놓았고 소의 뒤는 다 안으로 두었으며"
열왕기상,7,26,열왕기상 7:26,바다의 두께는 한 손 넓이만하고 그 가는 백합화의 식양으로 잔가와 같이 만들었으니 그 바다에는 이천 밧을 담겠더라
열왕기상,7,27,열왕기상 7:27,"또 놋으로 받침 열을 만들었으니 매 받침의 장이 네 규빗이요, 광이 네 규빗이요, 고가 세 규빗이라"
열왕기상,7,28,열왕기상 7:28,그 받침의 제도는 이러하니 사면 옆 변죽 가운데 판이 있고
열왕기상,7,29,열왕기상 7:29,변죽 가운데 판에는 사자와 소와 그룹들이 있고 또 변죽 위에는 놓는 자리가 있고 사자와 소 아래에는 화환 모양이 있으며
열왕기상,7,30,열왕기상 7:30,그 받침에 각각 네 놋바퀴와 놋축이 있고 받침 네 발 밑에는 어깨 같은 것이 있으며 그 어깨 같은 것은 물두멍 밑편에 부어 만들었고 화환은 각각 그 옆에 있으며
열왕기상,7,34,열왕기상 7:34,받침 네 모퉁이에 어깨 같은 것 넷이 있는데 그 어깨는 받침과 연하였고
열왕기상,7,35,열왕기상 7:35,"받침 위에 둥근 테두리가 있는데 고가 반 규빗이요, 또 받침 위의 버팀대와 옆판들이 받침과 연하였고"
열왕기상,7,49,열왕기상 7:49,"내소 앞에 좌우로 다섯씩 둘 정금 등대며 또 금꽃과, 등잔과, 불집게며"
열왕기상,8,7,열왕기상 8:7,그룹들이 궤 처소 위에서 날개를 펴서 궤와 그 채를 덮었는데
열왕기상,8,8,열왕기상 8:8,채가 긴 고로 채 끝이 내전 앞 성소에서 보이나 밖에서는 보이지 아니하며 그 채는 오늘까지 그곳에 있으며
열왕기상,8,13,열왕기상 8:13,내가 참으로 주를 위하여 계실 전을 건축하였사오니 주께서 영원히 거하실 처소로소이다` 하고
열왕기상,8,14,열왕기상 8:14,얼굴을 돌이켜 이스라엘의 온 회중을 위하여 축복하니 때에 이스라엘의 온 회중이 섰더라
열왕기상,8,19,열왕기상 8:19,그러나 너는 그 전을 건축하지 못할 것이요 네 몸에서 낳을 네 아들 그가 내 이름을 위하여 전을 건축하리라 하시더니
열왕기상,8,27,열왕기상 8:27,하나님이 참으로 땅에 거하시리이까 하늘과 하늘들의 하늘이라도 주를 용납지 못하겠거든 하물며 내가 건축한 이 전이오리이까
열왕기상,8,28,열왕기상 8:28,"그러나 나의 하나님 여호와여, 종의 기도와 간구를 돌아보시며 종이 오늘날 주의 앞에서 부르짖음과 비는 기도를 들으시옵소서"
열왕기상,8,29,열왕기상 8:29,주께서 전에 말씀하시기를 내 이름이 거기 있으리라 하신 곳 이전을 향하여 주의 눈이 주야로 보옵시며 종이 이곳을 향하여 비는 기도를 들으시옵소서
열왕기상,8,30,열왕기상 8:30,종과 주의 백성 이스라엘이 이곳을 향하여 기도할 때에 주는 그 간구함을 들으시되 주의 계신 곳 하늘에서 들으시고 들으시사 사하여 주옵소서
열왕기상,8,31,열왕기상 8:31,만일 어떤 사람이 그 이웃에게 범죄함으로 맹세시킴을 받고 저가 와서 이 전에 있는 주의 단 앞에서 맹세하거든
열왕기상,8,33,열왕기상 8:33,만일 주의 백성 이스라엘이 주께 범죄하여 적국 앞에 패하게 되므로 주께로 돌아와서 주의 이름을 인정하고 이 전에서 주께 빌며 간구하거든
열왕기상,8,34,열왕기상 8:34,주는 하늘에서 들으시고 주의 백성 이스라엘의 죄를 사하시고 그 열조에게 주신 땅으로 돌아오게 하옵소서
열왕기상,8,35,열왕기상 8:35,만일 저희가 주께 범죄함을 인하여 하늘이 닫히고 비가 없어서 주의 벌을 받을 때에 이곳을 향하여 빌며 주의 이름을 인정하고 그 죄에서 떠나거든
열왕기상,8,36,열왕기상 8:36,주는 하늘에서 들으사 주의 종들과 주의 백성 이스라엘의 죄를 사하시고 그 마땅히 행할 선한 길을 가르쳐 주옵시며 주의 백성에게 기업으로 주신 주의 땅에 비를 내리시옵소서
열왕기상,8,38,열왕기상 8:38,한 사람이나 혹 주의 온 백성 이스라엘이 다 각각 자기의 마음에 재앙을 깨닫고 이 전을 향하여 손을 펴고 무슨 기도나 무슨 간구를 하거든
열왕기상,8,39,열왕기상 8:39,주는 계신 곳 하늘에서 들으시고 사유하시며 각 사람의 마음을 아시오니 그 모든 행위대로 행하사 갚으시옵소서 주만 홀로 인생의 마음을 다 아심이니이다
열왕기상,8,40,열왕기상 8:40,그리하시면 저희가 주께서 우리 열조에게 주신 땅에서 사는 동안에 항상 주를 경외하리이다
열왕기상,8,41,열왕기상 8:41,또 주의 백성 이스라엘에 속하지 아니한 자 곧 주의 이름을 위하여 먼 지방에서 온 이방인이라도
열왕기상,8,42,열왕기상 8:42,저희가 주의 광대한 이름과 주의 능한 손과 주의 펴신 팔의 소문을 듣고 와서 이 전을 향하여 기도하거든
열왕기상,8,43,열왕기상 8:43,주는 계신 곳 하늘에서 들으시고 무릇 이방인이 주께 부르짖는 대로 이루사 땅의 만민으로 주의 이름을 알고 주의 백성 이스라엘처럼 경외하게 하옵시며 또 내가 건축한 이 전을 주의 이름으로 일컫는 줄을 알게 하옵소서
열왕기상,8,44,열왕기상 8:44,주의 백성이 그 적국으로 더불어 싸우고자 하여 주의 보내신 길로 나갈 때에 저희가 주의 빼신 성과 내가 주의 이름을 위하여 건축한 전 있는 편을 향하여 여호와께 기도하거든
열왕기상,8,45,열왕기상 8:45,주는 하늘에서 저희의 기도와 간구를 들으시고 그 일을 돌아보옵소서
열왕기상,8,48,열왕기상 8:48,자기를 사로 잡아 간 적국의 땅에서 온 마음과 온 뜻으로 주께 돌아와서 주께서 그 열조에게 주신 땅 곧 주의 빼신 성과 내가 주의 이름을 위하여 건축한 전 있는 편을 향하여 주께 기도하거든
열왕기상,8,49,열왕기상 8:49,주는 계신 곳 하늘에서 저희 기도와 간구를 들으시고 저희의 일을 돌아보옵시며
열왕기상,8,50,열왕기상 8:50,주께 범죄한 백성을 용서하시며 주께 범한 그 모든 허물을 사하시고 저희를 사로 잡아 간 자의 앞에서 저희로 불쌍히 여김을 얻게 하사 그 사람들로 저희를 불쌍히 여기게 하옵소서
열왕기상,8,52,열왕기상 8:52,원컨대 주는 눈을 들어 종의 간구함과 주의 백성 이스라엘의 간구함을 보시고 무릇 주께 부르짖는 대로 들으시옵소서
열왕기상,8,57,열왕기상 8:57,우리 하나님 여호와께서 우리 열조와 함께 계시던 것같이 우리와 함께 계시옵고 우리를 떠나지 마옵시며 버리지 마옵시고
열왕기상,8,58,열왕기상 8:58,우리의 마음을 자기에게로 향하여 그 모든 길로 행하게 하옵시며 우리 열조에게 명하신 계명과 법도와 율례를 지키게 하시기를 원하오며
열왕기상,8,59,열왕기상 8:59,여호와의 앞에서 나의 간구한 이 말씀을 주야로 우리 하나님 여호와께 가까이 있게 하옵시고 또 주의 종의 일과 주의 백성 이스라엘의 일을 날마다 당하는 대로 돌아보사
열왕기상,9,3,열왕기상 9:3,저에게 이르시되 네가 내 앞에서 기도하며 간구함을 내가 들었은즉 내가 너의 건축한 이 전을 거룩하게 구별하여 나의 이름을 영영히 그곳에 두며 나의 눈과 나의 마음이 항상 거기 있으리니
열왕기상,9,13,열왕기상 9:13,이르기를 `나의 형이여 내게 준 이 성읍들이 이러하뇨' 하고 이름하여 가불 땅이라 하였더니 그 이름이 오늘까지 있으니라
열왕기상,10,5,열왕기상 10:5,그 상의 식물과 그 신복들의 좌석과 그 신하들의 시립한 것과 그들의 공복과 술 관원들과 여호와의 전에 올라가는 층계를 보고 정신이 현황하여
열왕기상,10,7,열왕기상 10:7,내가 그 말들을 믿지 아니하였더니 이제 와서 목도한즉 내게 말한 것은 절반도 못되니 당신의 지혜와 복이 나의 들은 소문에 지나도다
열왕기상,10,8,열왕기상 10:8,복되도다 ! 당신의 사람들이여 복되도다 ! 당신의 이 신복들이여 항상 당신의 앞에 서서 당신의 지혜를 들음이로다
열왕기상,10,9,열왕기상 10:9,당신의 하나님 여호와를 송축할지로다 ! 여호와께서 당신을 기뻐하사 이스라엘 위에 올리셨고 여호와께서 영영히 이스라엘을 사랑하시므로 당신을 세워 왕을 삼아 공과 의를 행하게 하셨도다'하고
열왕기상,10,11,열왕기상 10:11,(오빌에서부터 금을 실어 온 히람의 배들이 오빌에서 많은 백단목과 보석을 운반하여 오매
열왕기상,10,12,열왕기상 10:12,왕이 백단목으로 여호와의 전과 왕궁의 난간을 만들고 또 노래하는 자를 위하여 수금과 비파를 만들었으니 이같은 백단목은 전에도 온일이 없었고 오늘까지도 보지 못하였더라)
열왕기상,10,15,열왕기상 10:15,그 외에 또 상고와 무역하는 객상과 아라비아 왕들과 나라의 방백들에게서도 가져온지라
열왕기상,10,18,열왕기상 10:18,왕이 또 상아로 큰 보좌를 만들고 정금으로 입혔으니
열왕기상,10,19,열왕기상 10:19,그 보좌에는 여섯 층계가 있고 보좌 뒤에 둥근 머리가 있고 앉는 자리 양편에는 팔걸이가 있고 팔걸이 곁에는 사자가 하나씩 섰으며
열왕기상,11,30,열왕기상 11:30,아히야가 그 입은 새 옷을 잡아 열 두 조각에 찢고
열왕기상,11,37,열왕기상 11:37,내가 너를 취하리니 너는 무릇 네 마음에 원하는대로 다스려 이스라엘 위에 왕이 되되
열왕기상,12,4,열왕기상 12:4,`왕의 부친이 우리의 멍에를 무겁게 하였으나 왕은 이제 왕의 부친이 우리에게 시킨 고역과 메운 무거운 멍에를 가볍게 하소서 그리하시면 우리가 왕을 섬기겠나이다'
열왕기상,12,8,열왕기상 12:8,왕이 노인의 교도하는 것을 버리고 그 앞에 모셔 있는 자기와 함께 자라난 소년들과 의논하여
열왕기상,12,12,열왕기상 12:12,삼일만에 여로보암과 모든 백성이 르호보암에게 나아왔으니 이는 왕이 명하여 이르기를 삼일만에 내게로 다시 오라 하였음이라
열왕기상,12,22,열왕기상 12:22,하나님의 말씀이 하나님의 사람 스마야에게 임하여 가라사대
열왕기상,12,24,열왕기상 12:24,여호와의 말씀이 너희는 올라가지 말라 너희 형제 이스라엘 자손과 싸우지 말고 각기 집으로 돌아가라 이 일이 내게로 말미암아 난 것이라 하셨다 하라 하신지라 저희가 여호와의 말씀을 듣고 그 말씀을 좇아 돌아갔더라
열왕기상,12,25,열왕기상 12:25,여로보암이 에브라임 산지에 세겜을 건축하고 거기서 살며 또 거기서 나가서 부느엘을 건축하고
열왕기상,12,27,열왕기상 12:27,만일 이 백성이 예루살렘에 있는 여호와의 전에 제사를 드리고자하여 올라가면 이 백성의 마음이 유다 왕 된 그 주 르호보암에게로 돌아가서 나를 죽이고 유다 왕 르호보암에게로 돌아가리로다 하고
열왕기상,12,29,열왕기상 12:29,하나는 벧엘에 두고 하나는 단에 둔지라
열왕기상,13,1,열왕기상 13:1,때에 하나님의 사람이 여호와의 말씀으로 인하여 유다에서부터 벧엘에 이르니 마침 여로보암이 단 곁에 서서 분향하는지라
열왕기상,13,5,열왕기상 13:5,하나님의 사람의 여호와의 말씀으로 보인 예조대로 단이 갈라지며 재가 단에서 쏟아진지라
열왕기상,13,11,열왕기상 13:11,벧엘에 한 늙은 선지자가 살더니 그 아들들이 와서 이 날에 하나님의 사람이 벧엘에서 행한 모든 일을 저에게 고하고 또 그가 왕에게 고한 말씀도 저희가 그 아비에게 고한지라
열왕기상,13,20,열왕기상 13:20,저희가 상 앞에 앉았을 때에 여호와의 말씀이 그 사람을 데려온 선지자에게 임하니
열왕기상,13,23,열왕기상 13:23,자기가 데리고 온 선지자가 떡을 먹고 물을 마신 후에 그를 위하여 나귀에 안장을 지우니라
열왕기상,14,3,열왕기상 14:3,그대의 손에 떡 열과 과자와 꿀 한병을 가지고 그에게로 가라 저가 그대에게 이 아이의 어떻게 될 것을 알게 하리라'
열왕기상,14,5,열왕기상 14:5,여호와께서 아히야에게 이르시되 여로보암의 아내가 그 아들이 병듦을 인하여 네게 물으러 오나니 너는 이리이리 대답하라 저가 들어올때에 다른 사람인 체함이니라
열왕기상,14,7,열왕기상 14:7,가서 여로보암에게 고하라 이스라엘 하나님 여호와의 말씀이 내가 너를 백성 중에서 들어 내 백성 이스라엘의 주권자가 되게 하고
열왕기상,14,13,열왕기상 14:13,온 이스라엘이 저를 위하여 슬퍼하며 장사하려니와 여로보암에게 속한 자는 오직 이 아이만 묘실에 들어가리니 이는 여로보암의 집 가운데서 저가 이스라엘 하나님 여호와를 향하여 선한 뜻을 품었음이니라`
열왕기상,14,19,열왕기상 14:19,여로보암의 그 남은 행적 곧 저가 어떻게 싸운 것과 어떻게 다스린 것은 이스라엘 왕 역대지략에 기록되니라
열왕기상,14,20,열왕기상 14:20,여로보암이 왕이 된 지 이십이년이라 저가 그 열조와 함께 자매 그 아들 나답이 대신하여 왕이 되니라
열왕기상,14,27,열왕기상 14:27,르호보암 왕이 그 대신 놋으로 방패를 만들어 왕궁 문을 지키는 시위대 장관의 손에 맡기매
열왕기상,14,28,열왕기상 14:28,왕이 여호와의 전에 들어갈 때마다 시위하는 자가 그 방패를 들고 갔다가 시위소로 도로 가져갔더라
열왕기상,14,29,열왕기상 14:29,르호보암의 남은 사적과 무릇 그 행한 일이 유다 왕 역대지략에 기록되지 아니하였느냐
열왕기상,15,1,열왕기상 15:1,느밧의 아들 여로보암 왕 제 십팔년에 아비얌이 유다 왕이 되고
열왕기상,15,31,열왕기상 15:31,나답의 남은 사적과 무릇 행한 일이 이스라엘 왕 역대지략에 기록되지 아니하였느냐
열왕기상,16,1,열왕기상 16:1,여호와의 말씀이 하나니의 아들 예후에게 임하여 바아사를 꾸짖어 가라사대
열왕기상,16,5,열왕기상 16:5,바아사의 남은 사적과 무릇 행한 일과 권세는 이스라엘 왕 역대지략에 기록되지 아니하였느냐
열왕기상,16,6,열왕기상 16:6,바아사가 그 열조와 함께 자매 디르사에 장사되고 그 아들 엘라가 대신하여 왕이 되니라
열왕기상,16,14,열왕기상 16:14,엘라의 남은 사적과 무릇 행한 일이 이스라엘 왕 역대지략에 기록되지 아니하였느냐
열왕기상,16,17,열왕기상 16:17,오므리가 이에 이스라엘 무리를 거느리고 깁브돈에서부터 올라와서 디르사를 에워쌌더라
열왕기상,16,20,열왕기상 16:20,시므리의 남은 행위와 그 모반한 일이 이스라엘 왕 역대지략에 기록되지 아니하였느냐
열왕기상,16,27,열왕기상 16:27,오므리의 행한 그 남은 사적과 그 베푼 권세가 이스라엘 왕 역대지략에 기록되지 아니하였느냐
열왕기상,17,4,열왕기상 17:4,그 시냇물을 마시라 내가 까마귀들을 명하여 거기서 너를 먹이게 하리라
열왕기상,17,6,열왕기상 17:6,"까마귀들이 아침에도 떡과 고기를, 저녁에도 떡과 고기를 가져 왔고 저가 시내를 마셨더니"
열왕기상,17,7,열왕기상 17:7,땅에 비가 내리지 아니하므로 얼마 후에 그 시내가 마르니라
열왕기상,17,9,열왕기상 17:9,너는 일어나 시돈에 속한 사르밧으로 가서 거기 유하라 내가 그곳 과부에게 명하여 너를 공궤하게 하였느니라
열왕기상,17,14,열왕기상 17:14,이스라엘 하나님 여호와의 말씀이 나 여호와가 비를 지면에 내리는 날까지 그 통의 가루는 다하지 아니하고 그 병의 기름은 없어지지 아니하리라 하셨느니라
열왕기상,18,31,열왕기상 18:31,야곱의 아들들의 지파의 수효를 따라 열 두 돌을 취하니 이 야곱은 여호와께서 옛적에 저에게 임하여 이르시기를 네 이름을 이스라엘이라 하리라 하신 자더라
열왕기상,18,32,열왕기상 18:32,저가 여호와의 이름을 의지하여 그 돌로 단을 쌓고 단으로 돌아가며 곡식 종자 두 세아를 용납할 만한 도랑을 만들고
열왕기상,18,37,열왕기상 18:37,"여호와여 내게 응답하옵소서, 내게 응답하옵소서 이 백성으로 주 여호와는 하나님이신 것과 주는 저희의 마음으로 돌이키게 하시는 것을 알게 하옵소서 하매"
열왕기상,19,6,열왕기상 19:6,본즉 머리맡에 숯불에 구운 떡과 한 병 물이 있더라 이에 먹고 마시고 다시 누웠더니
열왕기상,19,12,열왕기상 19:12,또 지진 후에 불이 있으나 불 가운데도 여호와께서 계시지 아니하더니 불 후에 세미한 소리가 있는지라
열왕기상,19,18,열왕기상 19:18,그러나 내가 이스라엘 가운데 칠천인을 남기리니 다 무릎을 바알에게 꿇지 아니하고 다 그 입을 바알에게 맞추지 아니한 자니라
열왕기상,20,19,열왕기상 20:19,각 도의 방백의 소년들과 저희를 좇는 군대들이 성에서 나가서
열왕기상,20,24,열왕기상 20:24,왕은 이 일을 행하실지니 곧 왕들을 제하여 각각 그곳에서 떠나게 하고 저희 대신에 장관들을 두시고
열왕기상,20,25,열왕기상 20:25,"또 왕의 잃어버린 군대와 같은 군대를 왕을 위하여 충수하고 말도 말대로,병거도 병거대로 충수하고 우리가 평지에서 저희와 싸우면 정녕 저희보다 강하리이다 왕이 그 말을 듣고 그리하니라"
열왕기상,20,26,열왕기상 20:26,해가 돌아오매 벤하닷이 아람 사람을 점고하고 아벡으로 올라와서 이스라엘과 싸우려 하매
열왕기상,20,38,열왕기상 20:38,선지자가 가서 수건으로 그 눈을 가리워 변형하고 길가에서 왕을 기다리다가
열왕기상,21,9,열왕기상 21:9,그 편지 사연에 이르기를 금식을 선포하고 나봇을 백성 가운데 높이 앉힌 후에
열왕기상,21,12,열왕기상 21:12,금식을 선포하고 나봇을 백성 가운데 높이 앉히매
열왕기상,22,31,열왕기상 22:31,아람 왕이 그 병거의 장관 삼십이 인에게 명하여 이르기를 너희는 작은 자나 큰 자나 더불어 싸우지 말고 오직 이스라엘 왕과 싸우라 한지라
열왕기상,22,33,열왕기상 22:33,병거의 장관들이 저가 이스라엘 왕이 아님을 보고 쫓기를 그치고 돌이켰더라
열왕기하,1,18,열왕기하 1:18,아하시야의 남은 사적은 모두 이스라엘 왕 역대지략에 기록되지 아니하였느냐
열왕기하,2,17,열왕기하 2:17,무리가 저로 부끄러워 하도록 강청하매 보내라 한지라 저희가 오십인을 보내었더니 사흘을 찾되 발견하지 못하고
열왕기하,3,2,열왕기하 3:2,저가 여호와 보시기에 악을 행하였으나 그 부모와 같이 하지는 아니하였으니 이는 저가 그 아비의 만든 바알의 주상을 제하였음이라
열왕기하,3,17,열왕기하 3:17,여호와께서 이르시기를 너희가 바람도 보지 못하고 비도 보지 못하되 이 골짜기에 물이 가득하여 너희와 너희 육축과 짐승이 마시리라 하셨나이다
열왕기하,4,4,열왕기하 4:4,너는 네 두 아들과 함께 들어가서 문을 닫고 그 모든 그릇에 기름을 부어서 차는 대로 옮겨 놓으라'
열왕기하,4,5,열왕기하 4:5,여인이 물러가서 그 두 아들과 함께 문을 닫은 후에 저희는 그릇을 그에게로 가져 오고 그는 부었더니
열왕기하,4,18,열왕기하 4:18,그 아이가 저으기 자라매 하루는 곡식 베는 자에게 나가서 그 아비에게 이르렀더니
열왕기하,4,21,열왕기하 4:21,그 어미가 올라가서 아들을 하나님의 사람의 침상 위에 두고 문을 닫고 나와서
열왕기하,4,39,열왕기하 4:39,한 사람이 채소를 캐러 들에 나가서 야등덩굴을 만나 그것에서 들외를 따서 옷자락에 채워가지고 돌아와서 썰어 국 끓이는 솥에 넣되 저희는 무엇인지 알지 못한지라
열왕기하,5,1,열왕기하 5:1,아람 왕의 군대장관 나아만은 그 주인 앞에서 크고 존귀한 자니 이는 여호와께서 전에 저로 아람을 구원하게 하셨음이라 저는 큰 용사나 문둥병자더라
열왕기하,5,24,열왕기하 5:24,언덕에 이르러는 게하시가 그 물건을 두 사환의 손에서 취하여 집에 감추고 저희를 보내어 가게 한 후
열왕기하,6,10,열왕기하 6:10,이스라엘 왕이 하나님의 사람의 자기에게 고하여 경계한 곳으로 사람을 보내어 방비하기가 한 두번이 아닌지라
열왕기하,6,23,열왕기하 6:23,왕이 위하여 식물을 많이 베풀고 저희가 먹고 마시매 놓아보내니 저희가 그 주인에게로 돌아가니라 이로부터 아람 군사의 부대가 다시는 이스라엘 땅에 들어오지 못하니라
열왕기하,7,4,열왕기하 7:4,우리가 성에 들어가자고 할지라도 성 중은 주리니 우리가 거기서 죽을 것이요 여기 앉아 있어도 죽을지라 그런즉 우리가 가서 아람 군대에게 항복하자 저희가 우리를 살려 두면 살려니와 우리를 죽이면 죽을 따름이라' 하고
열왕기하,7,5,열왕기하 7:5,아람 진으로 가려하여 황혼에 일어나서 아람 진 가에 이르러 본즉 그 곳에 한 사람도 없으니
열왕기하,7,7,열왕기하 7:7,황혼에 일어나서 도망하되 그 장막과 말과 나귀를 버리고 진을 그대로 두고 목숨을 위하여 도망하였음이라
열왕기하,7,16,열왕기하 7:16,백성들이 나가서 아람 사람의 진을 노략한지라 이에 고운 가루 한 스아에 한 세겔이 되고 보리 두 스아에 한 세겔이 되니 여호와의 말씀과 같이 되었고
열왕기하,8,11,열왕기하 8:11,하나님의 사람이 저가 부끄러워하기까지 쏘아보다가 우니
열왕기하,8,17,열왕기하 8:17,여호람이 위에 나아갈 때에 나이 삼십 이세라 예루살렘에서 팔년을 치리하니라
열왕기하,8,23,열왕기하 8:23,여호람의 남은 사적과 그 행한 모든 일은 유다 왕 역대지략에 기록되지 아니하였느냐
열왕기하,8,26,열왕기하 8:26,아하시야가 위에 나아갈 때에 나이 이십 이세라 예루살렘에서 일년을 치리하니라 그 모친의 이름은 아달랴라 이스라엘 왕 오므리의 손녀더라
열왕기하,9,3,열왕기하 9:3,기름병을 가지고 그 머리에 부으며 이르기를 여호와의 말씀이 내가 네게 기름을 부어 이스라엘 왕을 삼노라 하셨느니라 하고 곧 문을 열고 도망하되 지체치 말지니라
열왕기하,9,4,열왕기하 9:4,그 소년 곧 소년 선지자가 드디어 길르앗 라못으로 가니라
열왕기하,9,16,열왕기하 9:16,예후가 병거를 타고 이스르엘로 가니 요람이 거기 누웠음이라 유다왕 아하시야는 요람을 보러 내려 왔더라
열왕기하,10,2,열왕기하 10:2,너희 주의 아들들이 너희와 함께 있고 또 병거와 말과 견고한 성과 병기가 너희에게 있으니 이 편지가 너희에게 이르거든
열왕기하,10,26,열왕기하 10:26,바알의 당있는 성으로 가서 바알의 당에서 목상들을 가져다가 불사르고
열왕기하,10,28,열왕기하 10:28,예후가 이와 같이 이스라엘 중에서 바알을 멸하였으나
열왕기하,10,34,열왕기하 10:34,예후의 남은 사적과 무릇 행한 일과 모든 권세는 이스라엘 왕 역대지략에 기록되지 아니하였느냐
열왕기하,11,3,열왕기하 11:3,요아스가 저와 함께 여호와의 전에 육년을 숨어 있는 동안에 아달랴가 나라를 다스렸더라
열왕기하,11,4,열왕기하 11:4,제 칠년에 여호야다가 보내어 가리 사람의 백부장들과 호위병의 백부장들을 불러 데리고 여호와의 전으로 들어가서 저희와 언약을 세우고 저희로 여호와의 전에서 맹세케 한 후에 왕자를 보이 고
열왕기하,11,6,열왕기하 11:6,삼분 일은 수르문에 있고 삼분 일은 호위대 뒤에 있는 문에 있어서 이와 같이 왕궁을 주의하여 지켜 방어하고
열왕기하,11,11,열왕기하 11:11,호위병이 각각 손에 병기를 잡고 왕을 호위하되 전 우편에서부터 전 좌편까지 단과 전 곁에 서고
열왕기하,11,12,열왕기하 11:12,여호야다가 왕자를 인도하여 내어 면류관을 씌우며 율법 책을 주고 기름을 부어 왕을 삼으매 무리가 박수하며 왕의 만세를 부르니라
열왕기하,11,13,열왕기하 11:13,아달랴가 호위병과 백성의 소리를 듣고 여호와의 전에 들어가서 백성에게 이르러
열왕기하,11,14,열왕기하 11:14,보매 왕이 규례대로 대 위에 섰고 장관들과 나팔수가 왕의 곁에 모셨으며 온 국민이 즐거워하여 나팔을 부는지라 아달랴가 옷을 찢으며 외치되 반역이로다 반역이로다 하매
열왕기하,11,17,열왕기하 11:17,여호야다가 왕과 백성으로 여호와와 언약을 세워 여호와의 백성이 되게 하고 왕과 백성 사이에도 언약을 세우게 하매
열왕기하,11,19,열왕기하 11:19,또 백부장들과 가리 사람과 호위병과 온 국민을 거느리고 왕을 인도하여 여호와의 전에서 내려와서 호위병의 문 길로 말미암아 왕궁에 이르매 저가 왕의 보좌에 앉으니
열왕기하,11,21,열왕기하 11:21,요아스가 위에 나아갈 때에 나이 칠세였더라
열왕기하,12,11,열왕기하 12:11,그 달아본 은을 일하는 자 곧 여호와의 전을 맡은 자의 손에 붙이면 저희는 또 여호와의 전을 수리하는 목수와 건축하는 자들에게 주고
열왕기하,12,12,열왕기하 12:12,또 미장이와 석수에게 주고 또 여호와의 전 퇴락한 데를 수리할 재목과 다듬은 돌을 사게 하며 그 전을 수리할 모든 물건을 위하여 쓰게 하였으되
열왕기하,12,13,열왕기하 12:13,여호와의 전에 드린 그 은으로 그 전의 은대접이나 불집게나 주발이나 나팔이나 아무 금그릇이나 은그릇을 만들지 아니하고
열왕기하,12,14,열왕기하 12:14,오직 그 은을 일하는 자에게 주어 그것으로 여호와의 전을 수리하게 하였으며
열왕기하,12,15,열왕기하 12:15,또 그 은을 받아 일군에게 주는 사람들과 회계하지 아니하였으니 이는 성실히 일을 하였음이라
열왕기하,12,19,열왕기하 12:19,요아스의 남은 사적과 그 모든 행한 것은 유다 왕 역대지략에 기록되지 아니하였느냐
열왕기하,13,4,열왕기하 13:4,아람 왕이 이스라엘을 학대하므로 여호아하스가 여호와께 간구하매 여호와께서 들으셨으니 이는 저희의 학대 받음을 보셨음이라
열왕기하,13,5,열왕기하 13:5,여호와께서 이에 구원자를 이스라엘에게 주시매 이스라엘 자손이 아람 사람의 손에서 벗어나 전과 같이 자기 장막에 거하였으나
열왕기하,13,8,열왕기하 13:8,여호아하스의 남은 사적과 모든 행한 것과 그 권력은 이스라엘 왕 역대지략에 기록되지 아니하였느냐
열왕기하,13,12,열왕기하 13:12,요아스의 남은 사적과 무릇 행한 일과 유다 왕 아마샤와 싸운 권력은 이스라엘 왕 역대지략에 기록되지 아니하였느냐
열왕기하,13,24,열왕기하 13:24,아람 왕 하사엘이 죽고 그 아들 벤하닷이 대신하여 왕이 되매
열왕기하,14,1,열왕기하 14:1,이스라엘 왕 여호아하스의 아들 요아스 이년에 유다 왕 요아스의 아들 아마샤가 왕이 되니
열왕기하,14,11,열왕기하 14:11,아마샤가 듣지 아니하므로 이스라엘 왕 요아스가 올라와서 유다 왕 아마샤로 더불어 유다의 벧세메스에서 대면하였더니
열왕기하,14,15,열왕기하 14:15,요아스의 남은 사적과 그 권력과 또 유다 왕 아마샤와 서로 싸운 일은 이스라엘 왕 역대지략에 기록되지 아니하였느냐
열왕기하,14,18,열왕기하 14:18,아마샤의 남은 행적은 유다 왕 역대지략에 기록되지 아니하였느냐
열왕기하,14,25,열왕기하 14:25,이스라엘 하나님 여호와께서 그 종 가드헤벨 아밋대의 아들 선지자 요나로 하신 말씀과 같이 여로보암이 이스라엘 지경을 회복하되 하맛 어귀에서부터 아라바 바다까지 하였으니
열왕기하,14,29,열왕기하 14:29,여로보암이 그 열조 이스라엘 왕들과 함께 자고 그 아들 스가랴가 대신하여 왕이 되니라
열왕기하,15,4,열왕기하 15:4,오직 산당은 제하지 아니하였으므로 백성이 오히려 그 산당에서 제사를 드리며 분향하였고
열왕기하,15,11,열왕기하 15:11,스가랴의 남은 사적은 이스라엘 왕 역대지략에 기록되니라
열왕기하,15,12,열왕기하 15:12,여호와께서 예후에게 말씀하여 이르시기를 네 자손이 이스라엘 위를 이어 사대까지 이르리라 하신 그 말씀대로 과연 그렇게 되니라
열왕기하,15,15,열왕기하 15:15,살룸의 남은 사적과 그 모반한 일은 이스라엘 왕 역대지략에 기록되니라
열왕기하,15,21,열왕기하 15:21,므나헴의 남은 사적과 그 모든 행한 일은 이스라엘 왕 역대지략에 기록되지 아니하였느냐
열왕기하,15,22,열왕기하 15:22,므나헴이 그 열조와 함께 자고 그 아들 브가히야가 대신하여 왕이 되니라
열왕기하,15,26,열왕기하 15:26,브가히야의 남은 사적과 그 모든 행한 일은 이스라엘 왕 역대지략에 기록되니라
열왕기하,15,31,열왕기하 15:31,베가의 남은 사적과 그 모든 행한 일은 이스라엘 왕 역대지략에 기록되니라
열왕기하,15,35,열왕기하 15:35,오직 산당을 제하지 아니하였으므로 백성이 오히려 그 산당에서 제사를 드리며 분향하였더라 요담이 여호와의 전의 윗문을 건축 하니라
열왕기하,15,36,열왕기하 15:36,요담의 남은 사적과 그 모든 행한 일은 유다 왕 역대지략에 기록되지 아니하였느냐
열왕기하,16,1,열왕기하 16:1,르말랴의 아들 베가 십 칠년에 유다 왕 요담의 아들 아하스가 왕이 되니
열왕기하,16,14,열왕기하 16:14,또 여호와의 앞 곧 전 앞에 있던 놋단을 옮기되 새 단과 여호와의 전 사이에서 옮겨다가 그 단 북편에 두니라
열왕기하,16,17,열왕기하 16:17,아하스 왕이 물두멍 받침의 옆판을 떼어내고 물두멍을 그 자리에서 옮기고 또 놋바다를 놋소 위에서 내려다가 돌판 위에 두며
열왕기하,16,19,열왕기하 16:19,아하스의 그 남은 사적은 유다 왕 역대지략에 기록되지 아니하였느냐
열왕기하,17,13,열왕기하 17:13,여호와께서 각 선지자와 각 선견자로 이스라엘과 유다를 경계하여 이르시기를 너희는 돌이켜 너희 악한 길에서 떠나 나의 명령과 율례를 지키되 내가 너희 열조에게 명하고 또 나의 종 선지자들로 너희에게 전한 모든 율법대로 행하라 하셨으나
열왕기하,17,33,열왕기하 17:33,이와 같이 저희가 여호와도 경외하고 또한 어디서부터 옮겨왔든지 그 민족의 풍속대로 자기의 신들도 섬겼더라
열왕기하,17,35,열왕기하 17:35,옛적에 여호와께서 야곱의 자손에게 언약을 세우시고 저희에게 명하여 가라사대 너희는 다른 신을 경외하지 말며 그를 숭배하지말며 그를 섬기지 말며 그에게 제사하지 말고
열왕기하,17,37,열왕기하 17:37,또 여호와가 너희를 위하여 기록한 율례와 법도와 율법과 계명을 너희가 지켜 영원히 행하고 다른 신들을 경외치 말며
열왕기하,17,38,열왕기하 17:38,또 내가 너희와 세운 언약을 잊지 말며 다른 신들을 경외치 말고
열왕기하,17,39,열왕기하 17:39,오직 너희 하나님 여호와를 경외하라 그가 너희를 모든 원수의 손에서 건져내리라 하셨으나
열왕기하,18,20,열왕기하 18:20,네가 싸울만한 계교와 용력이 있다고 한다마는 이는 입에 붙은 말 뿐이라 네가 이제 누구를 의뢰하고 나를 반역하였느냐
열왕기하,18,36,열왕기하 18:36,그러나 백성이 잠잠하고 한 말도 대답지 아니하니 이는 왕이 명하여 대답하지 말라 하였음이라
열왕기하,19,16,열왕기하 19:16,여호와여 귀를 기울여 들으소서 여호와여 눈을 떠서 보시옵소서 산헤립이 사신 하나님을 훼방하러 보낸 말을 들으시옵소서
열왕기하,19,19,열왕기하 19:19,우리 하나님 여호와여 원컨대 이제 우리를 그 손에서 구원하옵소서 그리하시면 천하 만국이 주 여호와는 홀로 하나님이신줄 알리이다 하니라
열왕기하,19,29,열왕기하 19:29,또 네게 보일 징조가 이러하니 너희가 금년에는 스스로 자라난 것을 먹고 명년에는 그것에서 난 것을 먹되 제 삼년에는 심고 거두며 포도원을 심고 그 열매를 먹으리라
열왕기하,19,30,열왕기하 19:30,유다 족속의 피하고 남은 자는 다시 아래로 뿌리가 서리고 위로 열매를 맺을지라
열왕기하,19,31,열왕기하 19:31,남은 자는 예루살렘에서부터 나올 것이요 피하는 자는 시온산에서부터 나오리니 여호와의 열심이 이 일을 이루리라 하셨나이다
열왕기하,19,33,열왕기하 19:33,오던 길로 돌아가고 이 성에 이르지 못하리라 하셨으니 이는 여호와의 말씀이시라
열왕기하,20,4,열왕기하 20:4,이사야가 성읍 가운데까지도 이르기 전에 여호와의 말씀이 저에게 임하여 가라사대
열왕기하,20,11,열왕기하 20:11,선지자 이사야가 여호와께 간구하매 아하스의 일영표 위에 나아갔던 해 그림자로 십도를 물러가게 하셨더라
열왕기하,21,4,열왕기하 21:4,여호와께서 전에 이르시기를 내가 내 이름을 예루살렘에 두리라 하신 여호와의 전의 단들을 쌓고
열왕기하,21,10,열왕기하 21:10,여호와께서 그 종 모든 선지자들로 말씀하여 가라사대
열왕기하,21,25,열왕기하 21:25,아몬의 행한바 남은 사적은 유다 왕 역대지략에 기록되지 아니하였느냐
열왕기하,22,18,열왕기하 22:18,너희를 보내어 여호와께 묻게 한 유다 왕에게는 너희가 이렇게 고하라 이스라엘 하나님 여호와의 말씀이 네가 들은 말을 의논컨대
열왕기하,23,1,열왕기하 23:1,왕이 보내어 유다와 예루살렘의 모든 장로를 자기에게로 모으고
열왕기하,23,3,열왕기하 23:3,왕이 대 위에 서서 여호와 앞에서 언약을 세우되 마음을 다하고 성품을 다하여 여호와를 순종하고 그 계명과 법도와 율례를 지켜 이 책에 기록된 이 언약의 말씀을 이루게 하리라 하매 백성이 다 그 언약을 좇기로 하니라
열왕기하,23,11,열왕기하 23:11,또 유다 열왕이 태양을 위하여 드린 말들을 제하여 버렸으니 이 말들은 여호와의 전으로 들어가는 곳의 근처 시종 나단멜렉의 집곁에 있던 것이며 또 태양수레를 불사르고
열왕기하,24,5,열왕기하 24:5,여호야김의 남은 사적과 모든 행한 일은 유다 왕 역대지략에 기록 되지 아니하였느냐
열왕기하,24,6,열왕기하 24:6,여호야김이 그 열조와 함께 자매 그 아들 여호야긴이 대신하여 왕이 되니라
열왕기하,25,29,열왕기하 25:29,그 죄수의 의복을 바꾸게 하고 그 일평생에 항상 왕의 앞에서 먹게 하였고
역대상,4,40,역대상 4:40,아름답고 기름진 목장을 발견하였는데 그 땅이 광활하고 안정하니 이는 옛적부터 거기 거한 사람은 함의 자손인 까닭이라
역대상,4,42,역대상 4:42,"또 시므온 자손 중에 오백명이 이시의 아들 블라디야와, 느아랴와, 르바야와, 웃시엘로 두목을 삼고 세일 산으로 가서"
역대상,5,9,역대상 5:9,또 동으로 가서 거하여 유브라데강에서부터 광야 지경까지 미쳤으니 이는 길르앗 땅에서 그 생축이 번식함이라
역대상,5,11,역대상 5:11,갓 자손은 르우벤 사람을 마주 대하여 바산 땅에 거하여 살르가까지 미쳤으니
역대상,5,20,역대상 5:20,도우심을 입었으므로 하갈 사람과 그 함께한 자들이 다 저희 손에 패하였으니 이는 저희가 싸울 때에 하나님께 의뢰하고 부르짖음을 하나님이 들으셨음이라
역대상,6,16,역대상 6:16,"레위의 아들들은 게르손과, 그핫과, 므라리며"
역대상,6,19,역대상 6:19,"므라리의 아들들은 말리와, 무시라 이 레위 사람의 집들이 그 종족을 따라 이러하니"
역대상,6,55,역대상 6:55,저희에게 유다 땅의 헤브론과 그 사방 들을 주었고
역대상,6,56,역대상 6:56,그 성의 밭과 향리는 여분네의 아들 갈렙에게 주었으며
역대상,6,64,역대상 6:64,이스라엘 자손이 이 모든 성과 그 들을 레위 자손에게 주되
역대상,6,66,역대상 6:66,그핫 자손의 몇 족속은 에브라임 지파 중에서 성을 얻어 영지를 삼았으며
역대상,9,18,역대상 9:18,이 사람들은 전에 왕의 문 동편 곧 레위 자손의 영의 문지기며
역대상,9,20,역대상 9:20,여호와께서 함께하신 엘르아살의 아들 비느하스가 옛적에 그 무리를 거느렸고
역대상,9,24,역대상 9:24,이 문지기가 동서 남북 사방에 섰고
역대상,9,25,역대상 9:25,그 향리에 있는 형제들은 이레마다 와서 함께하니
역대상,9,28,역대상 9:28,그 중에 어떤 자는 섬기는데 쓰는 기명을 맡아서 그 수효대로 들여가고 수효대로 내어오며
역대상,9,29,역대상 9:29,또 어떤 자는 성소의 기구와 모든 기명과 고운 가루와 포도주와 기름과 유향과 향품을 맡았으며
역대상,9,31,역대상 9:31,고라 자손 살룸의 장자 맛디댜라 하는 레위 사람은 남비에 지지는 것을 맡았으며
역대상,11,12,역대상 11:12,그 다음은 아호아 사람 도도의 아들 엘르아살이니 세 용사 중 하나이라
역대상,11,21,역대상 11:21,저는 둘째 삼인 중에 가장 존귀하여 저희의 두목이 되었으나 그러나 첫째 삼인에게는 미치지 못하니라
역대상,11,24,역대상 11:24,여호야다의 아들 브나야가 이런 일을 행하였으므로 세 용사 중에 이름을 얻고
역대상,12,14,역대상 12:14,이 갓 자손이 군대 장관이 되어 그 작은 자는 일백인을 관할하고 그 큰 자는 일천인을 관할하더니
역대상,12,24,역대상 12:24,유다 자손 중에서 방패와 창을 들고 싸움을 예비한 자가 육천 팔백명이요
역대상,12,25,역대상 12:25,시므온 자손 중에서 싸움하는 큰 용사가 칠천 일백명이요
역대상,12,26,역대상 12:26,레위 자손 중에서 사천 육백명이요
역대상,12,28,역대상 12:28,또 젊은 용사 사독과 그 족속의 장관이 이십 이명이요
역대상,12,32,역대상 12:32,잇사갈 자손 중에서 시세를 알고 이스라엘이 마땅히 행할 것을 아는 두목이 이백명이니 저희는 그 모든 형제를 관할하는 자며
역대상,13,4,역대상 13:4,뭇 백성이 이 일을 선히 여기므로 온 회중이 그대로 행하겠다 한지라
역대상,13,7,역대상 13:7,하나님의 궤를 새 수레에 싣고 아비나답의 집에서 나오는데 웃사와 아히오는 수레를 몰며
역대상,13,14,역대상 13:14,하나님의 궤가 오벧에돔의 집에서 그 권속과 함께 석달을 있으니라 여호와께서 오벧에돔의 집과 그 모든 소유에 복을 내리셨더라
역대상,15,3,역대상 15:3,이스라엘 온 무리를 예루살렘으로 모으고 여호와의 궤를 그 예비한 곳으로 메어 올리고자 하여
역대상,15,19,역대상 15:19,노래하는 자 헤만과 아삽과 에단은 놋제금을 크게 치는 자요
역대상,15,22,역대상 15:22,레위 사람의 족장 그나냐는 노래에 익숙하므로 노래를 주장하여 사람에게 가르치는 자요
역대상,15,28,역대상 15:28,이스라엘 무리는 크게 부르며 각과 나팔을 불며 제금을 치며 비파와 수금을 힘있게 타며 여호와의 언약궤를 메어 올렸더라
역대상,16,4,역대상 16:4,또 레위 사람을 세워 여호와의 궤 앞에서 섬기며 이스라엘 하나님 여호와를 칭송하며 감사하며 찬양하게 하였으니
역대상,16,8,역대상 16:8,너희는 여호와께 감사하며 그 이름을 불러 아뢰며 그 행사를 만민 중에 알게 할지어다
역대상,16,9,역대상 16:9,그에게 노래하며 그를 찬양하며 그 모든 기사를 말할지어다
역대상,16,10,역대상 16:10,그 성호를 자랑하라 무릇 여호와를 구하는 자는 마음이 즐거울지로다
역대상,16,11,역대상 16:11,여호와와 그 능력을 구할지어다 그 얼굴을 항상 구할지어다
역대상,16,15,역대상 16:15,너희는 그 언약 곧 천대에 명하신 말씀을 영원히 기억할지어다
역대상,16,21,역대상 16:21,사람이 그들을 해하기를 용납지 아니하시고 그들의 연고로 열왕을 꾸짖어
역대상,16,23,역대상 16:23,온 땅이여 여호와께 노래하며 구원을 날마다 선포할지어다
역대상,16,24,역대상 16:24,"그 영광을 열방 중에, 그 기이한 행적을 만민 중에 선포할지어다"
역대상,16,25,역대상 16:25,여호와는 광대하시니 극진히 찬양할 것이요 모든 신보다 경외할 것임이여
역대상,16,26,역대상 16:26,만방의 모든 신은 헛것이요 여호와께서는 하늘을 지으셨음이로다
역대상,16,27,역대상 16:27,존귀와 위엄이 그 앞에 있으며 능력과 즐거움이 그 처소에 있도다
역대상,16,28,역대상 16:28,만방의 족속들아 영광과 권능을 여호와께 돌릴지어다 여호와께 돌릴지어다
역대상,16,29,역대상 16:29,여호와의 이름에 합당한 영광을 그에게 돌릴지어다 예물을 가지고 그 앞에 들어갈지어다 아름답고 거룩한 것으로 여호와께 경배할지어다
역대상,16,30,역대상 16:30,온 땅이여 그 앞에서 떨지어다 세계가 굳게 서고 흔들리지 못하는도다
역대상,16,31,역대상 16:31,하늘은 기뻐하고 땅은 즐거워하며 열방 중에서는 이르기를 여호와께서 통치하신다 할지로다
역대상,16,32,역대상 16:32,바다와 거기 충만한 것이 외치며 밭과 그 가운데 모든 것은 즐거워할지로다
역대상,16,34,역대상 16:34,여호와께 감사하라 그는 선하시며 그 인자하심이 영원함이로다
역대상,16,35,역대상 16:35,너희는 이르기를 우리의 구원의 하나님이여 우리를 구원하여 만국 가운데서 건져 내시고 모으시사 우리로 주의 성호를 감사하며 주의 영예를 찬양하게 하소서 할지어다
역대상,16,41,역대상 16:41,또 저희와 함께 헤만과 여두둔과 그 남아 택함을 받고 녹명된자를 세워 여호와의 자비하심이 영원함을 인하여 감사하게 하였고
역대상,17,3,역대상 17:3,그 밤에 하나님의 말씀이 나단에게 임하여 가라사대
역대상,17,6,역대상 17:6,무릇 이스라엘 무리로 더불어 행하는 곳에서 내가 내 백성을 먹이라고 명한 이스라엘 어느 사사에게 내가 말하기를 너희가 어찌하여 나를 위하여 백향목 집을 건축하지 아니하였느냐고 말하였느냐 하고
역대상,17,8,역대상 17:8,네가 어디를 가든지 내가 너와 함께 있어 네 모든 대적을 네 앞에서 멸하였은즉 세상에서 존귀한 자의 이름 같은 이름을 네게 만들어 주리라
역대상,17,9,역대상 17:9,내가 또 내 백성 이스라엘을 위하여 한 곳을 정하여 저희를 심고 저희로 자기 곳에 거하여 다시는 옮기지 않게 하며 악한 유로 전과 같이 저희를 해하지 못하게 하여
역대상,17,10,역대상 17:10,전에 내가 사사를 명하여 내 백성 이스라엘을 다스리던 때와 같지 않게 하고 또 모든 대적으로 네게 복종하게 하리라 또 네게 이르노니 여호와가 너를 위하여 집을 세울지라
역대상,17,11,역대상 17:11,네 수한이 차서 네가 열조에게로 돌아가면 내가 네 뒤에 네씨 곧 네 아들 중 하나를 세우고 그 나라를 견고하게 하리니
역대상,17,12,역대상 17:12,저는 나를 위하여 집을 건축할것이요 나는 그 위를 영원히 견고하게 하리라
역대상,17,14,역대상 17:14,내가 영영히 그를 내 집과 내 나라에 세우리니 그 위가 영원히 견고하리라 하셨다 하라
역대상,17,17,역대상 17:17,하나님이여 주께서 이것을 오히려 작게 여기시고 또 종의 집에 대하여 먼 장래까지 말씀하셨사오니 여호와 하나님이여 나를 존귀한 자 같이 여기셨나이다
역대상,17,19,역대상 17:19,여호와여 주께서 주의 종을 위하여 주의 뜻대로 이 모든 큰 일을 행하사 이 모든 큰 일을 알게 하셨나이다
역대상,17,20,역대상 17:20,여호와여 우리 귀로 들은 대로는 주와 같은 이가 없고 주 외에는 참 신이 없나이다
역대상,17,22,역대상 17:22,주께서 주의 백성 이스라엘로 영원히 주의 백성을 삼으셨사오니 여호와여 주께서 저희 하나님이 되셨나이다
역대상,17,23,역대상 17:23,여호와여 이제 주의 종과 그 집에 대하여 말씀하신 것을 영원히 견고케 하시며 말씀하신 대로 행하사
역대상,17,25,역대상 17:25,나의 하나님이여 주께서 종을 위하여 집을 세우실 것을 이미 듣게 하셨으므로 주의 종이 주 앞에서 이 기도로 구할 마음이 생겼나이다
역대상,17,26,역대상 17:26,여호와여 오직 주는 하나님이시라 주께서 이 좋은 것으로 주의 종에게 허락하시고
역대상,17,27,역대상 17:27,이제 주께서 종의 집에 복을 주사 주 앞에 영원히 두시기를 기뻐하시나이다 여호와여 주께서 복을 주셨사오니 이 복을 영원히 누리리이다 하니라
역대상,19,1,역대상 19:1,그 후에 암몬 자손의 왕 나하스가 죽고 그 아들이 대신하여 왕이되니
역대상,19,13,역대상 19:13,너는 담대하라 우리가 우리 백성과 우리 하나님의 성읍들을 위하여 담대히 하자 여호와께서 선히 여기시는 대로 행하시기를 원하노라 하고
역대상,19,15,역대상 19:15,암몬 자손은 아람 사람의 도망함을 보고 저희도 요압의 아우 아비새 앞에서 도망하여 성으로 들어간지라 이에 요압이 예루살렘으로 돌아오니라
역대상,21,4,역대상 21:4,왕의 명령이 요압을 재촉한지라 드디어 떠나서 이스라엘 땅에 두루 다닌 후에 예루살렘으로 돌아와서
역대상,21,20,역대상 21:20,때에 오르난이 밀을 타작하다가 돌이켜 천사를 보고 네 아들과 함께 숨었더니
역대상,21,25,역대상 21:25,그 기지 값으로 금 육백 세겔을 달아 오르난에게 주고
역대상,22,12,역대상 22:12,여호와께서 네게 지혜와 총명을 주사 너로 이스라엘을 다스리게 하시고 너의 하나님 여호와의 율법을 지키게 하시기를 더욱 원하노라
역대상,22,15,역대상 22:15,또 공장이 네게 많이 있나니 곧 석수와 목수와 온갖 일에 익숙한 모든 사람이니라
역대상,22,16,역대상 22:16,금과 은과 놋과 철이 무수하니 너는 일어나 일하라 여호와께서 너와 함께 계실지로다
역대상,23,4,역대상 23:4,그 중에 이만 사천은 여호와의 전 사무를 보살피는 자요 육천은 유사와 재판관이요
역대상,25,6,역대상 25:6,이들이 다 그 아비의 수하에 속하여 제금과 비파와 수금을 잡아 여호와 하나님의 전에서 노래하여 섬겼으며 아삽과 여두둔과 헤만은 왕의 수하에 속하였으니
역대상,25,7,역대상 25:7,저희와 모든 형제 곧 여호와 찬송하기를 배워 익숙한 자의 수효가 이백 팔십 팔인이라
역대상,25,8,역대상 25:8,이 무리의 큰 자나 작은 자나 스승이나 제자를 무론하고 일례로 제비뽑아 직임을 얻었으니
역대상,25,10,역대상 25:10,세째는 삭굴이니 그 아들과 형제와 십 이인이요
역대상,25,11,역대상 25:11,네째는 이스리니 그 아들과 형제와 십 이인이요
역대상,25,12,역대상 25:12,다섯째는 느다냐니 그 아들과 형제와 십 이인이요
역대상,25,13,역대상 25:13,여섯째는 북기야니 그 아들과 형제와 십 이인이요
역대상,25,14,역대상 25:14,일곱째는 여사렐라니 그 아들과 형제와 십 이인이요
역대상,25,15,역대상 25:15,여덟째는 여사야니 그 아들과 형제와 십이인이요
역대상,25,16,역대상 25:16,아홉째는 맛다냐니 그 아들과 형제와 십 이인이요
역대상,25,17,역대상 25:17,열째는 시므이니 그 아들과 형제와 십이인이요
역대상,25,19,역대상 25:19,열 둘째는 하사뱌니 그 아들과 형제와 십 이인이요
역대상,25,20,역대상 25:20,열 세째는 수바엘이니 그 아들과 형제와 십 이인이요
역대상,25,21,역대상 25:21,열 네째는 맛디디야니 그 아들과 형제와 십 이인이요
역대상,25,22,역대상 25:22,열 다섯째는 여레못이니 그 아들과 형제와 십 이인이요
역대상,25,23,역대상 25:23,열 여섯째는 하나냐니 그 아들과 형제와 십 이인이요
역대상,25,24,역대상 25:24,열 일곱째는 요스브가사니 그 아들과 형제와 십 이인이요
역대상,25,25,역대상 25:25,열 여덟째는 하나니니 그 아들과 형제와 십 이인이요
역대상,25,26,역대상 25:26,열 아홉째는 말로디니 그 아들과 형제와 십 이인이요
역대상,25,27,역대상 25:27,스무째는 엘리아다니 그 아들과 형제와 십 이인이요
역대상,25,28,역대상 25:28,스물 한째는 호딜이니 그 아들과 형제와 십 이인이요
역대상,28,8,역대상 28:8,이제 너희는 온 이스라엘 곧 여호와의 회중의 보는데와 우리 하나님의 들으시는데서 너희 하나님 여호와의 모든 계명을 구하여 지키기로 하라 그리하면 너희가 이 아름다운 땅을 누리고 너희 후손에게 끼쳐 영원한 기업이 되게 하리라
역대상,28,12,역대상 28:12,또 성신의 가르치신 모든 식양 곧 여호와의 전의 뜰과 사면의 모든 방과 하나님의 전 곳간과 성물 곳간의 식양을 주고
역대상,28,14,역대상 28:14,또 모든 섬기는 데 쓰는 금기명을 만들 금의 중량과 모든 섬기는 데 쓰는 은기명을 만들 은의 중량을 정하고
역대상,28,15,역대상 28:15,또 금등대들과 그 등잔 곧 각등대와 그 등잔을 만들 금의 중량과 은등대와 그 등잔을 만들 은의 중량을 각기 적당하게 하고
역대상,28,16,역대상 28:16,또 진설병의 각 상을 만들 금의 중량을 정하고 은상을 만들 은도 그렇게 하고
역대상,28,17,역대상 28:17,고기 갈고리와 대접과 종자를 만들 정금과 금잔 곧 각 잔을 만들 금의 중량과 또 은잔 곧 각 잔을 만들 은의 중량을 정하고
역대상,29,2,역대상 29:2,내가 이미 내 하나님의 전을 위하여 힘을 다하여 예비하였나니 곧 기구를 만들 금과 은과 놋과 철과 나무며 또 마노와 박을 보석과 꾸밀 보석과 채석과 다른 보석들과 화반석이 매우 많으며
역대상,29,3,역대상 29:3,성전을 위하여 예비한 이 모든 것 외에도 내 마음에 내 하나님의 전을 사모하므로 나의 사유의 금 은으로 내 하나님의 전을 위하여 드렸노니
역대상,29,5,역대상 29:5,금 은 그릇을 만들며 공장의 손으로 하는 모든 일에 쓰게 하였노니 오늘날 누가 즐거이 손에 채워 여호와께 드리겠느냐
역대상,29,7,역대상 29:7,하나님의 전 역사를 위하여 금 오천 달란트와 금 다릭 일만과 은 일만 달란트와 놋 일만 팔천 달란트와 철 십만 달란트를 드리고
역대상,29,8,역대상 29:8,무릇 보석이 있는 자는 게르손 사람 여히엘의 손에 부쳐 여호와의 전 곳간에 드렸더라
역대상,29,11,역대상 29:11,여호와여 ! 광대하심과 권능과 영광과 이김과 위엄이 다 주께 속하였사오니 천지에 있는 것이 다 주의 것이로소이다 여호와여 주권도 주께 속하였사오니 주는 높으사 만유의 머리심이니이다
역대상,29,12,역대상 29:12,부와 귀가 주께로 말미암고 또 주는 만유의 주재가 되사 손에 권세와 능력이 있사오니 모든 자를 크게 하심과 강하게 하심이 주의 손에 있나이다
역대상,29,13,역대상 29:13,우리 하나님이여 ! 이제 우리가 주께 감사하오며 주의 영화로운 이름을 찬양하나이다
역대상,29,14,역대상 29:14,나와 나의 백성이 무엇이관대 이처럼 즐거운 마음으로 드릴 힘이있었나이까 모든 것이 주께로 말미암았사오니 우리가 주의 손에서 받은 것으로 주께 드렸을 뿐이니이다
역대상,29,15,역대상 29:15,주 앞에서는 우리가 우리 열조와 다름이 없이 나그네와 우거한 자라 세상에 있는 날이 그림자 같아서 머무름이 없나이다
역대상,29,16,역대상 29:16,우리 하나님 여호와여 ! 우리가 주의 거룩한 이름을 위하여 전을 건축하려고 미리 저축한 이 모든 물건이 다 주의 손에서 왔사오니 다 주의 것이니이다
역대상,29,17,역대상 29:17,나의 하나님이여 ! 주께서 마음을 감찰하시고 정직을 기뻐하시는줄 내가 아나이다 내가 정직한 마음으로 이 모든 것을 즐거이 드렸사오며 이제 내가 또 여기있는 주의 백성이 주께 즐거이 드리는 것을 보오니 심히 기쁘도소이다
역대상,29,30,역대상 29:30,또 저의 왕 된 일과 그 권세와 저와 이스라엘과 온 세상 열국의 지난 시사가 다 기록되니라
역대하,1,10,역대하 1:10,주는 이제 내게 지혜와 지식을 주사 이 백성 앞에서 출입하게 하옵소서 이렇게 많은 주의 백성을 누가 능히 재판하리이까
역대하,1,12,역대하 1:12,그러므로 내가 네게 지혜와 지식을 주고 부와 재물과 존영도 주리니 너의 전의 왕들이 이같음이 없었거니와 너의 후에도 이같음이 없으리라
역대하,2,5,역대하 2:5,내가 건축하고자 하는 전은 크니 우리 하나님은 모든 신보다 크심이라
역대하,2,6,역대하 2:6,누가 능히 하나님을 위하여 전을 건축하리요 하늘과 하늘들의 하늘이라도 주를 용납지 못하겠거든 내가 누구관대 어찌 능히 위하여 전을 건축하리요 그 앞에 분향하려 할 따름이니이다
역대하,2,8,역대하 2:8,또 레바논에서 백향목과 잣나무와 백단목을 내게로 보내소서 내가 알거니와 당신의 종은 레바논에서 벌목을 잘하나니 내 종이 당신의 종을 도울지라
역대하,2,9,역대하 2:9,이와 같이 나를 위하여 재목을 많이 예비하게 하소서 내가 건축하려 하는 전은 크고 화려할 것이니이다
역대하,2,13,역대하 2:13,내가 이제 공교하고 총명한 사람을 보내오니 전에 내 부친 후람에게 속하였던 자라
역대하,2,15,역대하 2:15,내 주의 말씀하신 밀과 보리와 기름과 포도주는 주의 종들에게 보내소서
역대하,3,4,역대하 3:4,그 전 앞 낭실의 장이 전의 광과 같이 이십 규빗이요 고가 일백 이십 규빗이니 안에는 정금으로 입혔으며
역대하,3,5,역대하 3:5,그 대전 천장은 잣나무로 만들고 또 정금으로 입히고 그 위에 종려나무와 사슬 형상을 새겼고
역대하,3,7,역대하 3:7,또 금으로 전과 그 들보와 문지방과 벽과 문짝에 입히고 벽에 그룹들을 아로새겼더라
역대하,3,9,역대하 3:9,못 중수가 오십 금 세겔이요 다락들도 금으로 입혔더라
역대하,3,11,역대하 3:11,두 그룹의 날개 길이가 모두 이십 규빗이라 좌편 그룹의 한 날개는 다섯 규빗이니 전 벽에 닿았고 그 한 날개도 다섯 규빗이니 우편 그룹의 날개에 닿았으며
역대하,3,12,역대하 3:12,우편 그룹의 한 날개도 다섯 규빗이니 전 벽에 닿았고 그 한 날개도 다섯 규빗이니 좌편 그룹의 날개에 닿았으며
역대하,3,13,역대하 3:13,이 두 그룹의 편 날개가 모두 이십 규빗이라 그 얼굴을 외소로 향하고 서 있으며
역대하,3,15,역대하 3:15,"전 앞에 기둥 둘을 만들었으니 고가 삼십 오 규빗이요, 각 기둥 꼭대기의 머리가 다섯 규빗이라"
역대하,3,16,역대하 3:16,성소 같이 사슬을 만들어 그 기둥 머리에 두르고 석류 일백개를 만들어 사슬에 달았으며
역대하,4,3,역대하 4:3,그 가장자리 아래에는 돌아가며 소 형상이 있는데 매 규빗에 소가 열씩 있어서 바다 주위에 둘렸으니 그 소는 바다를 부어 만들 때에 두줄로 부어 만들었으며
역대하,4,4,역대하 4:4,"그 바다를 열두소가 받쳤으니 셋은 북을 향하였고, 셋은 서를 향하였고, 셋은 남을 향하였고, 셋은 동을 향하였으며 바다를 그 위에 놓았고 소의 뒤는 다 안으로 두었으며"
역대하,4,5,역대하 4:5,바다의 두께는 한 손넓이만 하고 그 가는 백합화의 식양으로 잔가와 같이 만들었으니 그 바다에는 삼천 밧을 담겠으며
역대하,4,8,역대하 4:8,"또 상 열을 만들어 외소 안에 두었으니 좌편에 다섯이요, 우편에 다섯이며 또 금으로 대접 일백을 만들었고"
역대하,5,3,역대하 5:3,칠월 절기에 이스라엘 모든 사람이 다 왕에게로 모이고
역대하,5,4,역대하 5:4,이스라엘 장로들이 다 이르매 레위 사람이 궤를 메니라
역대하,5,8,역대하 5:8,그룹들이 궤 처소 위에서 날개를 펴서 궤와 그 채를 덮었는데
역대하,5,9,역대하 5:9,그 채가 길어서 궤에서 나오므로 그 끝이 내전 앞에서 보이나 밖에서는 보이지 아니하며 그 궤가 오늘까지 그 곳에 있으며
역대하,6,2,역대하 6:2,내가 주를 위하여 거하실 전을 건축하였사오니 주께서 영원히 거하실 처소로소이다 하고
역대하,6,9,역대하 6:9,그러나 너는 그 전을 건축하지 못할 것이요 네 몸에서 낳을 네 아들 그가 내 이름을 위하여 전을 건축하리라 하시더니
역대하,6,11,역대하 6:11,내가 또 그 곳에 여호와께서 이스라엘 자손으로 더불어 세우신 언약 넣은 궤를 두었노라
역대하,6,18,역대하 6:18,하나님이 참으로 사람과 함께 땅에 거하시리이까 하늘과 하늘들의 하늘이라도 주를 용납지 못하겠거든 하물며 내가 건축한 이 전이오리이까
역대하,6,19,역대하 6:19,"그러나 나의 하나님 여호와여, 종의 기도와 간구를 돌아보시며 종이 주의 앞에서 부르짖음과 비는 기도를 들으시옵소서"
역대하,6,20,역대하 6:20,주께서 전에 말씀하시기를 내 이름을 거기 두리라 하신 곳 이 전을 향하여 주의 눈이 주야로 보옵시며 종이 이 곳을 향하여 비는 기도를 들으시옵소서
역대하,6,21,역대하 6:21,종과 주의 백성 이스라엘이 이곳을 향하여 기도할때에 주는 그 간구함을 들으시되 주의 계신 곳 하늘에서 들으시고 들으시사 사하여 주옵소서
역대하,6,22,역대하 6:22,만일 어떤 사람이 그 이웃에게 범죄하므로 맹세시킴을 받고 저가 와서 이 전에 있는 주의 단 앞에서 맹세하거든
역대하,6,24,역대하 6:24,만일 주의 백성 이스라엘이 주께 범죄하여 적국 앞에 패하게 되므로 주께로 돌아와서 주의 이름을 인정하고 이 전에서 주께 빌며 간구하거든
역대하,6,25,역대하 6:25,주는 하늘에서 들으시고 주의 백성 이스라엘의 죄를 사하시고 그와 그 열조에게 주신 땅으로 돌아오게 하옵소서
역대하,6,26,역대하 6:26,만일 저희가 주께 범죄함을 인하여 하늘이 닫히고 비가 없어서 주의 벌을 받을 때에 이 곳을 향하여 빌며 주의 이름을 인정하고 그 죄에서 떠나거든
역대하,6,27,역대하 6:27,주는 하늘에서 들으사 주의 종들과 주의 백성 이스라엘의 죄를 사하시고 그 마땅히 행할 선한 길을 가르쳐 주옵시며 주의 백성에게 기업으로 주신 주의 땅에 비를 내리시옵소서
역대하,6,29,역대하 6:29,한 사람이나 혹 주의 온 백성 이스라엘이 다 각각 자기의 마음에 재앙과 고통을 깨닫고 이 전을 향하여 손을 펴고 무슨 기도나 무슨 간구를 하거든
역대하,6,30,역대하 6:30,주는 계신 곳 하늘에서 들으시며 사유하시되 각 사람의 마음을 아시오니 그 모든 행위대로 갚으시옵소서 주만 홀로 인생의 마음을 아심이니이다
역대하,6,31,역대하 6:31,그리하시면 저희가 주께서 우리 열조에게 주신 땅에서 사는 동안에 항상 주를 경외하며 주의 길로 행하리이다
역대하,6,32,역대하 6:32,주의 백성 이스라엘에 속하지 않은 이방인에게 대하여도 저희가 주의 큰 이름과 능한 손과 펴신 팔을 위하여 먼 지방에서 와서 이 전을 향하여 기도하거든
역대하,6,33,역대하 6:33,주는 계신 곳 하늘에서 들으시고 무릇 이방인이 주께 부르짖는 대로 이루사 땅의 만민으로 주의 이름을 알고 주의 백성 이스라엘처럼 경외하게 하옵시며 또 내가 건축한 이 전을 주의 이름으로 일컫는 줄을 알게 하옵소서
역대하,6,34,역대하 6:34,주의 백성이 그 적국으로 더불어 싸우고자 하여 주의 보내신 길로 나갈때에 저희가 주의 빼신 이 성과 내가 주의 이름을 위하여 건축한 전있는 편을 향하여 여호와께 기도하거든
역대하,6,35,역대하 6:35,주는 하늘에서 저희의 기도와 간구를 들으시고 그 일을 돌아보옵소서
역대하,6,38,역대하 6:38,자기를 사로잡아 간 적국의 땅에서 온 마음과 온 뜻으로 주께 돌아와서 주께서 그 열조에게 주신 땅과 주의 빼신 성과 내가 주의 이름을 위하여 건축한 전 있는 편을 향하여 기도하거든
역대하,6,39,역대하 6:39,주는 계신 곳 하늘에서 저희의 기도와 간구를 들으시고 저희의 일을 돌아보옵시며 주께 득죄한 주의 백성을 용서하옵소서
역대하,6,40,역대하 6:40,"나의 하나님이여, 이제 이곳에서 하는 기도에 눈을 드시고 귀를 기울이소서"
역대하,7,9,역대하 7:9,제팔일에 무리가 한 성회를 여니라 단의 낙성식을 칠 일 동안 행한 후 이 절기를 칠 일 동안 지키니라
역대하,7,14,역대하 7:14,내 이름으로 일컫는 내 백성이 그 악한 길에서 떠나 스스로 겸비하고 기도하여 내 얼굴을 구하면 내가 하늘에서 듣고 그 죄를 사하고 그 땅을 고칠지라
역대하,7,15,역대하 7:15,이 곳에서 하는 기도에 내가 눈을 들고 귀를 기울이리니
역대하,8,2,역대하 8:2,후람이 자기에게 준 성읍들을 다시 건축하여 이스라엘 자손으로 거기 거하게 하니라
역대하,8,4,역대하 8:4,또 광야에서 다드몰을 건축하고 하맛에서 모든 국고성을 건축하고
역대하,8,5,역대하 8:5,또 윗 벧호론과 아래 벧호론을 건축하되 성과 문과 문빗장이 있게 하여 견고한 성읍을 삼고
역대하,9,4,역대하 9:4,그 상의 식물과 그 신복들의 좌석과 그 신하들의 시립한 것과 그들의 공복과 술 관원들과 그들의 공복과 여호와의 전에 올라가는 층계를 보고 정신이 현황하여
역대하,9,6,역대하 9:6,내가 그 말들을 믿지 아니하였더니 이제 와서 목도한즉 당신의 지혜가 크다 한 말이 그 절반도 못되니 당신은 내가 들은 소문보다 지나도다
역대하,9,7,역대하 9:7,"복되도다, 당신의 사람들이여 ! 복되도다, 당신의 이 신복들이여 ! 항상 당신의 앞에 서서 당신의 지혜를 들음이로다"
역대하,9,11,역대하 9:11,왕이 백단목으로 여호와의 전과 왕궁의 층대를 만들고 또 노래하는 자를 위하여 수금과 비파를 만들었으니 이같은 것들은 유다 땅에서 전에는 보지 못하였더라)
역대하,9,17,역대하 9:17,왕이 또 상아로 큰 보좌를 만들고 정금으로 입혔으니
역대하,9,18,역대하 9:18,그 보좌에는 여섯 층계와 금 족대가 있어 보좌와 연하였고 앉는 자리 양편에는 팔걸이가 있고 팔걸이 곁에는 사자가 하나씩 섰으며
역대하,10,4,역대하 10:4,왕의 부친이 우리의 멍에를 무겁게 하였으나 왕은 이제 왕의 부친이 우리에게 시킨 고역과 메운 무거운 멍에를 가볍게 하소서 그리하시면 우리가 왕을 섬기겠나이다
역대하,10,8,역대하 10:8,왕이 노인의 교도하는 것을 버리고 그 앞에 모셔 있는 자기와 함께 자라난 소년들과 의논하여
역대하,10,12,역대하 10:12,삼일만에 여로보암과 모든 백성이 르호보암에게 나아왔으니 이는 왕이 명하여 이르기를 삼일만에 내게로 다시오라 하였음이라
역대하,11,2,역대하 11:2,여호와의 말씀이 하나님의 사람 스마야에게 임하여 가라사대
역대하,11,5,역대하 11:5,르호보암이 예루살렘에 거하여 유다 땅에 방비하는 성읍들을 건축하였으니
역대하,11,10,역대하 11:10,"소라와, 아얄론과, 헤브론이니 다 유다와 베냐민 땅에 있어 견고한 성읍이라"
역대하,11,11,역대하 11:11,르호보암이 이 모든 성읍을 더욱 견고케 하고 장관을 그 가운데 두고 양식과 기름과 포도주를 저축하고
역대하,11,16,역대하 11:16,이스라엘 모든 지파 중에 마음을 오로지하여 이스라엘 하나님 여호와를 구하는 자들이 레위사람을 따라 예루살렘에 이르러 그 열조의 하나님 여호와께 제사하고자 한지라
역대하,11,22,역대하 11:22,마아가의 아들 아비야를 세워 장자를 삼아 형제 중에 머리가 되게 하였으니 이는 저로 왕이 되게 하고자 함이라
역대하,12,10,역대하 12:10,르호보암 왕이 그 대신에 놋으로 방패를 만들어 궁문을 지키는 시위대 장관들의 손에 맡기매
역대하,12,11,역대하 12:11,왕이 여호와의 전에 들어갈 때마다 시위하는 자가 그 방패를 들고 갔다가 시위소로 도로 가져갔더라
역대하,13,1,역대하 13:1,여로보암 왕 제 십팔년에 아비야가 유다 왕이 되고
역대하,13,19,역대하 13:19,아비야가 여로보암을 쫓아가서 그 성읍들을 빼앗았으니 곧 벧엘과 그 동네와 여사나와 그 동네와 에브론과 그 동네라
역대하,13,22,역대하 13:22,아비야의 남은 사적과 그 행위와 그 말은 선지자 잇도의 주석책에 기록되니라
역대하,14,3,역대하 14:3,이방 제단과 산당을 없이하고 주상을 훼파하며 아세라 상을 찍고
역대하,14,4,역대하 14:4,유다 사람을 명하여 그 열조의 하나님 여호와를 구하게 하며 그 율법과 명령을 행하게 하고
역대하,14,5,역대하 14:5,또 유다 모든 성읍에서 산당과 태양상을 없이하매 나라가 그 앞에서 평안함을 얻으니라
역대하,15,4,역대하 15:4,그 환난 때에 이스라엘 하나님 여호와께 돌아가서 찾으매 저가 그들의 만난 바가 되셨나니
역대하,15,12,역대하 15:12,또 마음을 다하고 성품을 다하여 열조의 하나님 여호와를 찾기로 언약하고
역대하,15,14,역대하 15:14,무리가 큰 소리로 부르며 피리와 나팔을 불어 여호와께 맹세하매
역대하,15,15,역대하 15:15,온 유다가 이 맹세를 기뻐한지라 무리가 마음을 다하여 맹세하고 뜻을 다하여 여호와를 찾았으므로 여호와께서도 저희의 만난 바가 되시고 그 사방에 평안을 주셨더라
역대하,15,18,역대하 15:18,저가 또 그 부친의 구별한 물건과 자기의 구별한 물건 곧 은과 금과 기명들을 하나님의 전에 드렸더니
역대하,16,3,역대하 16:3,내 부친과 당신의 부친 사이에와 같이 나와 당신 사이에 약조하자 내가 당신에게 은금을 보내노니 와서 이스라엘 왕 바아사와 세운 약조를 깨뜨려서 저로 나를 떠나게 하라 하매
역대하,16,5,역대하 16:5,바아사가 듣고 라마 건축하는 일을 파하여 그 공역을 그친지라
역대하,16,8,역대하 16:8,구스 사람과 룹 사람의 군대가 크지 아니하며 말과 병거가 심히 많지 아니하더이까 그러나 왕이 여호와를 의지한고로 여호와께서 왕의 손에 붙이셨나이다
역대하,17,4,역대하 17:4,오직 그 부친의 하나님께 구하며 그 계명을 행하고 이스라엘의 행위를 좇지 아니하였음이라
역대하,17,9,역대하 17:9,저희가 여호와의 율법책을 가지고 유다에서 가르치되 그 모든 성읍으로 순행하며 인민을 가르쳤더라
역대하,17,13,역대하 17:13,유다 각 성에 역사를 많이 하고 또 예루살렘에 크게 용맹한 군사를 두었으니
역대하,18,30,역대하 18:30,아람 왕이 그 병거 장관들에게 이미 명하여 이르기를 `너희는 작은 자나 큰 자나 더불어 싸우지 말고 오직 이스라엘 왕과 싸우라' 한지라
역대하,18,32,역대하 18:32,병거의 장관들이 저가 이스라엘 왕이 아님을 보고 쫓기를 그치고 돌이켰더라
역대하,19,5,역대하 19:5,또 유다 온 나라 견고한 성에 재판관을 세우되 성마다 있게 하고
역대하,20,9,역대하 20:9,"만일 재앙이나, 난리나, 견책이나, 온역이나, 기근이 우리에게 임하면 주의 이름이 이 전에 있으니 우리가 이 전 앞과 주의 앞에 서서 이 환난 가운데서 주께 부르짖은즉 들으시고 구원하시리라 하였나이다"
역대하,20,12,역대하 20:12,"우리 하나님이여, 저희를 징벌하지 아니하시나이까 ? 우리를 치러 오는 이 큰 무리를 우리가 대적할 능력이 없고 어떻게 할 줄도 알지 못하옵고 오직 주만 바라보나이다' 하고"
역대하,20,13,역대하 20:13,유다 모든 사람은 그 아내와 자녀와 어린 자로 더불어 여호와 앞에 섰더라
역대하,20,17,역대하 20:17,이 전쟁에는 너희가 싸울 것이 없나니 항오를 이루고 서서 너희와 함께한 여호와가 구원하는 것을 보라 ! 유다와 예루살렘아 ! 너희는 두려워하며 놀라지 말고 내일 저희를 마주 나가라 여호와가 너희와 함께 하리라 하셨느니라' 하매
역대하,20,19,역대하 20:19,그핫 자손과 고라 자손에게 속한 레위 사람들은 서서 심히 큰 소리로 이스라엘 하나님 여호와를 찬송하니라
역대하,20,21,역대하 20:21,백성으로 더불어 의논하고 노래하는 자를 택하여 거룩한 예복을 입히고 군대 앞에서 행하며 여호와를 찬송하여 이르기를 `여호와께 감사하세 ! 그 자비하심이 영원하도다' 하게 하였더니
역대하,20,26,역대하 20:26,제 사일에 무리가 브라가 골짜기에 모여서 거기서 여호와를 송축한지라 그러므로 오늘날까지 그 곳을 브라가 골짜기라 일컫더라
역대하,20,28,역대하 20:28,무리가 비파와 수금과 나팔을 합주하고 예루살렘에 이르러 여호와의 전에 나아가니라
역대하,20,29,역대하 20:29,이방 모든 나라가 여호와께서 이스라엘의 적군을 치셨다 함을 듣고 하나님을 두려워한고로
역대하,20,36,역대하 20:36,두 왕이 서로 결합하고 배를 지어 다시스로 보내고자 하여 에시온게벨에서 배를 지었더니
역대하,21,3,역대하 21:3,그 부친이 저희에게는 은금과 보물과 유다 견고한 성읍들을 선물로 후히 주었고 여호람은 장자인고로 왕위를 주었더니
역대하,21,5,역대하 21:5,여호람이 위에 나아갈 때에 나이 삼십 이세라 예루살렘에서 팔년을 치리하니라
역대하,22,2,역대하 22:2,아하시야가 왕이 될 때에 나이 사십 이세라 예루살렘에서 일년을 치리하니라 그 모친의 이름은 아달랴라 오므리의 손녀더라
역대하,22,12,역대하 22:12,요아스가 저희와 함께 하나님의 전에 육년을 숨어 있는 동안에 아달랴가 나라를 다스렸더라
역대하,23,5,역대하 23:5,삼분 일은 왕궁에 있고 삼분 일은 기초문에 있고 백성들은 여호와의 전 뜰에 있을찌라
역대하,23,10,역대하 23:10,또 백성들로 각각 손에 병기를 잡고 왕을 호위하되 전 우편에서부터 전 좌편까지 단과 전 곁에 서게 하고
역대하,23,11,역대하 23:11,무리가 왕자를 인도하여 내어 면류관을 씌우며 율법 책을 주고 세워 왕을 삼을쌔 여호야다와 그 아들들이 저에게 기름을 붓고 모두 왕의 만세를 부르니라
역대하,23,12,역대하 23:12,아달랴가 백성들이 분주하며 왕을 찬송하는 소리를 듣고 여호와의 전에 들어가서 백성에게 이르러
역대하,23,13,역대하 23:13,보매 왕이 전 문 기둥 곁에 섰고 장관들과 나팔수가 왕의 곁에 모셨으며 국민들이 즐거워하여 나팔을 불며 노래하는 자는 주악하며 찬송을 인도하는지라 이에 아달랴가 옷을 찢으며 외치되 반역이로다 반역이로다 하매
역대하,23,16,역대하 23:16,여호야다가 자기와 뭇 백성과 왕의 사이에 언약을 세워 여호와의 백성이 되리라 한지라
역대하,23,19,역대하 23:19,또 문지기를 여호와의 전 여러 문에 두어 무릇 아무 일에든지 부정한 자는 들어오지 못하게 하고
역대하,23,20,역대하 23:20,백부장들과 존귀한 자들과 백성의 방백들과 온 국민을 거느리고 왕을 인도하여 여호와의 전에서 내려와서 윗문으로 좇아 왕궁에 이르러 왕을 나라 보좌에 앉히매
역대하,24,4,역대하 24:4,그 후에 요아스가 여호와의 전을 중수할 뜻을 두고
역대하,24,10,역대하 24:10,모든 방백과 백성들이 기뻐하여 마치기까지 돈을 가져다가 궤에 던진지라
역대하,24,12,역대하 24:12,왕과 여호야다가 그 돈을 여호와의 전 간역자에게 주어 석수와 목수를 고용하여 여호와의 전을 중수하며 또 철공장과 놋공장을 고용하여 여호와의 전을 수리하게 하였더니
역대하,24,13,역대하 24:13,공장들이 맡아서 수리하는 역사가 점점 진취되므로 하나님의 전을 이전 모양대로 견고케 하니라
역대하,24,15,역대하 24:15,여호야다가 나이 많고 늙어서 죽으니 죽을 때에 일백삼십세라
역대하,24,17,역대하 24:17,여호야다가 죽은 후에 유다 방백들이 와서 왕에게 절하매 왕이 그의 말을 듣고
역대하,24,19,역대하 24:19,그러나 여호와께서 선지자를 저에게 보내사 다시 자기에게로 돌아오게 하려 하시매 선지자들이 저에게 경계하나 듣지 아니하니라
역대하,24,27,역대하 24:27,요아스의 아들들의 사적과 요아스의 중대한 경책을 받은 것과 하나님의 전 중수한 사적은 다 열왕기 주석에 기록되니라 그 아들 아마샤가 대신하여 왕이 되니라
역대하,25,5,역대하 25:5,아마샤가 유다 사람을 모으고 그 여러 족속을 따라 천부장과 백부장을 세우되 유다와 베냐민을 함께 그리하고 이십세 이상으로 계수하여 창과 방패를 잡고 능히 전장에 나갈만한 자 삼십만을 얻고
역대하,25,6,역대하 25:6,또 은 일백 달란트로 이스라엘 나라에서 큰 용사 십만을 삯내었더니
역대하,25,8,역대하 25:8,왕이 만일 가시거든 힘써 싸우소서 하나님이 왕을 대적 앞에 엎드러지게 하시리이다 하나님은 능히 돕기도 하시고 능히 패하게도 하시나이다
역대하,25,21,역대하 25:21,이스라엘 왕 요아스가 올라와서 유다 왕 아마샤로 더불어 유다의 벧세메스에서 대면하였더니
역대하,25,26,역대하 25:26,아마샤의 이 외의 시종 행적은 유다와 이스라엘 열왕기에 기록되지 아니하였느냐
역대하,26,5,역대하 26:5,하나님의 묵시를 밝히 아는 스가랴의 사는 날에 하나님을 구하였고 저가 여호와를 구할 동안에는 하나님이 형통케 하셨더라
역대하,26,12,역대하 26:12,족장의 총수가 이천 육백명이니 모두 큰 용사요
역대하,27,3,역대하 27:3,저가 여호와의 전 윗문을 건축하고 또 오벨성을 많이 증축하고
역대하,27,4,역대하 27:4,유다 산중에 성읍을 건축하며 수풀 가운데 견고한 영채와 망대를 건축하고
역대하,27,6,역대하 27:6,요담이 그 하나님 여호와 앞에서 정도를 행하였으므로 점점 강하여졌더라
역대하,27,7,역대하 27:7,요담의 남은 사적과 그 모든 전쟁과 행위는 이스라엘과 유다 열왕기에 기록되니라
역대하,27,8,역대하 27:8,요담이 위에 나아갈 때에 나이 이십 오세요 예루살렘에서 치리한지 십 륙년이라
역대하,28,26,역대하 28:26,아하스의 이 외의 시종 사적과 모든 행위는 유다와 이스라엘 열왕기에 기록되니라
역대하,29,3,역대하 29:3,원년 정월에 여호와의 전 문들을 열고 수리하고
역대하,29,6,역대하 29:6,우리 열조가 범죄하여 우리 하나님 여호와 보시기에 악을 행하여 하나님을 버리고 얼굴을 돌이켜 여호와의 성소를 등지고
역대하,29,10,역대하 29:10,이제 이스라엘 하나님 여호와로 더불어 언약을 세워 그 맹렬한 노로 우리에게서 떠나게 할 마음이 내게 있노니
역대하,29,11,역대하 29:11,내 아들들아 이제는 게으르지 말라 여호와께서 이미 너희를 택하사 그 앞에 서서 수종들어 섬기며 분향하게 하셨느니라
역대하,29,15,역대하 29:15,저희가 그 형제를 모아 성결케 하고 들어가서 왕이 여호와의 말씀대로 명한것을 좇아 여호와의 전을 깨끗케 할쌔
역대하,29,17,역대하 29:17,정월 초하루에 성결케 하기를 시작하여 그달 초팔일에 여호와의 낭실에 이르고 또 팔일 동안 여호와의 전을 성결케 하여 정월 십 륙일에 이르러 마치고
역대하,29,19,역대하 29:19,또 아하스왕이 위에 있어 범죄할 때에 버린 모든 기구도 우리가 정돈하고 성결케 하여 여호와의 단 앞에 두었나이다 하니라
역대하,29,29,역대하 29:29,제사 드리기를 마치매 왕과 그 함께 있는 자가 다 엎드려 경배하니라
역대하,29,33,역대하 29:33,또 구별하여 드린 소가 육백이요 양이 삼천이라
역대하,30,4,역대하 30:4,왕과 온회중이 이 일을 선히 여기고
역대하,30,12,역대하 30:12,하나님이 또한 유다 사람들을 감동시키사 저희로 왕과 방백들이 여호와의 말씀대로 전한 명령을 일심으로 준행하게 하셨더라
역대하,30,13,역대하 30:13,이월에 백성이 무교절을 지키려 하여 예루살렘에 많이 모이니 심히 큰 회라
역대하,30,19,역대하 30:19,결심하고 하나님 곧 그 열조의 하나님 여호와를 구하는 아무 사람이든지 비록 성소의 결례대로 스스로 깨끗케 못하였을찌라도 사하옵소서 하였더니
역대하,30,23,역대하 30:23,온 회가 다시 칠일을 지키기로 결의하고 이에 또 칠일을 즐거이 지켰더라
역대하,31,7,역대하 31:7,삼월에 쌓기를 시작하여 칠월에 마친지라
역대하,31,14,역대하 31:14,동문지기 레위 사람 임나의 아들 고레는 즐거이 하나님께 드리는 예물을 맡아 여호와께 드리는 것과 모든 지성물을 나눠주며
역대하,32,3,역대하 32:3,그 방백들과 용사들로 더불어 의논하고 성 밖에 모든 물 근원을 막고자하매 저희가 돕더라
역대하,32,28,역대하 32:28,곡식과 새 포도주와 기름의 산물을 위하여 창고를 세우며 온갖 짐승의 외양간을 세우며 양떼의 우리를 갖추며
역대하,33,4,역대하 33:4,여호와께서 전에 이르시기를 내가 내 이름을 예루살렘에 영영히 두리라 하신 여호와의 전에 단들을 쌓고
역대하,33,12,역대하 33:12,저가 환난을 당하여 그 하나님 여호와께 간구하고 그 열조의 하나님 앞에 크게 겸비하여
역대하,33,15,역대하 33:15,이방 신들과 여호와의 전의 우상을 제하며 여호와의 전을 건축한 산에와 예루살렘에 쌓은 모든 단을 다 성 밖에 던지고
역대하,33,17,역대하 33:17,백성이 그 하나님 여호와께만 제사를 드렸으나 오히려 산당에서 제사를 드렸더라
역대하,33,19,역대하 33:19,또 그 기도와 그 기도를 들으신것과 그 모든 죄와 건과와 겸비하기 전에 산당을 세운 곳과 아세라 목상과 우상을 세운 곳들이 다 호새의 사기에 기록되니라
역대하,34,12,역대하 34:12,그 사람들이 진실히 그 일을 하니라 그 감독은 레위 사람 곧 므라리 자손 중 야핫과 오바댜요 그핫 자손 중 스가랴와 무술람이라 다 그 일을 주장하고 또 음악에 익숙한 레위 사람이 함께 하였으며
역대하,34,17,역대하 34:17,또 여호와의 전에 있던 돈을 쏟아서 감독자와 공장의 손에 붙였나이다 하고
역대하,34,26,역대하 34:26,너희를 보내어 여호와께 묻게한 유다 왕에게는 너희가 이렇게 고하라 이스라엘 하나님 여호와의 말씀이 네가 들은 말을 의논컨대
역대하,34,27,역대하 34:27,내가 이곳과 그 거민을 가리켜 말한 것을 네가 듣고 마음이 연하여 하나님 앞 곧 내 앞에서 겸비하여 옷을 찢고 통곡하였으므로 나도 네 말을 들었노라 여호와가 말하였느니라
역대하,34,29,역대하 34:29,왕이 보내어 유다와 예루살렘의 모든 장로를 불러 모으고
역대하,34,31,역대하 34:31,왕이 자기 처소에 서서 여호와 앞에서 언약을 세우되 마음을 다하고 성품을 다하여 여호와를 순종하고 그 계명과 법도와 율례를 지켜 이 책에 기록된 언약의 말씀을 이루리라 하고
역대하,34,32,역대하 34:32,예루살렘과 베냐민에 있는 자들로 다 이에 참가하게 하매 예루살렘 거민이 하나님 곧 그 열조의 하나님의 언약을 좇으니라
역대하,35,5,역대하 35:5,너희 형제 모든 백성의 족속의 차서대로 또는 레위 족속의 차서대로 성소에 서서
역대하,35,27,역대하 35:27,그 시종 행적이 이스라엘과 유다 열왕기에 기록되니라
역대하,36,2,역대하 36:2,여호아하스가 위에 나아갈 때에 나이 이십 삼세더라 저가 예루살렘에서 치리한지 석달에
역대하,36,15,역대하 36:15,그 열조의 하나님 여호와께서 그 백성과 그 거하시는 곳을 아끼사 부지런히 그 사자들을 그 백성에게 보내어 이르셨으나
에스라,1,3,에스라 1:3,이스라엘의 하나님은 참 신이시라 너희 중에 무릇 그 백성 된 자는 다 유다 예루살렘으로 올라가서 거기 있는 여호와의 전을 건축하라 ! 너희 하나님이 함께 하시기를 원하노라
에스라,1,6,에스라 1:6,그 사면 사람들이 은그릇과 황금과 기타 물건과 짐승과 보물로 돕고 그 외에도 예물을 즐거이 들렸더라
에스라,2,68,에스라 2:68,어떤 족장들이 예루살렘 여호와의 전 터에 이르러 하나님의 전을 그곳에 다시 건축하려고 예물을 즐거이 드리되
에스라,3,1,에스라 3:1,이스라엘 자손이 그 본성에 거하였더니 칠월에 이르러 일제히 예루살렘에 모인지라
에스라,3,13,에스라 3:13,백성의 크게 외치는 소리가 멀리 들리므로 즐거이 부르는 소리와 통곡하는 소리를 백성들이 분변치 못하였느니라
에스라,4,1,에스라 4:1,유다와 베냐민의 대적이 사로잡혔던 자의 자손이 이스라엘 하나님 여호와를 위하여 전을 건축한다 함을 듣고
에스라,4,6,에스라 4:6,또 아하수에로가 즉위할 때에 저희가 글을 올려 유다와 예루살렘 거민을 고소하니라
에스라,4,8,에스라 4:8,방백 르훔과 서기관 심새가 아닥사스다왕에게 올려 예루살렘 백성을 고소한 그 글에
에스라,4,11,에스라 4:11,아닥사스다왕에게 올린 그 글의 초본은 이러하니 강 서편에 있는 신복들은
에스라,4,12,에스라 4:12,왕에게 고하나이다 왕에게서 올라온 유다 사람들이 우리의 곳 예루살렘에 이르러 이 패역하고 악한 성읍을 건축하는데 이미 그 지대를 수축하고 성곽을 건축하오니
에스라,4,13,에스라 4:13,이제 왕은 아시옵소서 만일 이 성읍을 건축하며 그 성곽을 마치면 저 무리가 다시는 조공과 잡세와 부세를 바치지 아니하리니 필경 왕들에게 손해가 되리이다
에스라,4,14,에스라 4:14,우리가 이제 궁의 소금을 먹는 고로 왕의 수치 당함을 참아 보지 못하여 보내어 왕에게 고하오니
에스라,4,18,에스라 4:18,너희의 올린 글을 내 앞에서 낭독시키고
에스라,4,20,에스라 4:20,옛적에는 예루살렘을 주재하는 큰 군왕이 있어서 강 서편 모든 땅도 주재하매 조공과 잡세와 부세를 저에게 다 바쳤도다
에스라,5,1,에스라 5:1,선지자들 곧 선지자 학개와 잇도의 손자 스가랴가 이스라엘 하나님의 이름을 받들어 유다와 예루살렘에 거하는 유다 사람들에게 예언하였더니
에스라,5,4,에스라 5:4,우리가 이 건축하는 자의 이름을 고하였으나
에스라,5,5,에스라 5:5,하나님이 유다 장로들을 돌아보셨으므로 저희가 능히 역사를 폐하게 못하고 이 일을 다리오에게 고하고 그 답조가 오기를 기다렸더라
에스라,5,6,에스라 5:6,강 서편 총독 닷드내와 스달보스내와 그 동료 강 서편 아바삭 사람이 다리오 왕에게 올린 글의 초본이 이러하니라
에스라,5,7,에스라 5:7,그 글에 일렀으되 다리오 왕은 만안하옵소서
에스라,5,8,에스라 5:8,왕께 아시게 하나이다 우리가 유다도에 가서 지극히 크신 하나님의 전에 나아가 보온즉 전을 큰 돌로 세우며 벽에 나무를 얹고 부지런히 하므로 역사가 그 손에서 형통하옵기로
에스라,5,9,에스라 5:9,우리가 그 장로들에게 물어 보기를 누가 너희를 명하여 이 전을 건축하고 이 성곽을 마치게 하였느냐 하고
에스라,5,10,에스라 5:10,우리가 또 그 두목의 이름을 적어 왕에게 고하고자 하여 그 이름을 물은즉
에스라,6,2,에스라 6:2,메대도 악메다 궁에서 한 두루마리를 얻으니 거기 기록하였으되
에스라,6,4,에스라 6:4,큰 돌 세 켜에 새 나무 한 켜를 놓으라 그 경비는 다 왕실에서 내리라
에스라,6,6,에스라 6:6,이제 강 서편 총독 닷드내와 스달보스내와 너희 동료 강 서편 아바삭 사람들은 그 곳을 멀리하여
에스라,6,7,에스라 6:7,하나님의 전 역사를 막지 말고 유다 총독과 장로들로 하나님의 이 전을 본처에 건축하게 하라
에스라,6,8,에스라 6:8,내가 또 조서를 내려서 하나님의 이 전을 건축함에 대하여 너희가 유다 사람의 장로들에게 행할 것을 알게 하노니 왕의 재산 곧 강 서편 세금 중에서 그 경비를 이 사람들에게 신속히 주어 저희로 지체치 않게 하라
에스라,6,10,에스라 6:10,저희로 하늘의 하나님께 향기로운 제물을 드려 왕과 왕자들의 생명을 위하여 기도하게 하라
에스라,6,13,에스라 6:13,다리오 왕의 조서가 내리매 강 서편 총독 닷드내와 스달보스내와 그 동료들이 신속히 준행한지라
에스라,6,15,에스라 6:15,다리오 왕 육년 아달월 삼일에 전을 필역하니라
에스라,6,21,에스라 6:21,사로잡혔다가 돌아온 이스라엘 자손과 무릇 스스로 구별하여 자기 땅 이방 사람의 더러운 것을 버리고 이스라엘 무리에게 속하여 이스라엘 하나님 여호와를 구하는 자가 다 먹고
에스라,7,14,에스라 7:14,너는 네 손에 있는 네 하나님의 율법을 좇아 유다와 예루살렘의 정형을 살피기 위하여 왕과 일곱 모사의 보냄을 받았으니
에스라,7,15,에스라 7:15,왕과 모사들이 예루살렘에 거하신 이스라엘 하나님께 성심으로 드리는 은금을 가져가고
에스라,7,18,에스라 7:18,그 나머지 은금은 너와 너의 형제가 선히 여기는 일에 너희 하나님의 뜻을 좇아 쓸지며
에스라,7,19,에스라 7:19,네 하나님의 전에서 섬기는 일을 위하여 네게 준 기명은 예루살렘 하나님 앞에 드리고
에스라,7,20,에스라 7:20,그 외에도 네 하나님의 전에 쓰일 것이 있어서 네가 드리고자 하거든 무엇이든지 왕의 내탕고에서 취하여 드릴지니라
에스라,7,22,에스라 7:22,"은은 일백 달란트까지 밀은 일백 고르까지, 포도주는 일백 밧까지, 기름도 일백 밧까지 하고 소금은 정수 없이 하라"
에스라,7,27,에스라 7:27,우리 열조의 하나님 여호와를 송축할지로다 ! 그가 왕의 마음에 예루살렘 여호와의 전을 아름답게 할 뜻을 두시고
에스라,7,28,에스라 7:28,또 나로 왕과 그 모사들의 앞과 왕의 권세 있는 모든 방백의 앞에서 은혜를 얻게 하셨도다 나의 하나님 여호와의 손이 나의 위에 있으므로 내가 힘을 얻어 이스라엘 중에 두목을 모아 나와 함께 올라오게 하였노라
에스라,8,17,에스라 8:17,가시뱌 지방으로 보내어 그곳 족장 잇도에게 나아가게 하고 잇도와 그 형제 곧 가시뱌 지방에 거한 느디님 사람들에게 할 말을 일러주고 우리 하나님의 전을 위하여 수종들 자를 데리고 오라 하였더니
에스라,8,19,에스라 8:19,하사뱌와 므라리 자손 중 여사야와 그 형제와 저의 아들들 이십명을 데려오고
에스라,8,21,에스라 8:21,때에 내가 아하와강 가에서 금식을 선포하고 우리 하나님 앞에서 스스로 겸비하여 우리와 우리 어린 것과 모든 소유를 위하여 평탄한 길을 그에게 간구하였으니
에스라,8,23,에스라 8:23,그러므로 우리가 이를 위하여 금식하며 우리 하나님께 간구하였더니 그 응낙하심을 입었느니라
에스라,8,25,에스라 8:25,저희에게 왕과 모사들과 방백들과 또 그곳에 있는 이스라엘 무리가 우리 하나님의 전을 위하여 드린 은과 금과 기명들을 달아서 주었으니
에스라,8,26,에스라 8:26,"내가 달아서 저희 손에 준 것은 은이 육백 오십 달란트요, 은 기명이 일백 달란트요, 금이 일백 달란트며"
에스라,8,27,에스라 8:27,또 금잔이 이십개라 중수는 일천 다릭이요 또 아름답고 빛나 금같이 보배로운 놋그릇이 두 개라
에스라,8,31,에스라 8:31,정월 십 이일에 우리가 아하와 강을 떠나 예루살렘으로 갈새 우리 하나님의 손이 우리를 도우사 대적과 길에 매복한 자의 손에서 건지신지라
에스라,8,34,에스라 8:34,모든 것을 다 계수하고 달아보고 그 중수를 당장에 책에 기록하였느니라
에스라,8,36,에스라 8:36,무리가 또 왕의 조서를 왕의 관원과 강 서편 총독들에게 부치매 저희가 백성과 하나님의 전을 도왔느니라
에스라,9,5,에스라 9:5,저녁 제사를 드릴 때에 내가 근심 중에 일어나서 속옷과 겉옷을 찢은대로 무릎을 꿇고 나의 하나님 여호와를 향하여 손을 들고
에스라,9,8,에스라 9:8,이제 우리 하나님 여호와께서 우리에게 잠간 은혜를 베푸사 얼마를 남겨두어 피하게 하신 우리를 그 거룩한 처소에 박힌 못과 같게 하시고 우리 눈을 밝히사 우리로 종노릇 하는 중에서 조금 소성하게 하셨나이다
에스라,9,10,에스라 9:10,우리 하나님이여 ! 이렇게 하신 후에도 우리가 주의 계명을 배반하였사오니 이제 무슨 말씀을 하오리이까
에스라,9,15,에스라 9:15,이스라엘 하나님 여호와여 ! 주는 의롭도소이다 우리가 남아 피한 것이 오늘날과 같사옵거늘 도리어 주께 범죄하였사오니 이로 인하여 주 앞에 한 사람도 감히 서지 못하겠나이다'
에스라,10,7,에스라 10:7,유다와 예루살렘의 사로잡혔던 자의 자손들에게 공포하기를 `너희는 예루살렘으로 모이라
에스라,10,9,에스라 10:9,유다와 베냐민 모든 사람이 삼일 내에 예루살렘에 모이니 때는 구월 이십일이라 무리가 하나님의 전 앞 광장에 앉아서 이 일과 비를 인하여 떨더니
에스라,10,13,에스라 10:13,그러나 백성이 많고 또 큰 비가 내리는 때니 능히 밖에 서지 못할 것이요 우리가 이 일로 크게 범죄하였은즉 하루 이틀에 할 일이 아니오니
에스라,10,17,에스라 10:17,정월 초하루에 이르러 이방 여인을 취한 자의 일 조사하기를 마치니라
에스라,10,20,에스라 10:20,"또 임멜 자손 중에는 하나니와, 스바댜요"
에스라,10,22,에스라 10:22,"바스훌 자손 중에는 엘료에내와, 마아세야와, 이스마엘과, 느다넬과, 요사밧과, 엘라사였더라"
느헤미야,1,2,느헤미야 1:2,나의 한 형제 중 하나니가 두어 사람과 함께 유다에서 이르렀기로 내가 그 사로잡힘을 면하고 남아있는 유다 사람과 예루살렘 형편을 물은즉
느헤미야,1,4,느헤미야 1:4,내가 이 말을 듣고 앉아서 울고 수일 동안 슬퍼하며 하늘의 하나님 앞에 금식하며 기도하여
느헤미야,1,6,느헤미야 1:6,이제 종이 주의 종 이스라엘 자손을 위하여 주야로 기도하오며 이스라엘 자손의 주 앞에 범죄함을 자복하오니 주는 귀를 기울이시며 눈을 여시사 종의 기도를 들으시옵소서 ! 나와 나의 아비 집이 범죄하여
느헤미야,1,9,느헤미야 1:9,만일 내게로 돌아와서 내 계명을 지켜 행하면 너희 쫓긴 자가 하늘 끝에 있을지라도 내가 거기서 부터 모아 내 이름을 두려고 택한 곳에 돌아오게 하리라 하신 말씀을 이제 청컨대 기억하옵소서
느헤미야,1,10,느헤미야 1:10,이들은 주께서 일찍 큰 권능과 강한 손으로 구속하신 주의 종이요 주의 백성이니이다
느헤미야,1,11,느헤미야 1:11,주여 ! 구하오니 귀를 기울이사 종의 기도와 주의 이름을 경외하기를 기뻐하는 종들의 기도를 들으시고 오늘날 종으로 형통하여 이 사람 앞에서 은혜를 입게 하옵소서' 하였나니 그 때에 내가 왕의 술 관원이 되었었느니라
느헤미야,2,1,느헤미야 2:1,아닥사스다 왕 이십년 니산월에 왕의 앞에 술이 있기로 내가 들어 왕에게 드렸는데 이전에는 내가 왕의 앞에서 수색이 없었더니
느헤미야,2,2,느헤미야 2:2,왕이 내게 이르시되 `네가 병이 없거늘 어찌하여 얼굴에 수색이 있느냐 ? 이는 필연 네 마음에 근심이 있음이로다' 그 때에 내가 크게 두려워하여
느헤미야,2,4,느헤미야 2:4,왕이 내게 이르시되 `그러면 네가 무엇을 원하느냐 ?' 하시기로 내가 곧 하늘의 하나님께 묵도하고
느헤미야,2,8,느헤미야 2:8,또 왕의 삼림 감독 아삽에게 조서를 내리사 저로 전에 속한 영문의 문과 성곽과 나의 거할 집을 위하여 들보 재목을 주게 하옵소서' 하매 내 하나님의 선한 손이 나를 도우심으로 왕이 허락하고
느헤미야,2,9,느헤미야 2:9,군대 장관과 마병을 보내어 나와 함께 하시기로 내가 강 서편에 있는 총독들에게 이르러 왕의 조서를 전하였더니
느헤미야,2,11,느헤미야 2:11,내가 예루살렘에 이르러 거한지 삼일에
느헤미야,2,12,느헤미야 2:12,내 하나님이 내 마음을 감화하사 예루살렘을 위하여 행하게 하신 일을 내가 아무 사람에게도 말하지 아니하고 밤에 일어나 두어 사람과 함께 나갈새 내가 탄 짐승 외에는 다른 짐승이 없더라
느헤미야,2,14,느헤미야 2:14,앞으로 행하여 샘문과 왕의 못에 이르러는 탄 짐승이 지나갈 곳이 없는지라
느헤미야,2,15,느헤미야 2:15,그 밤에 시내를 좇아 올라가서 성벽을 살펴본 후에 돌이켜 골짜기 문으로 들어와서 돌아 왔으나
느헤미야,2,17,느헤미야 2:17,"후에 저희에게 이르기를 `우리의 당한 곤경은 너희도 목도하는바라 예루살렘이 황무하고 성문이 소화되었으니 자, 예루살렘 성을 중건하여 다시 수치를 받지 말자' 하고"
느헤미야,2,18,느헤미야 2:18,또 저희에게 하나님의 선한 손이 나를 도우신 일과 왕이 내게 이른 말씀을 고하였더니 저희의 말이 `일어나 건축하자 !' 하고 모두 힘을 내어 이 선한 일을 하려 하매
느헤미야,3,2,느헤미야 3:2,그 다음은 여리고 사람들이 건축하였고 또 그 다음은 이므리의 아들 삭굴이 건축하였으며
느헤미야,3,3,느헤미야 3:3,어문은 하스나아의 자손들이 건축하여 그 들보를 얹고 문짝을 달고 자물쇠와 빗장을 갖추었고
느헤미야,3,4,느헤미야 3:4,그 다음은 학고스의 손자 우아의 아들 므레못이 중수하였고 그 다음은 므세사벨의 손자 베레갸의 아들 므술람이 중수하였고 그 다음은 바아나의 아들 사독이 중수하였고
느헤미야,3,5,느헤미야 3:5,그 다음은 드고아 사람들이 중수하였으나 그 귀족들은 그 주의 역사에 담부치 아니하였으며
느헤미야,3,6,느헤미야 3:6,옛 문은 바세아의 아들 요야다와 브소드야의 아들 므술람이 중수하여 그 들보를 얹고 문짝을 달고 자물쇠와 빗장을 갖추었고
느헤미야,3,7,느헤미야 3:7,그 다음은 기브온 사람 믈라야와 메로놋 사람 야돈이 강 서편 총독의 관할에 속한 기브온 사람들과 미스바 사람들로 더불어 중수하였고
느헤미야,3,8,느헤미야 3:8,그 다음은 금장색 할해야의 아들 웃시엘 등이 중수하였고 그 다음은 향품 장사 하나냐 등이 중수하되 저희가 예루살렘 넓은 성벽까지 하였고
느헤미야,3,9,느헤미야 3:9,그 다음은 예루살렘 지방 절반을 다스리는 자 후르의 아들 르바야가 중수하였고
느헤미야,3,10,느헤미야 3:10,하루맙의 아들 여다야는 자기 집과 마주 대한 곳을 중수하였고 그 다음은 하삽느야의 아들 핫두스가 중수하였고
느헤미야,3,11,느헤미야 3:11,하림의 아들 말기야와 바핫모압의 아들 핫숩이 한 부분과 풀무망대를 중수하였고
느헤미야,3,12,느헤미야 3:12,그 다음은 예루살렘 지방 절반을 다스리는 자 할로헤스의 아들 살룸과 그 딸들이 중수하였고
느헤미야,3,13,느헤미야 3:13,골짜기 문은 하눈과 사노아 거민이 중수하여 문을 세우며 문짝을 달고 자물쇠와 빗장을 갖추고 또 분문까지 성벽 일천 규빗을 중수하였고
느헤미야,3,14,느헤미야 3:14,분문은 벧학게렘 지방을 다스리는 레갑의 아들 말기야가 중수하여 문을 세우며 문짝을 달고 자물쇠와 빗장을 갖추었고
느헤미야,3,17,느헤미야 3:17,그 다음은 레위 사람 바니의 아들 르훔이 중수하였고 그 다음은 그일라 지방 절반을 다스리는 자 하사뱌가 그 지방을 대표하여 중수하였고
느헤미야,3,18,느헤미야 3:18,그 다음은 그 형제 그일라 지방 절반을 다스리는 자 헤나닷의 아들 바왜가 중수하였고
느헤미야,3,19,느헤미야 3:19,그 다음은 미스바를 다스리는 자 예수아의 아들 에셀이 한 부분을 중수하여 성 굽이에 있는 군기고 맞은편까지 이르렀고
느헤미야,3,21,느헤미야 3:21,그 다음은 학고스의 손자 우리야의 아들 므레못이 한 부분을 중수하여 엘리아십의 집 문에서부터 엘리아십의 집 모퉁이에 이르렀고
느헤미야,3,27,느헤미야 3:27,그 다음은 드고아 사람들이 한 부분을 중수하여 내어민 큰 망대와 마주 대한 곳에서부터 오벨 성벽까지 이르렀느니라
느헤미야,3,29,느헤미야 3:29,그 다음은 임멜의 아들 사독이 자기 집과 마주 대한 부분을 중수하였고 그 다음은 동문지기 스가냐의 아들 스마야가 중수하였고
느헤미야,3,30,느헤미야 3:30,그 다음은 셀레먀의 아들 하나냐와 살랍의 여섯째 아들 하눈이 한 부분을 중수하였고 그 다음은 베레갸의 아들 므술람이 자기 침방과 마주 대한 부분을 중수하였고
느헤미야,3,31,느헤미야 3:31,그 다음은 금장색 말기야가 함밉갓 문과 마주 대한 부분을 중수하여 느디님 사람과 상고들의 집에서부터 성 모퉁이 누에 이르렀고
느헤미야,3,32,느헤미야 3:32,성 모퉁이 누에서 양문까지는 금장색과 상고들이 중수하였느니라
느헤미야,4,9,느헤미야 4:9,우리가 우리 하나님께 기도하며 저희를 인하여 파숫군을 두어 주야로 방비하는데
느헤미야,4,10,느헤미야 4:10,유다 사람들은 이르기를 `흙 무더기가 아직도 많거늘 담부하는 자의 힘이 쇠하였으니 우리가 성을 건축하지 못하리라' 하고
느헤미야,4,13,느헤미야 4:13,내가 성 뒤 낮고 넓은 곳에 백성으로 그 종족을 따라 칼과 창과 활을 가지고 서게 하고
느헤미야,4,14,느헤미야 4:14,내가 돌아본 후에 일어나서 귀인들과 민장과 남은 백성에게 고하기를 너희는 저희를 두려워 말고 지극히 크시고 두려우신 주를 기억하고 너희 형제와 자녀와 아내와 집을 위하여 싸우라 하였었느니라
느헤미야,4,15,느헤미야 4:15,우리의 대적이 자기의 뜻을 우리가 알았다 함을 들으니라 하나님이 저희의 꾀를 폐하셨으므로 우리가 다 성에 돌아와서 각각 역사하였는데
느헤미야,4,16,느헤미야 4:16,그 때로부터 내 종자의 절반은 역사하고 절반은 갑옷을 입고 창과 방패와 활을 가졌고 민장은 유다 온 족속의 뒤에 있었으며
느헤미야,4,17,느헤미야 4:17,성을 건축하는 자와 담부 하는자는 다 각각 한 손으로 일을 하며 한 손에는 병기를 잡았는데
느헤미야,4,18,느헤미야 4:18,건축하는 자는 각각 칼을 차고 건축하며 나팔 부는 자는 내 곁에 섰었느니라
느헤미야,4,19,느헤미야 4:19,내가 귀인들과 민장들과 남은 백성에게 이르기를 `이 역사는 크고 넓으므로 우리가 성에서 나뉘어 상거가 먼즉
느헤미야,4,20,느헤미야 4:20,너희가 무론 어디서든지 나팔 소리를 듣거든 그리로 모여서 우리에게로 나아오라 우리 하나님이 우리를 위하여 싸우시리라 !' 하였느니라
느헤미야,4,21,느헤미야 4:21,우리가 이같이 역사하는데 무리의 절반은 동틀 때부터 별이 나기까지 창을 잡았었으며
느헤미야,4,23,느헤미야 4:23,내나 내 형제들이나 종자들이나 나를 좇아 파수하는 사람들이나 다 그 옷을 벗지 아니하였으며 물을 길으러 갈 때에도 기계를 잡았었느니라
느헤미야,5,1,느헤미야 5:1,때에 백성이 그 아내와 함께 크게 부르짖어 그 형제 유다 사람을 원망하는데
느헤미야,5,2,느헤미야 5:2,혹은 말하기를 `우리와 우리 자녀가 많으니 곡식을 얻어 먹고 살아야 하겠다' 하고
느헤미야,5,3,느헤미야 5:3,혹은 말하기를 `우리의 밭과 포도원과 집이라도 전당 잡히고 이 흉년을 위하여 곡식을 얻자' 하고
느헤미야,5,4,느헤미야 5:4,혹은 말하기를 `우리는 밭과 포도원으로 돈을 빚내어 세금을 바쳤도다
느헤미야,5,7,느헤미야 5:7,중심에 계획하고 귀인과 민장을 꾸짖어 이르기를 `너희가 각기 형제에게 취리를 하는도다' 하고 대회를 열고 저희를 쳐서
느헤미야,5,8,느헤미야 5:8,이르기를 `우리는 이방인의 손에 팔린 우리 형제 유다 사람들을 우리의 힘을 다하여 속량하였거늘 너희는 너희 형제를 팔고자 하느냐 ? 더구나 우리의 손에 팔리게 하겠느냐 ?' 하매 저희가 잠잠하여 말이 없기로
느헤미야,5,9,느헤미야 5:9,내가 또 이르기를 `너희의 소위가 좋지 못하도다 우리 대적 이방사람의 비방을 생각하고 우리 하나님을 경외함에 행할 것이 아니냐 ?
느헤미야,5,10,느헤미야 5:10,나와 내 형제와 종자들도 역시 돈과 곡식을 백성에게 취하여 주나니 우리가 그 이식 받기를 그치자
느헤미야,5,14,느헤미야 5:14,내가 유다 땅 총독으로 세움을 받을 때 곧 아닥사스다왕 이십년부터 삼십 이년까지 십이년동안은 나와 내 형제가 총독의 녹을 먹지 아니하였느니라
느헤미야,5,15,느헤미야 5:15,이전 총독들은 백성에게 토색하여 양식과 포도주와 또 은 사십 세겔을 취하였고 그 종자들도 백성을 압제하였으나 나는 하나님을 경외하므로 이같이 행치 아니하고
느헤미야,5,16,느헤미야 5:16,도리어 이 성 역사에 힘을 다하며 땅을 사지 아니하였고 나의 모든 종자도 모여서 역사를 하였으며
느헤미야,5,17,느헤미야 5:17,또 내 상에는 유다 사람들과 민장들 일백 오십인이 있고 그 외에도 우리 사면 이방인 중에서 우리에게 나아온 자들이 있었는데
느헤미야,5,18,느헤미야 5:18,매일 나를 위하여 소 하나와 살진 양 여섯을 준비하며 닭도 많이 준비하고 열흘에 한 번씩은 각종 포도주를 갖추었나니 비록 이같이 하였을지라도 내가 총독의 녹을 요구하지 아니하였음은 백성의 부역이 중함이니라
느헤미야,5,19,느헤미야 5:19,"내 하나님이여, 내가 이 백성을 위하여 행한 모든 일을 생각하시고 내게 은혜를 베푸시옵소서 !"
느헤미야,6,1,느헤미야 6:1,산발랏과 도비야와 아라비아 사람 게셈과 그 나머지 우리의 대적이 내가 성을 건축하여 그 퇴락한 곳을 남기지 아니하였다 함을 들었는데 내가 아직 성문에 문짝을 달지 못한 때라
느헤미야,6,2,느헤미야 6:2,산발랏과 게셈이 내게 보내어 이르기를 `오라 ! 우리가 오노 평지 한 촌에서 서로 만나자' 하니 실상은 나를 해코자 함이라
느헤미야,6,3,느헤미야 6:3,내가 곧 저희에게 사자들을 보내어 이르기를 `내가 이제 큰 역사를 하니 내려가지 못하겠노라 어찌하여 역사를 떠나 정지하게 하고 너희에게로 내려가겠느냐 ?' 하매
느헤미야,6,5,느헤미야 6:5,산발랏이 다섯번째는 그 종자의 손에 봉하지 않은 편지를 들려 내게 보내었는데
느헤미야,6,6,느헤미야 6:6,그 글에 이르기를 이방 중에도 소문이 있고 가스무도 말하기를 네가 유다 사람들로 더불어 모반하려 하여 성을 건축한다 하나니 네가 그 말과 같이 왕이 되려 하는도다
느헤미야,6,7,느헤미야 6:7,또 네가 선지자를 세워 예루살렘에서 너를 들어 선전하기를 유다에 왕이 있다 하게 하였으니 이 말이 왕에게 들릴지라 그런즉 너는 이제 오라 함께 의논하자 하였기로
느헤미야,6,8,느헤미야 6:8,내가 보내어 저에게 이르기를 `너의 말한바 이런 일은 없는 일이요 네 마음에서 지어낸 것이라' 하였나니
느헤미야,6,10,느헤미야 6:10,이 후에 므헤다벨의 손자 들라야의 아들 스마야가 두문불출하기로 내가 그 집에 가니 저가 이르기를 저희가 너를 죽이러 올 터이니 우리가 하나님의 전으로 가서 외소 안에 있고 그 문을 닫자 저희가 필연 밤에 와서 너를 죽이리라 하기로
느헤미야,6,11,느헤미야 6:11,내가 이르기를 `나같은 자가 어찌 도망하며 나같은 몸이면 누가 외소에 들어가서 생명을 보존하겠느냐 ? 나는 들어가지 않겠노라' 하고
느헤미야,6,12,느헤미야 6:12,깨달은즉 저는 하나님의 보내신 바가 아니라 도비야와 산발랏에게 뇌물을 받고 내게 이런 예언을 함이라
느헤미야,6,14,느헤미야 6:14,"내 하나님이여, 도비야와 산발랏과 여선지 노아댜와, 그 남은 선지자들 무릇 나를 두렵게 하고자 한 자의 소위를 기억하옵소서 ! 하였노라"
느헤미야,6,15,느헤미야 6:15,성 역사가 오십 이일만에 엘룰월 이십 오일에 끝나매
느헤미야,6,16,느헤미야 6:16,우리 모든 대적과 사면 이방사람들이 이를 듣고 다 두려워하여 스스로 낙담하였으니 이는 이 역사를 우리 하나님이 이루신 것을 앎이니라
느헤미야,6,18,느헤미야 6:18,도비야는 아라의 아들 스가냐의 사위가 되었고 도비야의 아들 여호하난도 베레갸의 아들 므술람의 딸을 취하였으므로 유다에서 저와 동맹한 자가 많음이라
느헤미야,6,19,느헤미야 6:19,저희들이 도비야의 선행을 내 앞에 말하고 또 나의 말도 저에게 전하매 도비야가 항상 내게 편지하여 나를 두렵게 하고자 하였느니라
느헤미야,7,1,느헤미야 7:1,성이 건축되매 문짝을 달고 문지기와 노래하는 자들과 레위 사람들을 세운 후에
느헤미야,7,2,느헤미야 7:2,내 아우 하나니와 영문의 관원 하나냐로 함께 예루살렘을 다스리게 하였는데 하나냐는 위인이 충성되어 하나님을 경외함이 무리에서 뛰어난자라
느헤미야,7,3,느헤미야 7:3,내가 저희에게 이르기를 해가 높이 뜨기 전에는 예루살렘 성문을 열지 말고 아직 파수할 때에 곧 문을 닫고 빗장을 지르며 또 예루살렘 거민으로 각각 반차를 따라 파수하되 자기 집 맞은편을 지키게 하라 하였노니
느헤미야,7,4,느헤미야 7:4,그 성은 광대하고 거민은 희소하여 가옥을 오히려 건축하지 못하였음이니라
느헤미야,8,3,느헤미야 8:3,"수문 앞 광장에서 새벽부터 오정까지 남자, 여자 무릇 알아 들을 만한 자의 앞에서 읽으매 뭇백성이 그 율법책에 귀를 기울였는데"
느헤미야,8,8,느헤미야 8:8,하나님의 율법책을 낭독하고 그 뜻을 해석하여 백성으로 그 낭독하는 것을 다 깨닫게 하매
느헤미야,8,11,느헤미야 8:11,레위 사람들도 모든 백성을 정숙케하여 이르기를 `오늘은 성일이니 마땅히 종용하고 근심하지 말라' 하매
느헤미야,8,12,느헤미야 8:12,모든 백성이 곧 가서 먹고 마시며 나누어 주고 크게 즐거워하였으니 이는 그 읽어 들린 말을 밝히 앎이니라
느헤미야,8,15,느헤미야 8:15,또 일렀으되 모든 성읍과 예루살렘에 공포하여 이르기를 `너희는 산에 가서 감람나무 가지와 들 감람나무 가지와 화석류나무 가지와 종려나무 가지와 기타 무성한 나무 가지를 취하여 기록한 바를 따라 초막을 지으라 하라' 하였는지라
느헤미야,8,16,느헤미야 8:16,"백성이 이에 나가서 나무 가지를 취하여 혹은 지붕 위에, 혹은 뜰안에, 혹은 하나님의 전 뜰에, 혹은 수문 광장에, 혹은 에브라임 문광장에 초막을 짓되"
느헤미야,9,4,느헤미야 9:4,"레위 사람 예수아와, 바니와, 갓미엘과, 스바냐와, 분니와, 세레뱌와, 바니와, 그나니는 대에 올라서서 큰 소리로 그 하나님 여호와께 부르짖고"
느헤미야,9,6,느헤미야 9:6,오직 주는 여호와시라 ! 하늘과 하늘들의 하늘과 일월 성신과 땅과 땅 위의 만물과 바다와 그 가운데 모든 것을 지으시고 다 보존하시오니 모든 천군이 주께 경배하나이다 !
느헤미야,9,12,느헤미야 9:12,낮에는 구름 기둥으로 인도하시고 밤에는 불 기둥으로 그 행할 길을 비취셨사오며
느헤미야,9,15,느헤미야 9:15,저희의 주림을 인하여 하늘에서 양식을 주시며 저희의 목마름을 인하여 반석에서 물을 내시고 또 주께서 옛적에 손을 들어 맹세하시고 주마 하신 땅을 들어가서 차지하라 명하셨사오나
느헤미야,9,19,느헤미야 9:19,주께서는 연하여 긍휼을 베푸사 저희를 광야에 버리지 아니하시고 낮에는 구름 기둥으로 길을 인도하시며 밤에는 불 기둥으로 그 행할 길을 비취사 떠나게 아니하셨사오며
느헤미야,9,20,느헤미야 9:20,또 주의 선한 신을 주사 저희를 가르치시며 주의 만나로 저희 입에 끊어지지 않게 하시고 저희의 목마름을 인하여 물을 주시사
느헤미야,9,21,느헤미야 9:21,사십년 동안을 들에서 기르시되 결핍함이 없게 하시므로 그 옷이 해어지지 아니하였고 발이 부릍지 아니하였사오며
느헤미야,9,23,느헤미야 9:23,주께서 그 자손을 하늘의 별같이 많게 하시고 전에 그 열조에게 명하사 들어가서 차지하라고 하신 땅으로 인도하여 이르게 하셨으므로
느헤미야,9,25,느헤미야 9:25,저희가 견고한 성들과 기름진 땅을 취하고 모든 아름다운 물건을 채운 집과 파서 만든 우물과 포도원과 감람원과 허다한 과목을 차지하여 배불리 먹어 살지고 주의 큰 복을 즐겼사오나
느헤미야,9,27,느헤미야 9:27,그러므로 주께서 그 대적의 손에 붙이사 곤고를 당하게 하시매 저희가 환난을 당하여 주께 부르짖을 때에 주께서 하늘에서 들으시고 크게 긍휼을 발하사 구원자들을 주어 대적의 손에서 구원하셨거늘
느헤미야,9,28,느헤미야 9:28,저희가 평강을 얻은 후에 다시 주 앞에서 악을 행하므로 주께서 그 대적의 손에 버려 두사 대적에게 제어를 받게 하시다가 저희가 돌이켜서 주께 부르짖으매 주께서 하늘에서 들으시고 여러번 긍휼을 발하사 건져내시고
느헤미야,9,31,느헤미야 9:31,주의 긍휼이 크시므로 저희를 아주 멸하지 아니하시며 버리지도 아니하셨사오니 주는 은혜로우시고 긍휼히 여기시는 하나님이심이니이다
느헤미야,9,36,느헤미야 9:36,우리가 오늘날 종이 되었삽는데 곧 주께서 우리 열조에게 주사 그 실과를 먹고 그 아름다운 소산을 누리게 하신 땅에서 종이 되었나이다
느헤미야,10,31,느헤미야 10:31,혹시 이 땅 백성이 안식일에 물화나 식물을 가져다가 팔려 할지라도 우리가 안식일이나 성일에는 사지 않겠고 제 칠년마다 땅을 쉬게 하고 모든 빚을 탕감하리라 하였고
느헤미야,10,35,느헤미야 10:35,해마다 우리 토지 소산의 맏물과 각종 과목의 첫 열매를 여호와의 전에 드리기로 하였고
느헤미야,11,1,느헤미야 11:1,백성의 두목들은 예루살렘에 머물렀고 그 남은 백성은 제비뽑아 십분의 일은 거룩한 성 예루살렘에 와서 거하게 하고 그 구분은 다른 성읍에 거하게 하였으며
느헤미야,11,2,느헤미야 11:2,무릇 예루살렘에 거하기를 자원하는 자는 백성들이 위하여 복을 빌었느니라
느헤미야,11,6,느헤미야 11:6,예루살렘에 거한 베레스 자손의 도합이 사백 육십 팔명이니 다 용사이었느니라
느헤미야,11,9,느헤미야 11:9,시그리의 아들 요엘이 그 감독이 되었고 핫스누아의 아들 유다는 버금이 되어 성읍을 다스렸느니라
느헤미야,12,27,느헤미야 12:27,예루살렘 성곽이 낙성되니 각처에서 레위 사람들을 찾아 예루살렘으로 데려다가 감사하며 노래하며 제금 치며 비파와 수금을 타며 즐거이 봉헌식을 행하려 하매
느헤미야,12,29,느헤미야 12:29,또 벧길갈과 게바와 아스마웹 들에서 모여 왔으니 이 노래하는 자들은 자기를 위하여 예루살렘 사방에 동네를 세웠음이라
느헤미야,12,32,느헤미야 12:32,따르는 자는 호세야와 유다 방백의 절반이요
느헤미야,12,34,느헤미야 12:34,"유다와, 베냐민과, 스마야와, 예레미야며"
느헤미야,12,38,느헤미야 12:38,감사 찬송하는 다른 떼는 저희를 마주 진행하는데 내가 백성의 절반으로 더불어 그 뒤를 따라 성 위로 행하여 풀무 망대 윗 길로 성 넓은 곳에 이르고
느헤미야,12,39,느헤미야 12:39,"에브라임 문 위로 말미암아 옛문과, 어문과, 하나넬 망대와, 함메아 망대를 지나 양문에 이르러 감옥 문에 그치매"
느헤미야,12,42,느헤미야 12:42,"또 마아세야와, 스마야와, 엘르아살과, 웃시와, 여호하난과, 말기야와, 엘람과, 에셀이 함께 있으며 노래하는 자는 크게 찬송하였는데 그 감독은 예스라히야라"
느헤미야,13,7,느헤미야 13:7,예루살렘에 이르러서야 엘리아십이 도비야를 위하여 하나님의 전뜰에 방을 갖춘 악한 일을 안지라
느헤미야,13,8,느헤미야 13:8,내가 심히 근심하여 도비야의 세간을 그 방 밖으로 다 내어 던지고
느헤미야,13,10,느헤미야 13:10,내가 또 알아 본즉 레위 사람들의 받을 것을 주지 아니 하였으므로 그 직무를 행하는 레위 사람들과 노래하는 자들이 각각 그 전리로 도망하였기로
느헤미야,13,11,느헤미야 13:11,내가 모든 민장을 꾸짖어 이르기를 `하나님의 전이 어찌하여 버린바 되었느냐 ?' 하고 곧 레위 사람을 불러 모아 다시 그 처소에 세웠더니
느헤미야,13,16,느헤미야 13:16,또 두로 사람이 예루살렘에 거하며 물고기와 각양 물건을 가져다가 안식일에 유다 자손에게 예루살렘에서도 팔기로
느헤미야,13,19,느헤미야 13:19,안식일 전 예루살렘 성문이 어두워 갈 때에 내가 명하여 `성문을 닫고 안식일이 지나기 전에는 열지 말라' 하고 내 종자 두어 사람을 성문마다 세워서 안식일에 아무 짐도 들어오지 못하게 하매
느헤미야,13,20,느헤미야 13:20,장사들과 각양 물건 파는 자들이 한두번 예루살렘 성 밖에서 자므로
느헤미야,13,22,느헤미야 13:22,"내가 또 레위 사람들을 명하여 `몸을 정결케 하고 와서 성문을 지켜서 안식일로 거룩하게 하라' 하였느니라 나의 하나님이여, 나를 위하여 이 일도 기억하옵시고 주의 큰 은혜대로 나를 아끼시옵소서 !"
느헤미야,13,24,느헤미야 13:24,그 자녀가 아스돗 방언을 절반쯤은 하여도 유다 방언은 못하니 그 하는 말이 각 족속의 방언이므로
느헤미야,13,27,느헤미야 13:27,너희가 이방 여인을 취하여 크게 악을 행하여 우리 하나님께 범죄하는 것을 우리가 어찌 용납하겠느냐
느헤미야,13,31,느헤미야 13:31,"또 정한 기한에 나무와 처음 익은 것을 드리게 하였사오니 내 하나님이여, 나를 기억하사 복을 주옵소서 !"
에스더,1,1,에스더 1:1,이 일은 아하수에로 왕 때에 된 것이니 아하수에로는 인도로 구스까지 일백 이십 칠 도를 치리하는 왕이라
에스더,1,2,에스더 1:2,당시에 아하수에로 왕이 수산 궁에서 즉위하고
에스더,1,3,에스더 1:3,위에 있은지 삼년에 그 모든 방백과 신복을 위하여 잔치를 베푸니 바사와 메대의 장수와 각 도의 귀족과 방백들이 다 왕 앞에 있는지라
에스더,1,4,에스더 1:4,왕이 여러 날 곧 일백 팔십일 동안에 그 영화로운 나라의 부함과 위엄의 혁혁함을 나타내니라
에스더,1,5,에스더 1:5,이 날이 다하매 왕이 또 도성 수산 대소 인민을 위하여 왕궁 후원 뜰에서 칠일 동안 잔치를 베풀새
에스더,1,6,에스더 1:6,"백색, 녹색, 청색 휘장을 자색 가는 베줄로 대리석 기둥 은고리에 매고 금과 은으로 만든 걸상을 화반석, 백석, 운모석, 흑석을 깐 땅에 진설하고"
에스더,1,7,에스더 1:7,금잔으로 마시게 하니 잔의 식양이 각기 다르고 왕의 풍부한대로 어주가 한이 없으며
에스더,1,9,에스더 1:9,왕후 와스디도 아하수에로 왕궁에서 부녀들을 위하여 잔치를 베푸니라
에스더,1,10,에스더 1:10,"제 칠일에 왕이 주흥이 일어나서 어전 내시 므후만과, 비스다와, 하르보나와, 빅다와, 아박다와, 세달과, 가르가스 일곱 사람을 명하여"
에스더,1,11,에스더 1:11,왕후 와스디를 청하여 왕후의 면류관을 정제하고 왕의 앞으로 나아오게 하여 그 아리따움을 뭇 백성과 방백들에게 보이게 하라 하니 이는 왕후의 용모가 보기에 좋음이라
에스더,1,14,에스더 1:14,"때에 왕에게 가까이 하여 왕의 기색을 살피며 나라 첫 자리에 앉은 자는 바사와 메대의 일곱 방백 곧 가르스나와, 세달과, 아드마다와, 다시스와, 메레스와, 마르스나와, 므무간이라)"
에스더,1,15,에스더 1:15,왕후 와스디가 내시의 전하는 아하수에로 왕명을 좇지 아니하니 규례대로 하면 어떻게 처치할꼬
에스더,1,17,에스더 1:17,아하수에로왕이 명하여 왕후 와스디를 청하여도 오지 아니하였다 하는 왕후의 행위의 소문이 모든 부녀에게 전파되면 저희도 그 남편을 멸시할 것인즉
에스더,1,18,에스더 1:18,오늘이라도 바사와 메대의 귀부인들이 왕후의 행위를 듣고 왕의 모든 방백에게 그렇게 말하리니 멸시와 분노가 많이 일어나리이다
에스더,1,20,에스더 1:20,왕의 조서가 이 광대한 전국에 반포되면 귀천을 무론하고 모든 부녀가 그 남편을 존경하리이다'
에스더,1,21,에스더 1:21,왕과 방백들이 그 말을 선히 여긴지라 왕이 므무간의 말대로 행하여
에스더,2,3,에스더 2:3,전국 각 도에 관리를 명령하여 아리따운 처녀를 다 도성 수산으로 모아 후궁으로 들여 궁녀를 주관하는 내시 헤개의 손에 붙여 그 몸을 정결케 하는 물품을 주게 하시고
에스더,2,4,에스더 2:4,왕의 눈에 아름다운 처녀로 와스디를 대신하여 왕후를 삼으소서' 왕이 그 말을 선히 여겨 그대로 행하니라
에스더,2,12,에스더 2:12,처녀마다 차례대로 아하수에로 왕에게 나아가기 전에 여자에 대하여 정한 규례대로 열 두달 동안을 행하되 여섯달은 몰약 기름을 쓰고 여섯달은 향품과 여자에게 쓰는 다른 물품을 써서 몸을 정결케 하는 기한을 마치며
에스더,2,13,에스더 2:13,처녀가 왕에게 나아갈 때에는 그 구하는 것을 다 주어 후궁에서 왕궁으로 가지고 가게 하고
에스더,3,7,에스더 3:7,아하수에로왕 십 이년 정월 곧 니산월에 무리가 하만 앞에서 날과 달에 대하여 부르 곧 제비를 뽑아 십이월 곧 아달월을 얻은지라
에스더,3,12,에스더 3:12,정월 십 삼일에 왕의 서기관이 소집되어 하만의 명을 따라 왕의 대신과 각 도 방백과 각 민족의 관원에게 아하수에로 왕의 이름으로 조서를 쓰되 곧 각 도의 문자와 각 민족의 방언대로 쓰고 왕의 반지로 인치니라
에스더,3,15,에스더 3:15,역졸이 왕의 명을 받들어 급히 나가매 그 조서가 도성 수산에도 반포되니 왕은 하만과 함께 앉아 마시되 수산성은 어지럽더라
에스더,4,2,에스더 4:2,대궐 문 앞까지 이르렀으니 굵은 베를 입은 자는 대궐 문에 들어가지 못함이라
에스더,4,14,에스더 4:14,이 때에 네가 만일 잠잠하여 말이 없으면 유다인은 다른 데로 말미암아 놓임과 구원을 얻으려니와 너와 네 아비 집은 멸망하리라 네가 왕후의 위를 얻은 것이 이 때를 위함이 아닌지 누가 아느냐
에스더,4,16,에스더 4:16,당신은 가서 수산에 있는 유다인을 다 모으고 나를 위하여 금식하되 밤낮 삼 일을 먹지도 말고 마시지도 마소서 나도 나의 시녀로 더불어 이렇게 금식한 후에 규례를 어기고 왕에게 나아가리니 죽으면 죽으리이다
에스더,5,8,에스더 5:8,내가 만일 왕의 목전에서 은혜를 입었고 왕이 내 소청을 허락하시며 내 요구를 시행하시기를 선히 여기시거든 내가 왕과 하만을 위하여 베푸는 잔치에 또 나아오소서 내일은 왕의 말씀대로 하리이다'
에스더,5,10,에스더 5:10,참고 집에 돌아와서 사람을 보내어 그 친구들과 그 아내 세레스를 청하여
에스더,5,11,에스더 5:11,자기의 부성한 영광과 자녀가 많은 것과 왕이 자기를 들어 왕의 모든 방백이나 신복들보다 높인 것을 다 말하고
에스더,6,1,에스더 6:1,이 밤에 왕이 잠이 오지 아니하므로 명하여 역대 일기를 가져다가 자기 앞에서 읽히더니
에스더,6,8,에스더 6:8,왕의 입으시는 왕복과 왕의 타시는 말과 머리에 쓰시는 왕관을 취하고
에스더,8,8,에스더 8:8,너희는 왕의 명의로 유다인에게 조서를 뜻대로 쓰고 왕의 반지로 인을 칠지어다 왕의 이름을 쓰고 왕의 반지로 인친 조서는 누구든지 취소할 수 없음이니라'
에스더,8,10,에스더 8:10,아하수에로 왕의 명의로 쓰고 왕의 반지로 인을 치고 그 조서를 역졸들에게 부쳐 전하게 하니 저희는 왕궁에서 길러서 왕의 일에 쓰는 준마를 타는 자들이라
에스더,8,12,에스더 8:12,아하수에로 왕의 각 도에서 아달월 곧 십이월 십 삼일 하루 동안에 하게 하였고
에스더,8,14,에스더 8:14,왕의 명이 심히 급하매 역졸이 왕의 일에 쓰는 준마를 타고 빨리 나가고 그 조서가 도성 수산에도 반포되니라
에스더,8,16,에스더 8:16,유다인에게는 영광과 즐거움과 기쁨과 존귀함이 있는지라
에스더,8,17,에스더 8:17,"왕의 조명이 이르는 각 도,각 읍에서 유다인이 즐기고 기뻐하여 잔치를 베풀고 그 날로 경절을 삼으니 본토 백성이 유다인을 두려워하여 유다인 되는 자가 많더라"
에스더,9,17,에스더 9:17,아달월 십 삼일에 그 일을 행하였고 십 사일에 쉬며 그 날에 잔치를 베풀어 즐겼고
에스더,9,18,에스더 9:18,수산에 거한 유다인은 십 삼일과 십 사일에 모였고 십 오일에 쉬며 이 날에 잔치를 베풀어 즐긴지라
에스더,9,19,에스더 9:19,그러므로 촌촌의 유다인 곧 성이 없는 고을 고을에 거하는 자들이 아달월 십사일로 경절을 삼아 잔치를 베풀고 즐기며 서로 예물을 주더라
에스더,9,21,에스더 9:21,`한 규례를 세워 해마다 아달월 십 사일과 십 오일을 지키라
에스더,9,22,에스더 9:22,이 달 이 날에 유다인이 대적에게서 벗어나서 평안함을 얻어 슬픔이 변하여 기쁨이 되고 애통이 변하여 길한 날이 되었으니 이 두 날을 지켜 잔치를 베풀고 즐기며 서로 예물을 주며 가난한 자를 구제하라' 하매
에스더,9,26,에스더 9:26,무리가 부르의 이름을 좇아 이 두 날을 부림이라 하고 유다인이 이 글의 모든 말과 이 일에 보고 당한 것을 인하여
에스더,9,27,에스더 9:27,뜻을 정하고 자기와 자손과 자기와 화합한 자들이 해마다 그 기록한 정기에 이 두 날을 연하여 지켜 폐하지 아니하기로 작정하고
에스더,9,30,에스더 9:30,화평하고 진실한 말로 편지를 써서 아하수에로의 나라 일백 이십 칠도에 있는 유다 모든 사람에게 보내어
욥기,1,3,욥기 1:3,"그 소유물은 양이 칠천이요, 약대가 삼천이요, 소가 오백 겨리요, 암 나귀가 오백이며, 종도 많이 있었으니 이 사람은 동방 사람 중에 가장 큰 자라"
욥기,1,4,욥기 1:4,그 아들들이 자기 생일이면 각각 자기의 집에서 잔치를 베풀고 그 누이 셋도 청하여 함께 먹고 마시므로
욥기,1,6,욥기 1:6,하루는 하나님의 아들들이 와서 여호와 앞에 섰고 사단도 그들 가운데 왔는지라
욥기,1,8,욥기 1:8,여호와께서 사단에게 이르시되 네가 내 종 욥을 유의하여 보았느냐 ? 그와 같이 순전하고 정직하여 하나님을 경외하며 악에서 떠난 자가 세상에 없느니라
욥기,1,10,욥기 1:10,그와 그 집과 그 모든 소유물을 산울로 두르심이 아니니이까 ? 주께서 그 손으로 하는 바를 복되게 하사 그 소유물로 땅에 널리게 하셨음이니이다
욥기,1,11,욥기 1:11,이제 주의 손을 펴서 그의 모든 소유물을 치소서 그리하시면 정녕 대면하여 주를 욕하리이다'
욥기,1,12,욥기 1:12,여호와께서 사단에게 이르시되 내가 그의 소유물을 다 네 손에 붙이노라 오직 그의 몸에는 네 손을 대지 말지니라 ! 사단이 곧 여호와 앞에서 물러가니라
욥기,1,13,욥기 1:13,하루는 욥의 자녀들이 그 맏형의 집에서 식물을 먹으며 포도주를 마실 때에
욥기,2,1,욥기 2:1,또 하루는 하나님의 아들들이 와서 여호와 앞에 서고 사단도 그들 가운데 와서 여호와 앞에 서니
욥기,2,5,욥기 2:5,이제 주의 손을 펴서 그의 뼈와 살을 치소서 그리하시면 정녕 대면하여 주를 욕하리이다'
욥기,2,6,욥기 2:6,여호와께서 사단에게 이르시되 내가 그를 네 손에 붙이노라 오직 그의 생명은 해하지 말지니라 !
욥기,2,12,욥기 2:12,눈을 들어 멀리 보매 그 욥인 줄 알기 어렵게 되었으므로 그들이 일제히 소리질러 울며 각각 자기의 겉옷을 찢고 하늘을 향하여 티끌을 날려 자기 머리에 뿌리고
욥기,3,12,욥기 3:12,어찌하여 무릎이 나를 받았던가 어찌하여 유방이 나로 빨게 하였던가
욥기,3,14,욥기 3:14,자기를 위하여 거친 터를 수축한 세상 임금들과 의사들과 함께 있었을 것이요
욥기,3,17,욥기 3:17,거기서는 악한 자가 소요를 그치며 거기서는 곤비한 자가 평강을 얻으며
욥기,3,19,욥기 3:19,거기서는 작은 자나 큰 자나 일반으로 있고 종이 상전에게서 놓이느니라
욥기,3,20,욥기 3:20,어찌하여 곤고한 자에게 빛을 주셨으며 마음이 번뇌한 자에게 생명을 주셨는고
욥기,4,2,욥기 4:2,누가 네게 말하면 네가 염증이 나겠느냐 ? 날지라도 누가 참고 말하지 아니하겠느냐 ?
욥기,4,3,욥기 4:3,전에 네가 여러 사람을 교훈하였고 손이 늘어진 자면 강하게 하였고
욥기,4,4,욥기 4:4,넘어져 가는 자를 말로 붙들어 주었고 무릎이 약한 자를 강하게 하였거늘
욥기,4,6,욥기 4:6,네 의뢰가 경외함에 있지 아니하냐 ? 네 소망이 네 행위를 완전히 함에 있지 아니하냐 ?
욥기,4,10,욥기 4:10,사자의 우는 소리와 사나운 사자의 목소리가 그치고 젊은 사자의 이가 부러지며
욥기,4,11,욥기 4:11,늙은 사자는 움킨 것이 없어 죽고 암사자의 새끼는 흩어지느니라
욥기,4,12,욥기 4:12,무슨 말씀이 내게 가만히 임하고 그 가는 소리가 내 귀에 들렸었나니
욥기,4,14,욥기 4:14,두려움과 떨림이 내게 이르러서 모든 골절이 흔들렸었느니라
욥기,4,17,욥기 4:17,인생이 어찌 하나님보다 의롭겠느냐 ? 사람이 어찌 그 창조하신 이보다 성결하겠느냐 ?
욥기,4,18,욥기 4:18,하나님은 그 종이라도 오히려 믿지 아니하시며 그 사자라도 미련하다 하시나니
욥기,4,19,욥기 4:19,하물며 흙 집에 살며 티끌로 터를 삼고 하루살이에게라도 눌려 죽을 자이겠느냐 ?
욥기,5,1,욥기 5:1,부르짖어 보아라 ! 네게 응답할 자가 있겠느냐 ? 거룩한 자 중에 네가 누구에게로 향하겠느냐 ?
욥기,5,6,욥기 5:6,재앙은 티끌에서 일어나는 것이 아니요 고난은 흙에서 나는 것이 아니라
욥기,5,7,욥기 5:7,인생은 고난을 위하여 났나니 불티가 위로 날음 같으니라
욥기,5,8,욥기 5:8,나 같으면 하나님께 구하고 내 일을 하나님께 의탁하리라 !
욥기,5,9,욥기 5:9,하나님은 크고 측량할 수 없는 일을 행하시며 기이한 일을 셀 수 없이 행하시나니
욥기,5,10,욥기 5:10,비를 땅에 내리시고 물을 밭에 보내시며
욥기,5,11,욥기 5:11,낮은 자를 높이 드시고 슬퍼하는 자를 흥기시켜 안전한 곳에 있게 하시느니라
욥기,5,12,욥기 5:12,하나님은 궤휼한 자의 계교를 파하사 그 손으로 하는 일을 이루지 못하게 하시며
욥기,5,13,욥기 5:13,간교한 자로 자기 궤휼에 빠지게 하시며 사특한 자의 계교를 패하게 하시며
욥기,5,14,욥기 5:14,그들은 낮에도 캄캄함을 만나고 대낮에도 더듬기를 밤과 같이 하느니라
욥기,5,15,욥기 5:15,"하나님은 곤비한 자를 그들의 입의 칼에서, 강한 자의 손에서 면하게 하시나니"
욥기,5,16,욥기 5:16,그러므로 가난한 자가 소망이 있고 불의가 스스로 입을 막느니라
욥기,5,17,욥기 5:17,볼지어다 ! 하나님께 징계받는 자에게는 복이 있나니 그런즉 너는 전능자의 경책을 업신여기지 말지니라 !
욥기,5,18,욥기 5:18,"하나님은 아프게 하시다가 싸매시며, 상하게 하시다가 그 손으로 고치시나니"
욥기,5,19,욥기 5:19,여섯가지 환난에서 너를 구원하시며 일곱가지 환난이라도 그 재앙이 네게 미치지 않게 하시며
욥기,5,21,욥기 5:21,네가 혀의 채찍을 피하여 숨을 수가 있고 멸망이 올 때에도 두려워 아니할 것이라
욥기,5,23,욥기 5:23,밭에 돌이 너와 언약을 맺겠고 들짐승이 너와 화친할 것임이라
욥기,5,25,욥기 5:25,네 자손이 많아지며 네 후예가 땅에 풀 같을 줄을 네가 알것이라
욥기,5,26,욥기 5:26,네가 장수하다가 무덤에 이르리니 곡식단이 그 기한에 운반되어 올리움 같으리라
욥기,5,27,욥기 5:27,볼지어다 ! 우리의 연구한 바가 이같으니 너는 듣고 네게 유익된 줄 알지니라
욥기,6,5,욥기 6:5,들 나귀가 풀이 있으면 어찌 울겠으며 소가 꼴이 있으면 어찌 울겠느냐 ?
욥기,6,6,욥기 6:6,싱거운 것이 소금 없이 먹히겠느냐 ? 닭의 알 흰자위가 맛이 있겠느냐 ?
욥기,6,12,욥기 6:12,나의 기력이 어찌 돌의 기력이겠느냐 ? 나의 살이 어찌 놋쇠겠느냐 ?
욥기,6,13,욥기 6:13,나의 도움이 내 속에 없지 아니하냐 ? 나의 지혜가 내게서 쫓겨나지 아니하였느냐 ?
욥기,6,14,욥기 6:14,피곤한 자 곧 전능자 경외하는 일을 폐한 자를 그 벗이 불쌍히 여길 것이어늘
욥기,6,16,욥기 6:16,얼음이 녹으면 물이 검어지며 눈이 그 속에 감취었을지라도
욥기,6,17,욥기 6:17,따뜻하면 마르고 더우면 그 자리에서 아주 없어지나니
욥기,6,18,욥기 6:18,떼를 지은 객들이 시냇가로 다니다가 돌이켜 광야로 가서 죽고
욥기,6,19,욥기 6:19,데마의 떼들이 그것을 바라보고 스바의 행인들도 그것을 사모하다가
욥기,6,20,욥기 6:20,거기 와서는 바라던 것을 부끄리고 낙심하느니라
욥기,6,22,욥기 6:22,내가 언제 너희에게 나를 공급하라 하더냐 ? 언제 나를 위하여 너희 재물로 예물을 달라더냐 ?
욥기,6,23,욥기 6:23,내가 언제 말하기를 대적의 손에서 나를 구원하라 하더냐 ? 포악한 자의 손에서 나를 구속하라 하더냐 ?
욥기,6,24,욥기 6:24,내게 가르쳐서 나의 허물된 것을 깨닫게 하라 내가 잠잠하리라
욥기,6,25,욥기 6:25,"옳은 말은 어찌 그리 유력한지, 그렇지만 너희의 책망은 무엇을 책망함이뇨"
욥기,6,26,욥기 6:26,너희가 말을 책망하려느냐 ? 소망이 끊어진 자의 말은 바람 같으니라
욥기,6,27,욥기 6:27,너희는 고아를 제비 뽑으며 너희 벗을 매매할 자로구나
욥기,6,28,욥기 6:28,이제 너희가 나를 향하여 보기를 원하노라 내가 너희를 대면하여 결코 거짓말하지 아니하리라
욥기,6,29,욥기 6:29,너희는 돌이켜 불의한 것이 없게 하기를 원하노라 너희는 돌이키라 내 일이 의로우니라
욥기,6,30,욥기 6:30,내 혀에 어찌 불의한 것이 있으랴 내 미각이 어찌 궤휼을 분변치 못하랴
욥기,7,1,욥기 7:1,세상에 있는 인생에게 전쟁이 있지 아니하냐 ? 그 날이 품군의 날과 같지 아니하냐 ?
욥기,7,2,욥기 7:2,종은 저물기를 심히 기다리고 품군은 그 삯을 바라나니
욥기,7,12,욥기 7:12,내가 바다니이까 ? 용이니이까 ? 주께서 어찌하여 나를 지키시나이까 ?
욥기,7,13,욥기 7:13,혹시 내가 말하기를 내 자리가 나를 위로하고 내 침상이 내 수심을 풀리라 할 때에
욥기,7,17,욥기 7:17,사람이 무엇이관대 주께서 크게 여기사 그에게 마음을 두시고
욥기,7,18,욥기 7:18,아침마다 권징하시며 분초마다 시험하시나이까 ?
욥기,7,19,욥기 7:19,주께서 내게서 눈을 돌이키지 아니하시며 나의 침 삼킬 동안도 나를 놓지 아니하시기를 어느 때까지 하시리이까 ?
욥기,7,20,욥기 7:20,사람을 감찰하시는 자여 ! 내가 범죄하였은들 주께 무슨 해가 되오리이까 ? 어찌하여 나로 과녁을 삼으셔서 스스로 무거운 짐이 되게 하셨나이까 ?
욥기,8,2,욥기 8:2,네가 어느 때까지 이런 말을 하겠으며 어느 때까지 네 입의 말이 광풍과 같겠는가
욥기,8,3,욥기 8:3,하나님이 어찌 심판을 굽게 하시겠으며 전능하신 이가 어찌 공의를 굽게 하시겠는가
욥기,8,5,욥기 8:5,네가 만일 하나님을 부지런히 구하며 전능하신 이에게 빌고
욥기,8,6,욥기 8:6,또 청결하고 정직하면 정녕 너를 돌아보시고 네 의로운 집으로 형통하게 하실 것이라
욥기,8,7,욥기 8:7,네 시작은 미약하였으나 네 나중은 심히 창대하리라 !
욥기,8,8,욥기 8:8,청컨대 너는 옛시대 사람에게 물으며 열조의 터득한 일을 배울지어다
욥기,8,11,욥기 8:11,왕골이 진펄이 아니고 나겠으며 갈대가 물 없이 자라겠느냐 ?
욥기,8,12,욥기 8:12,이런 것은 푸르러도 아직 벨 때 되기 전에 다른 풀보다 일찌기 마르느니라
욥기,8,16,욥기 8:16,식물이 일광을 받고 푸르러서 그 가지가 동산에 벋어가며
욥기,8,17,욥기 8:17,그 뿌리가 돌 무더기에 서리어서 돌 가운데로 들어 갔을지라도
욥기,8,18,욥기 8:18,그 곳에서 뽑히면 그 자리도 모르는 체하고 이르기를 내가 너를 보지 못하였다 하리니
욥기,8,19,욥기 8:19,그 길의 희락은 이와 같고 그 후에 다른 것이 흙에서 나리라
욥기,8,20,욥기 8:20,하나님은 순전한 사람을 버리지 아니하시고 악한 자를 붙들어 주지 아니하신즉
욥기,8,21,욥기 8:21,"웃음으로 네 입에, 즐거운 소리로 네 입술에 채우시리니"
욥기,9,2,욥기 9:2,내가 진실로 그 일이 그런 줄을 알거니와 인생이 어찌 하나님 앞에 의로우랴
욥기,9,3,욥기 9:3,사람이 하나님과 쟁변하려 할지라도 천 마디에 한 마디도 대답하지 못하리라
욥기,9,4,욥기 9:4,하나님은 마음이 지혜로우시고 힘이 강하시니 스스로 강퍅히 하여 그를 거역하고 형통한 자가 누구이랴
욥기,9,9,욥기 9:9,북두성과 삼성과 묘성과 남방의 밀실을 만드셨으며
욥기,9,10,욥기 9:10,"측량할 수 없는 큰 일을, 셀 수 없는 기이한 일을 행하시느니라"
욥기,9,12,욥기 9:12,하나님이 빼앗으시면 누가 막을 수 있으며 무엇을 하시나이까 ? 누가 물을 수 있으랴
욥기,9,14,욥기 9:14,하물며 내가 감히 대답하겠으며 무슨 말을 택하여 더불어 변론하랴
욥기,9,16,욥기 9:16,가령 내가 그를 부르므로 그가 내게 대답하셨을지라도 내 음성을 들으셨다고는 내가 믿지 아니하리라
욥기,9,19,욥기 9:19,힘으로 말하면 그가 강하시고 심판으로 말하면 누가 그를 호출 하겠느냐 ?
욥기,9,27,욥기 9:27,가령 내가 말하기를 내 원통함을 잊고 얼굴 빛을 고쳐 즐거운 모양을 하자 할지라도
욥기,9,30,욥기 9:30,내가 눈녹은 물로 몸을 씻고 잿물로 손을 깨끗이 할지라도
욥기,9,32,욥기 9:32,하나님은 나처럼 사람이 아니신즉 내가 그에게 대답함도 불가하고 대질하여 재판할 수도 없고
욥기,9,33,욥기 9:33,양척 사이에 손을 얹을 판결자도 없구나
욥기,9,35,욥기 9:35,그리하시면 내가 두려움 없이 말하리라 나는 본래 그런 자가 아니니라
욥기,10,2,욥기 10:2,내가 하나님께 아뢰오리니 나를 정죄하지 마옵시고 무슨 연고로 나로 더불어 쟁변하시는지 나로 알게 하옵소서
욥기,10,4,욥기 10:4,주의 눈이 육신의 눈이니이까 ? 주께서 사람의 보는 것처럼 보시리이까 ?
욥기,10,5,욥기 10:5,주의 날이 어찌 인생의 날과 같으며 주의 해가 어찌 인생의 날과 같기로
욥기,10,10,욥기 10:10,주께서 나를 젖과 같이 쏟으셨으며 엉긴 것처럼 엉기게 하지 아니하셨나이까 ?
욥기,10,11,욥기 10:11,가죽과 살로 내게 입히시며 뼈와 힘줄로 나를 뭉치시고
욥기,10,12,욥기 10:12,생명과 은혜를 내게 주시고 권고하심으로 내 영을 지키셨나이다
욥기,10,13,욥기 10:13,그러한데 주께서 이것들을 마음에 품으셨나이다 이 뜻이 주께 있은 줄을 내가 아나이다
욥기,11,2,욥기 11:2,말이 많으니 어찌 대답이 없으랴 입이 부푼 사람이 어찌 의롭다 함을 얻겠느냐 ?
욥기,11,3,욥기 11:3,네 자랑하는 말이 어떻게 사람으로 잠잠하게 하겠으며 네가 비웃으면 어찌 너를 부끄럽게 할 사람이 없겠느냐 ?
욥기,11,4,욥기 11:4,네 말이 내 도는 정결하고 나는 주의 목전에 깨끗하다 하는구나
욥기,11,5,욥기 11:5,하나님은 말씀을 내시며 너를 향하여 입을 여시고
욥기,11,6,욥기 11:6,지혜의 오묘로 네게 보이시기를 원하노니 이는 그의 지식이 광대 하심이라 너는 알라 하나님의 벌하심이 네 죄보다 경하니라
욥기,11,7,욥기 11:7,네가 하나님의 오묘를 어찌 능히 측량하며 전능자를 어찌 능히 온전히 알겠느냐 ?
욥기,11,8,욥기 11:8,하늘보다 높으시니 네가 어찌 하겠으며 음부보다 깊으시니 네가 어찌 알겠느냐 ?
욥기,11,9,욥기 11:9,그 도량은 땅보다 크고 바다보다 넓으니라
욥기,11,10,욥기 11:10,하나님이 두루 다니시며 사람을 잡아 가두시고 개정하시면 누가 능히 막을소냐 ?
욥기,11,11,욥기 11:11,하나님은 허망한 사람을 아시나니 악한 일은 상관치 않으시는 듯하나 다 보시느니라
욥기,11,12,욥기 11:12,허망한 사람은 지각이 없나니 그 출생함이 들나귀 새끼 같으니라
욥기,11,14,욥기 11:14,네 손에 죄악이 있거든 멀리 버리라 불의로 네 장막에 거하지 못하게 하라
욥기,11,17,욥기 11:17,네 생명의 날이 대낮보다 밝으리니 어두움이 있다 할지라도 아침과 같이 될 것이요
욥기,11,18,욥기 11:18,네가 소망이 있으므로 든든할지며 두루 살펴보고 안전히 쉬리니
욥기,11,19,욥기 11:19,네가 누워도 두렵게 할 자가 없겠고 많은 사람이 네게 첨을 드리리라
욥기,12,2,욥기 12:2,너희만 참으로 사람이로구나 너희가 죽으면 지혜도 죽겠구나
욥기,12,3,욥기 12:3,나도 너희 같이 총명이 있어 너희만 못하지 아니하니 그같은 일을 누가 알지 못하겠느냐 ?
욥기,12,4,욥기 12:4,하나님께 불러 아뢰어 들으심을 입은 내가 이웃에게 웃음 받는 자가 되었으니 의롭고 순전한 자가 조롱거리가 되었구나
욥기,12,5,욥기 12:5,평안한 자의 마음은 재앙을 멸시하나 재앙이 실족하는 자를 기다리는구나
욥기,12,6,욥기 12:6,강도의 장막은 형통하고 하나님을 진노케 하는 자가 평안하니 하나님이 그 손에 후히 주심이니라
욥기,12,7,욥기 12:7,이제 모든 짐승에게 물어 보라 그것들이 네게 가르치리라 공중의 새에게 물어 보라 그것들이 또한 네게 고하리라
욥기,12,8,욥기 12:8,땅에게 말하라 네게 가르치리라 바다의 고기도 네게 설명하리라
욥기,12,9,욥기 12:9,이것들 중에 어느 것이 여호와의 손이 이를 행하신 줄을 알지 못하랴
욥기,12,10,욥기 12:10,생물들의 혼과 인생들의 영이 다 그의 손에 있느니라
욥기,12,11,욥기 12:11,입이 식물의 맛을 변별함 같이 귀가 말을 분변하지 아니하느냐 ?
욥기,12,12,욥기 12:12,늙은 자에게는 지혜가 있고 장수하는 자에게는 명철이 있느니라
욥기,12,13,욥기 12:13,지혜와 권능이 하나님께 있고 모략과 명철도 그에게 속하였나니
욥기,12,16,욥기 12:16,능력과 지혜가 그에게 있고 속은 자와 속이는 자가 다 그에게 속하였으므로
욥기,12,17,욥기 12:17,모사를 벌거벗겨 끌어가시며 재판장으로 어리석은 자가 되게 하시며
욥기,12,18,욥기 12:18,열왕의 맨 것을 풀어 그들의 허리를 동이시며
욥기,12,20,욥기 12:20,충성된 자의 말을 없이 하시며 늙은 자의 지식을 빼앗으시며
욥기,12,21,욥기 12:21,방백들에게 멸시를 쏟으시며 강한 자의 띠를 푸시며
욥기,12,22,욥기 12:22,어두운 가운데서 은밀한 것을 드러내시며 죽음의 그늘을 광명한데로 나오게 하시며
욥기,13,1,욥기 13:1,나의 눈이 이것을 다 보았고 나의 귀가 이것을 듣고 통달하였느니라
욥기,13,2,욥기 13:2,너희 아는 것을 나도 아노니 너희만 못한 내가 아니니라
욥기,13,3,욥기 13:3,참으로 나는 전능자에게 말씀하려 하며 하나님과 변론하려 하노라
욥기,13,5,욥기 13:5,너희가 잠잠하고 잠잠하기를 원하노라 이것이 너희의 지혜일 것이니라
욥기,13,6,욥기 13:6,너희는 나의 변론을 들으며 내 입술의 변명을 들어 보라
욥기,13,7,욥기 13:7,너희가 하나님을 위하여 불의를 말하려느냐 ? 그를 위하여 궤휼을 말하려느냐 ?
욥기,13,8,욥기 13:8,너희가 하나님의 낯을 좇으려느냐 ? 그를 위하여 쟁론하려느냐 ?
욥기,13,9,욥기 13:9,하나님이 너희를 감찰하시면 좋겠느냐 ? 너희가 사람을 속임 같이 그를 속이려느냐 ?
욥기,13,10,욥기 13:10,만일 가만히 낯을 좇을진대 그가 정녕 너희를 책망하시리니
욥기,13,11,욥기 13:11,그 존귀가 너희를 두렵게 하지 않겠으며 그 위엄이 너희에게 임하지 않겠느냐 ?
욥기,13,12,욥기 13:12,너희 격언은 재 같은 속담이요 너희의 방어하는 것은 토성이니라
욥기,13,13,욥기 13:13,너희는 잠잠하고 나를 버려두어 말하게 하라 무슨 일이 임하든지 내가 당하리라
욥기,13,14,욥기 13:14,내가 어찌하여 내 살을 내 이로 물고 내 생명을 내 손에 두겠느냐 ?
욥기,13,16,욥기 13:16,사곡한 자는 그의 앞에 이르지 못하나니 이것이 나의 구원이 되리라
욥기,13,17,욥기 13:17,너희는 들으라 내 말을 들으라 나의 설명을 너희 귀에 담을지니라
욥기,13,18,욥기 13:18,보라 내가 내 사정을 진술하였거니와 내가 스스로 의로운 줄 아노라
욥기,13,19,욥기 13:19,나와 변론할 자가 누구이랴 그러면 내가 잠잠하고 기운이 끊어지리라
욥기,13,20,욥기 13:20,오직 내게 이 두 가지 일을 행하지 마옵소서 그리하시면 내가 주의 얼굴을 피하여 숨지 아니하오리니
욥기,13,22,욥기 13:22,그리하시고 주는 나를 부르소서 내가 대답하리이다 혹 나로 말씀하게 하옵시고 주는 내게 대답하옵소서
욥기,14,5,욥기 14:5,그 날을 정하셨고 그 달 수도 주께 있으므로 그 제한을 정하여 넘어가지 못하게 하셨사온즉
욥기,14,8,욥기 14:8,그 뿌리가 땅에서 늙고 줄기가 흙에서 죽을지라도
욥기,14,15,욥기 14:15,주께서는 나를 부르셨겠고 나는 대답하였겠나이다 주께서는 주의 손으로 지으신 것을 아껴 보셨겠나이다
욥기,14,18,욥기 14:18,무너지는 산은 정녕 흩어지고 바위는 그 자리에서 옮겨가고
욥기,15,2,욥기 15:2,지혜로운 자가 어찌 헛된 지식으로 대답하겠느냐 ? 어찌 동풍으로 그 품에 채우겠느냐 ?
욥기,15,3,욥기 15:3,"어찌 유조치 아니한 이야기, 무익한 말로 변론하겠느냐 ?"
욥기,15,4,욥기 15:4,참으로 네가 하나님 경외하는 일을 폐하여 하나님 앞에 묵도하기를 그치게 하는구나
욥기,15,5,욥기 15:5,네 죄악이 네 입을 가르치나니 네가 간사한 자의 혀를 택하였구나
욥기,15,6,욥기 15:6,너를 정죄한 것은 내가 아니요 네 입이라 네 입술이 너를 쳐서 증거하느니라
욥기,15,7,욥기 15:7,네가 제일 처음 난 사람이냐 ? 산들이 있기 전에 네가 출생하였느냐 ?
욥기,15,8,욥기 15:8,하나님의 모의를 네가 들었느냐 ? 지혜를 홀로 가졌느냐 ?
욥기,15,9,욥기 15:9,너의 아는 것이 무엇이기로 우리가 알지 못하겠느냐 ? 너의 깨달은 것이 무엇이기로 우리에게는 없겠느냐 ?
욥기,15,10,욥기 15:10,우리 중에는 머리가 세기도 하고 연로하기도 하여 네 부친보다 나이 많은 자가 있느니라
욥기,15,11,욥기 15:11,하나님의 위로와 네게 온유하게 하시는 말씀을 네가 어찌 작다 하느냐 ?
욥기,15,12,욥기 15:12,어찌하여 네가 마음에 끌리며 네 눈을 번쩍여
욥기,15,13,욥기 15:13,네 영으로 하나님을 반대하고 네 입으로 말들을 내느냐
욥기,15,14,욥기 15:14,사람이 무엇이관대 깨끗하겠느냐 ? 여인에게서 난 자가 무엇이관대 의롭겠느냐 ?
욥기,15,15,욥기 15:15,하나님은 그 거룩한 자들을 믿지 아니 하시나니 하늘이라도 그의 보시기에 부정하거든
욥기,15,16,욥기 15:16,하물며 악을 짓기를 물 마심 같이 하는 가증하고 부패한 사람이겠느냐 ?
욥기,15,17,욥기 15:17,내가 네게 보이리니 나를 들으라 내가 본 것을 설명하리라
욥기,15,19,욥기 15:19,이 땅은 그들에게만 주셨으므로 외인은 그들 중에 왕래하지 못하였었느니라
욥기,15,27,욥기 15:27,그 얼굴에는 살이 찌고 허리에는 기름이 엉기었고
욥기,15,33,욥기 15:33,포도열매가 익기 전에 떨어짐 같고 감람 꽃이 곧 떨어짐 같으리라
욥기,16,2,욥기 16:2,이런 말은 내가 많이 들었나니 너희는 다 번뇌케 하는 안위자로구나
욥기,16,3,욥기 16:3,허망한 말이 어찌 끝이 있으랴 네가 무엇에 격동되어 이같이 대답하는고
욥기,16,4,욥기 16:4,나도 너희처럼 말할 수 있나니 가령 너희 마음이 내 마음 자리에 있다 하자 나도 말을 지어 너희를 치며 너희를 향하여 머리를 흔들 수 있느니라
욥기,16,5,욥기 16:5,그래도 입으로 너희를 강하게 하며 입술의 위로로 너희의 근심을 풀었으리라
욥기,16,6,욥기 16:6,내가 말하여도 내 근심이 풀리지 아니하나니 잠잠한들 어찌 평안하랴
욥기,16,7,욥기 16:7,이제 주께서 나를 곤고케 하시고 나의 무리를 패괴케 하셨나이다
욥기,16,15,욥기 16:15,내가 굵은 베를 꿰어매어 내 피부에 덮고 내 뿔을 티끌에 더럽혔구나
욥기,16,17,욥기 16:17,그러나 내 손에는 포학이 없고 나의 기도는 정결하니라
욥기,16,19,욥기 16:19,지금 나의 증인이 하늘에 계시고 나의 보인이 높은데 계시니라
욥기,16,20,욥기 16:20,나의 친구는 나를 조롱하나 내 눈은 하나님을 향하여 눈물을 흘리고
욥기,16,21,욥기 16:21,사람과 하나님 사이에와 인자와 그 이웃 사이에 변백하시기를 원하노니
욥기,17,2,욥기 17:2,나를 조롱하는 자들이 오히려 나와 함께 있으므로 내 눈이 그들의 격동함을 항상 보는구나
욥기,17,3,욥기 17:3,청컨대 보증물을 주시고 친히 나의 보주가 되옵소서 ! 주 외에 나로 더불어 손을 칠 자가 누구리이까 ?
욥기,17,4,욥기 17:4,주께서 그들의 마음을 가리워 깨닫지 못하게 하셨사오니 그들을 높이지 아니 하시리이다
욥기,17,5,욥기 17:5,친구를 지적하여 해를 받게 한 자의 자식들은 눈이 멀지니라
욥기,17,8,욥기 17:8,정직자는 이를 인하여 놀라고 무죄자는 사곡한 자를 인하여 분을 내나니
욥기,17,9,욥기 17:9,그러므로 의인은 그 길을 독실히 행하고 손이 깨끗한 자는 점점 힘을 얻느니라 !
욥기,17,10,욥기 17:10,너희는 다 다시 올지니라 내가 너희 중에서 지혜자를 찾을 수 없느니라
욥기,17,12,욥기 17:12,그들은 밤으로 낮을 삼고 빛이 어두운데 가깝다 하는구나
욥기,18,2,욥기 18:2,너희가 어느 때까지 말을 찾겠느냐 깨달으라 그 후에야 우리가 말하리라
욥기,18,3,욥기 18:3,어찌하여 우리를 짐승으로 여기며 부정하게 보느냐 ?
욥기,18,4,욥기 18:4,"너 분하여, 스스로 찢는 자야 ! 너를 위하여 땅이 버림을 당하겠느냐 ? 바위가 그 자리에서 옮기겠느냐 ?"
욥기,19,2,욥기 19:2,너희가 내 마음을 번뇌케 하며 말로 꺾기를 어느 때까지 하겠느냐 ?
욥기,19,4,욥기 19:4,내가 과연 허물이 있었다 할지라도 그 허물이 내게만 있는 것이니
욥기,19,21,욥기 19:21,나의 친구야 너희는 나를 불쌍히 여기라 나를 불쌍히 여기라 하나님의 손이 나를 치셨구나
욥기,19,24,욥기 19:24,철필과 연으로 영영히 돌에 새겨졌으면 좋겠노라
욥기,19,25,욥기 19:25,내가 알기에는 나의 구속자가 살아 계시니 후일에 그가 땅 위에 서실 것이라
욥기,19,26,욥기 19:26,"나의 이 가죽, 이것이 썩은 후에 내가 육체 밖에서 하나님을 보리라"
욥기,19,27,욥기 19:27,내가 친히 그를 보리니 내 눈으로 그를 보기를 외인처럼 하지 않을 것이라 내 마음이 초급하구나
욥기,19,28,욥기 19:28,너희가 만일 이르기를 우리가 그를 어떻게 칠꼬 하며 또 이르기를 일의 뿌리가 그에게 있다 할진대
욥기,20,2,욥기 20:2,그러므로 내 생각이 내게 대답하나니 이는 내 중심이 초급함이니라
욥기,20,3,욥기 20:3,내가 나를 부끄럽게 하는 책망을 들었으므로 나의 슬기로운 마음이 내게 대답하는구나
욥기,20,4,욥기 20:4,네가 알지 못하느냐 ? 예로부터 사람이 이 세상에 있어 옴으로
욥기,20,5,욥기 20:5,"악인의 이기는 자랑도 잠시요, 사곡한 자의 즐거움도 잠간이니라"
욥기,20,6,욥기 20:6,그 높기가 하늘에 닿고 그 머리가 구름에 미칠지라도
욥기,20,8,욥기 20:8,그는 꿈 같이 지나가니 다시 찾을 수 없을 것이요 밤에 보이던 환상처럼 쫓겨가리니
욥기,20,11,욥기 20:11,그 기골이 청년 같이 강장하나 그 기세가 그와 함께 흙에 누우리라
욥기,20,12,욥기 20:12,그는 비록 악을 달게 여겨 혀 밑에 감추며
욥기,20,13,욥기 20:13,아껴서 버리지 아니하고 입에 물고 있을지라도
욥기,20,17,욥기 20:17,그는 강 곧 꿀과 엉긴 젖이 흐르는 강을 보지 못할 것이요
욥기,20,18,욥기 20:18,수고하여 얻은 것을 도로 주고 삼키지 못할 것이며 매매하여 얻은 재물로 즐거워하지 못하리니
욥기,20,20,욥기 20:20,그는 마음에 족한 줄을 알지 못하니 그 기뻐하는 것을 하나도 보존치 못하겠고
욥기,20,21,욥기 20:21,남긴 것이 없이 몰수히 먹으니 그런즉 그 형통함이 오래지 못할 것이라
욥기,21,2,욥기 21:2,너희는 내 말을 자세히 들으라 이것이 너희의 위로가 될 것이니라
욥기,21,3,욥기 21:3,나를 용납하여 말하게 하라 내가 말한 후에 또 조롱할지니라
욥기,21,4,욥기 21:4,나의 원망이 사람을 향하여 하는 것이냐 ? 내가 어찌 초급하지 아니하겠느냐 ?
욥기,21,5,욥기 21:5,"너희는 나를 보아라, 놀라라, 손으로 입을 가리우라"
욥기,21,7,욥기 21:7,어찌하여 악인이 살고 수를 누리고 세력이 강하냐 ?
욥기,21,8,욥기 21:8,씨가 그들의 앞에서 그들과 함께 굳게 서고 자손이 그들의 목전에서 그러하구나
욥기,21,10,욥기 21:10,그 수소는 영락없이 새끼를 배게 하고 그 암소는 새끼를 낳고 낙태하지 않는구나
욥기,21,11,욥기 21:11,그들은 아이들을 내어보냄이 양 떼 같고 그 자녀들은 춤추는구나
욥기,21,13,욥기 21:13,그날을 형통하게 지내다가 경각간에 음부에 내려가느니라
욥기,21,14,욥기 21:14,그러할지라도 그들은 하나님께 말하기를 우리를 떠나소서 우리가 주의 도리 알기를 즐겨하지 아니하나이다
욥기,21,15,욥기 21:15,전능자가 누구기에 우리가 섬기며 우리가 그에게 기도한들 무슨 이익을 얻으랴 하는구나
욥기,21,16,욥기 21:16,그들의 복록이 그들의 손으로 말미암은 것이 아니니라 악인의 계획은 나와 판이하니라
욥기,21,22,욥기 21:22,그러나 하나님은 높은 자들을 심판하시나니 누가 능히 하나님께 지식을 가르치겠느냐 ?
욥기,21,23,욥기 21:23,어떤 사람은 죽도록 기운이 충실하여 평강하며 안일하고
욥기,21,24,욥기 21:24,그 그릇에는 젖이 가득하며 그 골수는 윤택하였고
욥기,21,27,욥기 21:27,내가 너희의 생각을 알고 너희가 나를 해하려는 궤휼도 아노라
욥기,21,28,욥기 21:28,너희의 말이 왕후의 집이 어디 있으며 악인의 거하던 장막이 어디 있느뇨 ? 하는구나
욥기,21,29,욥기 21:29,너희가 길 가는 사람들에게 묻지 아니하였느냐 ? 그들의 증거를 알지 못하느냐 ?
욥기,21,31,욥기 21:31,누가 능히 그의 행위를 면박하며 누가 능히 그의 소위를 보응하랴마는
욥기,21,33,욥기 21:33,그는 골짜기의 흙덩이를 달게 여기고 그 앞선 자가 무수함 같이 모든 사람이 그 뒤를 좇으리라
욥기,21,34,욥기 21:34,이러한즉 너희의 위로가 헛되지 아니하냐 너희의 대답은 거짓 뿐이니라
욥기,22,2,욥기 22:2,사람이 어찌 하나님께 유익하게 하겠느냐 ? 지혜로운 자도 스스로 유익할 따름이니라
욥기,22,3,욥기 22:3,네가 의로운들 전능자에게 무슨 기쁨이 있겠으며 네 행위가 온전한들 그에게 무슨 이익이 있겠느냐 ?
욥기,22,4,욥기 22:4,하나님이 너를 책망하시며 너를 심문하심이 너의 경외함을 인함이냐
욥기,22,8,욥기 22:8,권세 있는 자가 토지를 얻고 존귀한 자가 거기서 사는구나
욥기,22,12,욥기 22:12,하나님이 높은 하늘에 계시지 아니하냐 ? 보라 ! 별의 높음이 얼마나 높은가
욥기,22,13,욥기 22:13,그러나 네 말은 하나님이 무엇을 아시며 흑암 중에서 어찌 심판하실 수 있으랴
욥기,22,14,욥기 22:14,빽빽한 구름이 그를 가리운즉 그가 보지 못하시고 궁창으로 걸어다니실 뿐이라 하는구나
욥기,22,18,욥기 22:18,하나님이 좋은 것으로 그 집에 채우셨느니라 악인의 계획은 나와 판이하니라
욥기,22,21,욥기 22:21,너는 하나님과 화목하고 평안하라 ! 그리하면 복이 네게 임하리라 !
욥기,22,22,욥기 22:22,청컨대 너는 그 입에서 교훈을 받고 그 말씀을 네 마음에 두라
욥기,22,23,욥기 22:23,네가 만일 전능자에게로 돌아가고 또 네 장막에서 불의를 멀리 버리면 다시 흥하리라
욥기,22,24,욥기 22:24,네 보배를 진토에 버리고 오빌의 금을 강 가의 돌에 버리라
욥기,22,27,욥기 22:27,너는 그에게 기도하겠고 그는 들으실 것이며 너의 서원한 것을 네가 갚으리라
욥기,22,28,욥기 22:28,네가 무엇을 경영하면 이루어질 것이요 네 길에 빛이 비취리라
욥기,22,29,욥기 22:29,네가 낮춤을 받거든 높아지리라고 말하라 하나님은 겸손한 자를 구원하시느니라
욥기,22,30,욥기 22:30,무죄한 자가 아니라도 건지시리니 네 손이 깨끗함을 인하여 그런 자가 건지심을 입으리라
욥기,23,3,욥기 23:3,내가 어찌하면 하나님 발견할 곳을 알꼬 그리하면 그 보좌 앞에 나아가서
욥기,23,4,욥기 23:4,그 앞에서 호소하며 변백할 말을 입에 채우고
욥기,23,5,욥기 23:5,내게 대답하시는 말씀을 내가 알고 내게 이르시는 것을 내가 깨달으리라
욥기,23,7,욥기 23:7,거기서는 정직자가 그와 변론할 수 있은즉 내가 심판자에게서 영영히 벗어나리라
욥기,23,10,욥기 23:10,나의 가는 길을 오직 그가 아시나니 그가 나를 단련하신 후에는 내가 정금 같이 나오리라
욥기,23,12,욥기 23:12,내가 그의 입술의 명령을 어기지 아니하고 일정한 음식보다 그 입의 말씀을 귀히 여겼구나
욥기,23,13,욥기 23:13,그는 뜻이 일정하시니 누가 능히 돌이킬까 그 마음에 하고자 하시는 것이면 그것을 행하시나니
욥기,24,1,욥기 24:1,어찌하여 전능자가 시기를 정하지 아니하셨는고 어찌하여 그를 아는 자들이 그의 날을 보지 못하는고
욥기,24,5,욥기 24:5,그들은 거친 땅의 들나귀 같아서 나가서 일하며 먹을 것을 부지런히 구하니 광야가 그 자식을 위하여 그에게 식물을 내는구나
욥기,24,6,욥기 24:6,밭에서 남의 곡식을 베며 악인의 남겨 둔 포도를 따며
욥기,24,8,욥기 24:8,산 중 소나기에 젖으며 가리울 것이 없어 바위를 안고 있느니라
욥기,24,11,욥기 24:11,그 사람의 담 안에서 기름을 짜며 목말라 하면서 술 틀을 밟느니라
욥기,24,16,욥기 24:16,밤에 집을 뚫는 자는 낮에는 문을 닫고 있은즉 광명을 알지 못하나니
욥기,24,22,욥기 24:22,그러나 하나님이 그 권능으로 강한 자들을 보존시키시니 살기를 바라지 못할 자도 일어나는구나
욥기,24,23,욥기 24:23,하나님이 그들을 호위하사 평안케 하시나 그 눈은 그들의 길에 있구나
욥기,24,25,욥기 24:25,가령 그렇지 않을지라도 능히 내 말을 거짓되다 지적하거나 내 말이 헛되다 변박할 자 누구랴
욥기,25,2,욥기 25:2,하나님은 권능과 위엄을 가지셨고 지극히 높은 곳에서 화평을 베푸시느니라
욥기,25,3,욥기 25:3,그 군대를 어찌 계수할 수 있으랴 그 광명의 비췸을 입지 않은 자가 누구냐
욥기,26,2,욥기 26:2,네가 힘 없는 자를 참 잘 도왔구나 기력 없는 팔을 참 잘 구원하였구나
욥기,26,3,욥기 26:3,지혜 없는 자를 참 잘 가르쳤구나 큰 지식을 참 잘 나타내었구나
욥기,26,4,욥기 26:4,네가 누구를 향하여 말을 내었느냐 ? 뉘 신이 네게서 나왔느냐 ?
욥기,26,8,욥기 26:8,물을 빽빽한 구름에 싸시나 그 밑의 구름이 찢어지지 아니하느니라
욥기,26,9,욥기 26:9,그는 자기의 보좌 앞을 가리우시고 자기 구름으로 그 위에 펴시며
욥기,26,10,욥기 26:10,수면에 경계를 그으셨으되 빛과 어두움의 지경까지 한정을 세우셨느니라
욥기,26,13,욥기 26:13,그 신으로 하늘을 단장하시고 손으로 날랜 뱀을 찌르시나니
욥기,26,14,욥기 26:14,이런 것은 그 행사의 시작점이요 우리가 그에게 대하여 들은 것도 심히 세미한 소리뿐이니라 그 큰 능력의 우뢰야 누가 능히 측량하랴
욥기,27,4,욥기 27:4,결코 내 입술이 불의를 말하지 아니하며 내 혀가 궤휼을 발하지 아니하리라
욥기,27,5,욥기 27:5,나는 단정코 너희를 옳다 하지 아니하겠고 죽기 전에는 나의 순전함을 버리지 않을 것이라
욥기,27,6,욥기 27:6,내가 내 의를 굳게 잡고 놓지 아니하리니 일평생 내 마음이 나를 책망치 아니하리라
욥기,27,9,욥기 27:9,환난이 그에게 임할 때에 하나님이 어찌 그 부르짖음을 들으시랴
욥기,27,10,욥기 27:10,그가 어찌 전능자를 기뻐하겠느냐 항상 하나님께 불러 아뢰겠느냐 ?
욥기,27,11,욥기 27:11,하나님의 하시는 일을 내가 너희에게 가르칠 것이요 전능자의 뜻을 내가 숨기지 아니하리라
욥기,27,12,욥기 27:12,너희가 다 이것을 보았거늘 어찌하여 아주 허탄한 사람이 되었는고
욥기,28,1,욥기 28:1,은은 나는 광이 있고 연단하는 금은 나는 곳이 있으며
욥기,28,2,욥기 28:2,철은 흙에서 취하고 동은 돌에서 녹여 얻느니라
욥기,28,4,욥기 28:4,사람 사는 곳에서 멀리 떠나 구멍을 깊이 뚫고 발이 땅에 닿지 않게 달려 내리니 멀리 사람과 격절되고 흔들흔들 하느니라
욥기,28,5,욥기 28:5,지면은 식물을 내나 지하는 불로 뒤집는 것 같고
욥기,28,6,욥기 28:6,그 돌 가운데에는 남보석이 있고 사금도 있으며
욥기,28,8,욥기 28:8,위엄스러운 짐승도 밟지 못하였고 사나운 사자도 그리로 지나가지 못하였느니라
욥기,28,9,욥기 28:9,사람이 굳은 바위에 손을 대고 산을 뿌리까지 무너뜨리며
욥기,28,10,욥기 28:10,돌 가운데로 도랑을 파서 각종 보물을 눈으로 발견하고
욥기,28,11,욥기 28:11,시냇물을 막아 스미지 않게 하고 감취었던 것을 밝은 데로 내느니라
욥기,28,12,욥기 28:12,그러나 지혜는 어디서 얻으며 명철의 곳은 어디인고
욥기,28,13,욥기 28:13,그 값을 사람이 알지 못하나니 사람 사는 땅에서 찾을 수 없구나
욥기,28,14,욥기 28:14,깊은 물이 이르기를 내 속에 있지 아니하다 하며 바다가 이르기를 나와 함께 있지 아니하다 하느니라
욥기,28,15,욥기 28:15,정금으로도 바꿀 수 없고 은을 달아도 그 값을 당치 못하리니
욥기,28,16,욥기 28:16,오빌의 금이나 귀한 수마노나 남보석으로도 그 값을 당치 못하겠고
욥기,28,17,욥기 28:17,황금이나 유리라도 비교할 수 없고 정금 장식으로도 바꿀 수 없으며
욥기,28,18,욥기 28:18,산호나 수정으로도 말할 수 없나니 지혜의 값은 홍보석보다 귀하구나
욥기,28,19,욥기 28:19,구스의 황옥으로도 비교할 수 없고 순금으로도 그 값을 측량하지 못하리니
욥기,28,21,욥기 28:21,모든 생물의 눈에 숨겨졌고 공중의 새에게 가리워졌으며
욥기,28,23,욥기 28:23,하나님이 그 길을 깨달으시며 있는 곳을 아시나니
욥기,28,25,욥기 28:25,바람의 경중을 정하시며 물을 되어 그 분량을 정하시며
욥기,28,26,욥기 28:26,비를 위하여 명령하시고 우뢰의 번개를 위하여 길을 정하셨음이라
욥기,28,28,욥기 28:28,"또 사람에게 이르시기를 주를 경외함이 곧 지혜요, 악을 떠남이 명철이라 ! 하셨느니라"
욥기,29,2,욥기 29:2,내가 이전 달과 하나님이 나를 보호하시던 날에 지내던 것 같이 되었으면
욥기,29,3,욥기 29:3,그 때는 그의 등불이 내 머리에 비취었고 내가 그 광명을 힘입어 흑암에 행하였었느니라
욥기,29,4,욥기 29:4,나의 강장하던 날과 같이 지내었으면 그 때는 하나님의 우정이 내 장막 위에 있었으며
욥기,29,5,욥기 29:5,그 때는 전능자가 오히려 나와 함께 계셨으며 나의 자녀들이 나를 둘러 있었으며
욥기,29,6,욥기 29:6,뻐터가 내 발자취를 씻기며 반석이 나를 위하여 기름 시내를 흘러 내었으며
욥기,29,7,욥기 29:7,그 때는 내가 나가서 성문에 이르기도 하며 내 자리를 거리에 베풀기도 하였었느니라
욥기,29,8,욥기 29:8,나를 보고 소년들은 숨으며 노인들은 일어나서 서며
욥기,29,9,욥기 29:9,방백들은 말을 참고 손으로 입을 가리우며
욥기,29,10,욥기 29:10,귀인들은 소리를 금하니 그 혀가 입 천장에 붙었었느니라
욥기,29,11,욥기 29:11,귀가 들은즉 나를 위하여 축복하고 눈이 본즉 나를 위하여 증거하였었나니
욥기,29,13,욥기 29:13,망하게 된 자도 나를 위하여 복을 빌었으며 과부의 마음이 나로 인하여 기뻐 노래하였었느니라
욥기,29,14,욥기 29:14,내가 의로 옷을 삼아 입었으며 나의 공의는 도포와 면류관 같았었느니라
욥기,29,16,욥기 29:16,빈궁한 자의 아비도 되며 생소한 자의 일을 사실하여 주었으며
욥기,29,19,욥기 29:19,내 뿌리는 물로 뻗어나가고 내 가지는 밤이 맞도록 이슬에 젖으며
욥기,29,20,욥기 29:20,내 영광은 내게 새로와지고 내 활은 내 손에서 날로 강하여지느니라 하였었노라
욥기,29,21,욥기 29:21,무리는 내 말을 들으며 나의 가르치기를 잠잠히 기다리다가
욥기,29,22,욥기 29:22,내가 말한 후에 그들이 말을 내지 못하였었나니 나의 말이 그들에게 이슬 같이 됨이니라
욥기,29,25,욥기 29:25,내가 그들의 길을 택하고 으뜸으로 앉았었나니 왕이 군중에 거함도 같았고 애곡하는 자를 위로하는 사람도 같았었느니라
욥기,30,18,욥기 30:18,하나님의 큰 능력으로 하여 옷이 추하여져서 옷깃처럼 내몸에 붙었구나
욥기,30,19,욥기 30:19,하나님이 나를 진흙 가운데 던지셨고 나로 티끌과 재같게 하셨구나
욥기,30,20,욥기 30:20,내가 주께 부르짖으오나 주께서 대답지 아니하시오며 내가 섰사오나 주께서 굽어보시기만 하시나이다
욥기,30,21,욥기 30:21,주께서 돌이켜 내게 잔혹히 하시고 완력으로 나를 핍박하시오며
욥기,30,22,욥기 30:22,나를 바람 위에 들어 얹어 불려가게 하시며 대풍 중에 소멸케 하시나이다
욥기,30,24,욥기 30:24,그러나 사람이 넘어질 때에 어찌 손을 펴지 아니하며 재앙을 당할때에 어찌 도움을 부르짖지 아니하겠는가
욥기,30,25,욥기 30:25,고생의 날 보내는 자를 위하여 내가 울지 아니하였는가 빈궁한 자를 위하여 내 마음에 근심하지 아니하였는가
욥기,30,26,욥기 30:26,내가 복을 바랐더니 화가 왔고 광명을 기다렸더니 흑암이 왔구나
욥기,30,27,욥기 30:27,내 마음이 어지러워서 쉬지 못하는구나 환난 날이 내게 임하였구나
욥기,30,28,욥기 30:28,나는 햇볕에 쬐지 않고 검어진 살을 가지고 걸으며 공회 중에 서서 도움을 부르짖고 있느니라
욥기,30,29,욥기 30:29,나는 이리의 형제요 타조의 벗이로구나
욥기,30,30,욥기 30:30,내 가죽은 검어져서 떨어졌고 내 뼈는 열기로 하여 탔구나
욥기,30,31,욥기 30:31,내 수금은 애곡성이 되고 내 피리는 애통성이 되었구나
욥기,31,1,욥기 31:1,내가 내 눈과 언약을 세웠나니 어찌 처녀에게 주목하랴
욥기,31,5,욥기 31:5,언제 나의 행위가 허탄하였으며 내 발이 궤휼에 빨랐던가
욥기,31,6,욥기 31:6,그리하였으면 내가 공평한 저울에 달려서 하나님이 나의 정직함을 아시게 되기를 원하노라
욥기,31,8,욥기 31:8,그리하였으면 나의 심은 것을 타인이 먹으며 나의 소산이 뿌리까지 뽑히는 것이 마땅하니라
욥기,31,9,욥기 31:9,언제 내 마음이 여인에게 유혹되어 이웃의 문을 엿보아 기다렸던가
욥기,31,13,욥기 31:13,남종이나 여종이 나로 더불어 쟁변할 때에 내가 언제 그의 사정을 멸시하였던가
욥기,31,14,욥기 31:14,그리하였으면 하나님이 일어나실 때에는 내가 어떻게 하겠느냐 ? 하나님이 국문하실 때에는 내가 무엇이라 대답하겠느냐 ?
욥기,31,15,욥기 31:15,나를 태 속에 만드신 자가 그도 만들지 아니하셨느냐 ? 우리를 뱃속에 지으신 자가 하나가 아니시냐 ?
욥기,31,16,욥기 31:16,내가 언제 가난한 자의 소원을 막았던가 과부의 눈으로 실망케 하였던가
욥기,31,17,욥기 31:17,나만 홀로 식물을 먹고 고아에게 먹이지 아니하였던가
욥기,31,18,욥기 31:18,실상은 내가 젊었을 때부터 고아를 기르기를 그의 아비처럼 하였으며 내가 모태에서 나온 후로 과부를 인도하였었노라
욥기,31,19,욥기 31:19,내가 언제 사람이 의복이 없이 죽게 된 것이나 빈궁한 자가 덮을 것이 없는 것을 보고도
욥기,31,20,욥기 31:20,나의 양털로 그 몸을 더웁게 입혀서 그로 나를 위하여 복을 빌게 하지 아니하였던가
욥기,31,24,욥기 31:24,내가 언제 금으로 내 소망을 삼고 정금더러 너는 내 의뢰하는 바라 하였던가
욥기,31,25,욥기 31:25,언제 재물의 풍부함과 손으로 얻은 것이 많음으로 기뻐하였던가
욥기,31,26,욥기 31:26,언제 태양의 빛남과 달의 명랑하게 운행되는 것을 보고
욥기,31,30,욥기 31:30,실상은 내가 그의 죽기를 구하는 말로 저주하여 내 입으로 범죄케 아니하였느니라
욥기,31,31,욥기 31:31,내 장막 사람의 말이 주인의 고기에 배부르지 않은 자가 어디 있느뇨 하지 아니하였었는가
욥기,31,32,욥기 31:32,나그네로 거리에서 자게 하지 아니하고 내가 행인에게 내 문을 열어 주었었노라
욥기,31,33,욥기 31:33,내가 언제 큰 무리를 두려워하며 족속의 멸시를 무서워함으로 잠잠하고 문에 나가지 아니하여 타인처럼 내 죄악을 품에 숨겨 허물을 가리었었던가
욥기,31,37,욥기 31:37,내 걸음의 수효를 그에게 고하고 왕족처럼 그를 가까이 하였으리라
욥기,31,38,욥기 31:38,언제 내 토지가 부르짖어 나를 책망하며 그 이랑이 일시에 울었던가
욥기,32,7,욥기 32:7,내가 말하기를 날이 많은 자가 말을 낼 것이요 해가 오랜 자가 지혜를 가르칠 것이라 하였으나
욥기,32,8,욥기 32:8,사람의 속에는 심령이 있고 전능자의 기운이 사람에게 총명을 주시나니
욥기,32,9,욥기 32:9,대인이라고 지혜로운 것이 아니요 노인이라고 공의를 깨닫는 것이 아니라
욥기,32,10,욥기 32:10,그러므로 내가 말하노니 내 말을 들으라 나도 내 의견을 보이리라
욥기,32,11,욥기 32:11,내가 당신들의 말을 기다렸고 당신들이 할 말을 합당하도록 하여 보는 동안에 그 변론에 내 귀를 기울였더니
욥기,32,12,욥기 32:12,자세히 들은즉 당신들 가운데 욥을 꺾어 그 말을 대답하는 자가 없도다
욥기,32,13,욥기 32:13,당신들이 혹시라도 말하기를 우리가 지혜를 깨달았었구나 그를 이길 자는 하나님이시요 사람이 아니라 하지 말지니라
욥기,32,17,욥기 32:17,나도 내 본분대로 대답하고 나도 내 의향을 보이리니
욥기,32,18,욥기 32:18,내게 말이 가득하고 내 심령이 나를 강박함이니라
욥기,32,20,욥기 32:20,내가 말을 발하여야 시원할 것이라 내 입을 열어 대답하리라
욥기,32,21,욥기 32:21,나는 결코 사람의 낯을 보지 아니하며 사람에게 아첨하지 아니하나니
욥기,33,2,욥기 33:2,내가 입을 여니 내 혀가 입에서 동하는구나
욥기,33,3,욥기 33:3,내 말이 내 마음의 정직함을 나타내고 내 입술이 아는 바를 진실히 말하리라
욥기,33,4,욥기 33:4,하나님의 신이 나를 지으셨고 전능자의 기운이 나를 살리시느니라
욥기,33,5,욥기 33:5,네가 할 수 있거든 일어서서 내게 대답하고 내 앞에 진술하라
욥기,33,6,욥기 33:6,나와 네가 하나님 앞에서 일반이니 나도 흙으로 지으심을 입었은즉
욥기,33,7,욥기 33:7,내 위엄으로는 너를 두렵게 하지 못하고 내 권세로는 너를 누르지 못하느니라
욥기,33,9,욥기 33:9,나는 깨끗하여 죄가 없고 허물이 없으며 불의도 없거늘
욥기,33,10,욥기 33:10,하나님이 나를 칠 틈을 찾으시며 나를 대적으로 여기사
욥기,33,12,욥기 33:12,내가 네게 대답하리라 이 말에 네가 의롭지 못하니 하나님은 사람보다 크심이니라
욥기,33,13,욥기 33:13,하나님은 모든 행하시는 것을 스스로 진술치 아니하시나니 네가 하나님과 변쟁함은 어찜이뇨
욥기,33,15,욥기 33:15,사람이 침상에서 졸며 깊이 잠들 때에나 꿈에나 밤의 이상 중에
욥기,33,16,욥기 33:16,사람의 귀를 여시고 인치듯 교훈하시나니
욥기,33,18,욥기 33:18,그는 사람의 혼으로 구덩이에 빠지지 않게 하시며 그 생명으로 칼에 멸망치 않게 하시느니라
욥기,33,23,욥기 33:23,그럴 때에 만일 일천 천사 가운데 하나가 그 사람의 해석자로 함께 있어서 그 정당히 행할 것을 보일진대
욥기,33,24,욥기 33:24,하나님이 그 사람을 긍휼히 여기사 이르시기를 그를 건져서 구덩이에 내려가지 않게 하라 내가 대속물을 얻었다 하시리라
욥기,33,26,욥기 33:26,그는 하나님께 기도하므로 하나님이 은혜를 베푸사 그로 자기의 얼굴을 즐거이 보게 하시고 사람에게 그 의를 회복시키시느니라
욥기,33,28,욥기 33:28,하나님이 내 영혼을 건지사 구덩이에 내려가지 않게 하셨으니 내 생명이 빛을 보겠구나 하리라
욥기,33,29,욥기 33:29,하나님이 사람에게 이 모든 일을 재삼 행하심은
욥기,33,30,욥기 33:30,그 영혼을 구덩이에서 끌어 돌이키고 생명의 빛으로 그에게 비취려 하심이니라
욥기,33,32,욥기 33:32,만일 할 말이 있거든 대답하라 내가 너를 의롭게 하려 하노니 말하라
욥기,33,33,욥기 33:33,만일 없으면 내 말을 들으라 잠잠하라 내가 지혜로 너를 가르치리라
욥기,34,2,욥기 34:2,지혜 있는 자들아 ! 내 말을 들으며 지식 있는 자들아 ! 내게 귀를 기울이라
욥기,34,3,욥기 34:3,입이 식물의 맛을 변별함 같이 귀가 말을 분별하나니
욥기,34,4,욥기 34:4,우리가 스스로 옳은 것은 택하고 무엇이 선한가 우리끼리 알아보자
욥기,34,10,욥기 34:10,그러므로 너희 총명한 자들아 내 말을 들으라 하나님은 단정코 악을 행치 아니하시며 전능자는 단정코 불의를 행치 아니하시고
욥기,34,11,욥기 34:11,사람의 일을 따라 보응하사 각각 그 행위대로 얻게 하시나니
욥기,34,12,욥기 34:12,진실로 하나님은 악을 행치 아니하시며 전능자는 공의를 굽히지 아니하시느니라
욥기,34,13,욥기 34:13,누가 땅을 그에게 맡겼느냐 누가 온 세계를 정하였느냐
욥기,34,15,욥기 34:15,모든 혈기 있는 자가 일체로 망하고 사람도 진토로 돌아가리라
욥기,34,16,욥기 34:16,만일 총명이 있거든 이것을 들으며 내 말소리에 귀를 기울이라
욥기,34,18,욥기 34:18,그는 왕에게라도 비루하다 하시며 귀인들에게라도 악하다 하시며
욥기,34,19,욥기 34:19,왕족을 외모로 취치 아니하시며 부자를 가난한 자보다 더 생각하지 아니하시나니 이는 그들이 다 그의 손으로 지으신 바가 됨이 니라
욥기,34,21,욥기 34:21,하나님은 사람의 길을 주목하시며 사람의 모든 걸음을 감찰하시나니
욥기,34,29,욥기 34:29,주께서 사람에게 평강을 주실 때에 누가 감히 잘못하신다 하겠느냐 주께서 자기 얼굴을 가리우실 때에 누가 감히 뵈올 수 있으랴 나라에게나 사람에게나 일반이시니
욥기,34,31,욥기 34:31,누가 하나님께 아뢰기를 내가 징계를 받았사오니 다시는 범죄치 아니하겠나이다
욥기,34,32,욥기 34:32,나의 깨닫지 못하는 것을 내게 가르치소서 내가 악을 행하였으면 다시는 아니하겠나이다 한 자가 있느냐
욥기,34,33,욥기 34:33,하나님이 네 뜻대로 갚으셔야 하겠다고 네가 그것을 싫어하느냐 그러면 네가 스스로 택할 것이요 내가 할 것이 아니니 너는 아는대로 말하라
욥기,35,2,욥기 35:2,네가 이것을 합리하게 여기느냐 네 생각에 네가 하나님보다 의롭다 하여
욥기,35,3,욥기 35:3,이르기를 유익이 무엇인고 범죄한 것보다 내게 이익이 무엇인고 하는구나
욥기,35,4,욥기 35:4,내가 너와 및 너와 함께 있는 네 동무들에게 대답하리라
욥기,35,5,욥기 35:5,너는 하늘을 우러러 보라 ! 네 위의 높은 궁창을 바라보라
욥기,35,8,욥기 35:8,네 악은 너와 같은 사람이나 해할 따름이요 네 의는 인생이나 유익하게 할 뿐이니라
욥기,35,9,욥기 35:9,사람은 학대가 많으므로 부르짖으며 세력 있는 자의 팔에 눌리므로 도움을 부르짖으나
욥기,35,10,욥기 35:10,나를 지으신 하나님 곧 사람으로 밤중에 노래하게 하시며
욥기,35,11,욥기 35:11,우리를 교육하시기를 땅의 짐승에게 하심보다 더하게 하시며 우리에게 지혜 주시기를 공중의 새에게 주심보다 더하시는
욥기,35,14,욥기 35:14,하물며 말하기를 하나님은 뵈올 수 없고 일의 시비는 그 앞에 있으니 나는 그를 기다릴 뿐이라 하는 너랴
욥기,36,2,욥기 36:2,나를 잠간 용납하라 내가 네게 보이리니 이는 내가 하나님을 위하여 오히려 할 말이 있음이라
욥기,36,3,욥기 36:3,내가 먼 데서 지식을 취하고 나를 지으신 자에게 의를 돌려 보내리라
욥기,36,4,욥기 36:4,진실로 내 말이 거짓이 아니라 지식이 구비한 자가 너와 함께 있느니라
욥기,36,5,욥기 36:5,하나님은 전능하시나 아무도 멸시치 아니하시며 그 지능이 무궁하사
욥기,36,7,욥기 36:7,그 눈을 의인에게서 돌이키지 아니하시고 그를 왕과 함께 영원히 위에 앉히사 존귀하게 하시며
욥기,36,8,욥기 36:8,혹시 그들이 누설에 매이거나 환난의 줄에 얽혔으면
욥기,36,10,욥기 36:10,그들의 귀를 열어 교훈을 듣게 하시며 명하여 죄악에서 돌아오게 하시나니
욥기,36,11,욥기 36:11,만일 그들이 청종하여 섬기면 형통히 날을 보내며 즐거이 해를 지낼 것이요
욥기,36,15,욥기 36:15,하나님은 곤고한 자를 그 곤고할 즈음에 구원하시며 학대 당할 즈음에 그 귀를 여시나니
욥기,36,16,욥기 36:16,그러므로 하나님이 너를 곤고함에서 이끌어 내사 좁지 않고 넓은 곳으로 옮기려 하셨은즉 무릇 네 상에 차린 것은 살진 것이 되 었으리라
욥기,36,18,욥기 36:18,너는 분격함을 인하여 징책을 대적하지 말라 대속함을 얻을 일이 큰즉 스스로 그릇되게 말지니라
욥기,36,19,욥기 36:19,너의 부르짖음이나 너의 세력이 어찌 능히 너의 곤고한 가운데서 너로 유익하게 하겠느냐
욥기,36,21,욥기 36:21,삼가 악으로 치우치지 말라 ! 네가 환난보다 이것을 택하였느니라
욥기,36,22,욥기 36:22,하나님은 그 권능으로 큰 일을 행하시나니 누가 그 같이 교훈을 베풀겠느냐
욥기,36,23,욥기 36:23,누가 그를 위하여 그의 길을 정하였느냐 누가 말하기를 주께서 불의를 행하셨나이다 할 수 있으랴
욥기,36,24,욥기 36:24,너는 하나님의 하신 일 찬송하기를 잊지 말지니라 ! 인생이 그 일을 노래하였느니라
욥기,36,25,욥기 36:25,그 일을 모든 사람이 우러러 보나니 먼데서도 보느니라
욥기,36,26,욥기 36:26,하나님은 크시니 우리가 그를 알 수 없고 그 년수를 계산할 수 없느니라
욥기,36,28,욥기 36:28,그것이 공중에서 내려 사람 위에 쏟아지느니라
욥기,36,29,욥기 36:29,구름의 폐임과 그의 장막의 울리는 소리를 누가 능히 깨달으랴
욥기,36,31,욥기 36:31,이런 것들로 만민을 징벌하시며 이런 것들로 식물을 풍비히 주시느니라
욥기,36,32,욥기 36:32,그는 번개 빛으로 그 두 손을 싸시고 그것을 명하사 푯대를 맞추게 하시나니
욥기,36,33,욥기 36:33,그 울리는 소리가 풍우를 표시하고 육축에게까지 그 올라 오는 것을 표시하느니라
욥기,37,1,욥기 37:1,이로 인하여 내 마음이 떨며 자기 처소에서 떠나느니라
욥기,37,2,욥기 37:2,하나님의 음성 곧 그 입에서 나오는 소리를 들으라 들으라
욥기,37,3,욥기 37:3,그 소리를 천하에 퍼치시며 번개 빛으로 땅끝까지 이르게 하시고
욥기,37,4,욥기 37:4,그 후에 음성을 발하시며 위엄의 울리는 음성을 내시고는 그 음성이 들릴 때에 번개 빛을 금치 아니하시느니라
욥기,37,5,욥기 37:5,하나님이 기이하게 음성을 울리시며 우리의 헤아릴 수 없는 큰 일을 행하시느니라
욥기,37,6,욥기 37:6,눈을 명하여 땅에 내리라 하시며 적은 비와 큰 비도 그 같이 내리게 하시느니라
욥기,37,8,욥기 37:8,짐승들은 숨는 곳으로 들어가서 그 굴에 머물며
욥기,37,9,욥기 37:9,남방 밀실에서는 광풍이 이르고 북방에서는 찬 기운이 이르며
욥기,37,10,욥기 37:10,하나님의 부시는 기운에 얼음이 얼고 물의 넓이가 줄어지느니라
욥기,37,12,욥기 37:12,구름이 인도하시는대로 두루 행하나니 이는 무릇 그의 명하시는 것을 세계상에 이루려 함이라
욥기,37,13,욥기 37:13,"혹 징벌을 위하며, 혹 토지를 위하며, 혹 긍휼 베푸심을 위하여 구름으로 오게 하시느니라"
욥기,37,15,욥기 37:15,하나님이 어떻게 이런 것들에게 명령하셔서 그 구름의 번개 빛으로 번쩍 번쩍하게 하시는지 네가 아느냐 ?
욥기,37,16,욥기 37:16,구름의 평평하게 뜬 것과 지혜가 온전하신 자의 기묘한 일을 네가 아느냐 ?
욥기,37,17,욥기 37:17,남풍으로 하여 땅이 고요할 때에 네 의복이 따뜻한 까닭을 네가 아느냐 ?
욥기,37,18,욥기 37:18,네가 능히 그와 함께 하여 부은 거울 같은 견고한 궁창을 펼 수 있느냐 ?
욥기,37,19,욥기 37:19,우리가 그에게 할 말을 너는 우리에게 가르치라 우리는 어두워서 진술하지 못하겠노라
욥기,37,21,욥기 37:21,사람이 어떤 때는 궁창의 광명을 볼 수 없어도 바람이 지나가면 맑아지느니라
욥기,37,22,욥기 37:22,북방에서는 금 빛이 나오나니 하나님께는 두려운 위엄이 있느니라
욥기,37,23,욥기 37:23,전능자를 우리가 측량할 수 없나니 그는 권능이 지극히 크사 심판이나 무한한 공의를 굽히지 아니 하심이라
욥기,37,24,욥기 37:24,그러므로 사람들은 그를 경외하고 그는 마음에 지혜롭다 하는 자를 돌아보지 아니하시느니라
욥기,38,1,욥기 38:1,때에 여호와께서 폭풍 가운데로서 욥에게 말씀하여 가라사대
욥기,38,5,욥기 38:5,누가 그 도량을 정하였었는지 누가 그 준승을 그 위에 띄웠었는지 네가 아느냐 ?
욥기,38,6,욥기 38:6,그 주초는 무엇 위에 세웠으며 그 모퉁이 돌은 누가 놓았었느냐 ?
욥기,38,8,욥기 38:8,바닷물이 태에서 나옴 같이 넘쳐 흐를 때에 문으로 그것을 막은 자가 누구냐 ?
욥기,38,10,욥기 38:10,계한을 정하여 문과 빗장을 베풀고
욥기,38,11,욥기 38:11,이르기를 네가 여기까지 오고 넘어가지 못하리니 네 교만한 물결이 여기 그칠지니라 하였었노라
욥기,38,12,욥기 38:12,네가 나던 날부터 아침을 명하였었느냐 ? 새벽으로 그 처소를 알게 하여
욥기,38,14,욥기 38:14,땅이 변화하여 진흙에 인친 것 같고 만물이 옷 같이 나타나되
욥기,38,16,욥기 38:16,네가 바다 근원에 들어갔었느냐 ? 깊은 물밑으로 걸어 다녔었느냐 ?
욥기,38,18,욥기 38:18,땅의 넓이를 네가 측량하였었느냐 ? 다 알거든 말할지니라
욥기,38,19,욥기 38:19,광명의 처소는 어느 길로 가며 흑암의 처소는 어디냐 ?
욥기,38,20,욥기 38:20,네가 능히 그 지경으로 인도할 수 있느냐 ? 그 집의 길을 아느냐 ?
욥기,38,21,욥기 38:21,네가 아마 알리라 네가 그 때에 났었나니 너의 년수가 많음이니라
욥기,38,22,욥기 38:22,네가 눈 곳간에 들어갔었느냐 ? 우박 창고를 보았느냐 ?
욥기,38,24,욥기 38:24,광명이 어느 길로 말미암아 뻗치며 동풍이 어느 길로 말미암아 땅에 흩어지느냐 ?
욥기,38,25,욥기 38:25,누가 폭우를 위하여 길을 내었으며 우뢰의 번개 길을 내었으며
욥기,38,26,욥기 38:26,"사람 없는 땅에, 사람 없는 광야에 비를 내리고"
욥기,38,27,욥기 38:27,황무하고 공허한 토지를 축축하게 하고 연한 풀이 나게 하였느냐 ?
욥기,38,28,욥기 38:28,비가 아비가 있느냐 ? 이슬 방울은 누가 낳았느냐 ?
욥기,38,29,욥기 38:29,얼음은 뉘 태에서 났느냐 ? 공중의 서리는 누가 낳았느냐 ?
욥기,38,30,욥기 38:30,물이 돌 같이 굳어지고 해면이 어느니라
욥기,38,31,욥기 38:31,네가 묘성을 매어 떨기 되게 하겠느냐 ? 삼성의 띠를 풀겠느냐 ?
욥기,38,32,욥기 38:32,네가 열두 궁성을 때를 따라 이끌어 내겠느냐 ? 북두성과 그 속한 별들을 인도하겠느냐 ?
욥기,38,33,욥기 38:33,네가 하늘의 법도를 아느냐 ? 하늘로 그 권능을 땅에 베풀게 하겠느냐 ?
욥기,38,34,욥기 38:34,네 소리를 구름에 올려 큰 물로 네게 덮이게 하겠느냐 ?
욥기,38,35,욥기 38:35,네가 번개를 보내어 가게 하되 그것으로 네게 우리가 여기 있나이다 하게 하겠느냐 ?
욥기,38,36,욥기 38:36,가슴 속의 지혜는 누가 준 것이냐 ? 마음 속의 총명은 누가 준 것이냐 ?
욥기,38,37,욥기 38:37,누가 지혜로 구름을 계수하겠느냐 ? 누가 하늘의 병을 쏟아
욥기,38,38,욥기 38:38,티끌로 진흙을 이루며 흙덩이로 서로 붙게 하겠느냐 ?
욥기,38,39,욥기 38:39,네가 암사자를 위하여 식물을 사냥하겠느냐 ? 젊은 사자의 식량을 채우겠느냐 ?
욥기,38,40,욥기 38:40,그것들이 굴에 엎드리며 삼림에 누워서 기다리는 때에니라
욥기,38,41,욥기 38:41,까마귀 새끼가 하나님을 향하여 부르짖으며 먹을 것이 없어서 오락가락 할 때에 그것을 위하여 먹을 것을 예비하는 자가 누구냐 ?
욥기,39,1,욥기 39:1,산 염소가 새끼 치는 때를 네가 아느냐 ? 암사슴의 새끼 낳을 기한을 네가 알 수 있느냐 ?
욥기,39,2,욥기 39:2,그것이 몇 달만에 만삭되는지 아느냐 ? 그 낳을 때를 아느냐 ?
욥기,39,3,욥기 39:3,그것들은 몸을 구푸리고 새끼를 낳아 그 괴로움을 지내어 버리며
욥기,39,4,욥기 39:4,그 새끼는 강하여져서 빈 들에서 길리우다가 나가고는 다시 돌아오지 아니하느니라
욥기,39,5,욥기 39:5,누가 들나귀를 놓아 자유하게 하였느냐 ? 누가 빠른 나귀의 매인 것을 풀었느냐 ?
욥기,39,6,욥기 39:6,"내가 들로 그 집을, 짠 땅으로 그 사는 처소를 삼았느니라"
욥기,39,8,욥기 39:8,초장이 된 산으로 두루 다니며 여러 가지 푸른 것을 찾느니라
욥기,39,9,욥기 39:9,들소가 어찌 즐겨 네게 복종하며 네 외양간에 머물겠느냐 ?
욥기,39,10,욥기 39:10,네가 능히 줄로 들소를 매어 이랑을 갈게 하겠느냐 ? 그것이 어찌 골짜기에서 너를 따라 쓰레를 끌겠느냐 ?
욥기,39,11,욥기 39:11,그것의 힘이 많다고 네가 그것을 의지하겠느냐 ? 네 수고하는 일을 그것에게 맡기겠느냐 ?
욥기,39,12,욥기 39:12,그것이 네 곡식을 집으로 실어오며 네 타작 마당에 곡식 모으기를 그것에게 의탁하겠느냐 ?
욥기,39,13,욥기 39:13,타조는 즐거이 그 날개를 친다마는 그 깃과 털이 인자를 베푸느냐 ?
욥기,39,14,욥기 39:14,그것이 알을 땅에 버려두어 모래에서 더워지게 하고
욥기,39,15,욥기 39:15,발에 깨어질 것이나 들짐승에게 밟힐 것을 생각지 아니하고
욥기,39,16,욥기 39:16,그 새끼에게 무정함이 제 새끼가 아닌 것처럼 하며 그 구로한 것이 헛되게 될지라도 괘념치 아니하나니
욥기,39,18,욥기 39:18,그러나 그 몸을 떨쳐 뛰어갈 때에는 말과 그 탄 자를 경히 여기느니라
욥기,39,19,욥기 39:19,말의 힘을 네가 주었느냐 그 목에 흩날리는 갈기를 네가 입혔느냐 ?
욥기,39,20,욥기 39:20,네가 그것으로 메뚜기처럼 뛰게 하였느냐 ? 그 위엄스러운 콧소리가 두려우니라
욥기,39,26,욥기 39:26,매가 떠올라서 날개를 펼쳐 남방으로 향하는 것이 어찌 네 지혜로 말미암음이냐 ?
욥기,39,27,욥기 39:27,독수리가 공중에 떠서 높은 곳에 보금자리를 만드는 것이 어찌 네 명령을 의지함이냐 ?
욥기,40,1,욥기 40:1,여호와께서 또 욥에게 말씀하여 가라사대
욥기,40,4,욥기 40:4,나는 미천하오니 무엇이라 주께 대답하리이까 손으로 내 입을 가릴 뿐이로소이다
욥기,40,5,욥기 40:5,내가 한두번 말하였사온즉 다시는 더하지도 아니하겠고 대답지도 아니하겠나이다
욥기,40,6,욥기 40:6,여호와께서 폭풍 가운데서 욥에게 말씀하여 가라사대
욥기,40,9,욥기 40:9,네가 하나님처럼 팔이 있느냐 ? 하나님처럼 우렁차게 울리는 소리를 내겠느냐 ?
욥기,40,10,욥기 40:10,너는 위엄과 존귀로 스스로 꾸미며 영광과 화미를 스스로 입을지니라
욥기,40,15,욥기 40:15,이제 소 같이 풀을 먹는 하마를 볼지어다 내가 너를 지은 것 같이 그것도 지었느니라
욥기,40,16,욥기 40:16,그 힘은 허리에 있고 그 세력은 배의 힘줄에 있고
욥기,40,17,욥기 40:17,그 꼬리 치는 것은 백향목이 흔들리는 것 같고 그 넓적다리 힘줄은 서로 연락되었으며
욥기,40,18,욥기 40:18,그 뼈는 놋관 같고 그 가릿대는 철장 같으니
욥기,40,19,욥기 40:19,그것은 하나님의 창조물 중에 으뜸이라 그것을 지은 자가 칼을 주었고
욥기,40,20,욥기 40:20,모든 들 짐승의 노는 산은 그것을 위하여 식물을 내느니라
욥기,40,21,욥기 40:21,그것이 연 줄기 아래나 갈 밭 가운데나 못속에 엎드리니
욥기,40,22,욥기 40:22,연 그늘이 덮으며 시내 버들이 둘렀구나
욥기,40,24,욥기 40:24,그것이 정신 차리고 있을 때에 누가 능히 잡을 수 있겠으며 갈고리로 그 코를 꿸 수 있겠느냐 ?
욥기,41,1,욥기 41:1,네가 능히 낚시로 악어를 낚을 수 있겠느냐 ? 노끈으로 그 혀를 맬수 있겠느냐 ?
욥기,41,2,욥기 41:2,줄로 그 코를 꿸 수 있겠느냐 ? 갈고리로 그 아가미를 꿸 수 있겠느냐 ?
욥기,41,3,욥기 41:3,그것이 어찌 네게 연속 간구하겠느냐 ? 유순한 말로 네게 이야기하겠느냐 ?
욥기,41,4,욥기 41:4,어찌 너와 계약하고 영영히 네 종이 되겠느냐 ?
욥기,41,5,욥기 41:5,네가 어찌 새를 놀리는 것 같이 그것을 놀리겠으며 네 소녀들을 위하여 그것을 매어 두겠느냐 ?
욥기,41,6,욥기 41:6,어찌 어부의 떼가 그것으로 상품을 삼아 상고들 가운데 나눌 수 있겠느냐 ?
욥기,41,7,욥기 41:7,네가 능히 창으로 그 가죽을 찌르거나 작살로 그 머리를 찌를 수 있겠느냐 ?
욥기,41,8,욥기 41:8,손을 그것에게 좀 대어 보라 싸울 일이 생각나서 다시는 아니하리라
욥기,41,9,욥기 41:9,잡으려는 소망은 헛것이라 그것을 보기만 하여도 낙담하지 않겠느냐 ?
욥기,41,10,욥기 41:10,아무도 그것을 격동시킬 용맹이 없거든 능히 나를 당할 자가 누구냐 ?
욥기,41,11,욥기 41:11,누가 먼저 내게 주고 나로 갚게 하였느냐 ? 온 천하에 있는 것이 다 내 것이니라
욥기,41,12,욥기 41:12,내가 악어의 지체와 큰 힘과 훌륭한 구조에 대하여 잠잠치 아니하리라
욥기,41,13,욥기 41:13,누가 그 가죽을 벗기겠으며 그 아가미 사이로 들어가겠는고
욥기,41,14,욥기 41:14,누가 그 얼굴의 문을 열 수 있을까 그 두루 있는 이가 두렵구나
욥기,41,15,욥기 41:15,견고한 비늘은 그의 자랑이라 서로 연함이 봉한 것 같구나
욥기,41,16,욥기 41:16,이것 저것이 한데 붙었으니 바람도 그 사이로 들어가지 못하겠고
욥기,41,17,욥기 41:17,서로 연하여 붙었으니 능히 나눌 수도 없구나
욥기,41,18,욥기 41:18,그것이 재채기를 한즉 광채가 발하고 그 눈은 새벽 눈꺼풀이 열림 같으며
욥기,41,19,욥기 41:19,그 입에서는 횃불이 나오고 불똥이 뛰어나며
욥기,41,20,욥기 41:20,그 콧구멍에서는 연기가 나오니 마치 솥이 끓는 것과 갈대의 타는 것 같구나
욥기,41,21,욥기 41:21,그 숨이 능히 숯불을 피우니 불꽃이 그 입에서 나오며
욥기,41,22,욥기 41:22,힘이 그 목에 뭉키었고 두려움이 그 앞에서 뛰는구나
욥기,41,24,욥기 41:24,그 마음이 돌 같이 단단하니 그 단단함이 맷돌 아랫짝 같구나
욥기,41,26,욥기 41:26,칼로 칠지라도 쓸데없고 창이나 살이나 작살도 소용이 없구나
욥기,41,27,욥기 41:27,"그것이 철을 초개 같이, 놋을 썩은 나무 같이 여기니"
욥기,41,28,욥기 41:28,살이라도 그것으로 도망하게 못하겠고 물매돌도 그것에게는 겨같이 여기우는구나
욥기,41,29,욥기 41:29,몽둥이도 검불 같이 보고 창을 던짐을 우습게 여기며
욥기,41,30,욥기 41:30,그 배 아래는 날카로운 와륵 같으니 진흙 위에 타작 기계 같이 자취를 내는구나
욥기,41,31,욥기 41:31,깊은 물로 솥의 물이 끓음 같게 하며 바다로 젖는 향기름 같게 하고
욥기,41,32,욥기 41:32,자기 뒤에 광채나는 길을 내니 사람의 보기에 바닷물이 백발 같구나
욥기,41,33,욥기 41:33,땅 위에는 그것 같은 것이 없나니 두려움 없게 지음을 받았음이라
욥기,41,34,욥기 41:34,모든 높은 것을 낮게 보고 모든 교만한 것의 왕이 되느니라
욥기,42,2,욥기 42:2,주께서는 무소불능하시오며 무슨 경영이든지 못 이루실 것이 없는 줄 아오니
욥기,42,3,욥기 42:3,무지한 말로 이치를 가리우는 자가 누구니이까 내가 스스로 깨달을 수 없는 일을 말하였고 스스로 알 수 없고 헤아리기 어려운 일을 말하였나이다
욥기,42,4,욥기 42:4,내가 말하겠사오니 주여 ! 들으시고 내가 주께 묻겠사오니 주여 ! 내게 알게 하옵소서
욥기,42,5,욥기 42:5,내가 주께 대하여 귀로 듣기만 하였삽더니 이제는 눈으로 주를 뵈옵나이다 !
욥기,42,12,욥기 42:12,여호와께서 욥의 모년에 복을 주사 처음 복보다 더 하게 하시니 그가 양 일만 사천과 약대 육천과 소 일천 겨리와 암나귀 일천을 두었고
욥기,42,13,욥기 42:13,또 아들 일곱과 딸 셋을 낳았으며
시편,1,1,시편 1:1,복있는 사람은 악인의 꾀를 좇지 아니하며 죄인의 길에 서지 아니하며 오만한 자의 자리에 앉지 아니하고
시편,1,2,시편 1:2,오직 여호와의 율법을 즐거워하여 그 율법을 주야로 묵상하는 자로다
시편,1,3,시편 1:3,저는 시냇가에 심은 나무가 시절을 좇아 과실을 맺으며 그 잎사귀가 마르지 아니함 같으니 그 행사가 다 형통하리로다
시편,2,1,시편 2:1,어찌하여 열방이 분노하며 민족들이 허사를 경영하는고
시편,2,3,시편 2:3,우리가 그 맨 것을 끊고 그 결박을 벗어 버리자 하도다
시편,2,4,시편 2:4,하늘에 계신 자가 웃으심이여 ! 주께서 저희를 비웃으시리로다
시편,2,6,시편 2:6,내가 나의 왕을 내 거룩한 산 시온에 세웠다 하시리로다
시편,2,7,시편 2:7,내가 영을 전하노라 여호와께서 내게 이르시되 너는 내 아들이라 오늘날 내가 너를 낳았도다
시편,2,8,시편 2:8,내게 구하라 내가 열방을 유업으로 주리니 네 소유가 땅끝까지 이르리로다
시편,2,11,시편 2:11,여호와를 경외함으로 섬기고 떨며 즐거워할지어다
시편,2,12,시편 2:12,그 아들에게 입맞추라 그렇지 아니하면 진노하심으로 너희가 길에서 망하리니 그 진노가 급하심이라 여호와를 의지하는 자는 다 복이 있도다
시편,3,1,시편 3:1,"여호와여, 나의 대적이 어찌 그리 많은지요 일어나 나를 치는 자가 많소이다"
시편,3,2,시편 3:2,많은 사람이 있어 나를 가리켜 말하기를 저는 하나님께 도움을 얻지 못한다 하나이다
시편,3,3,시편 3:3,"여호와여, 주는 나의 방패시요 나의 영광이시요 나의 머리를 드시는 자니이다"
시편,3,4,시편 3:4,내가 나의 목소리로 여호와께 부르짖으니 그 성산에서 응답하시는도다
시편,3,5,시편 3:5,내가 누워 자고 깨었으니 여호와께서 나를 붙드심이로다
시편,3,6,시편 3:6,내가 누워 자고 깨었으니 여호와께서 나를 붙드심이로다
시편,3,8,시편 3:8,"여호와여, 일어나소서 나의 하나님이여, 나를 구원하소서 주께서 나의 모든 원수의 뺨을 치시며 악인의 이를 꺽으셨나이다 [ 구원은 여호와께 있사오니 주의 복을 주의 백성에게 내리소서 ]"
시편,4,1,시편 4:1,"내 의의 하나님이여, 내가 부를 때에 응답하소서 곤란 중에 나를 너그럽게 하셨사오니 나를 긍휼히 여기사 나의 기도를 들으소서"
시편,4,2,시편 4:2,인생들아 ! 어느 때까지 나의 영광을 변하여 욕되게 하며 허사를 좋아하고 궤휼을 구하겠는고
시편,4,3,시편 4:3,여호와께서 자기를 위하여 경건한 자를 택하신 줄 너희가 알지어다 내가 부를 때에 여호와께서 들으시리로다
시편,4,4,시편 4:4,너희는 떨며 범죄치 말지어다 자리에 누워 심중에 말하고 잠잠할지어다
시편,4,5,시편 4:5,의의 제사를 드리고 여호와를 의뢰할지어다
시편,4,6,시편 4:6,"여러 사람의 말이 우리에게 선을 보일 자 누구뇨 하오니 여호와여, 주의 얼굴을 들어 우리에게 비취소서"
시편,4,7,시편 4:7,주께서 내 마음에 두신 기쁨은 저희의 곡식과 새 포도주의 풍성할 때보다 더하니이다
시편,4,8,시편 4:8,내가 평안히 눕고 자기도 하리니 나를 안전히 거하게 하시는 이는 오직 여호와시니이다
시편,5,1,시편 5:1,"여호와여, 나의 말에 귀를 기울이사 나의 심사를 통촉하소서"
시편,5,2,시편 5:2,"나의 왕, 나의 하나님이여, 나의 부르짖는 소리를 들으소서 내가 주께 기도하나이다"
시편,5,3,시편 5:3,"여호와여, 아침에 주께서 나의 소리를 들으시리니 아침에 내가 주께 기도하고 바라리이다"
시편,5,7,시편 5:7,오직 나는 주의 풍성한 인자를 힘입어 주의 집에 들어가 주를 경외함으로 성전을 향하여 경배하리이다
시편,5,8,시편 5:8,"여호와여, 나의 원수들을 인하여 주의 의로 나를 인도하시고 주의 길을 내 목전에 곧게 하소서"
시편,5,11,시편 5:11,오직 주에게 피하는 자는 다 기뻐하며 주의 보호로 인하여 영영히 기뻐 외치며 주의 이름을 사랑하는 자들은 주를 즐거워하리이다
시편,5,12,시편 5:12,"여호와여, 주는 의인에게 복을 주시고 방패로 함 같이 은혜로 저를 호위하시리이다"
시편,6,1,시편 6:1,"여호와여, 주의 분으로 나를 견책하지 마옵시며 주의 진노로 나를 징계하지 마옵소서"
시편,6,2,시편 6:2,"여호와여, 내가 수척하였사오니 긍휼히 여기소서 여호와여, 나의 뼈가 떨리오니 나를 고치소서"
시편,6,3,시편 6:3,"나의 영혼도 심히 떨리나이다 여호와여, 어느 때까지니이까 ?"
시편,6,4,시편 6:4,"여호와여, 돌아와 나의 영혼을 건지시며 주의 인자하심을 인하여 나를 구원하소서"
시편,6,6,시편 6:6,내가 탄식함으로 곤핍하여 밤마다 눈물로 내 침상을 띄우며 내 요를 적시나이다
시편,6,7,시편 6:7,내 눈이 근심을 인하여 쇠하며 내 모든 대적을 인하여 어두웠나이다
시편,6,9,시편 6:9,여호와께서 내 간구를 들으셨음이여 여호와께서 내 기도를 받으시로다
시편,7,1,시편 7:1,"여호와 내 하나님이여, 주께 피하오니 나를 쫓는 모든 자에게서 나를 구하여 건지소서"
시편,7,3,시편 7:3,"여호와 내 하나님이여, 내가 이것을 행하였거나 내 손에 죄악이 있거나"
시편,7,4,시편 7:4,화친한 자를 악으로 갚았거나 내 대적에게 무고히 빼앗았거든
시편,7,7,시편 7:7,민족들의 집회로 주를 두르게 하시고 그 위 높은 자리에 돌아오소서
시편,7,9,시편 7:9,악인의 악을 끊고 의인을 세우소서 의로우신 하나님이 사람의 심장을 감찰하시나이다
시편,7,10,시편 7:10,나의 방패는 마음이 정직한 자를 구원하시는 하나님께 있도다
시편,7,17,시편 7:17,내가 여호와의 의를 따라 감사함이여 지극히 높으신 여호와의 이름을 찬양하리로다 !
시편,8,1,시편 8:1,여호와 우리 주여 주의 이름이 온 땅에 어찌 그리 아름다운지요 주의 영광을 하늘 위에 두셨나이다
시편,8,2,시편 8:2,주의 대적을 인하여 어린 아이와 젖먹이의 입으로 말미암아 권능을 세우심이여 이는 원수와 보수자로 잠잠케 하려 하심이니이다
시편,8,3,시편 8:3,주의 손가락으로 만드신 주의 하늘과 주의 베풀어 두신 달과 별들을 내가 보오니
시편,8,4,시편 8:4,사람이 무엇이관대 주께서 저를 권고하시나이까
시편,8,5,시편 8:5,저를 천사보다 조금 못하게 하시고 영화와 존귀로 관을 씌우셨나이다
시편,8,6,시편 8:6,주의 손으로 만드신 것을 다스리게 하시고 만물을 그 발 아래 두셨으니
시편,8,8,시편 8:8,공중의 새와 바다의 어족과 해로에 다니는 것이니이다
시편,8,9,시편 8:9,여호와 우리 주여 주의 이름이 온 땅에 어찌 그리 아름다운지요
시편,9,1,시편 9:1,내가 전심으로 여호와께 감사하오며 주의 모든 기사를 전하리이다
시편,9,2,시편 9:2,내가 주를 기뻐하고 즐거워하며 지극히 높으신 주의 이름을 찬송하리니
시편,9,4,시편 9:4,주께서 나의 의와 송사를 변호하셨으며 보좌에 앉으사 의롭게 심판하셨나이다
시편,9,7,시편 9:7,여호와께서 영영히 앉으심이여 심판을 위하여 보좌를 예비하셨도다
시편,9,8,시편 9:8,공의로 세계를 심판하심이여 정직으로 만민에게 판단을 행하시리로다
시편,9,9,시편 9:9,여호와는 또 압제를 당하는 자의 산성이시요 환난 때의 산성이시로다
시편,9,10,시편 9:10,"여호와여, 주의 이름을 아는 자는 주를 의지하오리니 이는 주를 찾는 자들을 버리지 아니하심이니이다"
시편,9,11,시편 9:11,너희는 시온에 거하신 여호와를 찬송하며 그 행사를 백성 중에 선포할지어다
시편,9,12,시편 9:12,피 흘림을 심문하시는 이가 저희를 기억하심이여 가난한 자의 부르짖음을 잊지 아니하시도다
시편,9,13,시편 9:13,"여호와여, 나를 긍휼히 여기소서 나를 사망의 문에서 일으키시는 주여, 미워하는 자에게 받는 나의 곤고를 보소서"
시편,9,14,시편 9:14,그리하시면 내가 주의 찬송을 다 전할 것이요 딸 같은 시온의 문에서 주의 구원을 기뻐하리이다
시편,9,18,시편 9:18,궁핍한 자가 항상 잊어 버림을 보지 아니함이여 가난한 자가 영영히 실망치 아니하리로다
시편,10,1,시편 10:1,"여호와여, 어찌하여 멀리 서시며 어찌하여 환난 때에 숨으시나이까"
시편,10,2,시편 10:2,악한 자가 교만하여 가련한 자를 심히 군박하오니 저희로 자기의 베푼 꾀에 빠지게 하소서
시편,10,3,시편 10:3,악인은 그 마음의 소욕을 자랑하며 탐리하는 자는 여호와를 배반하여 멸시하나이다
시편,10,4,시편 10:4,악인은 그 교만한 얼굴로 말하기를 여호와께서 이를 감찰치 아니하신다 하며 그 모든 사상에 하나님이 없다 하나이다
시편,10,6,시편 10:6,그 마음에 이르기를 나는 요동치 아니하며 대대로 환난을 당치 아니하리라 하나이다
시편,10,7,시편 10:7,그 입에는 저주와 궤휼과 포학이 충만하며 혀 밑에는 잔해와 죄악이 있나이다
시편,10,12,시편 10:12,주께서 생명의 길로 내게 보이시리니 주의 앞에는 기쁨이 충만하고 주의 우편에는 영원한 즐거움이 있나이다
시편,10,14,시편 10:14,저의 마음에 이르기를 하나님이 잊으셨고 그 얼굴을 가리우셨으니 영원히 보지 아니하시리라 하나이다
시편,10,17,시편 10:17,주께서는 보셨나이다 잔해와 원한을 감찰하시고 주의 손으로 갚으려 하시오니 외로운 자가 주를 의지하나이다 주는 벌써부터 고아를 도우시는 자니이다
시편,11,1,시편 11:1,내가 여호와께 피하였거늘 너희가 내 영혼더러 새 같이 네 산으로 도망하라 함은 어찜인고
시편,11,3,시편 11:3,터가 무너지면 의인이 무엇을 할꼬
시편,11,4,시편 11:4,여호와께서 그 성전에 계시니 여호와의 보좌는 하늘에 있음이여 그 눈이 인생을 통촉하시고 그 안목이 저희를 감찰하시도다
시편,11,7,시편 11:7,여호와는 의로우사 의로운 일을 좋아하시나니 정직한 자는 그 얼굴을 뵈오리로다
시편,12,1,시편 12:1,"여호와여, 도우소서 경건한 자가 끊어지며 충실한 자가 인생 중에 없어지도소이다"
시편,12,5,시편 12:5,여호와의 말씀에 가련한 자의 눌림과 궁핍한 자의 탄식을 인하여 내가 이제 일어나 저를 그 원하는 안전 지대에 두리라 하시도다
시편,12,6,시편 12:6,여호와의 말씀은 순결함이여 흙 도가니에 일곱번 단련한 은 같도다
시편,12,7,시편 12:7,"여호와여, 저희를 지키사 이 세대로부터 영영토록 보존하시리이다"
시편,13,1,시편 13:1,"여호와여, 어느 때까지니이까 나를 영영히 잊으시나이까 주의 얼굴을 나에게서 언제까지 숨기시겠나이까"
시편,13,2,시편 13:2,내가 나의 영혼에 경영하고 종일토록 마음에 근심하기를 어느 때까지 하오며 내 원수가 나를 쳐서 자긍하기를 어느 때까지 하리이까
시편,13,3,시편 13:3,"여호와 내 하나님이여, 나를 생각하사 응답하시고 나의 눈을 밝히소서 두렵건대 내가 사망의 잠을 잘까 하오며"
시편,13,4,시편 13:4,두렵건대 나의 원수가 이르기를 내가 저를 이기었다 할까 하오며 내가 요동될 때에 나의 대적들이 기뻐할까 하나이다
시편,13,5,시편 13:5,나는 오직 주의 인자하심을 의뢰하였사오니 내 마음은 주의 구원을 기뻐하리이다
시편,13,6,시편 13:6,내가 여호와를 찬송하리니 이는 나를 후대하심이로다
시편,14,2,시편 14:2,여호와께서 하늘에서 인생을 굽어 살피사 지각이 있어 하나님을 찾는 자가 있는가 보려 하신즉
시편,14,5,시편 14:5,저희가 거기서 두려워하고 두려워하였으니 하나님이 의인의 세대에 계심이로다
시편,14,6,시편 14:6,너희가 가난한 자의 경영을 부끄럽게 하나 오직 여호와는 그 피난처가 되시도다
시편,14,7,시편 14:7,이스라엘의 구원이 시온에서 나오기를 원하도다 여호와께서 그 백성의 포로된 것을 돌이키실 때에 야곱이 즐거워하고 이스라엘이 기뻐하리로다
시편,15,1,시편 15:1,"여호와여, 주의 장막에 유할 자 누구오며 주의 성산에 거할 자 누구오니이까"
시편,16,1,시편 16:1,하나님이여 나를 보호하소서 내가 주께 피하나이다
시편,16,3,시편 16:3,땅에 있는 성도는 존귀한 자니 나의 모든 즐거움이 저희에게 있도다
시편,16,5,시편 16:5,여호와는 나의 산업과 나의 잔의 소득이시니 나의 분깃을 지키시나이다
시편,16,6,시편 16:6,내게 줄로 재어 준 구역은 아름다운 곳에 있음이여 나의 기업이 실로 아름답도다
시편,16,7,시편 16:7,나를 훈계하신 여호와를 송축할지라 밤마다 내 심장이 나를 교훈하도다
시편,16,8,시편 16:8,내가 여호와를 항상 내 앞에 모심이여 그가 내 우편에 계시므로 내가 요동치 아니하리로다
시편,16,11,시편 16:11,주께서 생명의 길로 내게 보이시리니 주의 우편에는 영원한 즐거움이 있나이다
시편,17,1,시편 17:1,"여호와여, 정직함을 들으소서 나의 부르짖음에 주의하소서 거짓되지 않은 입술에서 나오는 내 기도에 귀를 기울이소서"
시편,17,2,시편 17:2,나의 판단을 주 앞에서 내시며 주의 눈은 공평함을 살피소서
시편,17,3,시편 17:3,주께서 내 마음을 시험하시고 밤에 나를 권고하시며 나를 감찰하셨으나 흠을 찾지 못하셨으니 내가 결심하고 입으로 범죄치 아니하리이다
시편,17,4,시편 17:4,사람의 행사로 논하면 나는 주의 입술의 말씀을 좇아 스스로 삼가서 강포한 자의 길에 행치 아니하였사오며
시편,17,5,시편 17:5,나의 걸음이 주의 길을 굳게 지키고 실족지 아니하였나이다
시편,17,6,시편 17:6,"하나님이여, 내게 응답하시겠는고로 내가 불렀사오니 귀를 기울여 내 말을 들으소서"
시편,17,7,시편 17:7,"주께 피하는 자를 그 일어나 치는 자에게서 오른손으로 구원하시는 주여, 주의 기이한 인자를 나타내소서"
시편,17,8,시편 17:8,나를 눈동자 같이 지키시고 주의 날개 그늘 아래 감추사
시편,17,15,시편 17:15,나는 의로운 중에 주의 얼굴을 보리니 깰 때에 주의 형상으로 만족하리이다
시편,18,1,시편 18:1,"나의 힘이 되신 여호와여, 내가 주를 사랑하나이다"
시편,18,2,시편 18:2,"여호와는 나의 반석이시요, 나의 요새시요, 나를 건지시는 자시요, 나의 하나님이시요, 나의 피할 바위시요, 나의 방패시요, 나의 구원의 뿔이시요, 나의 산성이시로다"
시편,18,3,시편 18:3,내가 찬송 받으실 여호와께 아뢰리니 내 원수들에게서 구원을 얻으리로다
시편,18,6,시편 18:6,내가 환난에서 여호와께 아뢰며 나의 하나님께 부르짖었더니 저가 그 전에서 내 소리를 들으심이여 그 앞에서 나의 부르짖음이 그 귀에 들렸도다
시편,18,10,시편 18:10,그룹을 타고 날으심이여 바람 날개로 높이 뜨셨도다
시편,18,17,시편 18:17,나를 강한 원수와 미워하는 자에게서 건지셨음이여 저희는 나보다 힘센 연고로다
시편,18,18,시편 18:18,저희가 나의 재앙의 날에 내게 이르렀으나 여호와께서 나의 의지가 되셨도다
시편,18,19,시편 18:19,나를 또 넓은 곳으로 인도하시고 나를 기뻐하심으로 구원하셨도다
시편,18,22,시편 18:22,그 모든 규례가 내 앞에 있고 내게서 그 율례를 버리지 아니하였음이로다
시편,18,23,시편 18:23,내가 또한 그 앞에 완전하여 나의 죄악에서 스스로 지켰나니
시편,18,25,시편 18:25,자비한 자에게는 주의 자비하심을 나타내시며 완전한 자에게는 주의 완전하심을 보이시며
시편,18,26,시편 18:26,깨끗한 자에게는 주의 깨끗하심을 보이시며 사특한 자에게는 주의 거스리심을 보이시리니
시편,18,28,시편 18:28,"주께서 나의 등불을 켜심이여, 여호와 내 하나님이 내 흑암을 밝히시리이다"
시편,18,29,시편 18:29,내가 주를 의뢰하고 적군에 달리며 내 하나님을 의지하고 담을 뛰어 넘나이다
시편,18,30,시편 18:30,하나님의 도는 완전하고 여호와의 말씀은 정미하니 저는 자기에게 피하는 모든 자의 방패시로다
시편,18,31,시편 18:31,여호와 외에 누가 하나님이며 우리 하나님 외에 누가 반석이뇨
시편,18,32,시편 18:32,이 하나님이 힘으로 내게 띠 띠우시며 내 길을 완전케 하시며
시편,18,33,시편 18:33,나의 발로 암사슴 발 같게 하시며 나를 나의 높은 곳에 세우시며
시편,18,35,시편 18:35,주께서 또 주의 구원하는 방패를 내게 주시며 주의 오른손이 나를 붙들고 주의 온유함이 나를 크게 하셨나이다
시편,18,36,시편 18:36,내 걸음을 넓게 하셨고 나로 실족지 않게 하셨나이다
시편,18,43,시편 18:43,주께서 나를 백성의 다툼에서 건지시고 열방의 으뜸을 삼으셨으니 내가 알지 못하는 백성이 나를 섬기리이다
시편,18,46,시편 18:46,여호와는 생존하시니 나의 반석을 찬송하며 내 구원의 하나님을 높일지로다
시편,18,48,시편 18:48,주께서 나를 내 원수들에게서 구조하시니 주께서 실로 나를 대적하는 자의 위에 나를 드시고 나를 강포한 자에게서 건지시나이다
시편,18,49,시편 18:49,"여호와여, 이러므로 내가 열방 중에서 주께 감사하며 주의 이름을 찬송하리이다"
시편,19,1,시편 19:1,하늘이 하나님의 영광을 선포하고 궁창이 그 손으로 하신 일을 나타내는도다
시편,19,2,시편 19:2,날은 날에게 말하고 밤은 밤에게 지식을 전하니
시편,19,3,시편 19:3,언어가 없고 들리는 소리도 없으나
시편,19,4,시편 19:4,그 소리가 온 땅에 통하고 그 말씀이 세계 끝까지 이르도다 하나님이 해를 위하여 하늘에 장막을 베푸셨도다
시편,19,5,시편 19:5,해는 그 방에서 나오는 신랑과 같고 그 길을 달리기 기뻐하는 장사 같아서
시편,19,6,시편 19:6,하늘 이 끝에서 나와서 하늘 저 끝까지 운행함이여 그 온기에서 피하여 숨은 자 없도다
시편,19,8,시편 19:8,여호와의 교훈은 정직하여 마음을 기쁘게 하고 여호와의 계명은 순결하여 눈을 밝게 하도다
시편,19,9,시편 19:9,여호와를 경외하는 도는 정결하여 영원까지 이르고 여호와의 규례는 확실하여 다 의로우니
시편,19,10,시편 19:10,금 곧 많은 정금보다 더 사모할 것이며 꿀과 송이꿀보다 더 달도다
시편,19,11,시편 19:11,또 주의 종이 이로 경계를 받고 이를 지킴으로 상이 크니이다
시편,19,12,시편 19:12,자기 허물을 능히 깨달을 자 누구리요 나를 숨은 허물에서 벗어나게 하소서
시편,19,13,시편 19:13,또 주의 종으로 고범죄를 짓지 말게 하사 그 죄가 나를 주장치 못하게 하소서 그리하시면 내가 정직하여 큰 죄과에서 벗어나겠나이다
시편,19,14,시편 19:14,"나의 반석이시요 나의 구속자이신 여호와여, 내 입의 말과 마음의 묵상이 주의 앞에 열납되기를 원하나이다"
시편,20,1,시편 20:1,환난 날에 여호와께서 네게 응답하시고 야곱의 하나님의 이름이 너를 높이 드시며
시편,20,2,시편 20:2,성소에서 너를 도와주시고 시온에서 너를 붙드시며
시편,20,4,시편 20:4,네 마음의 소원대로 허락하시고 네 모든 도모를 이루시기를 원하노라
시편,20,5,시편 20:5,우리가 너의 승리로 인하여 개가를 부르며 우리 하나님의 이름으로 우리 기를 세우리니 여호와께서 네 모든 기도를 이루시기를 원하노라
시편,20,6,시편 20:6,여호와께서 자기에게 속한 바 기름부음 받은 자를 구원하시는 줄 이제 내가 아노니 그 오른손에 구원하는 힘으로 그 거룩한 하늘에서 저에게 응락하시리로다
시편,20,7,시편 20:7,혹은 병거 혹은 말을 의지하나 우리는 여호와 우리 하나님의 이름을 자랑하리로다
시편,20,9,시편 20:9,"여호와여, 구원하소서 우리가 부를 때에 왕은 응락하소서"
시편,21,1,시편 21:1,"여호와여, 왕이 주의 힘을 인하여 기뻐하며 주의 구원을 인하여 크게 즐거워하리이다"
시편,21,2,시편 21:2,그 마음의 소원을 주셨으며 그 입술의 구함을 거절치 아니하셨나이다
시편,21,3,시편 21:3,주의 아름다운 복으로 저를 영접하시고 정금 면류관을 그 머리에 씌우셨나이다
시편,21,4,시편 21:4,저가 생명을 구하매 주께서 주셨으니 곧 영영한 장수로소이다
시편,21,5,시편 21:5,주의 구원으로 그 영광을 크게 하시고 존귀와 위엄으로 저에게 입히시나이다
시편,21,6,시편 21:6,저로 영영토록 지극한 복을 받게 하시며 주의 앞에서 기쁘고 즐겁게 하시나이다
시편,21,7,시편 21:7,왕이 여호와를 의지하오니 지극히 높으신 자의 인자함으로 요동치 아니하리이다
시편,21,11,시편 21:11,대저 저희는 너를 해하려 하여 계교를 품었으나 이루지 못하도다
시편,21,13,시편 21:13,"여호와여, 주의 능력으로 높임을 받으소서 ! 우리가 주의 권능을 노래하고 칭송하겠나이다"
시편,22,1,시편 22:1,"내 하나님이여, 내 하나님이여, 어찌 나를 버리셨나이까 ? 어찌 나를 멀리하여 돕지 아니하옵시며 내 신음하는 소리를 듣지 아니하시나이까 ?"
시편,22,2,시편 22:2,"내 하나님이여, 내가 낮에도 부르짖고 밤에도 잠잠치 아니하오나 응답지 아니하시나이다"
시편,22,3,시편 22:3,"이스라엘의 찬송 중에 거하시는 주여, 주는 거룩하시니이다"
시편,22,4,시편 22:4,우리 열조가 주께 의뢰하였고 의뢰하였으므로 저희를 건지셨나이다
시편,22,6,시편 22:6,나는 벌레요 사람이 아니라 사람의 훼방거리요 백성의 조롱거리니이다
시편,22,8,시편 22:8,"저가 여호와께 의탁하니 구원하실걸, 저를 기뻐하시니 건지실걸 하나이다"
시편,22,9,시편 22:9,오직 주께서 나를 모태에서 나오게 하시고 내 모친의 젖을 먹을때에 의지하게 하셨나이다
시편,22,10,시편 22:10,내가 날 때부터 주께 맡긴바 되었고 모태에서 나올 때부터 주는 내 하나님이 되셨사오니
시편,22,11,시편 22:11,나를 멀리하지 마옵소서 환난이 가깝고 도울 자 없나이다
시편,22,12,시편 22:12,많은 황소가 나를 에워싸며 바산의 힘센 소들이 나를 둘렀으며
시편,22,13,시편 22:13,내게 그 입을 벌림이 찢고 부르짖는 사자 같으니이다
시편,22,14,시편 22:14,나는 물같이 쏟아졌으며 내 모든 뼈는 어그러졌으며 내 마음은 촛밀 같아서 내 속에서 녹았으며
시편,22,15,시편 22:15,내 힘이 말라 질그릇 조각 같고 내 혀가 잇틀에 붙었나이다 주께서 또 나를 사망의 진토에 두셨나이다
시편,22,16,시편 22:16,개들이 나를 에워쌌으며 악한 무리가 나를 둘러 내 수족을 찔렀나이다
시편,22,17,시편 22:17,내가 내 모든 뼈를 셀 수 있나이다 저희가 나를 주목하여 보고
시편,22,18,시편 22:18,내 겉옷을 나누며 속옷을 제비뽑나이다
시편,22,19,시편 22:19,"여호와여, 멀리하지 마옵소서 나의 힘이시여, 속히 나를 도우소서"
시편,22,20,시편 22:20,내 영혼을 칼에서 건지시며 내 유일한 것을 개의 세력에서 구하소서
시편,22,21,시편 22:21,나를 사자 입에서 구하소서 주께서 내게 응락하시고 들소 뿔에서 구원하셨나이다
시편,22,22,시편 22:22,내가 주의 이름을 형제에게 선포하고 회중에서 주를 찬송하리이다
시편,22,23,시편 22:23,"여호와를 두려워하는 너희여, 그를 찬송할지어다 야곱의 모든 자손이여, 그에게 영광을 돌릴지어다 너희 이스라엘 모든 자손이여, 그를 경외할지어다"
시편,22,24,시편 22:24,그는 곤고한 자의 곤고를 멸시하거나 싫어하지 아니하시며 그 얼굴을 저에게서 숨기지 아니하시고 부르짖을 때에 들으셨도다
시편,22,25,시편 22:25,대회 중에 나의 찬송은 주께로서 온 것이니 주를 경외하는 자 앞에서 나의 서원을 갚으리이다
시편,22,26,시편 22:26,겸손한 자는 먹고 배부를 것이며 여호와를 찾는 자는 그를 찬송할 것이라 너희 마음은 영원히 살지어다
시편,22,27,시편 22:27,땅의 모든 끝이 여호와를 기억하고 돌아오며 열방의 모든 족속이 주의 앞에 경배하리니
시편,22,28,시편 22:28,나라는 여호와의 것이요 여호와는 열방의 주재심이로다
시편,22,29,시편 22:29,세상의 모든 풍비한 자가 먹고 경배할 것이요 진토에 내려가는 자 곧 자기 영혼을 살리지 못할 자도 다 그 앞에 절하리로다
시편,22,31,시편 22:31,와서 그 공의를 장차 날 백성에게 전함이여 주께서 이를 행하셨다 할 것이로다
시편,23,1,시편 23:1,여호와는 나의 목자시니 내가 부족함이 없으리로다
시편,23,3,시편 23:3,내 영혼을 소생시키시고 자기 이름을 위하여 의의 길로 인도하시는도다
시편,23,4,시편 23:4,내가 사망의 음침한 골짜기로 다닐지라도 해를 두려워하지 않을것은 주께서 나와 함께 하심이라 주의 지팡이와 막대기가 나를 안위하시나이다
시편,23,5,시편 23:5,주께서 내 원수의 목전에서 내게 상을 베푸시고 기름으로 내 머리에 바르셨으니 내 잔이 넘치나이다
시편,23,6,시편 23:6,나의 평생에 선하심과 인자하심이 정녕 나를 따르리니 내가 여호와의 집에 영원히 거하리로다
시편,24,1,시편 24:1,땅과 거기 충만한 것과 세계와 그 중에 거하는 자가 다 여호와의 것이로다
시편,24,2,시편 24:2,여호와께서 그 터를 바다 위에 세우심이여 강들 위에 건설하셨도다
시편,24,3,시편 24:3,여호와의 산에 오를 자 누구며 그 거룩한 곳에 설 자가 누군고
시편,24,5,시편 24:5,저는 여호와께 복을 받고 구원의 하나님께 의를 얻으리니
시편,24,7,시편 24:7,문들아 너희 머리를 들지어다 ! 영원한 문들아 들릴지어다 ! 영광의 왕이 들어 가시리로다
시편,24,9,시편 24:9,문들아 너희 머리를 들지어다 ! 영원한 문들아 들릴지어다 ! 영광의 왕이 들어 가시리로다
시편,24,10,시편 24:10,영광의 왕이 뉘시뇨 만군의 여호와께서 곧 영광의 왕이시로다
시편,25,1,시편 25:1,"여호와여, 나의 영혼이 주를 우러러 보나이다"
시편,25,2,시편 25:2,"나의 하나님이여, 내가 주께 의지하였사오니 나로 부끄럽지 않게하시고 나의 원수로 나를 이기어 개가를 부르지 못하게 하소서"
시편,25,3,시편 25:3,주를 바라는 자는 수치를 당하지 아니하려니와 무고히 속이는 자는 수치를 당하리이다
시편,25,4,시편 25:4,"여호와여, 주의 도를 내게 보이시고 주의 길을 내게 가르치소서"
시편,25,5,시편 25:5,주의 진리로 나를 지도하시고 교훈하소서 주는 내 구원의 하나님이시니 내가 종일 주를 바라나이다
시편,25,6,시편 25:6,"여호와여, 주의 긍휼하심과 인자하심이 영원부터 있었사오니 주여, 이것을 기억하옵소서"
시편,25,7,시편 25:7,"여호와여, 내 소시의 죄와 허물을 기억지 마시고 주의 인자하심을 따라 나를 기억하시되 주의 선하심을 인하여 하옵소서"
시편,25,8,시편 25:8,여호와는 선하시고 정직하시니 그러므로 그 도로 죄인을 교훈하시리로다
시편,25,9,시편 25:9,온유한 자를 공의로 지도하심이여 온유한 자에게 그 도를 가르치시리로다
시편,25,10,시편 25:10,여호와의 모든 길은 그 언약과 증거를 지키는 자에게 인자와 진리로다
시편,25,11,시편 25:11,"여호와여, 나의 죄악이 중대하오니 주의 이름을 인하여 사하소서"
시편,25,12,시편 25:12,여호와를 경외하는 자 누구뇨 ? 그 택할 길을 저에게 가르치시리로다
시편,25,13,시편 25:13,저의 영혼은 평안히 거하고 그 자손은 땅을 상속하리로다
시편,25,14,시편 25:14,여호와의 친밀함이 경외하는 자에게 있음이여 그 언약을 저희에게 보이시리로다
시편,25,15,시편 25:15,내 눈이 항상 여호와를 앙망함은 내 발을 그물에서 벗어나게 하실 것임이로다
시편,25,16,시편 25:16,"주여, 나는 외롭고 괴롭사오니 내게 돌이키사 나를 긍휼히 여기소서"
시편,25,17,시편 25:17,내 마음의 근심이 많사오니 나를 곤난에서 끌어 내소서
시편,25,18,시편 25:18,나의 곤고와 환난을 보시고 내 모든 죄를 사하소서
시편,25,19,시편 25:19,내 원수를 보소서 저희가 많고 나를 심히 미워함이니이다
시편,25,20,시편 25:20,내 영혼을 지켜 나를 구원하소서 내가 주께 피하오니 수치를 당치 말게 하소서
시편,25,21,시편 25:21,내가 주를 바라오니 성실과 정직으로 나를 보호하소서
시편,25,22,시편 25:22,"하나님이여, 이스라엘을 그 모든 환난에서 구속하소서"
시편,26,1,시편 26:1,"내가 나의 완전함에 행하였사오며 요동치 아니하고 여호와를 의지하였사오니 여호와여, 나를 판단하소서"
시편,26,2,시편 26:2,"여호와여, 나를 살피시고 시험하사 내 뜻과 내 마음을 단련하소서"
시편,26,3,시편 26:3,주의 인자하심이 내 목전에 있나이다 내가 주의 진리 중에 행하여
시편,26,4,시편 26:4,허망한 사람과 같이 앉지 아니하였사오니 간사한 자와 동행치도 아니하리이다
시편,26,6,시편 26:6,"여호와여, 내가 무죄하므로 손을 씻고 주의 단에 두루 다니며"
시편,26,7,시편 26:7,감사의 소리를 들리고 주의 기이한 모든 일을 이르리이다
시편,26,8,시편 26:8,"여호와여, 내가 주의 계신 집과 주의 영광이 거하는 곳을 사랑하오니"
시편,26,11,시편 26:11,나는 나의 완전함에 행하오리니 나를 구속하시고 긍휼히 여기소서
시편,26,12,시편 26:12,내 발이 평탄한 데 섰사오니 회중에서 여호와를 송축하리이다
시편,27,1,시편 27:1,여호와는 나의 빛이요 나의 구원이시니 내가 누구를 두려워하리요 여호와는 내 생명의 능력이시니 내가 누구를 무서워하리요
시편,27,4,시편 27:4,내가 여호와께 청하였던 한 가지 일 곧 그것을 구하리니 곧 나로 내 생전에 여호와의 집에 거하여 여호와의 아름다움을 앙망하며 그 전에서 사모하게 하실 것이라
시편,27,5,시편 27:5,여호와께서 환난 날에 나를 그 초막 속에 비밀히 지키시고 그 장막 은밀한 곳에 나를 숨기시며 바위 위에 높이 두시리로다
시편,27,6,시편 27:6,이제 내 머리가 나를 두른 내 원수 위에 들리리니 내가 그 장막에서 즐거운 제사를 드리겠고 노래하여 여호와를 찬송하리로다 !
시편,27,7,시편 27:7,"여호와여, 내가 소리로 부르짖을 때에 들으시고 또한 나를 긍휼히 여기사 응답하소서"
시편,27,9,시편 27:9,"주의 얼굴을 내게서 숨기지 마시고 주의 종을 노하여 버리지 마소서 주는 나의 도움이 되셨나이다 나의 구원의 하나님이시여, 나를 버리지 말고 떠나지 마옵소서"
시편,27,10,시편 27:10,내 부모는 나를 버렸으나 여호와는 나를 영접하시리이다
시편,27,11,시편 27:11,"여호와여, 주의 길로 나를 가르치시고 내 원수를 인하여 평탄한 길로 인도하소서"
시편,27,13,시편 27:13,내가 산 자의 땅에 있음이여 여호와의 은혜 볼 것을 믿었도다
시편,27,14,시편 27:14,너는 여호와를 바랄지어다 ! 강하고 담대하며 여호와를 바랄지어다 !
시편,28,2,시편 28:2,내가 주의 성소를 향하여 나의 손을 들고 주께 부르짖을 때에 나의 간구하는 소리를 들으소서
시편,28,6,시편 28:6,"여호와를 찬송함이여, 내 간구하는 소리를 들으심이로다"
시편,28,7,시편 28:7,여호와는 나의 힘과 나의 방패시니 내 마음이 저를 의지하여 도움을 얻었도다 그러므로 내 마음이 크게 기뻐하며 내 노래로 저를 찬송하리로다
시편,28,8,시편 28:8,여호와는 저희의 힘이시요 그 기름 부음 받은 자의 구원의 산성이시로다
시편,28,9,시편 28:9,주의 백성을 구원하시며 주의 산업에 복을 주시고 또 저희의 목자가 되사 영원토록 드십소서
시편,29,1,시편 29:1,너희 권능 있는 자들아 ! 영광과 능력을 여호와께 돌리고 돌릴지어다
시편,29,2,시편 29:2,여호와의 이름에 합당한 영광을 돌리며 거룩한 옷을 입고 여호와께 경배할지어다 !
시편,29,3,시편 29:3,여호와의 소리가 물 위에 있도다 영광의 하나님이 뇌성을 발하시니 여호와는 많은 물 위에 계시도다
시편,29,4,시편 29:4,여호와의 소리가 힘 있음이여 여호와의 소리가 위엄차도다
시편,29,5,시편 29:5,여호와의 소리가 백향목을 꺽으심이여 여호와께서 레바논 백향목을 꺽어 부수시도다
시편,29,6,시편 29:6,그 나무를 송아지 같이 뛰게 하심이여 레바논과 시룐으로 들송아지 같이 뛰게 하시도다
시편,29,7,시편 29:7,여호와의 소리가 화염을 가르시도다
시편,29,8,시편 29:8,여호와의 소리가 광야를 진동하심이여 여호와께서 가데스 광야를 진동하시도다
시편,29,9,시편 29:9,여호와의 소리가 암사슴으로 낙태케 하시고 삼림을 말갛게 벗기시니 그 전에서 모든 것이 말하기를 영광이라 하도다
시편,29,10,시편 29:10,여호와께서 홍수 때에 좌정하셨음이여 여호와께서 영영토록 왕으로 좌정하시도다
시편,29,11,시편 29:11,여호와께서 자기 백성에게 힘을 주심이여 여호와께서 자기 백성에게 평강의 복을 주시리로다
시편,30,1,시편 30:1,"여호와여, 내가 주를 높일 것은 주께서 나를 끌어 내사 내 대적으로 나를 인하여 기뻐하지 못하게 하심이니이다"
시편,30,2,시편 30:2,"여호와 내 하나님이여, 내가 주께 부르짖으매 나를 고치셨나이다"
시편,30,3,시편 30:3,"여호와여, 주께서 내 영혼을 음부에서 끌어내어 나를 살리사 무덤으로 내려가지 않게 하셨나이다"
시편,30,4,시편 30:4,주의 성도들아 ! 여호와를 찬송하며 그 거룩한 이름에 감사할지어다
시편,30,5,시편 30:5,그 노염은 잠간이요 그 은총은 평생이로다 저녁에는 울음이 기숙할지라도 아침에는 기쁨이 오리로다
시편,30,6,시편 30:6,내가 형통할 때에 말하기를 영영히 요동치 아니하리라 하였도다
시편,30,7,시편 30:7,여호와께서 주의 은혜로 내 산을 굳게 세우셨더니 주의 얼굴을 가리우시매 내가 근심하였나이다
시편,30,10,시편 30:10,"여호와여, 들으시고 나를 긍휼히 여기소서 여호와여, 나의 돕는 자가 되소서 하였나이다"
시편,30,11,시편 30:11,주께서 나의 슬픔을 변하여 춤이 되게 하시며 나의 베옷을 벗기고 기쁨으로 띠 띠우셨나이다
시편,31,1,시편 31:1,"여호와여, 내가 주께 피하오니 나로 영원히 부끄럽게 마시고 주의 의로 나를 건지소서"
시편,31,2,시편 31:2,내게 귀를 기울여 속히 건지시고 내게 견고한 바위와 구원하는 보장이 되소서
시편,31,3,시편 31:3,주는 나의 반석과 산성이시니 그러므로 주의 이름을 인하여 나를 인도하시고 지도하소서
시편,31,4,시편 31:4,저희가 나를 위하여 비밀히 친 그물에서 빼어내소서 주는 나의 산성이시니이다
시편,31,5,시편 31:5,"내가 나의 영을 주의 손에 부탁하나이다 진리의 하나님 여호와여, 나를 구속하셨나이다"
시편,31,7,시편 31:7,내가 주의 인자하심을 기뻐하며 즐거워할 것은 주께서 나의 곤란을 감찰하사 환난 중에 있는 내 영혼을 아셨고
시편,31,8,시편 31:8,나를 대적의 수중에 금고치 아니하셨고 내 발을 넓은 곳에 세우셨음이니이다
시편,31,14,시편 31:14,여호와여 그러하여도 나는 주께 의지하고 말하기를 주는 내 하나님이시라 하였나이다
시편,31,15,시편 31:15,내 시대가 주의 손에 있사오니 내 원수와 핍박하는 자의 손에서 나를 건지소서
시편,31,16,시편 31:16,주의 얼굴을 주의 종에게 비취시고 주의 인자하심으로 나를 구원하소서
시편,31,19,시편 31:19,주를 두려워하는 자를 위하여 쌓아 두신 은혜 곧 인생 앞에서 주께 피하는 자를 위하여 베푸신 은혜가 어찌 그리 큰지요
시편,31,20,시편 31:20,주께서 저희를 주의 은밀한 곳에 숨기사 사람의 꾀에서 벗어나게 하시고 비밀히 장막에 감추사 구설의 다툼에서 면하게 하시리이다
시편,31,21,시편 31:21,여호와를 찬송할지어다 ! 견고한 성에서 그 기이한 인자를 내게 보이셨음이로다
시편,31,22,시편 31:22,내가 경겁한 중에 말하기를 주의 목전에서 끊어졌다 하였사오나 내가 주께 부르짖을 때에 주께서 나의 간구하는 소리를 들으셨나이다
시편,31,23,시편 31:23,너희 모든 성도들아 여호와를 사랑하라 ! 여호와께서 성실한 자를 보호하시고 교만히 행하는 자에게 엄중히 갚으시느니라
시편,31,24,시편 31:24,강하고 담대하라 여호와를 바라는 너희들아 !
시편,32,1,시편 32:1,허물의 사함을 얻고 그 죄의 가리움을 받은 자는 복이 있도다
시편,32,2,시편 32:2,마음에 간사가 없고 여호와께 정죄를 당치 않은 자는 복이 있도다
시편,32,3,시편 32:3,내가 토설치 아니할 때에 종일 신음하므로 내 뼈가 쇠하였도다
시편,32,4,시편 32:4,주의 손이 주야로 나를 누르시오니 내 진액이 화하여 여름 가물에 마름 같이 되었나이다
시편,32,5,시편 32:5,내가 이르기를 내 허물을 여호와께 자복하리라 하고 주께 내 죄를 아뢰고 내 죄악을 숨기지 아니하였더니 곧 주께서 내 죄의 악을 사하셨나이다
시편,32,6,시편 32:6,이로 인하여 무릇 경건한 자는 주를 만날 기회를 타서 주께 기도할지라 진실로 홍수가 범람할지라도 저에게 미치지 못하리이다
시편,32,7,시편 32:7,주는 나의 은신처이오니 환난에서 나를 보호하시고 구원의 노래로 나를 에우시리이다
시편,32,8,시편 32:8,내가 너의 갈 길을 가르쳐 보이고 너를 주목하여 훈계하리로다
시편,32,9,시편 32:9,너희는 무지한 말이나 노새 같이 되지 말지어다 그것들은 자갈과 굴레로 단속하지 아니하면 너희에게 가까이 오지 아니하리로다
시편,32,10,시편 32:10,악인에게는 많은 슬픔이 있으나 여호와를 신뢰하는 자에게는 인자하심이 두르리로다
시편,32,11,시편 32:11,너희 의인들아 여호와를 기뻐하며 즐거워 할지어다 ! 마음이 정직한 너희들아 다 즐거이 외칠지어다
시편,33,2,시편 33:2,수금으로 여호와께 감사하고 열 줄 비파로 찬송할지어다
시편,33,3,시편 33:3,새 노래로 그를 노래하며 즐거운 소리로 공교히 연주할찌어다
시편,33,4,시편 33:4,여호와의 말씀은 정직하며 그 행사는 다 진실하시도다
시편,33,5,시편 33:5,"저는 정의와 공의를 사랑하심이여, 세상에 여호와의 인자하심이 충만하도다"
시편,33,6,시편 33:6,여호와의 말씀으로 하늘이 지음이 되었으며 그 만상이 그 입기운으로 이루었도다
시편,33,8,시편 33:8,온 땅은 여호와를 두려워 하며 세계의 모든 거민은 그를 경외할지어다
시편,33,11,시편 33:11,여호와의 도모는 영영히 서고 그 심사는 대대에 이르리로다
시편,33,12,시편 33:12,여호와로 자기 하나님을 삼은 나라 곧 하나님의 기업으로 빼신 바 된 백성은 복이 있도다
시편,33,13,시편 33:13,여호와께서 하늘에서 감찰하사 모든 인생을 보심이여
시편,33,15,시편 33:15,저는 일반의 마음을 지으시며 저희 모든 행사를 감찰하시는 자로다
시편,33,16,시편 33:16,많은 군대로 구원 얻은 왕이 없으며 용사가 힘이 커도 스스로 구하지 못하는도다
시편,33,17,시편 33:17,구원함에 말은 헛것임이여 그 큰 힘으로 구하지 못하는도다
시편,33,18,시편 33:18,여호와는 그 경외하는 자 곧 그 인자하심을 바라는 자를 살피사
시편,33,19,시편 33:19,저희 영혼을 사망에서 건지시며 저희를 기근시에 살게 하시는도다
시편,33,20,시편 33:20,"우리 영혼이 여호와를 바람이여, 저는 우리의 도움과 방패시로다"
시편,33,21,시편 33:21,우리 마음이 저를 즐거워함이여 우리가 그 성호를 의지한 연고로다
시편,33,22,시편 33:22,"여호와여, 우리가 주께 바라는 대로 주의 인자하심을 우리에게 베푸소서"
시편,34,1,시편 34:1,"내가 여호와를 항상 송축함이여, 그를 송축함이 내 입에 계속하리로다"
시편,34,2,시편 34:2,내 영혼이 여호와로 자랑하리니 곤고한 자가 이를 듣고 기뻐하리로다
시편,34,3,시편 34:3,나와 함께 여호와를 광대하시다 하며 함께 그 이름을 높이세
시편,34,4,시편 34:4,내가 여호와께 구하매 내게 응답하시고 내 모든 두려움에서 나를 건지셨도다
시편,34,5,시편 34:5,저희가 주를 앙망하고 광채를 입었으니 그 얼굴이 영영히 부끄럽지 아니하리로다
시편,34,6,시편 34:6,이 곤고한 자가 부르짖으매 여호와께서 들으시고 그 모든 환난에서 구원하셨도다
시편,34,7,시편 34:7,여호와의 사자가 주를 경외하는 자를 둘러 진치고 저희를 건지시는도다
시편,34,8,시편 34:8,너희는 여호와의 선하심을 맛보아 알지어다 ! 그에게 피하는 자는 복이 있도다
시편,34,9,시편 34:9,너희 성도들아 여호와를 경외하라 ! 저를 경외하는 자에게는 부족함이 없도다
시편,34,10,시편 34:10,젊은 사자는 궁핍하여 주릴지라도 여호와를 찾는 자는 모든 좋은 것에 부족함이 없으리로다
시편,34,11,시편 34:11,너희 소자들아 와서 내게 들으라 내가 여호와를 경외함을 너희에게 가르치리로다
시편,34,12,시편 34:12,생명을 사모하고 장수하여 복 받기를 원하는 사람이 누구뇨
시편,34,13,시편 34:13,네 혀를 악에서 금하며 네 입술을 궤사한 말에서 금할지어다
시편,34,14,시편 34:14,악을 버리고 선을 행하며 화평을 찾아 따를지어다
시편,34,15,시편 34:15,여호와의 눈은 의인을 향하시고 그 귀는 저희 부르짖음에 기울이시는도다
시편,34,17,시편 34:17,의인이 외치매 여호와께서 들으시고 저희의 모든 환난에서 건지셨도다
시편,34,18,시편 34:18,여호와는 마음이 상한 자에게 가까이 하시고 중심에 통회하는 자를 구원하시는도다
시편,34,19,시편 34:19,의인은 고난이 많으나 여호와께서 그 모든 고난에서 건지시는도다
시편,34,20,시편 34:20,그 모든 뼈를 보호하심이여 그 중에 하나도 꺽이지 아니하도다
시편,34,22,시편 34:22,여호와께서 그 종들의 영혼을 구속하시나니 저에게 피하는 자는 다 죄를 받지 아니하리로다
시편,35,9,시편 35:9,내 영혼이 여호와를 즐거워함이여 그 구원을 기뻐하리로다
시편,35,10,시편 35:10,내 모든 뼈가 이르기를 여호와와 같은 자 누구리요 그는 가난한 자를 그보다 강한 자에게서 건지시고 가난하고 궁핍한 자를 노략하는 자에게서 건지시는 이라 하리로다
시편,35,13,시편 35:13,나는 저희가 병 들었을 떼에 굵은 베옷을 입으며 금식하여 내 영혼을 괴롭게 하였더니 내 기도가 내 품으로 돌아왔도다
시편,35,14,시편 35:14,내가 나의 친구와 형제에게 행함 같이 저희에게 행하였으며 내가 굽히고 슬퍼하기를 모친을 곡함 같이 하였도다
시편,35,15,시편 35:15,오직 내가 환난을 당하매 저희가 기뻐하여 서로 모임이여 비류가 나의 알지 못하는 중에 모여 나를 치며 찢기를 마지 아니하도다
시편,35,16,시편 35:16,저희는 연회에서 망령되이 조롱하는 자 같이 나를 향하여 그 이를 갈도다
시편,35,17,시편 35:17,주여 어느 때까지 관망하시리이까 ? 내 영혼을 저 멸망자에게서 구원하시며 내 유일한 것을 사자들에게서 건지소서
시편,35,18,시편 35:18,내가 대회 중에서 주께 감사하며 많은 백성 중에서 주를 찬송하리이다
시편,35,19,시편 35:19,무리하게 나의 원수된 자로 나를 인하여 기뻐하지 못하게 하시며 무고히 나를 미워하는 자로 눈짓하지 못하게 하소서
시편,35,21,시편 35:21,"또 저희가 나를 향하여 입을 크게 벌리고 하하, 우리가 목도하였다 하나이다"
시편,35,22,시편 35:22,"여호와여, 주께서 이를 보셨사오니 잠잠하지 마옵소서 주여, 나를 멀리하지 마옵소서"
시편,35,23,시편 35:23,"나의 하나님 나의 주여, 떨치고 깨셔서 나를 공판하시며 나의 송사를 다스리소서"
시편,35,24,시편 35:24,"여호와 나의 하나님이여, 주의 공의대로 나를 판단하사 저희로 나를 인하여 기뻐하지 못하게 하소서"
시편,35,25,시편 35:25,"저희로 그 마음에 이르기를 아하, 소원 성취하였다 하지 못하게 하시며 우리가 저를 삼켰다 하지 못하게 하소서"
시편,35,26,시편 35:26,나의 해를 기뻐하는 자들로 부끄러워 낭패하게 하시며 나를 향하여 자긍하는 자로 수치와 욕을 당케 하소서
시편,35,27,시편 35:27,나의 의를 즐거워하는 자로 기꺼이 부르고 즐겁게 하시며 그 종의 형통을 기뻐하시는 여호와는 광대하시다 하는 말을 저희로 항상 하게 하소서
시편,35,28,시편 35:28,나의 혀가 주의 의를 말하며 종일토록 주를 찬송하리이다
시편,36,1,시편 36:1,악인의 죄얼이 내 마음에 이르기를 그 목전에는 하나님을 두려워함이 없다 하니
시편,36,3,시편 36:3,그 입의 말은 죄악과 궤휼이라 지혜와 선행을 그쳤도다
시편,36,4,시편 36:4,저는 그 침상에서 죄악을 꾀하며 스스로 불선한 길에 서고 악을 싫어하지 아니하는도다
시편,36,5,시편 36:5,여호와여 주의 인자하심이 하늘에 있고 주의 성실하심이 공중에 사무쳤으며
시편,36,6,시편 36:6,주의 의는 하나님의 산들과 같고 주의 판단은 큰 바다와 일반이라 여호와여 주는 사람과 짐승을 보호하시나이다
시편,36,7,시편 36:7,하나님이여 주의 인자하심이 어찌 그리 보배로우신지요 인생이 주의 날개 그늘 아래 피하나이다
시편,36,8,시편 36:8,저희가 주의 집의 살찐 것으로 풍족할 것이라 주께서 주의 복락의 강수로 마시우시리이다
시편,36,9,시편 36:9,대저 생명의 원천이 주께 있사오니 주의 광명 중에 우리가 광명을 보리이다
시편,36,10,시편 36:10,주를 아는 자에게 주의 인자하심을 계속하시며 마음이 정직한 자에게 주의 의를 베푸소서
시편,36,11,시편 36:11,교만한 자의 발이 내게 미치지 못하게 하시며 악인의 손이 나를 쫓아내지 못하게 하소서
시편,37,1,시편 37:1,행악자를 인하여 불평하여 하지 말며 불의를 행하는 자를 투기하지 말지어다
시편,37,3,시편 37:3,여호와를 의뢰하여 선을 행하라 ! 땅에 거하여 그의 성실로 식물을 삼을지어다
시편,37,4,시편 37:4,또 여호와를 기뻐하라 ! 저가 네 마음의 소원을 이루어 주시리로다
시편,37,5,시편 37:5,너의 길을 여호와께 맡기라 ! 저를 의지하면 저가 이루시고
시편,37,6,시편 37:6,네 의를 빛같이 나타내시며 네 공의를 정오의 빛같이 하시리로다
시편,37,7,시편 37:7,여호와 앞에 잠잠하고 참아 기다리라 ! 자기 길이 형통하며 악한 꾀를 이루는 자를 인하여 불평하여 말지어다
시편,37,8,시편 37:8,분을 그치고 노를 버리라 불평하여 말라 행악에 치우칠 뿐이라
시편,37,11,시편 37:11,오직 온유한 자는 땅을 차지하며 풍부한 화평으로 즐기리로다
시편,37,16,시편 37:16,의인의 적은 소유가 많은 악인의 풍부함보다 승하도다
시편,37,17,시편 37:17,악인의 팔은 부러지나 의인은 여호와께서 붙드시는도다
시편,37,18,시편 37:18,여호와께서 완전한 자의 날을 아시니 저희 기업은 영원하리로다
시편,37,21,시편 37:21,악인은 꾸고 갚지 아니하나 의인은 은혜를 베풀고 주는도다
시편,37,23,시편 37:23,여호와께서 사람의 걸음을 정하시고 그 길을 기뻐하시나니
시편,37,24,시편 37:24,저는 넘어지나 아주 엎드러지지 아니함은 여호와께서 손으로 붙드심이로다
시편,37,25,시편 37:25,내가 어려서부터 늙기까지 의인이 버림을 당하거나 그 자손이 걸식함을 보지 못하였도다
시편,37,26,시편 37:26,저는 종일토록 은혜를 베풀고 꾸어 주니 그 자손이 복을 받는도다
시편,37,27,시편 37:27,악에서 떠나 선을 행하라 ! 그리하면 영영히 거하리니
시편,37,29,시편 37:29,의인이 땅을 차지함이여 거기 영영히 거하리로다
시편,37,30,시편 37:30,의인의 입은 지혜를 말하고 그 혀는 공의를 이르며
시편,37,31,시편 37:31,그 마음에는 하나님의 법이 있으니 그 걸음에 실족함이 없으리로다
시편,37,33,시편 37:33,여호와는 저를 그 손에 버려두지 아니하시고 재판 때에도 정죄치 아니하시리로다
시편,37,35,시편 37:35,내가 악인의 큰 세력을 본즉 그 본토에 선 푸른 나무의 무성함 같으나
시편,37,36,시편 37:36,사람이 지날 때에 저가 없어졌으니 내가 찾아도 발견치 못하였도다
시편,37,37,시편 37:37,완전한 사람을 살피고 정직한 자를 볼지어다 화평한 자의 결국은 평안이로다
시편,37,39,시편 37:39,의인의 구원은 여호와께 있으니 그는 환난 때에 저희 산성이시로다
시편,37,40,시편 37:40,여호와께서 저희를 도와 건지시되 악인에게서 건져 구원하심은 그를 의지한 연고로다
시편,38,9,시편 38:9,주여 나의 모든 소원이 주의 앞에 있사오며 나의 탄식이 주의 앞에 감추이지 아니하나이다
시편,38,14,시편 38:14,나는 듣지 못하는 자 같아서 입에는 변박함이 없나이다
시편,38,15,시편 38:15,여호와여 내가 주를 바랐사오니 내 주 하나님이 내게 응락하시리이다
시편,38,16,시편 38:16,내가 말하기를 두렵건대 저희가 내게 대하여 기뻐하며 내가 실족할 때에 나를 향하여 망자존대할까 하였나이다
시편,38,18,시편 38:18,내 죄악을 고하고 내 죄를 슬퍼함이니이다
시편,38,21,시편 38:21,여호와여 나를 버리지 마소서 나의 하나님이여 나를 멀리하지 마소서
시편,38,22,시편 38:22,속히 나를 도우소서 주 나의 구원이시여
시편,39,1,시편 39:1,내가 말하기를 나의 행위를 조심하여 내 혀로 범죄치 아니하리니 악인이 내 앞에 있을 때에 내가 내 입에 자갈을 먹이리라 하였도다
시편,39,7,시편 39:7,"주여, 내가 무엇을 바라리요 나의 소망은 주께 있나이다"
시편,39,9,시편 39:9,내가 잠잠하고 입을 열지 아니하옴은 주께서 이를 행하신 연고니이다
시편,39,12,시편 39:12,"여호와여, 나의 기도를 들으시며 나의 부르짖음에 귀를 기울이소서 내가 눈물 흘릴 때에 잠잠하지 마옵소서 대저 나는 주께 객이 되고 거류자가 됨이 나의 모든 열조 같으니이다"
시편,40,1,시편 40:1,내가 여호와를 기다리고 기다렸더니 귀를 기울이사 나의 부르짖음을 들으셨도다
시편,40,2,시편 40:2,나를 기가 막힐 웅덩이와 수렁에서 끌어 올리시고 내 발을 반석위에 두사 내 걸음을 견고케 하셨도다
시편,40,3,시편 40:3,새 노래 곧 우리 하나님께 올릴 찬송을 내 입에 두셨으니 많은 사람이 보고 두려워하여 여호와를 의지하리로다
시편,40,4,시편 40:4,여호와를 의지하고 교만한 자와 거짓에 치우치는 자를 돌아보지 아니하는 자는 복이 있도다
시편,40,5,시편 40:5,"여호와 나의 하나님이여, 주의 행하신 기적이 많고 우리를 향하신 주의 생각도 많도소이다 내가 들어 말하고자 하나 주의 앞에 베 풀 수도 없고 그 수를 셀 수도 없나이다"
시편,40,8,시편 40:8,"나의 하나님이여, 내가 주의 뜻 행하기를 즐기오니 주의 법이 나의 심중에 있나이다 하였나이다"
시편,40,9,시편 40:9,"내가 대회 중에서 의의 기쁜 소식을 전하였나이다 여호와여, 내가 내 입술을 닫지 아니할 줄을 주께서 아시나이다"
시편,40,10,시편 40:10,내가 주의 의를 내 심중에 숨기지 아니하고 주의 성실과 구원을 선포하였으며 내가 주의 인자와 진리를 대회 중에서 은휘치 아니하였나이다
시편,40,11,시편 40:11,"여호와여, 주의 긍휼을 내게 그치지 마시고 주의 인자와 진리로 나를 항상 보호하소서"
시편,40,16,시편 40:16,무릇 주를 찾는 자는 다 주로 즐거워하고 기뻐하게 하시며 주의 구원을 사랑하는 자는 항상 말하기를 여호와는 광대하시다 하게 하소서
시편,40,17,시편 40:17,"나는 가난하고 궁핍하오나 주께서는 나를 생각하시오니 주는 나의 도움이시요 건지시는 자시라 나의 하나님이여, 지체하지 마소서"
시편,41,1,시편 41:1,빈약한 자를 권고하는 자가 복이 있음이여 재앙의 날에 여호와께서 저를 건지시리로다
시편,41,2,시편 41:2,"여호와께서 저를 보호하사 살게 하시리니 저가 세상에서 복을 받을 것이라 주여, 저를 그 원수의 뜻에 맡기지 마소서"
시편,41,3,시편 41:3,여호와께서 쇠약한 병상에서 저를 붙드시고 저의 병중 그 자리를 다 고쳐 펴시나이다
시편,41,4,시편 41:4,"내가 말하기를 여호와여, 나를 긍휼히 여기소서 내가 주께 범죄하였사오니 내 영혼을 고치소서 하였나이다"
시편,41,10,시편 41:10,"그러하오나 주 여호와여, 나를 긍휼히 여기시고 일으키사 나로 저희에게 보복하게 하소서"
시편,41,11,시편 41:11,나의 원수가 승리치 못하므로 주께서 나를 기뻐하시는 줄을 내가 아나이다
시편,41,12,시편 41:12,주께서 나를 나의 완전한 중에 붙드시고 영영히 주의 앞에 세우시나이다
시편,41,13,시편 41:13,"여호와 이스라엘의 하나님을 영원부터 영원까지 찬송할지로다 ! 아멘, 아멘"
시편,42,1,시편 42:1,"하나님이여, 사슴이 시냇물을 찾기에 갈급함 같이 내 영혼이 주를 찾기에 갈급하니이다"
시편,42,2,시편 42:2,내 영혼이 하나님 곧 생존하시는 하나님을 갈망하나니 내가 어느때에 나아가서 하나님 앞에 뵈올꼬
시편,42,3,시편 42:3,사람들이 종일 나더러 하는 말이 네 하나님이 어디 있느뇨 ? 하니 내 눈물이 주야로 내 음식이 되었도다
시편,42,4,시편 42:4,내가 전에 성일을 지키는 무리와 동행하여 기쁨과 찬송의 소리를 발하며 저희를 하나님의 집으로 인도하였더니 이제 이 일을 기억하고 내 마음이 상하는도다
시편,42,5,시편 42:5,내 영혼아 ! 네가 어찌하여 낙망하며 어찌하여 내 속에서 불안하여 하는고 너는 하나님을 바라라 ! 그 얼굴의 도우심을 인하여 내가 오히려 찬송하리로다
시편,42,7,시편 42:7,주의 폭포 소리에 깊은 바다가 서로 부르며 주의 파도와 물결이 나를 엄몰하도소이다
시편,42,8,시편 42:8,낮에는 여호와께서 그 인자함을 베푸시고 밤에는 그 찬송이 내게 있어 생명의 하나님께 기도하리로다
시편,42,9,시편 42:9,내 반석이신 하나님께 말하기를 어찌하여 나를 잊으셨나이까 ? 내가 어찌하여 원수의 압제로 인하여 슬프게 다니나이까 하리로다
시편,42,11,시편 42:11,내 영혼아 ! 네가 어찌하여 낙망하며 어찌하여 내 속에서 불안하여 하는고 너는 하나님을 바라라 ! 나는 내 얼굴을 도우시는 내 하나님을 오히려 찬송하리로다
시편,43,2,시편 43:2,주는 나의 힘이 되신 하나님이시어늘 어찌하여 나를 버리셨나이까 ? 내가 어찌하여 원수의 압제로 인하여 슬프게 다니나이까 ?
시편,43,3,시편 43:3,주의 빛과 주의 진리를 보내어 나를 인도하사 주의 성산과 장막에 이르게 하소서
시편,43,5,시편 43:5,내 영혼아 ! 네가 어찌하여 낙망하며 어찌하여 내 속에서 불안하여 하는고 너는 하나님을 바라라 ! 나는 내 얼굴을 도우시는 내 하나님을 오히려 찬송하리로다
시편,44,1,시편 44:1,"하나님이여, 주께서 우리 열조의 날 곧 옛날에 행하신 일을 저희가 우리에게 이르매 우리 귀로 들었나이다"
시편,44,3,시편 44:3,저희가 자기 칼로 땅을 얻어 차지함이 아니요 저희 팔이 저희를 구원함도 아니라 오직 주의 오른손과 팔과 얼굴의 빛으로 하셨으니 주께서 저희를 기뻐하신 연고니이다
시편,44,4,시편 44:4,"하나님이여, 주는 나의 왕이시니 야곱에게 구원을 베푸소서"
시편,44,6,시편 44:6,나는 내 활을 의지하지 아니할 것이라 내 칼도 나를 구원치 못하리이다
시편,44,7,시편 44:7,오직 주께서 우리를 우리 대적에게서 구원하시고 우리를 미워하는 자로 수치를 당케 하셨나이다
시편,44,8,시편 44:8,우리가 종일 하나님으로 자랑하였나이다 우리가 하나님의 이름을 영영히 감사하리이다
시편,44,17,시편 44:17,이 모든 일이 우리에게 임하였으나 우리가 주를 잊지 아니하며 주의 언약을 어기지 아니하였나이다
시편,44,18,시편 44:18,우리 마음이 퇴축지 아니하고 우리 걸음도 주의 길을 떠나지 아니하였으나
시편,44,20,시편 44:20,우리가 우리 하나님의 이름을 잊어버렸거나 우리 손을 이방 신에게 향하여 폈더면
시편,44,21,시편 44:21,하나님이 이를 더듬어 내지 아니하셨으리이까 ? 대저 주는 마음의 비밀을 아시나이다
시편,44,26,시편 44:26,일어나 우리를 도우소서 주의 인자하심을 인하여 우리를 구속하소서
시편,45,1,시편 45:1,내 마음에서 좋은 말이 넘쳐 왕에 대하여 지은 것을 말하리니 내 혀는 필객의 붓과 같도다
시편,45,2,시편 45:2,왕은 인생보다 아름다와 은혜를 입술에 머금으니 그러므로 하나님이 왕에게 영영히 복을 주시도다
시편,45,3,시편 45:3,"능한 자여, 칼을 허리에 차고 왕의 영화와 위엄을 입으소서"
시편,45,4,시편 45:4,왕은 진리와 온유와 공의를 위하여 위엄있게 타고 승전하소서 왕의 오른손이 왕에게 두려운 일을 가르치리이다
시편,45,5,시편 45:5,왕의 살이 날카로와 왕의 원수의 염통을 뚫으니 만민이 왕의 앞에 엎드러지는도다
시편,45,6,시편 45:6,"하나님이여, 주의 보좌가 영영하며 주의 나라의 홀은 공평한 홀이니이다"
시편,45,7,시편 45:7,왕이 정의를 사랑하고 악을 미워하시니 그러므로 하나님 곧 왕의 하나님이 즐거움의 기름으로 왕에게 부어 왕의 동류보다 승하게 하셨나이다
시편,45,8,시편 45:8,왕의 모든 옷은 몰약과 침향과 육계의 향기가 있으며 상아궁에서 나오는 현악은 왕을 즐겁게 하도다
시편,45,9,시편 45:9,왕의 귀비 중에는 열왕의 딸이 있으며 왕후는 오빌의 금으로 꾸미고 왕의 우편에 서도다
시편,45,10,시편 45:10,"딸이여, 듣고 생각하고 귀를 기울일지어다 네 백성과 아비 집을 잊어버릴지어다"
시편,45,11,시편 45:11,그러하면 왕이 너의 아름다움을 사모하실지라 저는 너의 주시니 너는 저를 경배할지어다 !
시편,45,12,시편 45:12,두로의 딸이 예물을 드리고 백성 중 부한 자도 네 은혜를 구하리로다
시편,45,13,시편 45:13,왕의 딸이 궁중에서 모든 영화를 누리니 그 옷은 금으로 수 놓았도다
시편,45,14,시편 45:14,수 놓은 옷을 입은 저가 왕께로 인도함을 받으며 시종하는 동무 처녀들도 왕께로 이끌려 갈 것이라
시편,45,16,시편 45:16,왕의 아들들이 왕의 열조를 계승할 것이라 왕이 저희로 온 세계의 군왕을 삼으리로다
시편,45,17,시편 45:17,내가 왕의 이름을 만세에 기억케 하리니 그러므로 만민이 왕을 영영히 찬송하리로다
시편,46,1,시편 46:1,하나님은 우리의 피난처시요 힘이시니 환난 중에 만날 큰 도움이시라
시편,46,2,시편 46:2,그러므로 땅이 변하든지 산이 흔들려 바다 가운데 빠지든지
시편,46,3,시편 46:3,바닷물이 흉용하고 뛰놀든지 그것이 넘침으로 산이 요동할지라도 우리는 두려워 아니하리로다
시편,46,4,시편 46:4,한 시내가 있어 나뉘어 흘러 하나님의 성 곧 지극히 높으신 자의 장막의 성소를 기쁘게 하도다
시편,46,5,시편 46:5,하나님이 그 성중에 거하시매 그 성이 요동치 아니할 것이라 새벽에 하나님이 도우시리로다 !
시편,46,6,시편 46:6,이방이 훤화하며 왕국이 동하였더니 저가 소리를 발하시매 땅이 녹았도다
시편,46,7,시편 46:7,만군의 여호와께서 우리와 함께 하시니 야곱의 하나님은 우리의 피난처시로다
시편,46,8,시편 46:8,와서 여호와의 행적을 볼찌어다 땅을 황무케 하셨도다
시편,46,10,시편 46:10,이르시기를 너희는 가만히 있어 내가 하나님 됨을 알찌어다 ! 내가 열방과 세계중에서 높임을 받으리라 하시도다
시편,46,11,시편 46:11,만군의 여호와께서 우리와 함께 하시리니 야곱의 하나님은 우리의 피난처시로다
시편,47,1,시편 47:1,너희 만민들아 손바닥을 치고 즐거운 소리로 하나님께 외칠지어다 !
시편,47,2,시편 47:2,지존하신 여호와는 엄위하시고 온땅에 큰 임군이 되심이로다
시편,47,3,시편 47:3,여호와께서 만민을 우리에게 열방을 우리 발아래 복종케하시며
시편,47,4,시편 47:4,우리를 위하여 기업을 택하시나니 곧 사랑하신 야곱의 영화로다
시편,47,5,시편 47:5,"하나님이 즐거이 부르는 중에 올라가심이여, 여호와께서 나팔소리 중에 올라가시도다"
시편,47,6,시편 47:6,찬양하라 ! 하나님을 찬양하라 ! 찬양하라 ! 우리 왕을 찬양하라 !
시편,47,7,시편 47:7,하나님은 온 땅의 왕이심이라 지혜의 시로 찬양할지어다
시편,47,8,시편 47:8,하나님이 열방을 치리하시며 하나님이 그 거룩한 보좌에 앉으셨도다
시편,48,1,시편 48:1,"여호와는 광대하시니 우리 하나님의 성, 거룩한 산에서 극진히 찬송하리로다"
시편,48,2,시편 48:2,터가 높고 아름다워 온 세계가 즐거워함이여 큰 왕의 성 곧 북방에 있는 시온산이 그러하도다
시편,48,3,시편 48:3,하나님이 그 여러 궁중에서 자기를 피난처로 알리셨도다
시편,48,4,시편 48:4,열왕이 모여 함께 지났음이여
시편,48,6,시편 48:6,거기서 떨림이 저희를 잡으니 고통이 해산하는 여인 같도다
시편,48,7,시편 48:7,주께서 동풍으로 다시스의 배를 깨뜨리시도다
시편,48,8,시편 48:8,"우리가 들은 대로 만군의 여호와의 성, 우리 하나님의 성에서 보았나니 하나님이 이를 영영히 견고케 하시리로다"
시편,48,9,시편 48:9,"하나님이여, 우리가 주의 전가운데서 주의 인자하심을 생각하였나이다"
시편,48,10,시편 48:10,"하나님이여, 주의 이름과 같이 찬송도 땅끝까지 미쳤으며 주의 오른손에는 정의가 충만하나이다"
시편,48,11,시편 48:11,주의 판단을 인하여 시온산은 기뻐하고 유다의 딸들은 즐거워 할지어다
시편,48,12,시편 48:12,너희는 시온을 편답하고 그것을 순행하며 그 망대들을 계수하라
시편,48,13,시편 48:13,그 성벽을 자세히 보고 그 궁전을 살펴서 후대에 전하라
시편,48,14,시편 48:14,이 하나님은 영영히 우리 하나님이시니 우리를 죽을 때까지 인도하시리로다
시편,49,1,시편 49:1,만민들아 이를 들어라 세상의 거민들아 귀를 기울이라
시편,49,2,시편 49:2,귀천 빈부를 물론하고 다 들을지어다
시편,49,3,시편 49:3,내 입은 지혜를 말하겠고 내 마음은 명철을 묵상하리로다
시편,49,4,시편 49:4,내가 비유에 내 귀를 기울이고 수금으로 나의 오묘한 말을 풀리로다
시편,49,5,시편 49:5,죄악이 나를 따라 에우는 환난의 날에 내가 어찌 두려워하랴
시편,49,6,시편 49:6,자기의 재물을 의지하고 풍부함으로 자긍하는 자는
시편,49,7,시편 49:7,아무도 결코 그 형제를 구속하지 못하며 저를 위하여 하나님께 속전을 바치지도 못할 것은
시편,49,8,시편 49:8,저희 생명의 구속이 너무 귀하며 영영히 못할 것임이라
시편,49,9,시편 49:9,저로 영존하여 썩음을 보지 않게 못하리니
시편,49,11,시편 49:11,저희의 속 생각에 그 집이 영영히 있고 그 거처가 대대에 미치리라 하여 그 전지를 자기 이름으로 칭하도다
시편,49,12,시편 49:12,사람은 존귀하나 장구치 못함이여 멸망하는 짐승같도다
시편,49,13,시편 49:13,저희의 이 행위는 저희의 우매함이나 후세 사람은 오히려 저희 말을 칭찬하리로다
시편,49,15,시편 49:15,하나님은 나를 영접하시리니 이러므로 내 영혼을 음부의 권세에서 구속하시리로다
시편,49,16,시편 49:16,사람이 치부하여 그 집 영광이 더할 때에 너는 두려워 말지어다
시편,49,20,시편 49:20,존귀에 처하나 깨닫지 못하는 사람은 멸망하는 짐승같도다
시편,50,1,시편 50:1,전능하신 자 하나님 여호와께서 말씀하사 해 돋는데서부터 지는 데까지 세상을 부르셨도다
시편,50,2,시편 50:2,온전히 아름다운 시온에서 하나님이 빛을 발하셨도다
시편,50,5,시편 50:5,이르시되 나의 성도를 너의 앞에 모으라 곧 제사로 나와 언약한 자니라 하시도다
시편,50,9,시편 50:9,내가 네 집에서 수소나 네 우리에서 수염소를 취치 아니하리니
시편,50,11,시편 50:11,산의 새들도 나의 아는 것이며 들의 짐승도 내 것임이로다
시편,50,12,시편 50:12,내가 가령 주려도 네게 이르지 않을 것은 세계와 거기 충만한 것이 내 것임이로다
시편,50,13,시편 50:13,내가 수소의 고기를 먹으며 염소의 피를 마시겠느냐 ?
시편,50,14,시편 50:14,감사로 하나님께 제사를 드리며 지극히 높으신 자에게 네 서원을 갚으며
시편,50,15,시편 50:15,환난 날에 나를 부르라 ! 내가 너를 건지리니 네가 나를 영화롭게 하리로다
시편,50,23,시편 50:23,감사로 제사를 드리는 자가 나를 영화롭게 하나니 그 행위를 옳게 하는 자에게 내가 하나님의 구원을 보이리라
시편,51,1,시편 51:1,"하나님이여, 주의 인자를 좇아 나를 긍휼히 여기시며 주의 많은 자비를 좇아 내 죄과를 도말하소서"
시편,51,2,시편 51:2,나의 죄악을 말갛게 씻기시며 나의 죄를 깨끗이 제하소서
시편,51,3,시편 51:3,대저 나는 내 죄과를 아오니 내 죄가 항상 내 앞에 있나이다
시편,51,4,시편 51:4,내가 주께만 범죄하여 주의 목전에 악을 행하였사오니 주께서 말씀하실 때에 의로우시다 하고 판단하실 때에 순전하시다 하리이다
시편,51,5,시편 51:5,내가 죄악 중에 출생하였음이여 모친이 죄중에 나를 잉태하였나이다
시편,51,6,시편 51:6,중심에 진실함을 주께서 원하시오니 내 속에 지혜를 알게 하시리이다
시편,51,7,시편 51:7,우슬초로 나를 정결케 하소서 내가 정하리이다 나를 씻기소서 내가 눈보다 희리이다
시편,51,8,시편 51:8,나로 즐겁고 기쁜 소리를 듣게 하사 주께서 꺾으신 뼈로 즐거워하게 하소서
시편,51,9,시편 51:9,주의 얼굴을 내 죄에서 돌이키시고 내 모든 죄악을 도말하소서
시편,51,10,시편 51:10,"하나님이여, 내 속에 정한 마음을 창조하시고 내 안에 정직한 영을 새롭게 하소서"
시편,51,11,시편 51:11,나를 주 앞에서 쫓아내지 마시며 주의 성신을 내게서 거두지 마소서
시편,51,12,시편 51:12,주의 구원의 즐거움을 내게 회복시키시고 자원하는 심령을 주사 나를 붙드소서
시편,51,13,시편 51:13,그러하면 내가 범죄자에게 주의 도를 가르치리니 죄인들이 주께 돌아오리이다
시편,51,15,시편 51:15,주여 내 입술을 열어 주소서 내 입이 주를 찬송하여 전파하리이다
시편,51,17,시편 51:17,"하나님의 구하시는 제사는 상한 심령이라 하나님이여, 상하고 통회하는 마음을 주께서 멸시치 아니하시리이다"
시편,51,18,시편 51:18,주의 은택으로 시온에 선을 행하시고 예루살렘 성을 쌓으소서
시편,52,1,시편 52:1,"강포한 자여, 네가 어찌하여 악한 계획을 스스로 자랑하는고 하나님의 인자하심은 항상 있도다"
시편,52,7,시편 52:7,이 사람은 하나님으로 자기 힘을 삼지 아니하고 오직 그 재물의 풍부함을 의지하며 제 악으로 스스로 든든케 하던 자라 하리로다
시편,52,8,시편 52:8,오직 나는 하나님의 집에 있는 푸른 감람나무 같음이여 하나님의 인자하심을 영영히 의지하리로다
시편,52,9,시편 52:9,주께서 이를 행하셨으므로 내가 영영히 주께 감사하고 주의 이름이 선함으로 주의 성도 앞에서 내가 주의 이름을 의지하리이다
시편,53,2,시편 53:2,하나님이 하늘에서 인생을 굽어 살피사 지각이 있는 자와 하나님을 찾는 자가 있는가 보려 하신즉
시편,53,6,시편 53:6,시온에서 이스라엘을 구원하여 줄 자 누구인고 하나님이 그 백성의 포로된 것을 돌이키실 때에 야곱이 즐거워하며 이스라엘이 기뻐하리로다
시편,54,1,시편 54:1,"하나님이여, 주의 이름으로 나를 구원하시고 주의 힘으로 나를 판단하소서"
시편,54,2,시편 54:2,"하나님이여, 내 기도를 들으시며 내 입의 말에 귀를 기울이소서"
시편,54,3,시편 54:3,외인이 일어나 나를 치며 강포한 자가 내 생명을 수색하며 하나님이 자기 앞에 두지 아니하였음이니이다
시편,54,4,시편 54:4,하나님은 나의 돕는 자시라 주께서 내 생명을 붙드는 자와 함께 하시나이다
시편,54,6,시편 54:6,"내가 낙헌제로 주께 제사하리이다 여호와여, 주의 이름에 감사하오리니 주의 이름이 선하심이니이다"
시편,54,7,시편 54:7,대저 주께서 모든 환난에서 나를 건지시고 내 원수가 보응 받는 것을 나로 목도케 하셨나이다
시편,55,1,시편 55:1,"하나님이여, 내 기도에 귀를 기울이시고 내가 간구할 때에 숨지 마소서"
시편,55,2,시편 55:2,내게 굽히사 응답하소서 ! 내가 근심으로 편치 못하여 탄식하오니
시편,55,8,시편 55:8,내가 피난처에 속히 가서 폭풍과 광풍을 피하리라 하였도다
시편,55,12,시편 55:12,나를 책망한 자가 원수가 아니라 원수일진대 내가 참았으리라 나를 대하여 자기를 높이는 자가 나를 미워하는 자가 아니라 미워하는 자일진대 내가 그를 피하여 숨었으리라
시편,55,14,시편 55:14,우리가 같이 재미롭게 의논하며 무리와 함께 하여 하나님의 집안에서 다녔도다
시편,55,16,시편 55:16,나는 하나님께 부르짖으리니 여호와께서 나를 구원하시리로다
시편,55,17,시편 55:17,저녁과 아침과 정오에 내가 근심하여 탄식하리니 여호와께서 내 소리를 들으시리로다
시편,55,18,시편 55:18,나를 대적하는 자 많더니 나를 치는 전쟁에서 저가 내 생명을 구속하사 평안하게 하셨도다
시편,55,19,시편 55:19,태고부터 계신 하나님이 들으시고 변치 아니하며 하나님을 경외치 아니하는 자에게 보응하시리로다
시편,55,22,시편 55:22,네 짐을 여호와께 맡겨 버리라 너를 붙드시고 의인의 요동함을 영영히 허락지 아니하시리로다
시편,56,1,시편 56:1,"하나님이여, 나를 긍휼히 여기소서 사람이 나를 삼키려고 종일 치며 압제하나이다"
시편,56,2,시편 56:2,나의 원수가 종일 나를 삼키려 하며 나를 교만히 치는 자 많사오니
시편,56,3,시편 56:3,내가 두려워하는 날에는 주를 의지하리이다
시편,56,4,시편 56:4,내가 하나님을 의지하고 그 말씀을 찬송하올지라 내가 하나님을 의지하였은즉 두려워 아니하리니 혈육있는 사람이 내게 어찌하리이까 ?
시편,56,8,시편 56:8,나의 유리함을 주께서 계수하셨으니 나의 눈물을 주의 병에 담으소서 ! 이것이 주의 책에 기록되지 아니하였나이까 ?
시편,56,9,시편 56:9,내가 아뢰는 날에 내 원수가 물러가리니 하나님이 나를 도우심인 줄 아나이다
시편,56,10,시편 56:10,내가 하나님을 의지하여 그 말씀을 찬송하며 여호와를 의지하여 그 말씀을 찬송하리이다
시편,56,11,시편 56:11,내가 하나님을 의지하였은즉 두려워 아니하리니 사람이 내게 어찌 하리이까 ?
시편,56,12,시편 56:12,"하나님이여, 내가 주께 서원함이 있사온즉 내가 감사제를 주께 드리리니"
시편,56,13,시편 56:13,주께서 내 생명을 사망에서 건지셨음이라 주께서 나로 하나님앞 생명의 빛에 다니게 하시려고 실족지 않게 하지 아니하셨나이까 ?
시편,57,1,시편 57:1,"하나님이여, 나를 긍휼히 여기시고 나를 긍휼히 여기소서 내 영혼이 주께로 피하되 주의 날개 그늘 아래서 이 재앙이 지나기까지 피하리이다"
시편,57,2,시편 57:2,"내가 지극히 높으신 하나님께 부르짖음이여, 곧 나를 위하여 모든 것을 이루시는 하나님께로다"
시편,57,3,시편 57:3,저가 하늘에서 보내사 나를 삼키려는 자의 비방에서 나를 구원하실지라 하나님이 그 인자와 진리를 보내시리로다
시편,57,5,시편 57:5,"하나님이여, 주는 하늘 위에 높이 들리시며 주의 영광은 온 세계 위에 높아지기를 원하나이다"
시편,57,7,시편 57:7,"하나님이여, 내 마음이 확정되었고 내 마음이 확정되었사오니 내가 노래하고 내가 찬송하리이다"
시편,57,8,시편 57:8,내 영광아 깰지어다 ! 비파야 수금아 깰지어다 ! 내가 새벽을 깨우리로다 !
시편,57,9,시편 57:9,"주여, 내가 만민 중에서 주께 감사하오며 열방 중에서 주를 찬송하리이다"
시편,57,10,시편 57:10,대저 주의 인자는 커서 하늘에 미치고 주의 진리는 궁창에 이르나이다
시편,57,11,시편 57:11,"하나님이여, 주는 하늘 위에 높이 들리시며 주의 영광은 온 세계위에 높아지기를 원하나이다"
시편,58,9,시편 58:9,가시나무 불이 가마를 더웁게 하기 전에 저가 생 것과 불붙는 것을 회리바람으로 제하여 버리시리로다
시편,59,1,시편 59:1,"나의 하나님이여, 내 원수에게서 나를 건지시고 일어나 치려는 자에게서 나를 높이 드소서"
시편,59,3,시편 59:3,저희가 나의 생명을 해하려고 엎드려 기다리고 강한 자가 모여 나를 치려 하오니 여호와여 이는 나의 범과를 인함이 아니요 나의 죄를 인함도 아니로소이다
시편,59,4,시편 59:4,"내가 허물이 없으나 저희가 달려와서 스스로 준비하오니 주여, 나를 도우시기 위하여 깨사 감찰하소서"
시편,59,9,시편 59:9,하나님은 나의 산성이시니 저의 힘을 인하여 내가 주를 바라리이다
시편,59,10,시편 59:10,나의 하나님이 그 인자하심으로 나를 영접하시며 내 원수의 보응받는 것을 나로 목도케 하시리이다
시편,59,16,시편 59:16,나는 주의 힘을 노래하며 아침에 주의 인자하심을 높이 부르오리니 주는 나의 산성이시며 나의 환난 날에 피난처심이니이다
시편,59,17,시편 59:17,"나의 힘이시여, 내가 주께 찬송하오리니 하나님은 나의 산성이시며 나를 긍휼히 여기시는 하나님이심이니이다"
시편,60,4,시편 60:4,주를 경외하는 자에게 기를 주시고 진리를 위하여 달게 하셨나이다
시편,60,5,시편 60:5,주의 사랑하시는 자를 건지시기 위하여 우리에게 응답하사 오른손으로 구원하소서
시편,60,6,시편 60:6,하나님이 그 거룩하심으로 말씀하시되 내가 뛰놀리라 내가 세겜을 나누며 숙곳 골짜기를 척량하리라
시편,60,11,시편 60:11,우리를 도와 대적을 치게 하소서 사람의 구원은 헛됨이니이다
시편,60,12,시편 60:12,우리가 하나님을 의지하고 용감히 행하리니 저는 우리의 대적을 밟으실 자심이로다
시편,61,1,시편 61:1,"하나님이여, 나의 부르짖음을 들으시며 내 기도에 유의하소서"
시편,61,2,시편 61:2,내 마음이 눌릴 때에 땅 끝에서부터 주께 부르짖으오리니 나보다 높은 바위에 나를 인도하소서
시편,61,3,시편 61:3,주는 나의 피난처시요 원수를 피하는 견고한 망대심이니이다
시편,61,4,시편 61:4,내가 영원히 주의 장막에 거하며 내가 주의 날개 밑에 피하리이다
시편,61,5,시편 61:5,"하나님이여, 내 서원을 들으시고 주의 이름을 경외하는 자의 얻을 기업을 내게 주셨나이다"
시편,61,6,시편 61:6,주께서 왕으로 장수케 하사 그 나이 여러 대에 미치게 하시리이다
시편,61,7,시편 61:7,저가 영원히 하나님 앞에 거하리니 인자와 진리를 예비하사 저를 보호하소서
시편,61,8,시편 61:8,그리하시면 내가 주의 이름을 영원히 찬양하며 매일 나의 서원을 이행하리이다
시편,62,1,시편 62:1,"나의 영혼이 잠잠히 하나님만 바람이여, 나의 구원이 그에게서 나는도다"
시편,62,2,시편 62:2,"오직 저만 나의 반석이시요, 나의 구원이시요, 나의 산성이시니 내가 크게 요동치 아니하리로다"
시편,62,3,시편 62:3,넘어지는 담과 흔들리는 울타리 같은 사람을 죽이려고 너희가 일제히 박격하기를 언제까지 하려느냐 ?
시편,62,5,시편 62:5,"나의 영혼아, 잠잠히 하나님만 바라라 ! 대저 나의 소망이 저로 좇아 나는도다"
시편,62,6,시편 62:6,오직 저만 나의 반석이시요 나의 구원이시요 나의 산성이시니 내가 요동치 아니하리로다
시편,62,7,시편 62:7,나의 구원과 영광이 하나님께 있음이여 내 힘의 반석과 피난처도 하나님께 있도다
시편,62,8,시편 62:8,백성들아 시시로 저를 의지하고 그 앞에 마음을 토하라 하나님은 우리의 피난처시로다
시편,62,9,시편 62:9,진실로 천한 자도 헛되고 높은 자도 거짓되니 저울에 달면 들려 입김보다 경하리로다
시편,62,10,시편 62:10,포학을 의지하지 말며 탈취한 것으로 허망하여지지 말며 재물이 늘어도 거기 치심치 말지어다
시편,62,11,시편 62:11,하나님이 한 두번 하신 말씀을 내가 들었나니 권능은 하나님께 속하였다 하셨도다
시편,62,12,시편 62:12,"주여, 인자함도 주께 속하였사오니 주께서 각 사람이 행한 대로 갚으심이니이다"
시편,63,1,시편 63:1,"하나님이여, 주는 나의 하나님이시라 내가 간절히 주를 찾되 물이 없어 마르고 곤핍한 땅에서 내 영혼이 주를 갈망하며 내 육체가 주를 앙모하나이다"
시편,63,2,시편 63:2,내가 주의 권능과 영광을 보려 하여 이와 같이 성소에서 주를 바라보았나이다
시편,63,3,시편 63:3,주의 인자가 생명보다 나으므로 내 입술이 주를 찬양할 것이라
시편,63,6,시편 63:6,내가 나의 침상에서 주를 기억하며 밤중에 주를 묵상할 때에 하오리니
시편,63,7,시편 63:7,주는 나의 도움이 되셨음이라 내가 주의 날개 그늘에서 즐거이 부르리이다
시편,63,11,시편 63:11,왕은 하나님을 즐거워하리니 주로 맹세한 자마다 자랑할 것이나 거짓말 하는 자의 입은 막히리로다
시편,64,1,시편 64:1,"하나님이여, 나의 근심하는 소리를 들으시고 원수의 두려움에서 나의 생명을 보존하소서"
시편,64,2,시편 64:2,주는 나를 숨기사 행악자의 비밀한 꾀에서와 죄악을 짓는 자의 요란에서 벗어나게 하소서
시편,64,9,시편 64:9,모든 사람이 두려워하여 하나님의 일을 선포하며 그 행하심을 깊이 생각하리로다
시편,64,10,시편 64:10,의인은 여호와를 인하여 즐거워하며 그에게 피하리니 마음이 정직한 자는 다 자랑하리로다
시편,65,1,시편 65:1,"하나님이여, 찬송이 시온에서 주를 기다리오며 사람이 서원을 주께 이행하리이다"
시편,65,2,시편 65:2,"기도를 들으시는 주여, 모든 육체가 주께 나아오리이다"
시편,65,3,시편 65:3,죄악이 나를 이기었사오니 우리의 죄과를 주께서 사하시리이다
시편,65,4,시편 65:4,주께서 택하시고 가까이 오게 하사 주의 뜰에 거하게 하신 사람은 복이 있나이다 우리가 주의 집 곧 주의 성전의 아름다움으로 만족하리이다
시편,65,5,시편 65:5,"우리 구원의 하나님이시여, 땅의 모든 끝과 먼 바다에 있는 자의 의지할 주께서 의를 좇아 엄위하신 일로 우리에게 응답하시리이 다"
시편,65,6,시편 65:6,주는 주의 힘으로 산을 세우시며 권능으로 띠를 띠시며
시편,65,7,시편 65:7,바다의 흉용과 물결의 요동과 만민의 훤화까지 진정하시나이다
시편,65,8,시편 65:8,땅 끝에 거하는 자가 주의 징조를 두려워하나이다 주께서 아침 되는 것과 저녁되는 것을 즐거워하게 하시며
시편,65,9,시편 65:9,땅을 권고하사 물을 대어 심히 윤택케 하시며 하나님의 강에 물이 가득하게 하시고 이 같이 땅을 예비하신 후에 저희에게 곡식 을 주시나이다
시편,65,10,시편 65:10,주께서 밭고랑에 물을 넉넉히 대사 그 이랑을 평평하게 하시며 또 단비로 부드럽게 하시고 그 싹에 복주시나이다
시편,65,11,시편 65:11,주의 은택으로 년사에 관 씌우시니 주의 길에는 기름이 떨어지며
시편,65,12,시편 65:12,들의 초장에도 떨어지니 작은 산들이 기쁨으로 띠를 띠었나이다
시편,65,13,시편 65:13,초장에는 양떼가 입혔고 골짜기에는 곡식이 덮였으매 저희가 다 즐거이 외치고 또 노래하나이다
시편,66,1,시편 66:1,"온 땅이여, 하나님께 즐거운 소리를 발할지어다"
시편,66,2,시편 66:2,그 이름의 영광을 찬양하고 영화롭게 찬송할지어다
시편,66,4,시편 66:4,온 땅이 주께 경배하고 주를 찬양하며 주의 이름을 찬양하리이다 할지어다
시편,66,5,시편 66:5,와서 하나님의 행하신 것을 보라 인생에게 행하심이 엄위하시도다
시편,66,6,시편 66:6,하나님이 바다를 변하여 육지되게 하셨으므로 무리가 도보로 강을 통과하고 우리가 거기서 주로 인하여 기뻐하였도다
시편,66,8,시편 66:8,만민들아 ! 우리 하나님을 송축하며 그 송축소리로 들리게 할찌어다
시편,66,9,시편 66:9,그는 우리 영혼을 살려 두시고 우리의 실족함을 허락지 아니하시는 주시로다
시편,66,10,시편 66:10,"하나님이여, 주께서 우리를 시험하시되 우리를 단련하시기를 은을 단련함 같이 하셨으며"
시편,66,12,시편 66:12,사람들로 우리 머리 위로 타고 가게 하셨나이다 우리가 불과 물을 통행하더니 주께서 우리를 끌어내사 풍부한 곳에 들이셨나이다
시편,66,16,시편 66:16,하나님을 두려워하는 너희들아 다 와서 들으라 하나님이 내 영혼을 위하여 행하신 일을 내가 선포하리로다
시편,66,17,시편 66:17,내가 내 입으로 그에게 부르짖으며 내 혀로 높이 찬송하였도다
시편,66,18,시편 66:18,내가 내 마음에 죄악을 품으면 주께서 듣지 아니하시리라
시편,66,19,시편 66:19,그러나 하나님이 실로 들으셨으며 내 기도 소리에 주의하셨도다
시편,66,20,시편 66:20,하나님을 찬송하리로다 ! 저가 내 기도를 물리치지 아니하시고 그 인자하심을 내게서 거두지도 아니하셨도다
시편,67,1,시편 67:1,하나님은 우리를 긍휼히 여기사 복을 주시고 그 얼굴 빛으로 우리에게 비취사
시편,67,2,시편 67:2,"주의 도를 땅 위에, 주의 구원을 만방 중에 알리소서"
시편,67,3,시편 67:3,"하나님이여, 민족들로 주를 찬송케 하시며 모든 민족으로 주를 찬송케 하소서"
시편,67,5,시편 67:5,"하나님이여, 민족들로 주를 찬송케 하시며 모든 민족으로 주를 찬송케 하소서"
시편,67,6,시편 67:6,땅이 그 소산을 내었도다 하나님 곧 우리 하나님이 우리에게 복을 주시리로다
시편,67,7,시편 67:7,하나님이 우리에게 복을 주시리니 땅의 모든 끝이 하나님을 경외하리로다
시편,68,3,시편 68:3,의인은 기뻐하여 하나님 앞에서 뛰놀며 기뻐하고 즐거워할지어다
시편,68,4,시편 68:4,하나님께 노래하며 그 이름을 찬양하라 타고 광야에 행하시던 자를 위하여 대로를 수축하라 그 이름은 여호와시니 그 앞에서 뛰놀지어다
시편,68,5,시편 68:5,그 거룩한 처소에 계신 하나님은 고아의 아버지시며 과부의 재판장이시라
시편,68,6,시편 68:6,하나님은 고독한 자로 가속 중에 처하게 하시며 수금된 자를 이끌어 내사 형통케 하시느니라 오직 거역하는 자의 거처는 메마른 땅이로다
시편,68,7,시편 68:7,"하나님이여, 주의 백성 앞에서 앞서 나가사 광야에 행진 하셨을 때에"
시편,68,9,시편 68:9,"하나님이여, 흡족한 비를 보내사 주의 산업이 곤핍할 때에 견고케 하셨고"
시편,68,10,시편 68:10,"주의 회중으로 그 가운데 거하게 하셨나이다 하나님이여, 가난한 자를 위하여 주의 은택을 준비하셨나이다"
시편,68,11,시편 68:11,주께서 말씀을 주시니 소식을 공포하는 여자가 큰 무리라
시편,68,13,시편 68:13,너희가 양우리에 누울 때에는 그 날개를 은으로 입히고 그 깃을 황금으로 입힌 비둘기 같도다
시편,68,14,시편 68:14,전능하신 자가 열왕을 그 중에서 흩으실 때에는 살몬에 눈이 날림 같도다
시편,68,15,시편 68:15,바산의 산은 하나님의 산임이여 바산의 산은 높은 산이로다
시편,68,16,시편 68:16,"너희 높은 산들아, 어찌하여 하나님이 거하시려 하는 산을 시기하여 보느뇨 진실로 여호와께서 이 산에 영영히 거하시리로다"
시편,68,18,시편 68:18,주께서 높은 곳으로 오르시며 사로잡은 자를 끌고 선물을 인간에게서 또는 패역자 중에서 받으시니 여호와 하나님이 저희와 함께 거하려 하심이로다
시편,68,19,시편 68:19,날마다 우리 짐을 지시는 주 곧 우리의 구원이신 하나님을 찬송할지로다 !
시편,68,22,시편 68:22,주께서 말씀하시기를 내가 저희를 바산에서 돌아오게 하며 바다 깊은 데서 도로 나오게 하고
시편,68,24,시편 68:24,"하나님이여, 저희가 주의 행차하심을 보았으니 곧 나의 하나님 나의 왕이 성소에 행차하시는 것이라"
시편,68,25,시편 68:25,소고 치는 동녀 중에 가객은 앞서고 악사는 뒤따르나이다
시편,68,26,시편 68:26,이스라엘의 근원에서 나온 너희여 대회 중에서 하나님 곧 주를 송축할지어다
시편,68,27,시편 68:27,거기는 저희 주관자 작은 베냐민과 유다의 방백과 그 무리와 스불론의 방백과 납달리의 방백이 있도다
시편,68,28,시편 68:28,"네 하나님이 네 힘을 명하셨도다 하나님이여, 우리를 위하여 행하신 것을 견고히 하소서"
시편,68,29,시편 68:29,예루살렘에 있는 주의 전을 위하여 왕들이 주께 예물을 드리리이다
시편,68,30,시편 68:30,갈밭의 들짐승과 수소의 무리와 만민의 송아지를 꾸짖으시고 은 조각을 발 아래 밟으소서 저가 전쟁을 즐기는 백성을 흩으셨도다
시편,68,32,시편 68:32,땅의 열방들아 하나님께 노래하고 주께 찬송할지어다
시편,68,33,시편 68:33,옛적 하늘들의 하늘을 타신 자에게 찬송하라 ! 주께서 그 소리를 발하시니 웅장한 소리로다
시편,68,34,시편 68:34,너희는 하나님께 능력을 돌릴지어다 ! 그 위엄이 이스라엘 위에 있고 그 능력이 하늘에 있도다
시편,68,35,시편 68:35,"하나님이여, 위엄을 성소에서 나타내시나이다 이스라엘의 하나님은 그 백성에게 힘과 능을 주시나니 하나님을 찬송할지어다 !"
시편,69,1,시편 69:1,"하나님이여, 나를 구원하소서 물들이 내 영혼까지 흘러들어 왔나이다"
시편,69,2,시편 69:2,내가 설 곳이 없는 깊은 수렁에 빠지며 깊은 물에 들어가니 큰 물이 내게 넘치나이다
시편,69,3,시편 69:3,내가 부르짖음으로 피곤하여 내 목이 마르며 내 하나님을 바람으로 내 눈이 쇠하였나이다
시편,69,4,시편 69:4,무고히 나를 미워하는 자가 내 머리털보다 많고 무리히 내 원수가 되어 나를 끊으려 하는 자가 강하였으니 내가 취치 아니한 것도 물어 주게 되었나이다
시편,69,5,시편 69:5,"하나님이여, 나의 우매함을 아시오니 내 죄가 주의 앞에서 숨김이 없나이다"
시편,69,6,시편 69:6,"만군의 주 여호와여, 주를 바라는 자로 나를 인하여 수치를 당케 마옵소서 이스라엘의 하나님이여 주를 찾는 자로 나를 인하여 욕을 당케 마옵소서"
시편,69,7,시편 69:7,내가 주를 위하여 훼방을 받았사오니 수치가 내 얼굴에 덮였나이다
시편,69,8,시편 69:8,내가 내 형제에게는 객이 되고 내 모친의 자녀에게는 외인이 되었나이다
시편,69,9,시편 69:9,주의 집을 위하는 열성이 나를 삼키고 주를 훼방하는 훼방이 내게 미쳤나이다
시편,69,10,시편 69:10,내가 곡하고 금식함으로 내 영혼을 경계하였더니 그것이 도리어 나의 욕이 되었으며
시편,69,11,시편 69:11,내가 굵은 베로 내 옷을 삼았더니 내가 저희의 말거리가 되었나이다
시편,69,12,시편 69:12,성문에 앉은 자가 나를 말하며 취한 무리가 나를 가져 노래 하나이다
시편,69,13,시편 69:13,"여호와여, 열납하시는 때에 나는 주께 기도하오니 하나님이여, 많은 인자와 구원의 진리로 내게 응답하소서"
시편,69,14,시편 69:14,나를 수렁에서 건지사 빠지지 말게 하시고 나를 미워하는 자에게서와 깊은 물에서 건지소서
시편,69,16,시편 69:16,"여호와여, 주의 인자하심이 선하시오니 내게 응답하시며 주의 많은 긍휼을 따라 내게로 돌이키소서"
시편,69,17,시편 69:17,주의 얼굴을 주의 종에게서 숨기지 마소서 내가 환난 중에 있사오니 속히 내게 응답하소서
시편,69,18,시편 69:18,내 영혼에게 가까이 하사 구속하시며 내 원수를 인하여 나를 속량 하소서
시편,69,19,시편 69:19,주께서 나의 훼방과 수치와 능욕을 아시나이다 내 대적이 다 주의 앞에 있나이다
시편,69,20,시편 69:20,훼방이 내 마음을 상하여 근심이 충만하니 긍휼히 여길 자를 바라나 없고 안위할 자를 바라나 찾지 못하였나이다
시편,69,26,시편 69:26,대저 저희가 주의 치신 자를 핍박하며 주께서 상케 하신 자의 슬픔을 말하였사오니
시편,69,29,시편 69:29,"오직 나는 가난하고 슬프오니 하나님이여, 주의 구원으로 나를 높이소서"
시편,69,30,시편 69:30,내가 노래로 하나님의 이름을 찬송하며 감사함으로 하나님을 광대하시다 하리니
시편,69,31,시편 69:31,이것이 소 곧 뿔과 굽이 있는 황소를 드림보다 여호와를 더욱 기쁘시게 함이 될 것이라
시편,69,32,시편 69:32,온유한 자가 이를 보고 기뻐하나니 하나님을 찾는 너희들아 ! 너희 마음을 소생케 할지어다
시편,69,33,시편 69:33,여호와는 궁핍한 자를 들으시며 자기를 인하여 수금된 자를 멸시치 아니하시나니
시편,69,34,시편 69:34,천지가 그를 찬송할 것이요 바다와 그 중의 모든 동물도 그리할지로다
시편,69,35,시편 69:35,하나님이 시온을 구원하시고 유다 성읍들을 건설하시리니 무리가 거기 거하여 소유를 삼으리로다
시편,69,36,시편 69:36,그 종들의 후손이 또한 이를 상속하고 그 이름을 사랑하는 자가 그 중에 거하리로다
시편,70,1,시편 70:1,"하나님이여, 속히 나를 건지소서 여호와여, 속히 나를 도우소서"
시편,70,4,시편 70:4,주를 찾는 모든 자로 주를 인하여 기뻐하고 즐거워하게 하시며 주의 구원을 사모하는 자로 항상 말하기를 하나님은 광대하시다 하게 하소서
시편,70,5,시편 70:5,"나는 가난하고 궁핍하오니 하나님이여, 속히 내게 임하소서 주는 나의 도움이시요 나를 건지시는 자시오니 여호와여, 지체치 마소서"
시편,71,1,시편 71:1,"여호와여, 내가 주께 피하오니 나로 영영히 수치를 당케 마소서"
시편,71,2,시편 71:2,주의 의로 나를 건지시며 나를 풀어주시며 주의 귀를 내게 기울이사 나를 구원하소서
시편,71,3,시편 71:3,주는 나의 무시로 피하여 거할 바위가 되소서 주께서 나를 구원하라 명하셨으니 이는 주께서 나의 반석이시요 나의 산성이심이니이다
시편,71,4,시편 71:4,"나의 하나님이여, 나를 악인의 손 곧 불의한 자와 흉악한 자의 장중에서 피하게 하소서"
시편,71,5,시편 71:5,"주 여호와여, 주는 나의 소망이시요 나의 어릴 때부터 의지시라"
시편,71,6,시편 71:6,내가 모태에서부터 주의 붙드신 바 되었으며 내 어미 배에서 주의 취하여 내신 바 되었사오니 나는 항상 주를 찬송하리이다 !
시편,71,7,시편 71:7,나는 무리에게 이상함이 되었사오나 주는 나의 견고한 피난처시오니
시편,71,8,시편 71:8,주를 찬송함과 주를 존숭함이 종일토록 내 입에 가득하리이다
시편,71,9,시편 71:9,나를 늙은 때에 버리지 마시며 내 힘이 쇠약한 때에 떠나지 마소서
시편,71,12,시편 71:12,"하나님이여, 나를 멀리 마소서 나의 하나님이여, 속히 나를 도우소서"
시편,71,14,시편 71:14,나는 항상 소망을 품고 주를 더욱 찬송하리이다
시편,71,15,시편 71:15,내가 측량할 수 없는 주의 의와 구원을 내 입으로 종일 전하리이다
시편,71,16,시편 71:16,내가 주 여호와의 능하신 행적을 가지고 오겠사오며 주의 의 곧 주의 의만 진술하겠나이다
시편,71,17,시편 71:17,"하나님이여, 나를 어려서부터 교훈하셨으므로 내가 지금까지 주의 기사를 전하였나이다"
시편,71,18,시편 71:18,"하나님이여, 내가 늙어 백수가 될 때에도 나를 버리지 마시며 내가 주의 힘을 후대에 전하고 주의 능을 장래 모든 사람에게 전하기까지 나를 버리지 마소서"
시편,71,19,시편 71:19,"하나님이여, 주의 의가 또한 지극히 높으시니이다 하나님이여, 주께서 대사를 행하셨사오니 누가 주와 같으리이까"
시편,71,21,시편 71:21,나를 더욱 창대하게 하시고 돌이키사 나를 위로하소서
시편,71,22,시편 71:22,"나의 하나님이여, 내가 또 비파를 주를 찬양하며 주의 성실을 찬양하리이다 이스라엘의 거룩하신 주여, 내가 수금으로 주를 찬양 하리이다"
시편,71,23,시편 71:23,내가 주를 찬양할 때에 내 입술이 기뻐 외치며 주께서 구속하신 내 영혼이 즐거워하리이다
시편,71,24,시편 71:24,내 혀도 종일토록 주의 의를 말씀하오리니 나를 모해하려 하던 자가 수치와 무안을 당함이니이다
시편,72,1,시편 72:1,"하나님이여, 주의 판단력을 왕에게 주시고 주의 의를 왕의 아들에게 주소서"
시편,72,2,시편 72:2,저가 주의 백성을 의로 판단하며 주의 가난한 자를 공의로 판단하리니
시편,72,3,시편 72:3,의로 인하여 산들이 백성에게 평강을 주며 작은 산들도 그리하리로다
시편,72,5,시편 72:5,저희가 해가 있을 동안에 주를 두려워하며 달이 있을 동안에 대대로 그리하리로다
시편,72,6,시편 72:6,저는 벤 풀에 내리는 비같이 땅을 적시는 소낙비 같이 임하리니
시편,72,7,시편 72:7,저의 날에 의인이 흥왕하여 평강의 풍성함이 달이 다할 때까지 이르리로다
시편,72,10,시편 72:10,다시스와 섬의 왕들이 공세를 바치며 스바와 시바 왕들이 예물을 드리리로다
시편,72,11,시편 72:11,만왕이 그 앞에 부복하며 열방이 다 그를 섬기리로다
시편,72,12,시편 72:12,저는 궁핍한 자의 부르짖을 때에 건지며 도움이 없는 가난한 자도 건지며
시편,72,14,시편 72:14,저희 생명을 압박과 강포에서 구속하리니 저희 피가 그 목전에 귀하리로다
시편,72,16,시편 72:16,산꼭대기의 땅에도 화곡이 풍성하고 그 열매가 레바논 같이 흔들리며 성에 있는 자가 땅의 풀같이 왕성하리로다
시편,72,17,시편 72:17,"그 이름이 영구함이여, 그 이름이 해와 같이 장구하리로다 사람들이 그로 인하여 복을 받으리니 열방이 다 그를 복되다 하리로다"
시편,73,1,시편 73:1,하나님이 참으로 이스라엘 중 마음이 정결한 자에게 선을 행하시나
시편,73,2,시편 73:2,나는 거의 실족할 뻔 하였고 내 걸음이 미끄러질 뻔 하였으니
시편,73,5,시편 73:5,타인과 같은 고난이 없고 타인과 같은 재앙도 없나니
시편,73,10,시편 73:10,그러므로 그 백성이 이리로 돌아와서 잔에 가득한 물을 다 마시며
시편,73,13,시편 73:13,내가 내 마음을 정히 하며 내 손을 씻어 무죄하다 한 것이 실로 헛되도다
시편,73,14,시편 73:14,나는 종일 재앙을 당하며 아침마다 징책을 보았도다
시편,73,15,시편 73:15,내가 만일 스스로 이르기를 내가 이렇게 말하리라 하였더면 주의 아들들의 시대를 대하여 궤휼을 행하였으리이다
시편,73,16,시편 73:16,내가 어찌면 이를 알까 하여 생각한즉 내게 심히 곤란하더니
시편,73,17,시편 73:17,하나님의 성소에 들어갈 때에야 저희 결국을 내가 깨달았나이다
시편,73,21,시편 73:21,내 마음이 산란하며 내 심장이 찔렸나이다
시편,73,22,시편 73:22,내가 이같이 우매 무지하니 주의 앞에 짐승이오나
시편,73,23,시편 73:23,내가 항상 주와 함께하니 주께서 내 오른손을 붙드셨나이다
시편,73,24,시편 73:24,주의 교훈으로 나를 인도하시고 후에는 영광으로 나를 영접하시리니
시편,73,25,시편 73:25,하늘에서는 주 외에 누가 내게 있리요 땅에서는 주 밖에 나의 사모할 자 없나이다
시편,73,26,시편 73:26,내 육체와 마음은 쇠잔하나 하나님은 내 마음의 반석이시요 영원한 분깃이시라
시편,73,28,시편 73:28,하나님께 가까이 함이 내게 복이라 내가 주 여호와를 나의 피난처로 삼아 주의 모든 행사를 전파하리이다
시편,74,2,시편 74:2,옛적부터 얻으시고 구속하사 주의 기업의 지파로 삼으신 주의 회중을 기억하시며 주의 거하신 시온 산도 생각하소서
시편,74,9,시편 74:9,우리의 표적이 보이지 아니하며 선지자도 다시 없으며 이런 일이 얼마나 오랠는지 우리 중에 아는 자도 없나이다
시편,74,10,시편 74:10,"하나님이여, 대적이 언제까지 훼방하겠으며 원수가 주의 이름을 영원히 능욕하리이까 ?"
시편,74,12,시편 74:12,하나님은 예로부터 나의 왕이시라 인간에 구원을 베푸셨나이다
시편,74,13,시편 74:13,주께서 주의 능력으로 바다를 나누시고 물 가운데 용들의 머리를 깨뜨리셨으며
시편,74,15,시편 74:15,바위를 쪼개사 큰 물을 내시며 길이 흐르는 강들을 말리우셨나이다
시편,74,16,시편 74:16,낮도 주의 것이요 밤도 주의 것이라 주께서 빛과 해를 예비하셨으며
시편,74,17,시편 74:17,땅의 경계를 정하시며 여름과 겨울을 이루셨나이다
시편,74,18,시편 74:18,"여호와여, 이것을 기억하소서 원수가 주를 비방하며 우매한 백성이 주의 이름을 능욕하였나이다"
시편,74,19,시편 74:19,주의 멧비둘기의 생명을 들짐승에게 주지 마시며 주의 가난한 자의 목숨을 영영히 잊지 마소서
시편,74,20,시편 74:20,언약을 돌아보소서 대저 땅 흑암한 곳에 강포한 자의 처소가 가득하였나이다
시편,74,21,시편 74:21,학대 받은 자로 부끄러이 돌아가게 마시고 가난한 자와 궁핍한 자로 주의 이름을 찬송케 하소서
시편,74,22,시편 74:22,"하나님이여, 일어나사 주의 원통을 푸시고 우매한 자가 종일 주를 비방하는 것을 기억하소서"
시편,75,1,시편 75:1,하나님이여 우리가 주께 감사하고 감사함은 주의 이름이 가까움이라 사람들이 주의 기사를 전파하나이다
시편,75,3,시편 75:3,땅의 기둥은 내가 세웠거니와 땅과 그 모든 거민이 소멸되리라 하시도다
시편,75,4,시편 75:4,내가 오만한 자더러 오만히 행치말라 하며 행악자더러 뿔을 들지 말라 하였노니
시편,75,5,시편 75:5,너희 뿔을 높이 들지 말며 교만한 목으로 말하지 말지어다
시편,75,6,시편 75:6,대저 높이는 일이 동에서나 서에서 말미암지 아니하며 남에서도 말미암지 아니하고
시편,75,7,시편 75:7,오직 재판장이신 하나님이 이를 낮추시고 저를 높이시느니라
시편,76,1,시편 76:1,하나님이 유다에 알린 바 되셨으며 그 이름은 이스라엘에 크시도다
시편,76,2,시편 76:2,"그 장막이 또한 살렘에 있음이여, 그 처소는 시온에 있도다"
시편,76,4,시편 76:4,주는 영화로우시며 약탈한 산에서 존귀하시도다
시편,76,11,시편 76:11,너희는 여호와 너희 하나님께 서원하고 갚으라 사방에 있는 모든 자도 마땅히 경외할 이에게 예물을 드릴지로다
시편,77,1,시편 77:1,내가 내 음성으로 하나님께 부르짖으리니 하나님께 내 음성으로 부르짖으면 내게 귀를 기울이시리로다
시편,77,2,시편 77:2,나의 환난날에 내가 주를 찾았으며 밤에는 내 손을 들고 거두지 아니하였으며 내 영혼이 위로 받기를 거절하였도다
시편,77,3,시편 77:3,내가 하나님을 생각하고 불안하여 근심하니 내 심령이 상하도다
시편,77,4,시편 77:4,주께서 나로 눈을 붙이지 못하게 하시니 내가 괴로워 말할 수 없나이다
시편,77,5,시편 77:5,내가 옛날 곧 이전 해를 생각하였사오며
시편,77,7,시편 77:7,"주께서 영원히 버리실까, 다시는 은혜를 베풀지 아니하실까"
시편,77,8,시편 77:8,"그 인자하심이 길이 다하였는가, 그 허락을 영구히 폐하셨는가"
시편,77,9,시편 77:9,"하나님이 은혜 베푸심을 잊으셨는가, 노하심으로 그 긍휼을 막으셨는가 하였나이다"
시편,77,10,시편 77:10,또 내가 말하기를 이는 나의 연약함이라 지존자의 오른손의 해
시편,77,12,시편 77:12,또 주의 모든 일을 묵상하며 주의 행사를 깊이 생각하리이다
시편,77,13,시편 77:13,"하나님이여, 주의 도는 극히 거룩하시오니 하나님과 같이 큰 신이 누구오니이까"
시편,77,14,시편 77:14,주는 기사를 행하신 하나님이시라 민족들 중에 주의 능력을 알으시고
시편,77,16,시편 77:16,"하나님이여, 물들이 주를 보았나이다 물들이 주를 보고 두려워하며 깊음도 진동하였고"
시편,77,17,시편 77:17,구름이 물을 쏟고 궁창이 소리를 발하며 주의 살도 날아 나갔나이다
시편,77,18,시편 77:18,회리바람 중에 주의 우뢰의 소리가 있으며 번개가 세계를 비취며 땅이 흔들리고 움직였나이다
시편,77,19,시편 77:19,주의 길이 바다에 있었고 주의 첩경이 큰 물에 있었으나 주의 종적을 알 수 없었나이다
시편,78,1,시편 78:1,"내 백성이여, 내 교훈을 들으며 내 입의 말에 귀를 기울일지어다"
시편,78,2,시편 78:2,내가 입을 열고 비유를 베풀어서 옛 비밀한 말을 발표하리니
시편,78,4,시편 78:4,우리가 이를 그 자손에게 숨기지 아니하고 여호와의 영예와 그 능력과 기이한 사적을 후대에 전하리로다
시편,78,5,시편 78:5,여호와께서 증거를 야곱에게 세우시며 법도를 이스라엘에게 정하시고 우리 열조에게 명하사 저희 자손에게 알게 하라 하셨으니
시편,78,7,시편 78:7,저희로 그 소망을 하나님께 두며 하나님의 행사를 잊지 아니하고 오직 그 계명을 지켜서
시편,78,11,시편 78:11,여호와의 행하신 것과 저희에게 보이신 기사를 잊었도다
시편,78,14,시편 78:14,낮에는 구름으로 온 밤에는 화광으로 인도하셨으며
시편,78,15,시편 78:15,광야에서 반석을 쪼개시고 깊은 수원에서 나는 것 같이 저희에게 물을 흡족히 마시우셨으며
시편,78,16,시편 78:16,또 반석에서 시내를 내사 물이 강 같이 흐르게 하셨으나
시편,78,23,시편 78:23,그러나 저가 오히려 위의 궁창을 명하시며 하늘 문을 여시고
시편,78,24,시편 78:24,저희에게 만나를 비같이 내려 먹이시며 하늘 양식으로 주셨나니
시편,78,25,시편 78:25,사람이 권세 있는 자의 떡을 먹음이여 하나님이 식물을 충족히 주셨도다
시편,78,27,시편 78:27,저희에게 고기를 티끌같이 내리시니 곧 바다 모래 같은 나는 새라
시편,78,28,시편 78:28,그 진중에 떨어지게 하사 그 거처에 둘리셨도다
시편,78,29,시편 78:29,저희가 먹고 배불렀나니 하나님이 저희 소욕대로 주셨도다
시편,78,32,시편 78:32,그럴지라도 저희가 오히려 범죄하여 그의 기사를 믿지 아니하였으므로
시편,78,35,시편 78:35,하나님이 저희의 반석이시요 지존하신 하나님이 저희 구속자이심을 기억하였도다
시편,78,38,시편 78:38,오직 하나님은 자비하심으로 죄악을 사하사 멸하지 아니하시고 그 진노를 여러번 돌이키시며 그 분을 다 발하지 아니하셨으니
시편,78,39,시편 78:39,저희는 육체 뿐이라 가고 다시 오지 못하는 바람임을 기억하셨음이로다
시편,78,41,시편 78:41,저희가 돌이켜 하나님을 재삼 시험하며 이스라엘의 거룩한 자를 격동하였도다
시편,78,52,시편 78:52,자기 백성을 양 같이 인도하여 내시고 광야에서 양떼같이 지도하셨도다
시편,78,53,시편 78:53,저희를 안전히 인도하시니 저희는 두려움이 없었으나 저희 원수는 바다에 엄몰되었도다
시편,78,54,시편 78:54,저희를 그 성소의 지경 곧 그의 오른손이 취하신 산으로 인도하시고
시편,78,55,시편 78:55,또 열방을 저희 앞에서 쫓아 내시며 줄로 저희 기업을 분배하시고 이스라엘 지파로 그 장막에 거하게 하셨도다
시편,78,57,시편 78:57,저희 열조같이 배반하고 궤사를 행하여 속이는 활 같이 빗가서
시편,78,58,시편 78:58,자기 산당으로 그 노를 격동하며 저희 조각한 우상으로 그를 진노케 하였으매
시편,78,65,시편 78:65,때에 주께서 자다가 깬 자 같이 포도주로 인하여 외치는 용사 같이 일어나사
시편,78,68,시편 78:68,오직 유다 지파와 그 사랑하시는 시온산을 택하시고
시편,78,69,시편 78:69,"그 성소를 산의 높음 같이, 영원히 두신 땅 같이 지으셨으며"
시편,78,71,시편 78:71,젖 양을 지키는 중에서 저희를 이끄사 그 백성인 야곱 그 기업인 이스라엘을 기르게 하셨더니
시편,79,8,시편 79:8,우리 열조의 죄악을 기억하여 우리에게 돌리지 마옵소서 우리가 심히 천하게 되었사오니 주의 긍휼하심으로 속히 우리를 영접하소서
시편,79,9,시편 79:9,"우리 구원의 하나님이여, 주의 이름의 영광을 위하여 우리를 도우시며 주의 이름을 위하여 우리를 건지시며 우리 죄를 사하소서"
시편,79,11,시편 79:11,갇힌 자의 탄식으로 주의 앞에 이르게 하시며 죽이기로 정한 자를 주의 크신 능력을 따라 보존하소서
시편,79,13,시편 79:13,그러하면 주의 백성 곧 주의 기르시는 양 된 우리는 영원히 주께 감사하며 주의 영예를 대대로 전하리이다
시편,80,3,시편 80:3,하나님이여 우리를 돌이키시고 주의 얼굴 빛을 비취사 우리로 구원을 얻게 하소서
시편,80,7,시편 80:7,만군의 하나님이여 우리를 돌이키시고 주의 얼굴 빛을 비취사 우리로 구원을 얻게 하소서
시편,80,10,시편 80:10,그 그늘이 산들을 가리우고 그 가지는 하나님의 백향목 같으며
시편,80,11,시편 80:11,그 가지가 바다까지 뻗고 넝쿨이 강까지 미쳤거늘
시편,80,14,시편 80:14,만군의 하나님이여 구하옵나니 돌이키사 하늘에서 굽어보시고 이 포도나무를 권고하소서
시편,80,15,시편 80:15,주의 오른손으로 심으신 줄기요 주를 위하여 힘있게 하신 가지니이다
시편,80,17,시편 80:17,주의 우편에 있는 자 곧 주를 위하여 힘있게 하신 인자의 위에 주의 손을 얹으소서
시편,80,18,시편 80:18,그러하면 우리가 주에게서 물러가지 아니하오리니 우리를 소생케 하소서 우리가 주의 이름을 부르리이다
시편,80,19,시편 80:19,만군의 하나님 여호와여 우리를 돌이키시고 주의 얼굴 빛을 비취소서 우리가 구원을 얻으리이다
시편,81,1,시편 81:1,우리 능력 되신 하나님께 높이 노래하며 야곱의 하나님께 즐거이 노래할지어다
시편,81,2,시편 81:2,시를 읊으며 소고를 치고 아름다운 수금에 비파를 아우를지어다
시편,81,3,시편 81:3,월삭과 월망과 우리의 절일에 나팔을 불지어다
시편,81,6,시편 81:6,이르시되 내가 그 어깨에서 짐을 벗기고 그 손에서 광주리를 놓게 하였도다
시편,81,7,시편 81:7,네가 고난 중에 부르짖으매 내가 너를 건졌고 뇌성의 은은한 곳에서 네게 응답하며 므리바 물가에서 너를 시험하였도다
시편,81,8,시편 81:8,"내 백성이여 들으라 내가 네게 증거하리라 이스라엘이여, 내게 듣기를 원하노라"
시편,81,9,시편 81:9,너희 중에 다른 신을 두지 말며 이방신에게 절하지 말지어다
시편,81,13,시편 81:13,내 백성이 나를 청종하며 이스라엘이 내 도 행하기를 원하노라
시편,81,16,시편 81:16,내가 또 밀의 아름다운 것으로 저희에게 먹이며 반석에서 나오는 꿀로 너를 만족케 하리라 하셨도다
시편,82,2,시편 82:2,너희가 불공평한 판단을 하며 악인의 낯 보기를 언제까지 하려느냐 셀라
시편,82,3,시편 82:3,가난한 자와 고아를 위하여 판단하며 곤란한 자와 빈궁한 자에게 공의를 베풀지며
시편,82,4,시편 82:4,가난한 자와 궁핍한 자를 구원하여 악인들의 손에서 건질찌니라 하시는도다
시편,82,5,시편 82:5,저희는 무지무각하여 흑암 중에 왕래하니 땅의 모든 터가 흔들리도다
시편,82,6,시편 82:6,내가 말하기를 너희는 신들이며 다 지존자의 아들들이라 하였으나
시편,82,8,시편 82:8,"하나님이여, 일어나사 세상을 판단하소서 모든 열방이 주의 기업이 되겠음이니이다"
시편,83,1,시편 83:1,"하나님이여, 침묵치 마소서 하나님이여, 잠잠치 말고 고요치 마소서"
시편,83,2,시편 83:2,대저 주의 원수가 훤화하며 주를 한하는 자가 머리를 들었나이다
시편,83,3,시편 83:3,저희가 주의 백성을 치려 하여 간계를 꾀하며 주의 숨긴 자를 치려고 서로 의논하여
시편,83,5,시편 83:5,저희가 일심으로 의논하고 주를 대적하여 서로 언약하니
시편,83,12,시편 83:12,저희가 말하기를 우리가 하나님의 목장을 우리의 소유로 취하자 하였나이다
시편,83,16,시편 83:16,"여호와여, 수치로 저희 얼굴에 가득케 하사 저희로 주의 이름을 찾게 하소서"
시편,83,18,시편 83:18,여호와라 이름하신 주만 온 세계의 지존자로 알게 하소서
시편,84,1,시편 84:1,"만군의 여호와여, 주의 장막이 어찌 그리 사랑스러운지요"
시편,84,2,시편 84:2,내 영혼이 여호와의 궁정을 사모하여 쇠약함이여 내 마음과 육체가 생존하시는 하나님께 부르짖나이다
시편,84,3,시편 84:3,"나의 왕, 나의 하나님, 만군의 여호와여, 주의 제단에서 참새도 제 집을 얻고 제비도 새끼 둘 보금자리를 얻었나이다"
시편,84,4,시편 84:4,주의 집에 거하는 자가 복이 있나이다 저희가 항상 주를 찬송하리이다 셀라
시편,84,5,시편 84:5,주께 힘을 얻고 그 마음에 시온의 대로가 있는 자는 복이 있나이다
시편,84,6,시편 84:6,저희는 눈물 골짜기로 통행할 때에 그 곳으로 많은 샘의 곳이 되게 하며 이른 비도 은택을 입히나이다
시편,84,7,시편 84:7,저희는 힘을 얻고 더 얻어 나아가 시온에서 하나님 앞에 각기 나타나리이다
시편,84,8,시편 84:8,"만군의 하나님 여호와여, 내 기도를 들으소서 야곱의 하나님이여, 귀를 기울이소서"
시편,84,9,시편 84:9,"우리 방패이신 하나님이여, 주의 기름 부으신 자의 얼굴을 살펴보옵소서"
시편,84,10,시편 84:10,주의 궁정에서 한 날이 다른 곳에서 천 날보다 나은즉 악인의 장막에 거함보다 내 하나님 문지기로 있는 것이 좋사오니
시편,84,11,시편 84:11,여호와 하나님은 해요 방패시라 여호와께서 은혜와 영화를 주시며 정직히 행하는 자에게 좋은 것을 아끼지 아니하실 것임이니이다
시편,84,12,시편 84:12,"만군의 여호와여, 주께 의지하는 자는 복이 있나이다"
시편,85,1,시편 85:1,"여호와여, 주께서 주의 땅에 은혜를 베푸사 야곱의 포로 된 자로 돌아오게 하셨으며"
시편,85,2,시편 85:2,주의 백성의 죄악을 사하시고 저희 모든 죄를 덮으셨나이다
시편,85,6,시편 85:6,우리를 다시 살리사 주의 백성으로 주를 기뻐하게 아니하시겠나이까
시편,85,7,시편 85:7,"여호와여, 주의 인자하심을 우리에게 보이시며 주의 구원을 우리에게 주소서"
시편,85,8,시편 85:8,내가 하나님 여호와의 하실 말씀을 들으리니 대저 그 백성 그 성도에게 화평을 말씀하실 것이라 저희는 다시 망령된 데로 돌아가지 말지로다
시편,85,9,시편 85:9,진실로 그의 구원이 그를 경외하는 자에게 가까우니 이에 영광이 우리 땅에 거하리이다
시편,85,10,시편 85:10,긍휼과 진리가 같이 만나고 의와 화평이 서로 입맞추었으며
시편,85,11,시편 85:11,진리는 땅에서 솟아나고 의는 하늘에서 하감하였도다
시편,85,12,시편 85:12,여호와께서 좋은 것을 주시리니 우리 땅이 그 산물을 내리로다
시편,85,13,시편 85:13,의가 주의 앞에 앞서 행하며 주의 종적으로 길을 삼으리로다
시편,86,1,시편 86:1,"여호와여, 나는 곤고하고 궁핍하오니 귀를 기울여 내게 응답하소서"
시편,86,2,시편 86:2,"나는 경건하오니 내 영혼을 보존하소서 내 주 하나님이여, 주를 의지하는 종을 구원하소서"
시편,86,3,시편 86:3,"주여, 나를 긍휼히 여기소서 내가 종일 주께 부르짖나이다"
시편,86,4,시편 86:4,"주여, 내 영혼이 주를 우러러 보오니 주여 내 영혼을 기쁘게 하소서"
시편,86,5,시편 86:5,주는 선하사 사유하기를 즐기시며 주께 부르짖는 자에게 인자함이 후하심이니이다
시편,86,6,시편 86:6,"여호와여, 나의 기도에 귀를 기울이시고 나의 간구하는 소리를 들으소서"
시편,86,7,시편 86:7,나의 환난 날에 내가 주께 부르짖으리니 주께서 내게 응답하시리이다
시편,86,8,시편 86:8,"주여, 신들 중에 주와 같은 자 없사오며 주의 행사와 같음도 없나이다"
시편,86,9,시편 86:9,"주여, 주의 지으신 모든 열방이 와서 주의 앞에 경배하며 주의 이름에 영화를 돌리리이다"
시편,86,10,시편 86:10,대저 주는 광대하사 기사를 행하시오니 주만 하나님이시니이다
시편,86,11,시편 86:11,"여호와여, 주의 도로 내게 가르치소서 내가 주의 진리에 행하오리니 일심으로 주의 이름을 경외하게 하소서"
시편,86,12,시편 86:12,"주 나의 하나님이여, 내가 전심으로 주를 찬송하고 영영토록 주의 이름에 영화를 돌리오리니"
시편,86,15,시편 86:15,"그러나 주여, 주는 긍휼히 여기시며 은혜를 베푸시며 노하기를 더디 하시며 인자와 진실이 풍성하신 하나님이시오니"
시편,86,16,시편 86:16,내게로 돌이키사 나를 긍휼히 여기소서 주의 종에게 힘을 주시고 주의 여종의 아들을 구원하소서
시편,86,17,시편 86:17,"은총의 표징을 내게 보이소서 그러면 나를 미워하는 저희가 보고 부끄러워하오리니 여호와여, 주는 나를 돕고 위로하심이니이다"
시편,87,1,시편 87:1,그 기지가 성산에 있음이여
시편,87,2,시편 87:2,여호와께서 야곱의 모든 거처보다 시온의 문들을 사랑하시는도다
시편,87,3,시편 87:3,"하나님의 성이여, 너를 가리켜 영광스럽다 말하는도다"
시편,87,5,시편 87:5,"시온에 대하여 말하기를 이 사람, 저 사람이 거기서 났나니 지존자가 친히 시온을 세우리라 하리로다"
시편,87,6,시편 87:6,여호와께서 민족들을 등록하실 때에는 그 수를 세시며 이 사람이 거기서 났다 하시리로다
시편,87,7,시편 87:7,노래하는 자와 춤추는 자는 말하기를 나의 모든 근원이 네게 있다 하리로다
시편,88,1,시편 88:1,"여호와 내 구원의 하나님이여, 내가 주야로 주의 앞에 부르짖었사오니"
시편,88,2,시편 88:2,나의 기도로 주의 앞에 달하게 하시며 주의 귀를 나의 부르짖음에 기울이소서
시편,88,9,시편 88:9,"곤란으로 인하여 내 눈이 쇠하였나이다 여호와여, 내가 매일 주께 부르며 주를 향하여 나의 두 손을 들었나이다"
시편,88,10,시편 88:10,주께서 사망한 자에게 기사를 보이시겠나이까 유혼이 일어나 주를 찬송하리이까 ?
시편,88,13,시편 88:13,"여호와여, 오직 주께 내가 부르짖었사오니 아침에 나의 기도가 주의 앞에 달하리이다"
시편,89,1,시편 89:1,내가 여호와의 인자하심을 영원히 노래하며 주의 성실하심을 내 입으로 대대에 알게 하리이다
시편,89,2,시편 89:2,내가 말하기를 인자하심을 영원히 세우시며 주의 성실하심을 하늘에서 견고히 하시리라 하였나이다
시편,89,4,시편 89:4,내가 네 자손을 영원히 견고히 하며 네 위를 대대에 세우리라 하였다 하셨나이다
시편,89,5,시편 89:5,"여호와여, 주의 기사를 하늘이 찬양할 것이요 주의 성실도 거룩한 자의 회중에서 찬양하리이다"
시편,89,6,시편 89:6,대저 궁창에서 능히 여호와와 비교할 자 누구며 권능 있는 자 중에 여호와와 같은 자 누구리이까 ?
시편,89,7,시편 89:7,하나님은 거룩한 자의 회중에서 심히 엄위하시오며 둘러 있는 모든 자 위에 더욱 두려워할 자시니이다
시편,89,8,시편 89:8,"여호와 만군의 하나님이여, 주와 같이 능한 자 누구리이까 여호와여, 주의 성실하심이 주를 둘렀나이다"
시편,89,9,시편 89:9,주께서 바다의 흉용함을 다스리시며 그 파도가 일어날 때에 평정케 하시나이다
시편,89,11,시편 89:11,하늘이 주의 것이요 땅도 주의 것이라 세계와 그 중에 충만한 것을 주께서 건설하셨나이다
시편,89,12,시편 89:12,남북을 주께서 창조하셨으니 다볼과 헤르몬이 주의 이름을 인하여 즐거워하나이다
시편,89,13,시편 89:13,주의 팔에 능력이 있사오며 주의 손은 강하고 주의 오른손은 높으시니이다
시편,89,14,시편 89:14,의와 공의가 주의 보좌의 기초라 인자함과 진실함이 주를 앞서 행하나이다
시편,89,15,시편 89:15,"즐거운 소리를 아는 백성은 유복한 자라 여호와여, 저희가 주의 얼굴 빛에 다니며"
시편,89,16,시편 89:16,종일 주의 이름으로 기뻐하며 주의 의로 인하여 높아지오니
시편,89,17,시편 89:17,주는 저희 힘의 영광이심이라 우리 뿔이 주의 은총으로 높아지오리니
시편,89,18,시편 89:18,우리 방패는 여호와께 속하였고 우리 왕은 이스라엘의 거룩한 자에게 속하였음이니이다
시편,89,19,시편 89:19,주께서 이상 중에 주의 성도에게 말씀하시기를 내가 돕는 힘을 능력 있는 자에게 더하며 백성 중에서 택한 자를 높였으되
시편,89,21,시편 89:21,내 손이 저와 함께 하여 견고히 하고 내 팔이 그를 힘이 있게 하리로다
시편,89,22,시편 89:22,원수가 저에게서 강탈치 못하며 악한 자가 저를 곤고케 못하리로다
시편,89,24,시편 89:24,나의 성실함과 인자함이 저와 함께 하리니 내 이름을 인하여 그 뿔이 높아지리로다
시편,89,25,시편 89:25,내가 또 그 손을 바다 위에 세우며 오른손을 강들 위에 세우리니
시편,89,26,시편 89:26,"저가 내게 부르기를 주는 나의 아버지시요, 나의 하나님이시요, 나의 구원의 바위시라 하리로다"
시편,89,28,시편 89:28,저를 위하여 나의 인자함을 영구히 지키고 저로 더불어 한 나의 언약을 굳게 세우며
시편,89,29,시편 89:29,또 그 후손을 영구케 하여 그 위를 하늘의 날과 같게 하리로다
시편,89,34,시편 89:34,내 언약을 파하지 아니하며 내 입술에서 낸 것도 변치 아니하리로다
시편,89,36,시편 89:36,그 후손이 장구하고 그 위는 해같이 내 앞에 항상 있으며
시편,89,37,시편 89:37,또 궁창의 확실한 증인 달 같이 영원히 견고케 되리라 하셨도다
시편,89,47,시편 89:47,나의 때가 얼마나 단촉한지 기억하소서 주께서 모든 인생을 어찌 그리 허무하게 창조하셨는지요
시편,89,52,시편 89:52,"여호와를 영원히 찬송할지어다 ! 아멘, 아멘"
시편,90,1,시편 90:1,"주여, 주는 대대에 우리의 거처가 되셨나이다"
시편,90,2,시편 90:2,"산이 생기기 전, 땅과 세계도 주께서 조성하시기 전 곧 영원부터 영원까지 주는 하나님이시니이다"
시편,90,4,시편 90:4,주의 목전에는 천년이 지나간 어제 같으며 밤의 한 경점 같을 뿐 임이니이다
시편,90,12,시편 90:12,우리에게 우리 날 계수함을 가르치사 지혜의 마음을 얻게 하소서
시편,90,13,시편 90:13,"여호와여, 돌아오소서 언제까지니이까 주의 종들을 긍휼히 여기소서"
시편,90,14,시편 90:14,아침에 주의 인자로 우리를 만족케 하사 우리 평생에 즐겁고 기쁘게 하소서
시편,90,16,시편 90:16,주의 행사를 주의 종들에게 나타내시며 주의 영광을 저희 자손에게 나타내소서
시편,90,17,시편 90:17,주 우리 하나님의 은총을 우리에게 임하게 하사 우리 손의 행사를 우리에게 견고케 하소서 우리 손의 행사를 견고케 하소서
시편,91,1,시편 91:1,지존자의 은밀한 곳에 거하는 자는 전능하신 자의 그늘 아래 거하리로다
시편,91,2,시편 91:2,"내가 여호와를 가리켜 말하기를 저는 나의 피난처요, 나의 요새요, 나의 의뢰하는 하나님이라 하리니"
시편,91,7,시편 91:7,"천인이 네 곁에서, 만인이 네 우편에서 엎드러지나 이 재앙이 네게 가까이 못하리로다"
시편,91,9,시편 91:9,네가 말하기를 여호와는 나의 피난처시라 하고 지존자로 거처를 삼았으므로
시편,91,10,시편 91:10,화가 네게 미치지 못하며 재앙이 네 장막에 가까이 오지 못하리니
시편,91,14,시편 91:14,하나님이 가라사대 저가 나를 사랑한즉 내가 저를 건지리라 저가 내 이름을 안즉 내가 저를 높이리라
시편,91,16,시편 91:16,내가 장수함으로 저를 만족케 하며 나의 구원으로 보이리라 하시도다
시편,92,1,시편 92:1,지존자여 십현금과 비파와 수금의 정숙한 소리로 여호와께 감사하며 주의 이름을 찬양하며 아침에 주의 인자하심을 나타내며 밤마다 주의 성실하심을 베풂이 좋으니이다
시편,92,4,시편 92:4,여호와여 주의 행사로 나를 기쁘게 하셨으니 주의 손의 행사를 인하여 내가 높이 부르리이다
시편,92,5,시편 92:5,여호와여 주의 행사가 어찌 그리 크신지요 주의 생각이 심히 깊으시니이다
시편,92,6,시편 92:6,우준한 자는 알지 못하며 무지한 자도 이를 깨닫지 못하나이다
시편,92,8,시편 92:8,여호와여 주는 영원토록 지존하시니이다
시편,92,10,시편 92:10,그러나 주께서 내 뿔을 들소의 뿔 같이 높이셨으며 내게 신선한 기름으로 부으셨나이다
시편,92,12,시편 92:12,의인은 종려나무 같이 번성하며 레바논의 백향목 같이 발육하리로다
시편,92,13,시편 92:13,여호와의 집에 심겼음이여 우리 하나님의 궁정에서 흥왕하리로다
시편,92,14,시편 92:14,늙어도 결실하며 진액이 풍족하고 빛이 청청하여
시편,92,15,시편 92:15,여호와의 정직하심을 나타내리로다 여호와는 나의 바위시라 그에게는 불의가 없도다
시편,93,1,시편 93:1,여호와께서 통치하시니 스스로 권위를 입으셨도다 여호와께서 능력을 입으시며 띠셨으므로 세계도 견고히 서서 요동치 아니하도다
시편,93,2,시편 93:2,주의 보좌는 예로부터 견고히 섰으며 주는 영원부터 계셨나이다
시편,93,3,시편 93:3,"여호와여, 큰 물이 소리를 높였고 큰 물이 그 소리를 높였고 큰 물이 그 물결을 높이나이다"
시편,93,4,시편 93:4,높이 계신 여호와의 능력은 많은 물 소리와 바다의 큰 파도보다 위대하시니이다
시편,93,5,시편 93:5,"여호와여, 주의 증거하심이 확실하고 거룩함이 주의 집에 합당하여 영구하리이다"
시편,94,7,시편 94:7,말하기를 여호와가 보지 못하며 야곱의 하나님이 생각지 못하리라 하나이다
시편,94,8,시편 94:8,백성 중 우준한 자들아 너희는 생각하라 무지한 자들아 너희가 언제나 지혜로울꼬
시편,94,9,시편 94:9,귀를 지으신 자가 듣지 아니하시랴 눈을 만드신 자가 보지 아니하시랴
시편,94,10,시편 94:10,열방을 징벌하시는 자 곧 지식으로 사람을 교훈하시는 자가 징치하지 아니하시랴
시편,94,11,시편 94:11,여호와께서 사람의 생각이 허무함을 아시느니라
시편,94,12,시편 94:12,"여호와여, 주의 징벌을 당하며 주의 법으로 교훈하심을 받는 자가 복이 있나니"
시편,94,14,시편 94:14,여호와께서는 그 백성을 버리지 아니하시며 그 기업을 떠나지 아니하시리로다
시편,94,16,시편 94:16,누가 나를 위하여 일어나서 행악자를 치며 누가 나를 위하여 일어서서 죄악 행하는 자를 칠꼬
시편,94,17,시편 94:17,여호와께서 내게 도움이 되지 아니하셨더면 내 혼이 벌써 적막 중에 처하였으리로다
시편,94,18,시편 94:18,"여호와여, 나의 발이 미끄러진다 말할 때에 주의 인자하심이 나를 붙드셨사오며"
시편,94,19,시편 94:19,내 속에 생각이 많을 때에 주의 위안이 내 영혼을 즐겁게 하시나이다
시편,94,22,시편 94:22,여호와는 나의 산성이시요 나의 하나님은 나의 피할 반석이시라
시편,95,1,시편 95:1,오라 ! 우리가 여호와께 노래하며 우리 구원의 반석을 향하여 즐거이 부르자
시편,95,2,시편 95:2,우리가 감사함으로 그 앞에 나아가며 시로 그를 향하여 즐거이 부르자
시편,95,3,시편 95:3,대저 여호와는 크신 하나님이시요 모든 신 위에 크신 왕이시로다
시편,95,4,시편 95:4,땅의 깊은 곳이 그 위에 있으며 산들의 높은 것도 그의 것이로다
시편,95,5,시편 95:5,바다가 그의 것이라 그가 만드셨고 육지도 그의 손이 지으셨도다
시편,95,6,시편 95:6,오라 ! 우리가 굽혀 경배하며 우리를 지으신 여호와 앞에 무릎을 꿇자
시편,95,7,시편 95:7,"대저 저는 우리 하나님이시요, 우리는 그의 기르시는 백성이며 그 손의 양이라 너희가 오늘날 그 음성 듣기를 원하노라"
시편,95,8,시편 95:8,이르시기를 너희는 므리바에서와 같이 또 광야 맛사의 날과 같이 너희 마음을 강퍅하게 말지어다
시편,95,10,시편 95:10,내가 사십년을 그 세대로 인하여 근심하여 이르기를 저희는 마음이 미혹된 백성이라 내 도를 알지 못한다 하였도다
시편,96,1,시편 96:1,새 노래로 여호와께 노래하라 ! 온 땅이여 여호와께 노래할지어다 !
시편,96,2,시편 96:2,여호와께 노래하여 그 이름을 송축하며 그 구원을 날마다 선파 할지어다
시편,96,3,시편 96:3,"그 영광을 열방 중에, 그 기이한 행적을 만민 중에 선포할지어다"
시편,96,4,시편 96:4,여호와는 광대하시니 극진히 찬양할 것이요 모든 신보다 경외할 것임이여
시편,96,5,시편 96:5,만방의 모든 신은 헛 것이요 여호와께서는 하늘을 지으셨음이로다
시편,96,6,시편 96:6,존귀와 위엄이 그 앞에 있으며 능력과 아름다움이 그 성소에 있도다
시편,96,7,시편 96:7,만방의 족속들아 영광과 권능을 여호와께 돌릴지어다 ! 여호와께 돌릴지어다 !
시편,96,8,시편 96:8,여호와의 이름에 합당한 영광을 그에게 돌릴지어다 ! 예물을 가지고 그 궁정에 들어갈지어다
시편,96,9,시편 96:9,"아름답고 거룩한 것으로 여호와께 경배할지어다 ! 온 땅이여, 그 앞에서 떨지어다"
시편,96,10,시편 96:10,열방 중에서는 이르기를 여호와께서 통치하시니 세계가 굳게 서고 흔들리지 못할지라 저가 만민을 공평히 판단하시리라 할지로다
시편,96,11,시편 96:11,하늘은 기뻐하고 땅은 즐거워하며 바다와 거기 충만한 것은 외치며
시편,96,12,시편 96:12,밭과 그 가운데 모든 것은 즐거워할지로다 그리할 때에 삼림의 나무들이 여호와 앞에서 즐거이 노래하리니
시편,97,1,시편 97:1,여호와께서 통치하시나니 땅은 즐거워하며 허다한 섬은 기뻐할지어다
시편,97,2,시편 97:2,구름과 흑암이 그에게 둘렸고 의와 공평이 그 보좌의 기초로다
시편,97,3,시편 97:3,불이 그 앞에서 발하여 사면의 대적을 사르는도다
시편,97,5,시편 97:5,산들이 여호와의 앞 곧 온 땅의 주 앞에서 밀 같이 녹았도다
시편,97,6,시편 97:6,하늘이 그 의를 선포하니 모든 백성이 그 영광을 보았도다
시편,97,7,시편 97:7,조각 신상을 섬기며 허무한 것으로 자긍하는 자는 다 수치를 당할 것이라 너희 신들아 여호와께 경배할지어다
시편,97,8,시편 97:8,"여호와여, 주의 판단을 시온이 듣고 기뻐하며 유다의 딸들이 인하여 즐거워하였나이다"
시편,97,9,시편 97:9,"여호와여, 주는 온 땅 위에 지존하시고 모든 신 위에 초월하시니이다"
시편,97,10,시편 97:10,여호와를 사랑하는 너희여 악을 미워하라 저가 그 성도의 영혼을 보전하사 악인의 손에서 건지시느니라
시편,97,11,시편 97:11,의인을 위하여 빛을 뿌리고 마음이 정직한 자를 위하여 기쁨을 뿌렸도다
시편,97,12,시편 97:12,"의인이여, 너희는 여호와로 인하여 기뻐하며 그 거룩한 기념에 감사할지어다"
시편,98,1,시편 98:1,새 노래로 여호와께 찬송하라 ! 대저 기이한 일을 행하사 그 오른 손과 거룩한 팔로 자기를 위하여 구원을 베푸셨도다
시편,98,2,시편 98:2,여호와께서 그 구원을 알게 하시며 그 의를 열방의 목전에 명백히 나타내셨도다
시편,98,3,시편 98:3,저가 이스라엘 집에 향하신 인자와 성실을 기억하셨으므로 땅의 모든 끝이 우리 하나님의 구원을 보았도다
시편,98,4,시편 98:4,"온 땅이여, 여호와께 즐거이 소리할지어다 ! 소리를 발하여 즐거이 노래하며 찬송할지어다"
시편,98,5,시편 98:5,수금으로 여호와를 찬양하라 ! 수금과 음성으로 찬양할지어다 !
시편,98,6,시편 98:6,나팔과 호각으로 왕 여호와 앞에 즐거이 소리할지어다
시편,98,7,시편 98:7,바다와 거기 충만한 것과 그 중에 거하는 자는 다 외칠지어다
시편,98,8,시편 98:8,여호와 앞에서 큰 물이 박수하며 산악이 함께 즐거이 노래할지어다
시편,99,1,시편 99:1,여호와께서 통치하시니 만민이 떨 것이요 여호와께서 그룹 사이에 좌정 하시니 땅이 요동할 것이로다
시편,99,2,시편 99:2,여호와께서 시온에서 광대하시고 모든 민족 위에 높으시도다
시편,99,3,시편 99:3,주의 크고 두려운 이름을 찬송할찌어다 그는 거룩하시도다
시편,99,4,시편 99:4,왕의 능력은 공의를 사랑하는 것이라 주께서 공평을 견고히 세우시고 야곱 중에서 공과 의를 행하시나이다
시편,99,5,시편 99:5,너희는 여호와 우리 하나님을 높여 그 발등상 앞에서 경배할지어다 그는 거룩하시도다
시편,99,7,시편 99:7,여호와께서 구름 기둥에서 저희에게 말씀하시니 저희가 그 주신 증거와 율례를 지켰도다
시편,99,9,시편 99:9,너희는 여호와 우리 하나님을 높이고 그 성산에서 경배할지어다 대저 여호와 우리 하나님은 거룩하시도다
시편,100,1,시편 100:1,"온 땅이여, 여호와께 즐거이 부를지어다"
시편,100,2,시편 100:2,기쁨으로 여호와를 섬기며 노래하면서 그 앞에 나아갈지어다
시편,100,3,시편 100:3,여호와가 우리 하나님이신 줄 너희는 알지어다 ! 그는 우리를 지으신 자시요 우리는 그의 것이니 그의 백성이요 그의 기르시는 양이로다
시편,100,4,시편 100:4,감사함으로 그 문에 들어가며 찬송함으로 그 궁정에 들어가서 그에게 감사하며 그 이름을 송축할지어다
시편,100,5,시편 100:5,대저 여호와는 선하시니 그 인자하심이 영원하고 그 성실하심이 대대에 미치리로다
시편,101,1,시편 101:1,"내가 인자와 공의를 찬송하겠나이다 여호와여, 내가 주께 찬양하리이다"
시편,101,2,시편 101:2,내가 완전한 길에 주의하오리니 주께서 언제나 내게 임하시겠나이까 내가 완전한 마음으로 내 집안에서 행하리이다
시편,101,3,시편 101:3,나는 비루한 것을 내 눈 앞에서 두지 아니할 것이요 배도자들의 행위를 미워하니 이것이 내게 붙접지 아니하리이다
시편,101,4,시편 101:4,사특한 마음이 내게서 떠날 것이니 악한 일을 내가 알지 아니하리로다
시편,101,5,시편 101:5,그 이웃을 그윽히 허는 자를 내가 멸할 것이요 눈이 높고 마음이 교만한 자를 내가 용납지 아니하리로다
시편,101,6,시편 101:6,내 눈이 이 땅의 충성된 자를 살펴 나와 함께 거하게 하리니 완전한 길에 행하는 자가 나를 수종하리로다
시편,101,7,시편 101:7,거짓 행하는 자가 내 집안에 거하지 못하며 거짓말하는 자가 내 목전에 서지 못하리로다
시편,102,1,시편 102:1,"여호와여, 내 기도를 들으시고 나의 부르짖음을 주께 상달케 하소서"
시편,102,2,시편 102:2,나의 괴로운 날에 주의 얼굴을 내게 숨기지 마소서 주의 귀를 기울이사 내가 부르짖는 날에 속히 내게 응답하소서
시편,102,3,시편 102:3,대저 내 날이 연기 같이 소멸하며 내 뼈가 냉과리 같이 탔나이다
시편,102,12,시편 102:12,"여호와여, 주는 영원히 계시고 주의 기념 명칭은 대대에 이르리이다"
시편,102,13,시편 102:13,주께서 일어나사 시온을 긍휼히 여기시리니 지금은 그를 긍휼히 여기실 때라 정한 기한이 옴이니이다
시편,102,14,시편 102:14,주의 종들이 시온의 돌들을 즐거워하며 그 티끌도 연휼히 여기나이다
시편,102,16,시편 102:16,대저 여호와께서 시온을 건설하시고 그 영광 중에 나타나셨음이라
시편,102,17,시편 102:17,여호와께서 빈궁한 자의 기도를 돌아보시며 저희 기도를 멸시치 아니하셨도다
시편,102,18,시편 102:18,이 일이 장래 세대를 위하여 기록되리니 창조함을 받을 백성이 여호와를 찬송하리로다
시편,102,19,시편 102:19,여호와께서 그 높은 성소에서 하감하시며 하늘에서 땅을 감찰하셨으니
시편,102,21,시편 102:21,여호와의 이름을 시온에서 그 영예를 예루살렘에서 선포케 하려 하심이라
시편,102,22,시편 102:22,때에 민족들과 나라들이 모여 여호와를 섬기리로다
시편,102,25,시편 102:25,주께서 옛적에 땅의 기초를 두셨사오며 하늘도 주의 손으로 지으신 바니이다
시편,102,27,시편 102:27,주는 여상하시고 주의 년대는 무궁하리이다
시편,102,28,시편 102:28,주의 종들의 자손이 항상 있고 그 후손이 주의 앞에 굳게 서리이다 하였도다
시편,103,1,시편 103:1,내 영혼아 여호와를 송축하라 내 속에 있는 것들아 ! 다 그 성호를 송축하라
시편,103,2,시편 103:2,내 영혼아 여호와를 송축하며 그 모든 은택을 잊지 말지어다 !
시편,103,4,시편 103:4,네 생명을 파멸에서 구속하시고 인자와 긍휼로 관을 씌우시며
시편,103,5,시편 103:5,좋은 것으로 네 소원을 만족케 하사 네 청춘으로 독수리 같이 새롭게 하시는도다
시편,103,6,시편 103:6,여호와께서 의로운 일을 행하시며 압박 당하는 모든 자를 위하여 판단하시는도다
시편,103,8,시편 103:8,여호와는 자비로우시며 은혜로우시며 노하기를 더디 하시며 인자하심이 풍부하시도다
시편,103,9,시편 103:9,항상 경책지 아니하시며 노를 영원히 품지 아니하시리로다
시편,103,10,시편 103:10,우리의 죄를 따라 처치하지 아니하시며 우리의 죄악을 따라 갚지 아니하셨으니
시편,103,12,시편 103:12,동이 서에서 먼 것 같이 우리 죄과를 우리에게서 멀리 옮기셨으며
시편,103,13,시편 103:13,아비가 자식을 불쌍히 여김 같이 여호와께서 자기를 경외하는 자를 불쌍히 여기시나니
시편,103,15,시편 103:15,인생은 그 날이 풀과 같으며 그 영화가 들의 꽃과 같도다
시편,103,17,시편 103:17,여호와의 인자하심은 자기를 경외하는 자에게 영원부터 영원까지 이르며 그의 의는 자손의 자손에게 미치리니
시편,103,19,시편 103:19,여호와께서 그 보좌를 하늘에 세우시고 그 정권으로 만유를 통치하시도다
시편,103,20,시편 103:20,능력이 있어 여호와의 말씀을 이루며 그 말씀의 소리를 듣는 너희 천사여 여호와를 송축하라
시편,103,21,시편 103:21,여호와를 봉사하여 그 뜻을 행하는 너희 모든 천군이여 여호와를 송축하라
시편,103,22,시편 103:22,여호와의 지으심을 받고 그 다스리시는 모든 곳에 있는 너희여 여호와를 송축하라 내 영혼아 여호와를 송축하라
시편,104,1,시편 104:1,내 영혼아 여호와를 송축하라 여호와 나의 하나님이여 주는 심히 광대하시며 존귀와 권위를 입으셨나이다
시편,104,2,시편 104:2,주께서 옷을 입음 같이 빛을 입으시며 하늘을 휘장 같이 치시며
시편,104,3,시편 104:3,물에 자기 누각의 들보를 얹으시며 구름으로 자기 수레를 삼으시고 바람 날개로 다니시며
시편,104,4,시편 104:4,바람으로 자기 사자를 삼으시며 화염으로 자기 사역자를 삼으시며
시편,104,5,시편 104:5,땅의 기초를 두사 영원히 요동치 않게 하셨나이다
시편,104,6,시편 104:6,옷으로 덮음 같이 땅을 바다로 덮으시매 물이 산들 위에 섰더니
시편,104,7,시편 104:7,주의 견책을 인하여 도망하여 주의 우뢰 소리를 인하여 빨리 가서
시편,104,8,시편 104:8,주의 정하신 처소에 이르렀고 산은 오르고 골짜기는 내려갔나이다
시편,104,9,시편 104:9,주께서 물의 경계를 정하여 넘치지 못하게 하시며 다시 돌아와 땅을 덮지 못하게 하셨나이다
시편,104,10,시편 104:10,여호와께서 샘으로 골짜기에서 솟아나게 하시고 산 사이에 흐르게 하사
시편,104,12,시편 104:12,공중의 새들이 그 가에서 깃들이며 나무가지 사이에서 소리를 발하는도다
시편,104,13,시편 104:13,저가 그 누각에서 산에 물을 주시니 주의 행사의 결과가 땅에 풍족하도다
시편,104,15,시편 104:15,사람의 마음을 기쁘게 하는 포도주와 사람의 얼굴을 윤택케 하는 기름과 사람의 마음을 힘있게 하는 양식을 주셨도다
시편,104,16,시편 104:16,여호와의 나무가 우택에 흡족함이여 곧 그의 심으신 레바논 백향목이로다
시편,104,17,시편 104:17,새들이 그 속에 깃을 들임이여 학은 잣나무로 집을 삼는도다
시편,104,18,시편 104:18,높은 산들은 산양을 위함이여 바위는 너구리의 피난처로다
시편,104,19,시편 104:19,여호와께서 달로 절기를 정하심이여 해는 그 지는 것을 알도다
시편,104,20,시편 104:20,주께서 흑암을 지어 밤이 되게 하시니 삼림의 모든 짐승이 기어 나오나이다
시편,104,21,시편 104:21,젊은 사자가 그 잡을 것을 쫓아 부르짖으며 그 식물을 하나님께 구하다가
시편,104,22,시편 104:22,해가 돋으면 물러가서 그 굴혈에 눕고
시편,104,23,시편 104:23,사람은 나와서 노동하며 저녁까지 수고하는도다
시편,104,24,시편 104:24,여호와여 주의 하신 일이 어찌 그리 많은지요 주께서 지혜로 저희를 다 지으셨으니 주의 부요가 땅에 가득하니이다
시편,104,25,시편 104:25,저기 크고 넓은 바다가 있고 그 속에 동물 곧 대소 생물이 무수하니이다
시편,104,26,시편 104:26,선척이 거기 다니며 주의 지으신 악어가 그 속에서 노나이다
시편,104,27,시편 104:27,이것들이 다 주께서 때를 따라 식물 주시기를 바라나이다
시편,104,28,시편 104:28,주께서 주신즉 저희가 취하며 주께서 손을 펴신즉 저희가 좋은 것으로 만족하다가
시편,104,30,시편 104:30,주의 영을 보내어 저희를 창조하사 지면을 새롭게 하시나이다
시편,104,31,시편 104:31,여호와의 영광이 영원히 계속할지며 여호와는 자기 행사로 인하여 즐거워하실지로다
시편,104,33,시편 104:33,나의 평생에 여호와께 노래하며 나의 생존한 동안 내 하나님을 찬양하리로다
시편,104,34,시편 104:34,나의 묵상을 가상히 여기시기를 바라나니 나는 여호와로 인하여 즐거워하리로다
시편,105,1,시편 105:1,여호와께 감사하며 그 이름을 불러 아뢰며 그 행사를 만민 중에 알게 할지어다
시편,105,2,시편 105:2,그에게 노래하며 그를 찬양하며 그의 모든 기사를 말할지어다
시편,105,3,시편 105:3,그 성호를 자랑하라 무릇 여호와를 구하는 자는 마음이 즐거울지로다
시편,105,4,시편 105:4,여호와와 그 능력을 구할지어다 그 얼굴을 항상 구할지어다
시편,105,8,시편 105:8,그는 그 언약 곧 천대에 명하신 말씀을 영원히 기억하셨으니
시편,105,10,시편 105:10,야곱에게 세우신 율례 곧 이스라엘에게 하신 영영한 언약이라
시편,105,12,시편 105:12,때에 저희 인수가 적어 매우 영성하며 그 땅에 객이 되어
시편,105,13,시편 105:13,"이 족속에게서 저 족속에게로, 이 나라에서 다른 민족에게로 유리하였도다"
시편,105,14,시편 105:14,사람이 그들을 해하기를 용납지 아니하시고 그들의 연고로 열왕을 꾸짖어
시편,105,15,시편 105:15,이르시기를 나의 기름 부은 자를 만지지 말며 나의 선지자를 상하지 말라 하셨도다
시편,105,20,시편 105:20,왕이 사람을 보내어 저를 방석함이여 열방의 통치자가 저로 자유케 하였도다
시편,105,21,시편 105:21,저로 그 집의 주관자를 삼아 그 모든 소유를 관리케 하고
시편,105,22,시편 105:22,임의로 백관을 제어하며 지혜로 장로들을 교훈하게 하였도다
시편,105,24,시편 105:24,여호와께서 그 백성을 크게 번성케 하사 그들의 대적보다 강하게 하셨으며
시편,105,27,시편 105:27,저희가 그 백성 중에 여호와의 표징을 보이고 함 땅에서 기사를 행하였도다
시편,105,37,시편 105:37,그들을 인도하여 은금을 가지고 나오게 하시니 그 지파 중에 약한 자가 하나도 없었도다
시편,105,39,시편 105:39,여호와께서 구름을 펴사 덮개를 삼으시고 밤에 불로 밝히셨으며
시편,105,41,시편 105:41,반석을 가르신즉 물이 흘러나서 마른 땅에 강 같이 흘렀으니
시편,105,43,시편 105:43,그 백성으로 즐거이 나오게 하시며 그 택한 자로 노래하며 나오게 하시고
시편,106,1,시편 106:1,할렐루야 ! 여호와께 감사하라 그는 선하시며 그 인자하심이 영원함이로다
시편,106,2,시편 106:2,뉘 능히 여호와의 능하신 사적을 전파하며 그 영예를 다 광포할꼬
시편,106,3,시편 106:3,공의를 지키는 자들과 항상 의를 행하는 자는 복이 있도다
시편,106,4,시편 106:4,"여호와여, 주의 백성에게 베푸시는 은혜로 나를 기억하시며 주의 구원으로 나를 권고하사"
시편,106,5,시편 106:5,나로 주의 택하신 자의 형통함을 보고 주의 나라의 기업으로 즐거워하게 하시며 주의 기업과 함께 자랑하게 하소서
시편,106,6,시편 106:6,우리가 열조와 함께 범죄하여 사특을 행하며 악을 지었나이다
시편,106,8,시편 106:8,그러나 여호와께서 자기 이름을 위하여 저희를 구원하셨으니 그 큰 권능을 알게 하려 하심이로다
시편,106,10,시편 106:10,저희를 그 미워하는 자의 손에서 구원하시며 그 원수의 손에서 구속하셨고
시편,106,14,시편 106:14,광야에서 욕심을 크게 발하며 사막에서 하나님을 시험하였도다
시편,106,15,시편 106:15,여호와께서 저희의 요구한 것을 주셨을지라도 그 영혼을 파리하게 하셨도다
시편,106,20,시편 106:20,자기 영광을 풀 먹는 소의 형상으로 바꾸었도다
시편,106,25,시편 106:25,저희 장막에서 원망하며 여호와의 말씀을 청종치 아니하였도다
시편,106,27,시편 106:27,또 그 후손을 열방 중에 엎드러뜨리며 각지에 흩어지게 하리라 하셨도다
시편,106,29,시편 106:29,그 행위로 주를 격노케 함을 인하여 재앙이 그 중에 유행하였도다
시편,106,30,시편 106:30,때에 비느하스가 일어나 처벌하니 이에 재앙이 그쳤도다
시편,106,31,시편 106:31,이 일을 저에게 의로 정하였으니 대대로 무궁하리로다
시편,106,34,시편 106:34,저희가 여호와의 명을 좇지 아니하여 이족들을 멸하지 아니하고
시편,106,35,시편 106:35,열방과 섞여서 그 행위를 배우며
시편,106,36,시편 106:36,그 우상들을 섬기므로 그것이 저희에게 올무가 되었도다
시편,106,39,시편 106:39,저희는 그 행위로 더러워지며 그 행동이 음탕하도다
시편,106,40,시편 106:40,그러므로 여호와께서 자기 백성에게 맹렬히 노하시며 자기 기업을 미워하사
시편,106,41,시편 106:41,저희를 열방의 손에 붙이시매 저희를 미워하는 자들이 저희를 치리 하였도다
시편,106,43,시편 106:43,여호와께서 여러 번 저희를 건지시나 저희가 꾀로 거역하며 자기 죄악으로 인하여 낮아짐을 당하였도다
시편,106,44,시편 106:44,그러나 여호와께서 저희의 부르짖음을 들으실 때에 그 고통을 권고하시며
시편,106,45,시편 106:45,저희를 위하여 그 언약을 기억하시고 그 많은 인자하심을 따라 뜻을 돌이키사
시편,106,46,시편 106:46,저희로 사로잡은 모든 자에게서 긍휼히 여김을 받게 하셨도다
시편,106,47,시편 106:47,"여호와 우리 하나님이여, 우리를 구원하사 열방 중에서 모으시고 우리로 주의 성호를 감사하며 주의 영예를 찬양하게 하소서"
시편,106,48,시편 106:48,여호와 이스라엘의 하나님을 영원부터 영원까지 찬양할지어다 ! 모든 백성들아 아멘 할지어다 할렐루야
시편,107,1,시편 107:1,여호와께 감사하라 ! 그는 선하시며 그 인자하심이 영원함이로다
시편,107,2,시편 107:2,여호와께 구속함을 받은 자는 이같이 말할지어다 여호와께서 대적의 손에서 저희를 구속하사
시편,107,3,시편 107:3,동서 남북 각 지방에서부터 모으셨도다
시편,107,5,시편 107:5,주리고 목마름으로 그 영혼이 속에서 피곤하였도다
시편,107,7,시편 107:7,또 바른 길로 인도하사 거할 성에 이르게 하셨도다
시편,107,8,시편 107:8,여호와의 인자하심과 인생에게 행하신 기이한 일을 인하여 그를 찬송할지로다
시편,107,14,시편 107:14,흑암과 사망의 그늘에서 인도하여 내시고 그 얽은 줄을 끊으셨도다
시편,107,15,시편 107:15,여호와의 인자하심과 인생에게 행하신 기이한 일을 인하여 그를 찬송할지로다
시편,107,21,시편 107:21,여호와의 인자하심과 인생에게 행하신 기이한 일을 인하여 그를 찬송할지로다
시편,107,22,시편 107:22,감사제를 드리며 노래하여 그 행사를 선포할지로다
시편,107,23,시편 107:23,선척을 바다에 띄우며 큰 물에서 영업하는 자는
시편,107,24,시편 107:24,여호와의 행사와 그 기사를 바다에서 보나니
시편,107,29,시편 107:29,광풍을 평정히 하사 물결로 잔잔케 하시는도다
시편,107,30,시편 107:30,저희가 평온함을 인하여 기뻐하는 중에 여호와께서 저희를 소원의 항구로 인도하시는도다
시편,107,31,시편 107:31,여호와의 인자하심과 인생에게 행하신 기이한 일을 인하여 그를 찬송할지로다
시편,107,32,시편 107:32,백성의 회에서 저를 높이며 장로들의 자리에서 저를 찬송할지로다
시편,107,35,시편 107:35,또 광야를 변하여 못이 되게 하시며 마른 땅으로 샘물이 되게 하시고
시편,107,36,시편 107:36,주린 자로 거기 거하게 하사 저희로 거할 성을 예비케 하시고
시편,107,37,시편 107:37,밭에 파종하며 포도원을 재배하여 소산을 취케 하시며
시편,107,38,시편 107:38,또 복을 주사 저희로 크게 번성케 하시고 그 가축이 감소치 않게 하실지라도
시편,107,41,시편 107:41,궁핍한 자는 곤란에서 높이 드시고 그 가족을 양무리 같게 하시나니
시편,107,43,시편 107:43,지혜 있는 자들은 이 일에 주의하고 여호와의 인자하심을 깨달으리로다
시편,108,1,시편 108:1,"하나님이여, 내 마음을 정하였사오니 내가 노래하며 내 심령으로 찬양하리로다"
시편,108,2,시편 108:2,비파야 수금아 깰지어다 ! 내가 새벽을 깨우리로다 !
시편,108,3,시편 108:3,"여호와여, 내가 만민 중에서 주께 감사하고 열방 중에서 주를 찬양하오리니"
시편,108,4,시편 108:4,대저 주의 인자하심이 하늘 위에 광대하시며 주의 진실은 궁창에 미치나이다
시편,108,5,시편 108:5,"하나님이여, 주는 하늘 위에 높이 들리시며 주의 영광이 온 세계위에 높으시기를 원하나이다"
시편,108,6,시편 108:6,주의 사랑하는 자를 건지시기 위하여 우리에게 응답하사 오른손으로 구원하소서
시편,108,11,시편 108:11,"하나님이여, 주께서 우리를 버리지 아니하셨나이까 ? 하나님이여, 주께서 우리 군대와 함께 나아가지 아니하시나이다"
시편,108,12,시편 108:12,우리를 도와 대적을 치게 하소서 사람의 구원은 헛됨이니이다
시편,108,13,시편 108:13,우리가 하나님을 의지하고 용감히 행하리니 저는 우리의 대적을 밟으실 자이심이로다
시편,109,1,시편 109:1,"나의 찬송하는 하나님이여, 잠잠하지 마옵소서"
시편,109,3,시편 109:3,또 미워하는 말로 나를 두르고 무고히 나를 공격하였나이다
시편,109,4,시편 109:4,나는 사랑하나 저희는 도리어 나를 대적하니 나는 기도할 뿐이라
시편,109,21,시편 109:21,"주 여호와여, 주의 이름을 인하여 나를 선대하시며 주의 인자하심이 선함을 인하여 나를 건지소서"
시편,109,22,시편 109:22,나는 가난하고 궁핍하여 중심이 상함이니이다
시편,109,23,시편 109:23,나의 가는 것은 석양 그림자 같고 또 메뚜기 같이 불려가오며
시편,109,24,시편 109:24,금식함을 인하여 내 무릎은 약하고 내 육체는 수척하오며
시편,109,25,시편 109:25,나는 또 저희의 훼방거리라 저희가 나를 본즉 머리를 흔드나이다
시편,109,26,시편 109:26,"여호와 나의 하나님이여, 나를 도우시며 주의 인자하심을 좇아 나를 구원하소서"
시편,109,27,시편 109:27,이것이 주의 손인 줄을 저희로 알게 하소서 여호와께서 이를 행하셨나이다
시편,109,30,시편 109:30,내가 입으로 여호와께 크게 감사하며 무리 중에서 찬송하리니
시편,110,3,시편 110:3,주의 권능의 날에 주의 백성이 거룩한 옷을 입고 즐거이 헌신하니 새벽 이슬 같은 주의 청년들이 주께 나오는도다
시편,110,7,시편 110:7,길가의 시냇물을 마시고 인하여 그 머리를 드시리로다
시편,111,1,시편 111:1,할렐루야 ! 내가 정직한 자의 회와 공회 중에서 전심으로 여호와께 감사하리로다
시편,111,2,시편 111:2,여호와의 행사가 크시니 이를 즐거워하는 자가 다 연구하는도다
시편,111,3,시편 111:3,그 행사가 존귀하고 엄위하며 그 의가 영원히 있도다
시편,111,4,시편 111:4,그 기이한 일을 사람으로 기억케 하셨으니 여호와는 은혜로우시고 자비하시도다
시편,111,5,시편 111:5,여호와께서 자기를 경외하는 자에게 양식을 주시며 그 언약을 영원히 기억하시리로다
시편,111,7,시편 111:7,그 손의 행사는 진실과 공의며 그 법도는 다 확실하니
시편,111,9,시편 111:9,여호와께서 그 백성에게 구속을 베푸시며 그 언약을 영원히 세우셨으니 그 이름이 거룩하고 지존하시도다
시편,111,10,시편 111:10,여호와를 경외함이 곧 지혜의 근본이라 그 계명을 지키는 자는 다 좋은 지각이 있나니 여호와를 찬송함이 영원히 있으리로다
시편,112,1,시편 112:1,할렐루야 ! 여호와를 경외하며 그 계명을 크게 즐거워하는 자는 복이 있도다
시편,112,2,시편 112:2,그 후손이 땅에서 강성함이여 정직자의 후대가 복이 있으리로다
시편,112,3,시편 112:3,부요와 재물이 그 집에 있음이여 그 의가 영원히 있으리로다
시편,112,4,시편 112:4,정직한 자에게는 흑암 중에 빛이 일어나나니 그는 어질고 자비하고 의로운 자로다
시편,112,5,시편 112:5,은혜를 베풀며 꾸이는 자는 잘 되나니 그 일을 공의로 하리로다
시편,112,7,시편 112:7,"그는 흉한 소식을 두려워 아니함이여, 여호와를 의뢰하고 그 마음을 굳게 정하였도다"
시편,112,8,시편 112:8,그 마음이 견고하여 두려워 아니할 것이라 그 대적의 받는 보응을 필경 보리로다
시편,113,1,시편 113:1,할렐루야! 여호와의 종들아 찬양하라 ! 여호와의 이름을 찬양하라
시편,113,2,시편 113:2,이제부터 영원까지 여호와의 이름을 찬송할지로다
시편,113,3,시편 113:3,해 돋는 데서부터 해 지는 데까지 여호와의 이름이 찬양을 받으시리로다
시편,113,4,시편 113:4,여호와는 모든 나라 위에 높으시며 그 영광은 하늘 위에 높으시도다
시편,113,5,시편 113:5,여호와 우리 하나님과 같은 자 누구리요 높은 위에 앉으셨으나
시편,113,6,시편 113:6,스스로 낮추사 천지를 살피시고
시편,113,7,시편 113:7,가난한 자를 진토에서 일으키시며 궁핍한 자를 거름 무더기에서 드셔서
시편,113,8,시편 113:8,방백들 곧 그 백성의 방백들과 함께 세우시며
시편,113,9,시편 113:9,또 잉태하지 못하던 여자로 집에 거하게 하사 자녀의 즐거운 어미가 되게 하시는도다 할렐루야
시편,114,2,시편 114:2,유다는 여호와의 성소가 되고 이스라엘은 그의 영토가 되었도다
시편,114,4,시편 114:4,산들은 수양 같이 뛰놀며 작은 산들은 어린 양 같이 뛰었도다
시편,114,6,시편 114:6,"너희 산들아, 수양 같이 뛰놀며 작은 산들아 어린 양 같이 뛰놂은 어찜인고"
시편,114,7,시편 114:7,"땅이여, 너는 주 앞 곧 야곱의 하나님 앞에서 떨지어다"
시편,115,1,시편 115:1,"여호와여, 영광을 우리에게 돌리지 마옵소서 우리에게 돌리지 마옵소서 오직 주의 인자하심과 진실하심을 인하여 주의 이름에 돌리옵소서"
시편,115,2,시편 115:2,어찌하여 열방으로 저희 하나님이 이제 어디 있느냐 ? 말하게 하리이까
시편,115,3,시편 115:3,오직 우리 하나님은 하늘에 계셔서 원하시는 모든 것을 행하셨나이다
시편,115,4,시편 115:4,저희 우상은 은과 금이요 사람의 수공물이라
시편,115,7,시편 115:7,손이 있어도 만지지 못하며 발이 있어도 걷지 못하며 목구멍으로 소리도 못하느니라
시편,115,8,시편 115:8,우상을 만드는 자와 그것을 의지하는 자가 다 그와 같으리로다
시편,115,9,시편 115:9,"이스라엘아, 여호와를 의지하라 ! 그는 너희 도움이시요 너희 방패시로다"
시편,115,11,시편 115:11,여호와를 경외하는 너희는 여호와를 의지하라 ! 그는 너희 도움이시요 너희 방패시로다
시편,115,13,시편 115:13,대소 무론하고 여호와를 경외하는 자에게 복을 주시리로다
시편,115,14,시편 115:14,여호와께서 너희 곧 너희와 또 너희 자손을 더욱 번창케 하시기를 원하노라
시편,115,15,시편 115:15,너희는 천지를 지으신 여호와께 복을 받는자로다 !
시편,115,16,시편 115:16,하늘은 여호와의 하늘이라도 땅은 인생에게 주셨도다
시편,115,18,시편 115:18,우리는 이제부터 영원까지 여호와를 송축하리로다 할렐루야 !
시편,116,1,시편 116:1,여호와께서 내 음성과 내 간구를 들으시므로 내가 저를 사랑하는도다
시편,116,2,시편 116:2,그 귀를 내게 기울이셨으므로 내가 평생에 기도하리로다 !
시편,116,4,시편 116:4,"내가 여호와의 이름으로 기도하기를 여호와여, 주께 구하오니 내 영혼을 건지소서 하였도다"
시편,116,5,시편 116:5,여호와는 은혜로우시며 의로우시며 우리 하나님은 자비하시도다
시편,116,6,시편 116:6,여호와께서는 어리석은 자를 보존하시나니 내가 낮게 될 때에 나를 구원하셨도다
시편,116,7,시편 116:7,내 영혼아 ! 네 평안함에 돌아갈지어다 여호와께서 너를 후대하심이로다
시편,116,8,시편 116:8,"주께서 내 영혼을 사망에서, 내 눈을 눈물에서, 내 발을 넘어짐에서 건지셨나이다"
시편,116,9,시편 116:9,내가 생존 세계에서 여호와 앞에 행하리로다
시편,116,10,시편 116:10,내가 믿는고로 말하리라 내가 큰 곤란을 당하였도다
시편,116,11,시편 116:11,내가 경겁 중에 이르기를 모든 사람은 거짓말장이라 하였도다
시편,116,12,시편 116:12,여호와께서 내게 주신 모든 은혜를 무엇으로 보답할꼬
시편,116,13,시편 116:13,내가 구원의 잔을 들고 여호와의 이름을 부르며
시편,116,14,시편 116:14,여호와의 모든 백성 앞에서 나의 서원을 여호와께 갚으리로다
시편,116,16,시편 116:16,"여호와여, 나는 진실로 주의 종이요 주의 여종의 아들 곧 주의 종이라 주께서 나의 결박을 푸셨나이다"
시편,116,17,시편 116:17,내가 주께 감사제를 드리고 여호와의 이름을 부르리이다
시편,116,18,시편 116:18,내가 여호와의 모든 백성 앞에서 나의 서원을 여호와께 갚을지라
시편,116,19,시편 116:19,"예루살렘아, 네 가운데서, 여호와의 전 정에서 내가 갚으리로다 할렐루야 !"
시편,117,1,시편 117:1,너희 모든 나라들아 여호아를 찬양하며 너희 모든 백성들아 저를 칭송할지어다
시편,117,2,시편 117:2,우리에게 향하신 여호와의 인자하심이 크고 진실하심이 영원함이로다 할렐루야 !
시편,118,1,시편 118:1,여호와께 감사하라 저는 선하시며 그 인자하심이 영원함이로다
시편,118,2,시편 118:2,이제 이스라엘은 말하기를 그 인자하심이 영원하다 할지로다
시편,118,4,시편 118:4,이제 여호와를 경외하는 자는 말하기를 그 인자하심이 영원하다 할지로다
시편,118,5,시편 118:5,내가 고통 중에 여호와께 부르짖었더니 여호와께서 답하시고 나를 광활한 곳에 세우셨도다
시편,118,6,시편 118:6,여호와는 내 편이시라 내게 두려움이 없나니 사람이 내게 어찌할꼬
시편,118,8,시편 118:8,여호와께 피함이 사람을 신뢰함보다 나으며
시편,118,9,시편 118:9,여호와께 피함이 방백들을 신뢰함보다 낫도다
시편,118,13,시편 118:13,네가 나를 밀쳐 넘어뜨리려 하였으나 여호와께서 나를 도우셨도다
시편,118,14,시편 118:14,여호와는 나의 능력과 찬송이시요 또 나의 구원이 되셨도다
시편,118,15,시편 118:15,"의인의 장막에 기쁜 소리, 구원의 소리가 있음이여 여호와의 오른손이 권능을 베푸시며"
시편,118,16,시편 118:16,여호와의 오른손이 높이 들렸으며 여호와의 오른손이 권능을 베푸시는도다
시편,118,17,시편 118:17,내가 죽지 않고 살아서 여호와의 행사를 선포하리로다
시편,118,19,시편 118:19,내게 의의 문을 열지어다 내가 들어가서 여호와께 감사하리로다
시편,118,21,시편 118:21,주께서 내게 응답하시고 나의 구원이 되셨으니 내가 주께 감사하리이다
시편,118,22,시편 118:22,건축자의 버린 돌이 집 모퉁이의 머릿돌이 되었나니
시편,118,24,시편 118:24,이 날은 여호와의 정하신 것이라 이 날에 우리가 즐거워하고 기뻐하리로다
시편,118,25,시편 118:25,여호와여 구하옵나니 이제 구원하소서 여호와여 우리가 구하옵나니 이제 형통케 하소서
시편,118,26,시편 118:26,여호와의 이름으로 오는 자가 복이 있음이여 우리가 여호와의 집에서 너희를 축복하였도다
시편,118,28,시편 118:28,주는 나의 하나님이시라 내가 주께 감사하리이다 주는 나의 하나님이시라 내가 주를 높이리이다
시편,118,29,시편 118:29,여호와께 감사하라 그는 선하시며 그 인자하심이 영원함이로다
시편,119,1,시편 119:1,행위 완전하여 여호와의 법에 행하는 자가 복이 있음이여
시편,119,2,시편 119:2,여호와의 증거를 지키고 전심으로 여호와를 구하는 자가 복이 있도다
시편,119,3,시편 119:3,실로 저희는 불의를 행치 아니하고 주의 도를 행하는도다
시편,119,4,시편 119:4,주께서 주의 법도로 명하사 우리로 근실히 지키게 하셨나이다
시편,119,5,시편 119:5,내 길을 굳이 정하사 주의 율례를 지키게 하소서
시편,119,6,시편 119:6,내가 주의 모든 계명에 주의할 때에는 부끄럽지 아니하리이다
시편,119,7,시편 119:7,내가 주의 의로운 판단을 배울 때에는 정직한 마음으로 주께 감사하리이다
시편,119,8,시편 119:8,내가 주의 율례를 지키오리니 나를 아주 버리지 마옵소서
시편,119,9,시편 119:9,청년이 무엇으로 그 행실을 깨끗케 하리이까 주의 말씀을 따라 삼갈 것이니이다
시편,119,10,시편 119:10,내가 전심으로 주를 찾았사오니 주의 계명에서 떠나지 말게 하소서
시편,119,11,시편 119:11,내가 주께 범죄치 아니하려 하여 주의 말씀을 내 마음에 두었나이다
시편,119,12,시편 119:12,찬송을 받으실 여호와여 주의 율례를 내게 가르치소서
시편,119,13,시편 119:13,주의 입의 모든 규례를 나의 입술로 선포하였으며
시편,119,14,시편 119:14,내가 모든 재물을 즐거워함 같이 주의 증거의 도를 즐거워하였나이다
시편,119,16,시편 119:16,주의 율례를 즐거워하며 주의 말씀을 잊지 아니하리이다
시편,119,17,시편 119:17,주의 종을 후대하여 살게 하소서 그리하시면 주의 말씀을 지키리이다
시편,119,18,시편 119:18,내 눈을 열어서 주의 법의 기이한 것을 보게 하소서
시편,119,19,시편 119:19,나는 땅에서 객이 되었사오니 주의 계명을 내게 숨기지 마소서
시편,119,20,시편 119:20,주의 규례를 항상 사모함으로 내 마음이 상하나이다
시편,119,22,시편 119:22,내가 주의 증거를 지켰사오니 훼방과 멸시를 내게서 떠나게 하소서
시편,119,23,시편 119:23,방백들도 앉아 나를 훼방하였사오나 주의 종은 주의 율례를 묵상하였나이다
시편,119,24,시편 119:24,주의 증거는 나의 즐거움이요 나의 모사니이다
시편,119,26,시편 119:26,내가 나의 행위를 고하매 주께서 내게 응답하셨으니 주의 율례를 내게 가르치소서
시편,119,27,시편 119:27,나로 주의 법도의 길을 깨닫게 하소서 그리하시면 내가 주의 기사를 묵상하리이다
시편,119,28,시편 119:28,나의 영혼이 눌림을 인하여 녹사오니 주의 말씀대로 나를 세우소서
시편,119,29,시편 119:29,거짓 행위를 내게서 떠나게 하시고 주의 법을 내게 은혜로이 베푸소서
시편,119,30,시편 119:30,내가 성실한 길을 택하고 주의 규례를 내 앞에 두었나이다
시편,119,31,시편 119:31,내가 주의 증거에 밀접하였사오니 여호와여 나로 수치를 당케 마소서
시편,119,32,시편 119:32,주께서 내 마음을 넓히시오면 내가 주의 계명의 길로 달려가리이다
시편,119,33,시편 119:33,여호와여 주의 율례의 도를 내게 가르치소서 내가 끝까지 지키리이다
시편,119,34,시편 119:34,나로 깨닫게 하소서 내가 주의 법을 준행하며 전심으로 지키리이다
시편,119,35,시편 119:35,나로 주의 계명의 첩경으로 행케 하소서 내가 이를 즐거워함이니이다
시편,119,36,시편 119:36,내 마음을 주의 증거로 향하게 하시고 탐욕으로 향치 말게 하소서
시편,119,37,시편 119:37,내 눈을 돌이켜 허탄한 것을 보지 말게 하시고 주의 도에 나를 소성케 하소서
시편,119,38,시편 119:38,주를 경외케 하는 주의 말씀을 주의 종에게 세우소서
시편,119,39,시편 119:39,나의 두려워하는 훼방을 내게서 떠나게 하소서 주의 규례는 선하심이니이다
시편,119,40,시편 119:40,내가 주의 법도를 사모하였사오니 주의 의에 나를 소성케 하소서
시편,119,41,시편 119:41,여호와여 주의 말씀대로 주의 인자하심과 주의 구원을 내게 임하게 하소서
시편,119,42,시편 119:42,그리하시면 내가 나를 훼방하는 자에게 대답할 말이 있사오리니 내가 주의 말씀을 의뢰함이니이다
시편,119,43,시편 119:43,진리의 말씀이 내 입에서 조금도 떠나지 말게 하소서 내가 주의 규례를 바랐음이니이다
시편,119,44,시편 119:44,내가 주의 율법을 항상 영영히 끝 없이 지키리이다
시편,119,45,시편 119:45,내가 주의 법도를 구하였사오니 자유롭게 행보할 것이오며
시편,119,46,시편 119:46,또 열왕 앞에 주의 증거를 말할 때에 수치를 당치 아니하겠사오며
시편,119,48,시편 119:48,또 나의 사랑하는바 주의 계명에 내 손을 들고 주의 율례를 묵상하리이다
시편,119,49,시편 119:49,주의 종에게 하신 말씀을 기억하소서 주께서 나로 소망이 있게 하셨나이다
시편,119,50,시편 119:50,이 말씀은 나의 곤란 중에 위로라 주의 말씀이 나를 살리셨음이니이다
시편,119,51,시편 119:51,교만한 자가 나를 심히 조롱하였어도 나는 주의 법을 떠나지 아니하였나이다
시편,119,52,시편 119:52,여호와여 주의 옛 규례를 내가 기억하고 스스로 위로하였나이다
시편,119,54,시편 119:54,나의 나그네 된 집에서 주의 율례가 나의 노래가 되었나이다
시편,119,55,시편 119:55,여호와여 내가 밤에 주의 이름을 기억하고 주의 법을 지켰나이다
시편,119,56,시편 119:56,내 소유는 이것이니 곧 주의 법도를 지킨 것이니이다
시편,119,57,시편 119:57,여호와는 나의 분깃이시니 나는 주의 말씀을 지키리라 하였나이다
시편,119,58,시편 119:58,내가 전심으로 주의 은혜를 구하였사오니 주의 말씀대로 나를 긍휼히 여기소서
시편,119,59,시편 119:59,내가 내 행위를 생각하고 주의 증거로 내 발을 돌이켰사오며
시편,119,60,시편 119:60,주의 계명을 지키기에 신속히 하고 지체치 아니하였나이다
시편,119,61,시편 119:61,악인의 줄이 내게 두루 얽혔을지라도 나는 주의 법을 잊지 아니하였나이다
시편,119,62,시편 119:62,내가 주의 의로운 규례를 인하여 밤중에 일어나 주께 감사하리이다
시편,119,63,시편 119:63,나는 주를 경외하는 모든 자와 주의 법도를 지키는 자의 동무라
시편,119,64,시편 119:64,여호와여 주의 인자하심이 땅에 충만하였사오니 주의 율례로 나를 가르치소서
시편,119,65,시편 119:65,여호와여 주의 말씀대로 주의 종을 선대하셨나이다
시편,119,66,시편 119:66,내가 주의 계명을 믿었사오니 명철과 지식을 내게 가르치소서
시편,119,67,시편 119:67,고난 당하기 전에는 내가 그릇 행하였더니 이제는 주의 말씀을 지키나이다
시편,119,68,시편 119:68,주는 선하사 선을 행하시오니 주의 율례로 나를 가르치소서
시편,119,69,시편 119:69,교만한 자가 거짓을 지어 나를 치려 하였사오나 나는 전심으로 주의 법도를 지키리이다
시편,119,70,시편 119:70,저희 마음은 살쪄 지방 같으나 나는 주의 법을 즐거워하나이다
시편,119,71,시편 119:71,고난 당한 것이 내게 유익이라 이로 인하여 내가 주의 율례를 배우게 되었나이다
시편,119,72,시편 119:72,주의 입의 법이 내게는 천천 금은보다 승하니이다
시편,119,73,시편 119:73,주의 손이 나를 만들고 세우셨사오니 나로 깨닫게 하사 주의 계명을 배우게 하소서
시편,119,74,시편 119:74,주를 경외하는 자가 나를 보고 기뻐할것은 내가 주의 말씀을 바라는 연고니이다
시편,119,76,시편 119:76,구하오니 주의 종에게 하신 말씀대로 주의 인자하심이 나의 위안이 되게 하시며
시편,119,77,시편 119:77,주의 긍휼히 여기심이 내게 임하사 나로 살게 하소서 주의 법은 나의 즐거움이니이다
시편,119,79,시편 119:79,주를 경외하는 자로 내게 돌아오게 하소서 그리하시면 저희가 주의 증거를 알리이다
시편,119,80,시편 119:80,내 마음으로 주의 율례에 완전케 하사 나로 수치를 당치 않게 하소서
시편,119,81,시편 119:81,나의 영혼이 주의 구원을 사모하기에 피곤하오나 나는 오히려 주의 말씀을 바라나이다
시편,119,82,시편 119:82,나의 말이 주께서 언제나 나를 안위하시겠나이까 하면서 내 눈이 주의 말씀을 바라기에 피곤하니이다
시편,119,83,시편 119:83,내가 연기 중의 가죽병 같이 되었으나 오히려 주의 율례를 잊지 아니하나이다
시편,119,85,시편 119:85,주의 법을 좇지아니하는 교만한 자가 나를 해하려고 웅덩이를 팠나이다
시편,119,86,시편 119:86,주의 모든 계명은 신실하니이다 저희가 무고히 나를 핍박하오니 나를 도우소서
시편,119,87,시편 119:87,저희가 나를 세상에서 거의 멸하였으나 나는 주의 법도를 버리지 아니하였사오니
시편,119,88,시편 119:88,주의 인자하심을 따라 나로 소성케 하소서 그리하시면 주의 입의 증거를 내가 지키리이다
시편,119,89,시편 119:89,여호와여 주의 말씀이 영원히 하늘에 굳게 섰사오며
시편,119,90,시편 119:90,주의 성실하심은 대대에 이르나이다 주께서 땅을 세우셨으므로 땅이 항상 있사오니
시편,119,91,시편 119:91,천지가 주의 규례대로 오늘까지 있음은 만물이 주의 종이 된 연고니이다
시편,119,92,시편 119:92,주의 법이 나의 즐거움이 되지 아니하였더면 내가 내 고난 중에 멸망하였으리이다
시편,119,93,시편 119:93,내가 주의 법도를 영원히 잊지 아니하오니 주께서 이것들로 나를 살게 하심이니이다
시편,119,94,시편 119:94,나는 주의 것이오니 나를 구원하소서 내가 주의 법도를 찾았나이다
시편,119,96,시편 119:96,내가 보니 모든 완전한 것이 다 끝이 있어도 주의 계명은 심히 넓으니이다
시편,119,97,시편 119:97,내가 주의 법을 어찌 그리 사랑하는지요 내가 그것을 종일 묵상하나이다
시편,119,98,시편 119:98,주의 계명이 항상 나와 함께하므로 그것이 나로 원수보다 지혜롭게 하나이다
시편,119,100,시편 119:100,주의 법도를 지키므로 나의 명철함이 노인보다 승하니이다
시편,119,101,시편 119:101,내가 주의 말씀을 지키려고 발을 금하여 모든 악한 길로 가지 아니하였사오며
시편,119,102,시편 119:102,주께서 나를 가르치셨으므로 내가 주의 규례에서 떠나지 아니하였나이다
시편,119,103,시편 119:103,주의 말씀의 맛이 내게 어찌 그리 단지요 내 입에 꿀보다 더하니이다
시편,119,104,시편 119:104,주의 법도로 인하여 내가 명철케 되었으므로 모든 거짓 행위를 미워하나이다
시편,119,105,시편 119:105,주의 말씀은 내 발에 등이요 내 길에 빛이니이다
시편,119,106,시편 119:106,주의 의로운 규례를 지키기로 맹세하고 굳게 정하였나이다
시편,119,107,시편 119:107,나의 고난이 막심하오니 여호와여 주의 말씀대로 나를 소성케 하소서
시편,119,108,시편 119:108,여호와여 구하오니 내 입의 낙헌제를 받으시고 주의 규례로 나를 가르치소서
시편,119,109,시편 119:109,나의 생명이 항상 위경에 있사오나 주의 법은 잊지 아니하나이다
시편,119,110,시편 119:110,악인이 나를 해하려고 올무를 놓았사오나 나는 주의 법도에서 떠나지 아니하였나이다
시편,119,111,시편 119:111,주의 증거로 내가 영원히 기업을 삼았사오니 이는 내 마음의 즐거움이 됨이니이다
시편,119,112,시편 119:112,내가 주의 율례를 길이 끝까지 행하려고 내 마음을 기울였나이다
시편,119,114,시편 119:114,주는 나의 은신처요 방패시라 내가 주의 말씀을 바라나이다
시편,119,116,시편 119:116,주의 말씀대로 나를 붙들어 살게 하시고 내 소망이 부끄럽지 말게 하소서
시편,119,117,시편 119:117,나를 붙드소서 그리하시면 내가 구원을 얻고 주의 율례에 항상 주의하리이다
시편,119,121,시편 119:121,내가 공과 의를 행하였사오니 나를 압박자에게 붙이지 마옵소서
시편,119,122,시편 119:122,주의 종을 보증하사 복을 얻게 하시고 교만한 자가 나를 압박하지 못하게 하소서
시편,119,123,시편 119:123,내 눈이 주의 구원과 주의 의로운 말씀을 사모하기에 피곤하니이다
시편,119,124,시편 119:124,주의 인자하신 대로 주의 종에게 행하사 주의 율례로 내게 가르치소서
시편,119,125,시편 119:125,나는 주의 종이오니 깨닫게 하사 주의 증거를 알게 하소서
시편,119,127,시편 119:127,그러므로 내가 주의 계명을 금 곧 정금보다 더 사랑하나이다
시편,119,128,시편 119:128,그러므로 내가 범사에 주의 법도를 바르게 여기고 모든 거짓 행위를 미워하나이다
시편,119,129,시편 119:129,주의 증거가 기이하므로 내 영혼이 이를 지키나이다
시편,119,130,시편 119:130,주의 말씀을 열므로 우둔한 자에게 비취어 깨닫게 하나이다
시편,119,131,시편 119:131,내가 주의 계명을 사모하므로 입을 열고 헐떡였나이다
시편,119,132,시편 119:132,주의 이름을 사랑하는 자에게 베푸시던 대로 내게 돌이키사 나를 긍휼히 여기소서
시편,119,133,시편 119:133,나의 행보를 주의 말씀에 굳게 세우시고 아무 죄악이 나를 주장치 못하게 하소서
시편,119,134,시편 119:134,사람의 압박에서 나를 구속하소서 그리하시면 내가 주의 법도를 지키리이다
시편,119,135,시편 119:135,주의 얼굴로 주의 종에게 비취시고 주의 율례로 나를 가르치소서
시편,119,136,시편 119:136,저희가 주의 법을 지키지 아니하므로 내 눈물이 시냇물 같이 흐르나이다
시편,119,137,시편 119:137,여호와여 주는 의로우시고 주의 판단은 정직하시니이다
시편,119,138,시편 119:138,주의 명하신 증거는 의롭고 지극히 성실하도소이다
시편,119,139,시편 119:139,내 대적이 주의 말씀을 잊어버렸으므로 내 열성이 나를 소멸하였나이다
시편,119,140,시편 119:140,주의 말씀이 심히 정미하므로 주의 종이 이를 사랑하나이다
시편,119,141,시편 119:141,내가 미천하여 멸시를 당하나 주의 법도를 잊지 아니하였나이다
시편,119,142,시편 119:142,주의 의는 영원한 의요 주의 법은 진리로소이다
시편,119,143,시편 119:143,환난과 우환이 내게 미쳤으나 주의 계명은 나의 즐거움이니이다
시편,119,144,시편 119:144,주의 증거는 영원히 의로우시니 나로 깨닫게 하사 살게 하소서
시편,119,145,시편 119:145,여호와여 내가 전심으로 부르짖었사오니 내게 응답하소서 내가 주의 율례를 지키리이다
시편,119,146,시편 119:146,내가 주께 부르짖었사오니 나를 구원하소서 내가 주의 증거를 지키리이다
시편,119,147,시편 119:147,내가 새벽 전에 부르짖으며 주의 말씀을 바랐사오며
시편,119,148,시편 119:148,주의 말씀을 묵상하려고 내 눈이 야경이 깊기 전에 깨었나이다
시편,119,149,시편 119:149,주의 인자하심을 따라 내 소리를 들으소서 여호와여 주의 규례를 따라 나를 살리소서
시편,119,150,시편 119:150,악을 좇는 자가 가까이 왔사오니 저희는 주의 법에서 머니이다
시편,119,151,시편 119:151,여호와여 주께서 가까이 계시오니 주의 모든 계명은 진리니이다
시편,119,152,시편 119:152,내가 전부터 주의 증거를 궁구하므로 주께서 영원히 세우신 것인 줄을 알았나이다
시편,119,153,시편 119:153,나의 고난을 보시고 나를 건지소서 내가 주의 법을 잊지 아니함이니이다
시편,119,154,시편 119:154,주는 나의 원한을 펴시고 나를 구속하사 주의 말씀대로 나를 소성케 하소서
시편,119,156,시편 119:156,여호와여 주의 긍휼이 크오니 주의 규례를 따라 나를 소성케 하소서
시편,119,157,시편 119:157,나를 핍박하는 자와 나의 대적이 많으나 나는 주의 증거에서 떠나지 아니하였나이다
시편,119,159,시편 119:159,내가 주의 법도 사랑함을 보옵소서 여호와여 주의 인자하신 대로 나를 소성케 하소서
시편,119,160,시편 119:160,주의 말씀의 강령은 진리오니 주의 의로운 모든 규례가 영원하리이다
시편,119,161,시편 119:161,방백들이 무고히 나를 핍박하오나 나의 마음은 주의 말씀만 경외하나이다
시편,119,162,시편 119:162,사람이 많은 탈취물을 얻은 것처럼 나는 주의 말씀을 즐거워하나이다
시편,119,163,시편 119:163,내가 거짓을 미워하며 싫어하고 주의 법을 사랑하나이다
시편,119,164,시편 119:164,주의 의로운 규례를 인하여 내가 하루 일곱번씩 주를 찬양하나이다
시편,119,165,시편 119:165,주의 법을 사랑하는 자에게는 큰 평안이 있으니 저희에게 장애물이 없으리이다
시편,119,166,시편 119:166,여호와여 내가 주의 구원을 바라며 주의 계명을 행하였나이다
시편,119,167,시편 119:167,내 심령이 주의 증거를 지켰사오며 내가 이를 지극히 사랑하나이다
시편,119,168,시편 119:168,내가 주의 법도와 증거를 지켰사오니 나의 모든 행위가 주의 앞에 있음이니이다
시편,119,169,시편 119:169,여호와여 나의 부르짖음이 주의 앞에 이르게 하시고 주의 말씀대로 나를 깨닫게 하소서
시편,119,170,시편 119:170,나의 간구가 주의 앞에 달하게 하시고 주의 말씀대로 나를 건지소서
시편,119,171,시편 119:171,주께서 율례를 내게 가르치시므로 내 입술이 찬송을 발할찌니이다
시편,119,172,시편 119:172,주의 모든 계명이 의로우므로 내 혀가 주의 말씀을 노래할찌니이다
시편,119,173,시편 119:173,내가 주의 법도를 택하였사오니 주의 손이 항상 나의 도움이 되게 하소서
시편,119,174,시편 119:174,여호와여 내가 주의 구원을 사모하였사오며 주의 법을 즐거워하나이다
시편,119,175,시편 119:175,내 혼을 살게 하소서 그리하시면 주를 찬송하리이다 주의 규례가 나를 돕게 하소서
시편,119,176,시편 119:176,잃은 양 같이 내가 유리하오니 주의 종을 찾으소서 내가 주의 계명을 잊지 아니함이니이다
시편,120,1,시편 120:1,내가 환난 중에 여호와께 부르짖었더니 내게 응답하셨도다
시편,120,2,시편 120:2,"여호와여, 거짓된 입술과 궤사한 혀에서 내 생명을 건지소서"
시편,121,1,시편 121:1,내가 산을 향하여 눈을 들리라 나의 도움이 어디서 올꼬
시편,121,2,시편 121:2,나의 도움이 천지를 지으신 여호와에게서로다
시편,121,3,시편 121:3,여호와께서 너로 실족지 않게 하시며 너를 지키시는 자가 졸지 아니하시리로다
시편,121,4,시편 121:4,이스라엘을 지키시는 자는 졸지도 아니하고 주무시지도 아니하시리로다
시편,121,5,시편 121:5,여호와는 너를 지키시는 자라 여호와께서 네 우편에서 네 그늘이 되시나니
시편,121,6,시편 121:6,낮의 해가 너를 상치 아니하며 밤의 달도 너를 해치 아니하리로다
시편,121,7,시편 121:7,여호와께서 너를 지켜 모든 환난을 면케 하시며 또 네 영혼을 지키시리로다
시편,121,8,시편 121:8,여호와께서 너의 출입을 지금부터 영원까지 지키시리로다
시편,122,1,시편 122:1,사람이 내게 말하기를 여호와의 집에 올라가자 할 때에 내가 기뻐하였도다
시편,122,2,시편 122:2,예루살렘아 ! 우리 발이 네 성문 안에 섰도다
시편,122,3,시편 122:3,예루살렘아 ! 너는 조밀한 성읍과 같이 건설되었도다
시편,122,4,시편 122:4,지파들 곧 여호와의 이름에 감사하려고 이스라엘의 전례대로 그리로 올라가는도다
시편,122,6,시편 122:6,예루살렘을 위하여 평안을 구하라 예루살렘을 사랑하는 자는 형통하리로다
시편,122,7,시편 122:7,네 성 안에는 평강이 있고 네 궁중에는 형통이 있을지어다
시편,122,8,시편 122:8,내가 내 형제와 붕우를 위하여 이제 말하리니 네 가운데 평강이 있을지어다
시편,122,9,시편 122:9,여호와 우리 하나님의 집을 위하여 내가 네 복을 구하리로다
시편,123,1,시편 123:1,"하늘에 계신 주여, 내가 눈을 들어 주께 향하나이다"
시편,123,2,시편 123:2,종의 눈이 그 상전의 손을 여종의 눈이 그 주모의 손을 바람같이 우리 눈이 여호와 우리 하나님을 바라며 우리를 긍휼히 여기시기를 기다리나이다
시편,123,3,시편 123:3,"여호와여, 우리를 긍휼히 여기시고 긍휼히 여기소서 심한 멸시가 우리에게 넘치나이다"
시편,123,4,시편 123:4,평안한 자의 조소와 교만한 자의 멸시가 우리 심령에 넘치나이다
시편,124,1,시편 124:1,이스라엘은 이제 말하기를 여호와께서 우리 편에 계시지 아니하고
시편,124,2,시편 124:2,사람들이 우리를 치러 일어날 때에 여호와께서 우리 편에 계시지 아니하셨더면
시편,124,6,시편 124:6,우리를 저희 이에 주어 씹히지 않게 하신 여호와를 찬송할지로다 !
시편,124,7,시편 124:7,우리 혼이 새가 사냥군의 올무에서 벗어남 같이 되었나니 올무가 끊어지므로 우리가 벗어났도다
시편,124,8,시편 124:8,우리의 도움은 천지를 지으신 여호와의 이름에 있도다
시편,125,1,시편 125:1,여호와를 의뢰하는 자는 시온산이 요동치 아니하고 영원히 있음같도다
시편,125,2,시편 125:2,산들이 예루살렘을 두름과 같이 여호와께서 그 백성을 지금부터 영원까지 두르시리로다
시편,125,3,시편 125:3,악인의 권세가 의인의 업에 미치지 못하리니 이는 의인으로 죄악에 손을 대지 않게 함이로다
시편,125,4,시편 125:4,"여호와여, 선인에게와 마음이 정직한 자에게 선을 행하소서"
시편,126,1,시편 126:1,여호와께서 시온의 포로를 돌리실 때에 우리가 꿈꾸는 것 같았도다
시편,126,3,시편 126:3,여호와를 위하여 대사를 행하셨으니 우리는 기쁘도다
시편,126,4,시편 126:4,"여호와여, 우리의 포로를 남방 시내들 같이 돌리소서"
시편,126,5,시편 126:5,눈물을 흘리며 씨를 뿌리는 자는 기쁨으로 거두리로다
시편,126,6,시편 126:6,울며 씨를 뿌리러 나가는 자는 정녕 기쁨으로 그 단을 가지고 돌아 오리로다
시편,127,1,시편 127:1,여호와께서 집을 세우지 아니하시면 세우는 자의 수고가 헛되며 여호와께서 성을 지키지 아니하시면 파숫군의 경성함이 허사로다
시편,127,2,시편 127:2,너희가 일찌기 일어나고 늦게 누우며 수고의 떡을 먹음이 헛되도다 그러므로 여호와께서 그 사랑하시는 자에게는 잠을 주시는도다
시편,127,3,시편 127:3,자식은 여호와의 주신 기업이요 태의 열매는 그의 상급이로다
시편,127,4,시편 127:4,젊은 자의 자식은 장사의 수중의 화살 같으니
시편,127,5,시편 127:5,이것이 그 전통에 가득한 자는 복되도다 저희가 성문에서 그 원수와 말할 때에 수치를 당치 아니하리로다
시편,128,1,시편 128:1,여호와를 경외하며 그 도에 행하는 자마다 복이 있도다
시편,128,2,시편 128:2,네가 네 손이 수고한대로 먹을 것이라 네가 복되고 형통하리로다
시편,128,3,시편 128:3,네 집 내실에 있는 네 아내는 결실한 포도나무 같으며 네 상에 둘린 자식은 어린 감람나무 같으리로다
시편,128,4,시편 128:4,여호와를 경외하는 자는 이같이 복을 얻으리로다
시편,128,5,시편 128:5,여호와께서 시온에서 네게 복을 주실지어다 너는 평생에 예루살렘의 복을 보며
시편,128,6,시편 128:6,네 자식을 볼지어다 이스라엘에게 평강이 있을지로다
시편,129,1,시편 129:1,이스라엘은 이제 말하기를 저희가 나의 소시부터 여러 번 나를 괴롭게 하였도다
시편,129,4,시편 129:4,여호와께서는 의로우사 악인의 줄을 끊으셨도다
시편,130,1,시편 130:1,"여호와여, 내가 깊은 데서 주께 부르짖었나이다"
시편,130,2,시편 130:2,"주여, 내 소리를 들으시며 나의 간구하는 소리에 귀를 기울이소서"
시편,130,3,시편 130:3,"여호와여, 주께서 죄악을 감찰하실진대 주여, 누가 서리이까"
시편,130,4,시편 130:4,그러나 사유하심이 주께 있음은 주를 경외케 하심이니이다
시편,130,5,시편 130:5,나 곧 내 영혼이 여호와를 기다리며 내가 그 말씀을 바라는도다
시편,130,6,시편 130:6,파숫군이 아침을 기다림보다 내 영혼이 주를 더 기다리나니 참으로 파숫군의 아침을 기다림보다 더하도다
시편,130,7,시편 130:7,이스라엘아 여호와를 바랄지어다 ! 여호와께는 인자하심과 풍성한 구속이 있음이라
시편,131,1,시편 131:1,"여호와여, 내 마음이 교만치 아니하고 내 눈이 높지 아니하오며 내가 큰 일과 미치지 못할 기이한 일을 힘쓰지 아니하나이다"
시편,131,2,시편 131:2,실로 내가 내 심령으로 고요하고 평온케 하기를 젖 뗀 아이가 그 어미 품에 있음 같게 하였나니 내 중심이 젖 뗀 아이와 같도다
시편,131,3,시편 131:3,이스라엘아 ! 지금부터 영원까지 여호와를 바랄지어다
시편,132,6,시편 132:6,우리가 그것이 에브라다에 있다 함을 들었더니 나무 밭에서 찾았도다
시편,132,8,시편 132:8,"여호와여, 일어나사 주의 권능의 궤와 함께 평안한 곳으로 들어가소서"
시편,132,12,시편 132:12,네 자손이 내 언약과 저희에게 교훈하는 내 증거를 지킬진대 저희 후손도 영원히 네 위에 앉으리라 하셨도다
시편,132,15,시편 132:15,내가 이 성의 식료품에 풍족히 복을 주고 양식으로 그 빈민을 만족케 하리로다
시편,133,1,시편 133:1,형제가 연합하여 동거함이 어찌 그리 선하고 아름다운고
시편,133,3,시편 133:3,헐몬의 이슬이 시온의 산들에 내림 같도다 거기서 여호와께서 복을 명하셨니 곧 영생이로다
시편,134,1,시편 134:1,밤에 여호와의 집에 섰는 여호와의 모든 종들아 여호와를 송축하라 !
시편,134,2,시편 134:2,성소를 향하여 너희 손을 들고 여호와를 송축하라 !
시편,134,3,시편 134:3,천지를 지으신 여호와께서 시온에서 네게 복을 주실지어다 !
시편,135,1,시편 135:1,할렐루야 여호와의 이름을 찬송하라 ! 여호와의 종들아 찬송하라 !
시편,135,3,시편 135:3,여호와를 찬송하라 ! 여호와는 선하시며 그 이름이 아름다우니 그 이름을 찬양하라 !
시편,135,4,시편 135:4,여호와께서 자기를 위하여 야곱 곧 이스라엘을 자기의 특별한 소유로 택하셨음이로다
시편,135,5,시편 135:5,내가 알거니와 여호와께서는 광대하시며 우리 모든 신보다 높으시도다
시편,135,6,시편 135:6,여호와께서 무릇 기뻐하시는 일을 천지와 바다와 모든 깊은 데서 행하셨도다
시편,135,7,시편 135:7,안개를 땅 끝에서 일으키시며 비를 위하여 번개를 만드시며 바람을 그 곳간에서 내시는도다
시편,135,12,시편 135:12,저희의 땅을 기업으로 주시되 자기 백성 이스라엘에게 기업으로 주셨도다
시편,135,13,시편 135:13,"여호와여, 주의 이름이 영원하시니이다 여호와여, 주의 기념이 대대에 이르리이다"
시편,135,14,시편 135:14,여호와께서 자기 백성을 판단하시며 그 종들을 긍휼히 여기시리로다
시편,135,15,시편 135:15,"열방의 우상은 은,금이요 사람의 수공물이라"
시편,135,17,시편 135:17,귀가 있어도 듣지 못하며 그 입에는 아무 기식도 없나니
시편,135,18,시편 135:18,그것을 만든자와 그것을 의지하는 자가 다 그것과 같으리라
시편,135,20,시편 135:20,레위 족속아 여호와를 송축하라 ! 여호와를 경외하는 너희들아 여호와를 송축하라 !
시편,135,21,시편 135:21,예루살렘에 거하신 여호와는 시온에서 찬송을 받으실지어다 ! 할렐루야
시편,136,1,시편 136:1,여호와께 감사하라 ! 그는 선하시며 그 인자하심이 영원함이로다
시편,136,2,시편 136:2,모든 신에 뛰어나신 하나님께 감사하라 ! 그 인자하심이 영원함이로다
시편,136,3,시편 136:3,모든 주에 뛰어나신 주께 감사하라 ! 그 인자하심이 영원함이로다
시편,136,4,시편 136:4,홀로 큰 기사를 행하시는 이에게 감사하라 ! 그 인자하심이 영원함이로다
시편,136,5,시편 136:5,지혜로 하늘을 지으신 이에게 감사하라 ! 그 인자하심이 영원함이 로다
시편,136,6,시편 136:6,땅을 물 위에 펴신이에게 감사하라 ! 그 인자하심이 영원함이로다
시편,136,7,시편 136:7,큰 빛들을 지으신 이에게 감사하라 ! 그 인자하심이 영원함이로다
시편,136,8,시편 136:8,해로 낮을 주관케 하신 이에게 감사하라 ! 그 인자하심이 영원함이로다
시편,136,9,시편 136:9,달과 별들로 밤을 주관케 하신 이에게 감사하라 ! 그 인자하심이 영원함이로다
시편,136,11,시편 136:11,이스라엘을 저희 중에서 인도하여 내신 이에게 감사하라 ! 그 인자하심이 영원함이로다
시편,136,12,시편 136:12,강한 손과 펴신 팔로 인도하여 내신 이에게 감사하라 ! 그 인자하심이 영원함이로다
시편,136,14,시편 136:14,이스라엘로 그 가운데로 통과케 하신 이에게 감사하라 ! 그 인자하심이 영원함이로다
시편,136,16,시편 136:16,그 백성을 인도하여 광야로 통과케 하신 이에게 감사하라 ! 그 인자하심이 영원함이로다
시편,136,21,시편 136:21,저희의 땅을 기업으로 주신 이에게 감사하라 ! 그 인자하심이 영원함이로다
시편,136,23,시편 136:23,우리를 비천한 데서 기념하신 이에게 감사하라 ! 그 인자하심이 영원함이로다
시편,136,24,시편 136:24,우리를 우리 대적에게서 건지신 이에게 감사하라 ! 그 인자하심이 영원함이로다
시편,136,25,시편 136:25,모든 육체에게 식물을 주신 이에게 감사하라 ! 그 인자하심이 영원함이로다
시편,136,26,시편 136:26,하늘의 하나님께 감사하라 ! 그 인자하심이 영원함이로다
시편,137,2,시편 137:2,그 중의 버드나무에 우리가 우리의 수금을 걸었나니
시편,138,1,시편 138:1,내가 전심으로 주께 감사하며 신들 앞에서 주께 찬양하리이다
시편,138,2,시편 138:2,내가 주의 성전을 향하여 경배하며 주의 인자하심과 성실하심을 인하여 주의 이름에 감사하오리니 이는 주께서 주의 말씀을 주의 모든 이름 위에 높게 하셨음이라
시편,138,3,시편 138:3,내가 간구하는 날에 주께서 응답하시고 내 영혼을 장려하여 강하게 하셨나이다
시편,138,4,시편 138:4,"여호와여, 땅의 열왕이 주께 감사할 것은 저희가 주의 입의 말씀을 들음이오며"
시편,138,5,시편 138:5,저희가 여호와의 도를 노래할것은 여호와의 영광이 크심이니이다
시편,138,6,시편 138:6,여호와께서 높이 계셔도 낮은 자를 하감하시며 멀리서도 교만한 자를 아시나이다
시편,138,7,시편 138:7,내가 환난 중에 다닐지라도 주께서 나를 소성케 하시고 주의 손을 펴사 내 원수들의 노를 막으시며 주의 오른손이 나를 구원하시리이다
시편,138,8,시편 138:8,"여호와께서 내게 관계된 것을 완전케 하실지라 여호와여, 주의 인자하심이 영원하오니 주의 손으로 지으신 것을 버리지 마옵소서"
시편,139,1,시편 139:1,"여호와여, 주께서 나를 감찰하시고 아셨나이다"
시편,139,2,시편 139:2,주께서 나의 앉고 일어섬을 아시며 멀리서도 나의 생각을 통촉하시오며
시편,139,3,시편 139:3,나의 길과 눕는 것을 감찰하시며 나의 모든 행위를 익히 아시오니
시편,139,4,시편 139:4,"여호와여, 내 혀의 말을 알지 못하시는 것이 하나도 없으시니이다"
시편,139,5,시편 139:5,주께서 나의 전후를 두르시며 내게 안수하셨나이다
시편,139,6,시편 139:6,이 지식이 내게 너무 기이하니 높아서 내가 능히 미치지 못하나이다
시편,139,7,시편 139:7,내가 주의 신을 떠나 어디로 가며 주의 앞에서 어디로 피하리이까
시편,139,8,시편 139:8,내가 하늘에 올라갈지라도 거기 계시며 음부에 내 자리를 펼지라도 거기 계시니이다
시편,139,9,시편 139:9,내가 새벽 날개를 치며 바다 끝에 가서 거할지라도
시편,139,11,시편 139:11,내가 혹시 말하기를 흑암이 정녕 나를 덮고 나를 두른 빛은 밤이 되리라 할지라도
시편,139,12,시편 139:12,주에게서는 흑암이 숨기지 못하며 밤이 낮과 같이 비취나니 주에게는 흑암과 빛이 일반이니이다
시편,139,13,시편 139:13,주께서 내 장부를 지으시며 나의 모태에서 나를 조직하셨나이다
시편,139,14,시편 139:14,내가 주께 감사하옴은 나를 지으심이 신묘막측하심이라 주의 행사가 기이함을 내 영혼이 잘 아나이다
시편,139,15,시편 139:15,내가 은밀한 데서 지음을 받고 땅의 깊은 곳에서 기이하게 지음을 받은 때에 나의 형체가 주의 앞에 숨기우지 못하였나이다
시편,139,16,시편 139:16,내 형질이 이루기 전에 주의 눈이 보셨으며 나를 위하여 정한 날이 하나도 되기 전에 주의 책에 다 기록이 되었나이다
시편,139,17,시편 139:17,"하나님이여, 주의 생각이 내게 어찌 그리 보배로우신지요 그 수가 어찌 그리 많은지요"
시편,139,18,시편 139:18,내가 세려고 할지라도 그 수가 모래보다 많도소이다 내가 깰 때에도 오히려 주와 함께 있나이다
시편,139,23,시편 139:23,"하나님이여, 나를 살피사 내 마음을 아시며 나를 시험하사 내 뜻을 아옵소서"
시편,139,24,시편 139:24,내게 무슨 악한 행위가 있나 보시고 나를 영원한 길로 인도하소서
시편,140,6,시편 140:6,"내가 여호와께 말하기를 주는 나의 하나님이시니 여호와여, 나의 간구하는 소리에 귀를 기울이소서 하였나이다"
시편,140,12,시편 140:12,내가 알거니와 여호와는 고난 당하는 자를 신원하시며 궁핍한 자에게 공의를 베푸시리이다
시편,140,13,시편 140:13,진실로 의인이 주의 이름에 감사하며 정직한 자가 주의 앞에 거하리이다
시편,141,1,시편 141:1,"여호와여, 제가 주를 불렀사오니 속히 내게 임하소서 내가 주께 부르짖을 때에 내 음성에 귀를 기울이소서"
시편,141,2,시편 141:2,나의 기도가 주의 앞에 분향함과 같이 되며 나의 손드는 것이 저녁 제사같이 되게 하소서
시편,141,3,시편 141:3,"여호와여, 내 입 앞에 파숫군을 세우시고 내 입술의 문을 지키소서"
시편,141,4,시편 141:4,내 마음이 악한 일에 기울어 죄악을 행하는 자와 함께 악을 행치 말게하시며 저희 진수를 먹지 말게 하소서
시편,141,5,시편 141:5,의인이 나를 칠지라도 은혜로 여기며 책망할지라도 머리의 기름같이 여겨서 내 머리가 이를 거절치 아니할지라 저희의 재난 중에라도 내가 항상 기도하리로다
시편,141,8,시편 141:8,"주 여호와여, 내 눈이 주께 향하며 내가 주께 피하오니 내 영혼을 빈궁한대로 버려두지 마옵소서"
시편,141,9,시편 141:9,나를 지키사 저희가 나를 잡으려고 놓은 올무와 행악자의 함정에서 벗어나게 하옵소서
시편,142,1,시편 142:1,내가 소리내어 여호와께 부르짖으며 소리내어 여호와께 간구하는도다
시편,142,2,시편 142:2,내가 내 원통함을 그 앞에 토하며 내 우환을 그 앞에 진술하는도다
시편,142,3,시편 142:3,내 심령이 속에서 상할 때에도 주께서 내 길을 아셨나이다 나의 행하는 길에 저희가 나를 잡으려고 올무를 숨겼나이다
시편,142,4,시편 142:4,내 우편을 살펴 보소서 나를 아는 자도 없고 피난처도 없고 내 영혼을 돌아보는 자도 없나이다
시편,142,5,시편 142:5,"여호와여, 내가 주께 부르짖어 말하기를 주는 나의 피난처시요 생존 세계에서 나의 분깃이시라 하였나이다"
시편,142,6,시편 142:6,나의 부르짖음을 들으소서 나는 심히 비천하니이다 나를 핍박하는 자에게서 건지소서 저희는 나보다 강하니이다
시편,142,7,시편 142:7,내 영혼을 옥에서 이끌어 내사 주의 이름을 감사케 하소서 주께서 나를 후대하시리니 의인이 나를 두르리이다
시편,143,1,시편 143:1,"여호와여, 내 기도를 들으시며 내 간구에 귀를 기울이시고 주의 진실과 의로 내게 응답하소서"
시편,143,5,시편 143:5,내가 옛날을 기억하고 주의 모든 행하신 것을 묵상하며 주의 손이 행사를 생각하고
시편,143,6,시편 143:6,주를 향하여 손을 펴고 내 영혼이 마른 땅 같이 주를 사모하나이다 셀라
시편,143,8,시편 143:8,아침에 나로 주의 인자한 말씀을 듣게 하소서 내가 주를 의뢰함이니이다 나의 다닐 길을 알게 하소서 내가 내 영혼을 주께 받듦이니이다
시편,143,9,시편 143:9,"여호와여, 나를 내 원수들에게서 건지소서 내가 주께 피하여 숨었나이다"
시편,143,10,시편 143:10,주는 나의 하나님이시니 나를 가르쳐 주의 뜻을 행케 하소서 주의 신이 선하시니 나를 공평한 땅에 인도하소서
시편,143,11,시편 143:11,"여호와여, 주의 이름을 인하여 나를 살리시고 주의 의로 내 영혼을 환난에서 끌어내소서"
시편,144,2,시편 144:2,"여호와는 나의 인자시요, 나의 요새시요, 나의 산성이시요, 나를 건지는 자시요, 나의 방패시요, 나의 피난처시요, 내 백성을 내게 복종케 하시는 자시로다"
시편,144,3,시편 144:3,"여호와여, 사람이 무엇이관대 주께서 저를 알아주시며 인생이 무엇이관대 주께서 저를 생각하시나이까"
시편,144,4,시편 144:4,사람은 헛것 같고 그의 날은 지나가는 그림자 같으니이다
시편,144,5,시편 144:5,"여호와여, 주의 하늘을 드리우고 강림하시며 산들에 접촉하사 연기가 발하게 하소서"
시편,144,7,시편 144:7,위에서부터 주의 손을 펴사 나를 큰 물과 이방인의 손에서 구하여 건지소서
시편,144,8,시편 144:8,저희 입은 궤사를 말하며 그 오른손은 거짓의 오른손이니이다
시편,144,9,시편 144:9,"하나님이여, 내가 주께 새 노래로 노래하며 열줄 비파로 주를 찬양하리이다"
시편,144,11,시편 144:11,이방인의 손에서 나를 구하여 건지소서 저희 입은 궤사를 말하며 그 오른손은 거짓의 오른손이니이다
시편,144,12,시편 144:12,우리 아들들은 어리다가 장성한 나무 같으며 우리 딸들은 궁전의 식양대로 아름답게 다듬은 모퉁이 돌과 같으며
시편,144,14,시편 144:14,우리 수소는 무겁게 실었으며 또 우리를 침로하는 일이나 우리가 나아가 막는 일이 없으며 우리 거리에는 슬피 부르짖음이 없을진대
시편,144,15,시편 144:15,이러한 백성은 복이 있나니 여호와를 자기 하나님으로 삼는 백성은 복이 있도다
시편,145,1,시편 145:1,"왕이신 나의 하나님이여, 내가 주를 높이고 영원히 주의 이름을 송축하리이다"
시편,145,2,시편 145:2,내가 날마다 주를 송축하며 영영히 주의 이름을 송축하리이다
시편,145,3,시편 145:3,여호와는 광대하시니 크게 찬양할 것이라 그의 광대하심을 측량치 못하리로다
시편,145,4,시편 145:4,대대로 주의 행사를 크게 칭송하며 주의 능한 일을 선포하리로다
시편,145,5,시편 145:5,주의 존귀하고 영광스러운 위엄과 주의 기사를 나는 묵상하리이다
시편,145,6,시편 145:6,사람들은 주의 두려운 일의 세력을 말할 것이요 나도 주의 광대하심을 선포하리이다
시편,145,7,시편 145:7,저희가 주의 크신 은혜를 기념하여 말하며 주의 의를 노래하리이다
시편,145,8,시편 145:8,"여호와는 은혜로우시며, 자비하시며, 노하기를 더디하시며, 인자하심이 크시도다"
시편,145,9,시편 145:9,여호와께서는 만유를 선대하시며 그 지으신 모든 것에 긍휼을 베푸시는도다
시편,145,10,시편 145:10,"여호와여, 주의 지으신 모든 것이 주께 감사하며 주의 성도가 주를 송축하리이다"
시편,145,11,시편 145:11,저희가 주의 나라의 영광을 말하며 주의 능을 일러서
시편,145,12,시편 145:12,주의 능하신 일과 주의 나라의 위엄의 영광을 인생에게 알게 하리이다
시편,145,13,시편 145:13,주의 나라는 영원한 나라이니 주의 통치는 대대에 이르리이다
시편,145,14,시편 145:14,여호와께서는 모든 넘어지는 자를 붙드시며 비굴한 자를 일으키시는도다
시편,145,15,시편 145:15,중생의 눈이 주를 앙망하오니 주는 때를 따라 저희에게 식물을 주시며
시편,145,16,시편 145:16,손을 펴사 모든 생물의 소원을 만족케 하시나이다
시편,145,17,시편 145:17,여호와께서는 그 모든 행위에 의로우시며 그 모든 행사에 은혜로우시도다
시편,145,18,시편 145:18,여호와께서는 자기에게 간구하는 모든 자 곧 진실하게 간구하는 모든 자에게 가까이 하시는도다
시편,145,19,시편 145:19,저는 자기를 경외하는 자의 소원을 이루시며 또 저희 부르짖음을 들으사 구원하시리로다
시편,145,21,시편 145:21,내 입이 여호와의 영예를 말하며 모든 육체가 그의 성호를 영영히 송축할지로다 !
시편,146,1,시편 146:1,할렐루야 ! 내 영혼아 여호와를 찬양하라 !
시편,146,2,시편 146:2,나의 생전에 여호와를 찬양하며 나의 평생에 내 하나님을 찬송하리로다 !
시편,146,3,시편 146:3,방백들을 의지하지 말며 도울 힘이 없는 인생도 의지하지 말지니
시편,146,4,시편 146:4,그 호흡이 끊어지면 흙으로 돌아가서 당일에 그 도모가 소멸하리로다
시편,146,5,시편 146:5,야곱의 하나님으로 자기 도움을 삼으며 여호와 자기 하나님에게 그 소망을 두는 자는 복이 있도다
시편,146,6,시편 146:6,여호와는 천지와 바다와 그 중의 만물을 지으시며 영원히 진실함을 지키시며
시편,146,7,시편 146:7,압박 당하는 자를 위하여 공의로 판단하시며 주린 자에게 식물을 주시는 자시로다 여호와께서 갇힌 자를 해방하시며
시편,146,9,시편 146:9,여호와께서 객을 보호하시며 고아와 과부를 붙드시고 악인의 길은 굽게 하시는도다
시편,146,10,시편 146:10,시온아 여호와 네 하나님은 영원히 대대에 통치하시리로다 할렐루야 !
시편,147,1,시편 147:1,할렐루야 ! 우리 하나님께 찬양함이 선함이여 찬송함이 아름답고 마땅하도다
시편,147,2,시편 147:2,여호와께서 예루살렘을 세우시며 이스라엘의 흩어진 자를 모으시며
시편,147,3,시편 147:3,상심한 자를 고치시며 저희 상처를 싸매시는도다
시편,147,5,시편 147:5,우리 주는 광대하시며 능력이 많으시며 그 지혜가 무궁하시도다
시편,147,7,시편 147:7,감사함으로 여호와께 노래하며 수금으로 하나님께 찬양할지어다 !
시편,147,9,시편 147:9,들짐승과 우는 까마귀 새끼에게 먹을 것을 주시는도다
시편,147,10,시편 147:10,여호와는 말의 힘을 즐거워 아니하시며 사람의 다리도 기뻐아니하시고
시편,147,11,시편 147:11,자기를 경외하는 자와 그 인자하심을 바라는 자들을 기뻐하시는도다
시편,147,12,시편 147:12,예루살렘아 여호와를 찬송할지어다 ! 시온아 네 하나님을 찬양할지어다 !
시편,147,14,시편 147:14,네 경내를 평안케 하시고 아름다운 밀로 너를 배불리시며
시편,147,15,시편 147:15,그 명을 땅에 보내시니 그 말씀이 속히 달리는도다
시편,147,16,시편 147:16,눈을 양털같이 내리시며 서리를 재 같이 흩으시며
시편,147,18,시편 147:18,그 말씀을 보내사 그것들을 녹이시고 바람을 불게 하신즉 물이 흐르는도다
시편,147,20,시편 147:20,아무 나라에게도 이같이 행치 아니하셨나니 저희는 그 규례를 알지 못하였도다 할렐루야 !
시편,148,1,시편 148:1,할렐루야 ! 하늘에서 여호와를 찬양하며 높은 데서 찬양할지어다 !
시편,148,3,시편 148:3,해와 달아 찬양하며 광명한 별들아 찬양할지어다 !
시편,148,4,시편 148:4,하늘의 하늘도 찬양하며 하늘 위에 있는 물들도 찬양할지어다 !
시편,148,5,시편 148:5,그것들이 여호와의 이름을 찬양할 것은 저가 명하시매 지음을 받았음이로다
시편,148,7,시편 148:7,너희 용들과 바다여 땅에서 여호와를 찬양하라 !
시편,148,10,시편 148:10,짐승과 모든 가축과 기는 것과 나는 새며
시편,148,11,시편 148:11,세상의 왕들과 모든 백성과 방백과 땅의 모든 사사며
시편,148,12,시편 148:12,청년 남자와 처녀와 노인과 아이들아
시편,148,13,시편 148:13,다 여호와의 이름을 찬양할지어다 그 이름이 홀로 높으시며 그 영광이 천지에 뛰어나심이로다
시편,149,1,시편 149:1,할렐루야 ! 새 노래로 여호와께 노래하며 성도의 회중에서 찬양할지어다 !
시편,149,2,시편 149:2,이스라엘은 자기를 지으신 자로 인하여 즐거워하며 시온의 자민 저희의 왕으로 인하여 즐거워 할지어다
시편,149,3,시편 149:3,춤 추며 그의 이름을 찬양하며 소고와 수금으로 그를 찬양할지어다 !
시편,149,4,시편 149:4,여호와께서는 자기 백성을 기뻐하시며 겸손한 자를 구원으로 아름답게 하심이로다
시편,149,5,시편 149:5,성도들은 영광 중에 즐거워하며 저희 침상에서 기쁨으로 노래할지어다
시편,150,1,시편 150:1,할렐루야 ! 그 성소에서 하나님을 찬양하며 그 권능의 궁창에서 그를 찬양할지어다 !
시편,150,3,시편 150:3,나팔 소리로 찬양하며 비파와 수금으로 찬양할지어다 !
시편,150,4,시편 150:4,소고 치며 춤추어 찬양하며 현악과 퉁소로 찬양할지어다 !
시편,150,5,시편 150:5,큰 소리 나는 제금으로 찬양하며 높은 소리 나는 제금으로 찬양할지어다 !
시편,150,6,시편 150:6,호흡이 있는 자마다 여호와를 찬양할지어다 ! 할렐루야 !
잠언,1,4,잠언 1:4,어리석은 자로 슬기롭게 하며 젊은 자에게 지식과 근신함을 주기 위한 것이니
잠언,1,5,잠언 1:5,지혜있는 자는 듣고 학식이 더할 것이요 명철한 자는 모략을 얻을 것이라
잠언,1,6,잠언 1:6,잠언과 비유와 지혜있는 자의 말과 그 오묘한 말을 깨달으리라
잠언,1,7,잠언 1:7,여호와를 경외하는 것이 지식의 근본이어늘 미련한 자는 지혜와 훈계를 멸시하느니라
잠언,1,8,잠언 1:8,내 아들아 네 아비의 훈계를 들으며 네 어미의 법을 떠나지 말라
잠언,1,14,잠언 1:14,우리가 온갖 보화를 얻으며 빼앗은 것으로 우리 집에 채우리니
잠언,1,15,잠언 1:15,너는 우리와 함께 제비를 뽑고 우리가 함께 전대 하나만 두자 할지라도
잠언,1,17,잠언 1:17,대저 그 발은 악으로 달려가며 피를 흘리는 데 빠름이니라
잠언,1,19,잠언 1:19,그들의 가만히 엎드림은 자기의 피를 흘릴 뿐이요 숨어 기다림은 자기의 생명을 해할 뿐이니
잠언,1,20,잠언 1:20,무릇 이를 탐하는 자의 길은 다 이러하여 자기의 생명을 잃게 하느니라
잠언,1,23,잠언 1:23,너희 어리석은 자들은 어리석음을 좋아하며 거만한 자들은 거만을 기뻐하며 미련한 자들은 지식을 미워하니 어느 때까지 하겠느냐
잠언,1,24,잠언 1:24,나의 책망을 듣고 돌이키라 보라 내가 나의 신을 너희에게 부어주며 나의 말을 너희에게 보이리라
잠언,1,33,잠언 1:33,어리석은 자의 퇴보는 자기를 죽이며 미련한 자의 안일은 자기를 멸망시키려니와 [ 오직 나를 듣는 자는 안연히 살며 재앙의 두려움이 없이 평안하리라 ]
잠언,2,2,잠언 2:2,네 귀를 지혜에 기울이며 네 마음을 명철에 두며
잠언,2,4,잠언 2:4,은을 구하는 것 같이 그것을 구하며 감추인 보배를 찾는 것 같이 그것을 찾으면
잠언,2,5,잠언 2:5,여호와 경외하기를 깨달으며 하나님을 알게 되리니
잠언,2,7,잠언 2:7,그는 정직한 자를 위하여 완전한 지혜를 예비하시며 행실이 온전한 자에게 방패가 되시나니
잠언,2,8,잠언 2:8,대저 그는 공평의 길을 보호하시며 그 성도들의 길을 보전하려 하심이니라
잠언,2,11,잠언 2:11,근신이 너를 지키며 명철이 너를 보호하여
잠언,2,12,잠언 2:12,악한 자의 길과 패역을 말하는 자에게서 건져내리라
잠언,2,17,잠언 2:17,그는 소시의 짝을 버리며 그 하나님의 언약을 잊어버린자라
잠언,2,20,잠언 2:20,지혜가 너로 선한 자의 길로 행하게 하며 또 의인의 길을 지키게 하리니
잠언,2,21,잠언 2:21,대저 정직한 자는 땅에 거하며 완전한 자는 땅에 남아 있으리라
잠언,3,1,잠언 3:1,내 아들아 나의 법을 잊어버리지 말고 네 마음으로 나의 명령을 지키라
잠언,3,3,잠언 3:3,인자와 진리로 네게서 떠나지 않게 하고 그것을 네 목에 매며 네 마음판에 새기라
잠언,3,5,잠언 3:5,너는 마음을 다하여 여호와를 의뢰하고 네 명철을 의지하지 말라
잠언,3,6,잠언 3:6,너는 범사에 그를 인정하라 ! 그리하면 네 길을 지도하시리라
잠언,3,7,잠언 3:7,스스로 지혜롭게 여기지 말지어다 여호와를 경외하며 악을 떠날지어다
잠언,3,8,잠언 3:8,이것이 네 몸에 양약이 되어 네 골수로 윤택하게 하리라
잠언,3,9,잠언 3:9,네 재물과 네 소산물의 처음 익은 열매로 여호와를 공경하라
잠언,3,11,잠언 3:11,내 아들아 여호와의 징계를 경히 여기지 말라 그 꾸지람을 싫어하지 말라
잠언,3,12,잠언 3:12,대저 여호와께서 그 사랑하시는 자를 징계하시기를 마치 아비가 그 기뻐하는 아들을 징계함 같이 하시느니라
잠언,3,13,잠언 3:13,지혜를 얻은 자와 명철을 얻은 자는 복이 있나니
잠언,3,15,잠언 3:15,지혜는 진주보다 귀하니 너의 사모하는 모든 것으로 이에 비교할수 없도다
잠언,3,16,잠언 3:16,"그 우편 손에는 장수가 있고, 그 좌편 손에는 부귀가 있나니"
잠언,3,17,잠언 3:17,그 길은 즐거운 길이요 그 첩경은 다 평강이니라
잠언,3,18,잠언 3:18,지혜는 그 얻은 자에게 생명나무라 지혜를 가진 자는 복되도다
잠언,3,19,잠언 3:19,여호와께서는 지혜로 땅을 세우셨으며 명철로 하늘을 굳게 펴셨고
잠언,3,20,잠언 3:20,그 지식으로 해양이 갈라지게 하셨으며 공중에서 이슬이 내리게 하셨느니라
잠언,3,21,잠언 3:21,내 아들아 완전한 지혜와 근신을 지키고 이것들로 네 눈 앞에서 떠나지 않게 하라
잠언,3,23,잠언 3:23,네가 네 길을 안연히 행하겠고 네 발이 거치지 아니하겠으며
잠언,3,24,잠언 3:24,네가 누울 때에 두려워하지 아니하겠고 네가 누운즉 네 잠이 달리로다
잠언,3,25,잠언 3:25,너는 창졸간의 두려움이나 악인의 멸망이 임할 때나 두려워하지말라
잠언,3,26,잠언 3:26,대저 여호와는 너의 의지할 자이시라 네 발을 지켜 걸리지 않게 하시리라
잠언,3,27,잠언 3:27,네 손이 선을 베풀 힘이 있거든 마땅히 받을 자에게 베풀기를 아끼지 말며
잠언,3,28,잠언 3:28,네게 있거든 이웃에게 이르기를 갔다가 다시 오라 내일 주겠노라 하지 말며
잠언,3,29,잠언 3:29,네 이웃이 네 곁에서 안연히 살거든 그를 모해하지 말며
잠언,3,30,잠언 3:30,사람이 네게 악을 행하지 아니하였거든 까닭없이 더불어 다투지말며
잠언,3,31,잠언 3:31,포학한 자를 부러워하지 말며 그 아무 행위든지 좇지 말라
잠언,3,32,잠언 3:32,대저 패역한 자는 여호와의 미워하심을 입거니와 정직한 자에게는 그의 교통하심이 있으며
잠언,3,34,잠언 3:34,진실로 그는 거만한 자를 비웃으시며 겸손한 자에게 은혜를 베푸시나니
잠언,3,35,잠언 3:35,지혜로운 자는 영광을 기업으로 받거니와 미련한 자의 현달함은 욕이 되느니라
잠언,4,1,잠언 4:1,아들들아 아비의 훈계를 들으며 명철을 얻기에 주의하라
잠언,4,2,잠언 4:2,내가 선한 도리를 너희에게 전하노니 내 법을 떠나지 말라
잠언,4,3,잠언 4:3,나도 내 아버지에게 아들이었었으며 내 어머니 보기에 유약한 외아들이었었노라
잠언,4,4,잠언 4:4,아버지가 내게 가르쳐 이르기를 내 말을 네 마음에 두라 내 명령을 지키라 그리하면 살리라
잠언,4,5,잠언 4:5,지혜를 얻으며 명철을 얻으라 내 입의 말을 잊지 말며 어기지 말라
잠언,4,6,잠언 4:6,지혜를 버리지 말라 그가 너를 보호하리라 그를 사랑하라 그가 너를 지키리라
잠언,4,7,잠언 4:7,지혜가 제일이니 지혜를 얻으라 ! 무릇 너의 얻은 것을 가져 명철을 얻을지니라
잠언,4,10,잠언 4:10,내 아들아 들으라 내 말을 받으라 ! 그리하면 네 생명의 해가 길리라
잠언,4,11,잠언 4:11,내가 지혜로운 길로 네게 가르쳤으며 정직한 첩경으로 너를 인도하였은즉
잠언,4,12,잠언 4:12,다닐 때에 네 걸음이 곤란하지 아니하겠고 달려갈 때에 실족하지 아니하리라
잠언,4,13,잠언 4:13,훈계를 굳게 잡아 놓치지 말고 지키라 이것이 네 생명이니라
잠언,4,14,잠언 4:14,사특한 자의 첩경에 들어가지 말며 악인의 길로 다니지 말지어다
잠언,4,15,잠언 4:15,그 길을 피하고 지나가지 말며 돌이켜 떠나갈지어다
잠언,4,20,잠언 4:20,내 아들아 내 말에 주의하며 나의 이르는 것에 네 귀를 기울이라
잠언,4,21,잠언 4:21,그것을 네 눈에서 떠나게 말며 네 마음 속에 지키라
잠언,4,22,잠언 4:22,그것은 얻는 자에게 생명이 되며 그 온 육체의 건강이 됨이니라
잠언,4,23,잠언 4:23,무릇 지킬만한 것보다 더욱 네 마음을 지키라 생명의 근원이 이에서 남이니라
잠언,4,24,잠언 4:24,궤휼을 네 입에서 버리며 사곡을 네 입술에서 멀리하라
잠언,4,26,잠언 4:26,네 발의 행할 첩경을 평탄케 하며 네 모든 길을 든든히 하라
잠언,4,27,잠언 4:27,우편으로나 좌편으로나 치우치지 말고 네 발을 악에서 떠나게 하라
잠언,5,1,잠언 5:1,내 아들아 내 지혜에 주의하며 내 명철에 네 귀를 기울여서
잠언,5,2,잠언 5:2,근신을 지키며 네 입술로 지식을 지키도록 하라
잠언,5,8,잠언 5:8,네 길을 그에게서 멀리하라 그 집 문에도 가까이 가지 말라
잠언,5,9,잠언 5:9,두렵건대 네 존영이 남에게 잃어버리게 되며 네 수한이 잔포자에게 빼앗기게 될까 하노라
잠언,5,10,잠언 5:10,두렵건대 타인이 네 재물로 충족하게 되며 네 수고한 것이 외인의 집에 있게 될까 하노라
잠언,5,13,잠언 5:13,내 선생의 목소리를 청종치 아니하며 나를 가르치는 이에게 귀를 기울이지 아니하였던고
잠언,5,15,잠언 5:15,너는 네 우물에서 물을 마시며 네 샘에서 흐르는 물을 마시라
잠언,5,16,잠언 5:16,어찌하여 네 샘물을 집 밖으로 넘치게 하겠으며 네 도랑물을 거리로 흘러가게 하겠느냐
잠언,5,17,잠언 5:17,그 물로 네게만 있게 하고 타인으로 더불어 그것을 나누지 말라
잠언,5,18,잠언 5:18,네 샘으로 복되게 하라 ! 네가 젊어서 취한 아내를 즐거워하라
잠언,5,19,잠언 5:19,그는 사랑스러운 암사슴 같고 아름다운 암노루 같으니 너는 그 품을 항상 족하게 여기며 그 사랑을 항상 연모하라
잠언,5,21,잠언 5:21,대저 사람의 길은 여호와의 눈 앞에 있나니 그가 그 모든 길을 평탄케 하시느니라
잠언,5,22,잠언 5:22,악인은 자기의 악에 걸리며 그 죄의 줄에 매이나니
잠언,6,1,잠언 6:1,내 아들아 네가 만일 이웃을 위하여 담보하며 타인을 위하여 보증하였으면
잠언,6,2,잠언 6:2,네 입의 말로 네가 얽혔으며 네 입의 말로 인하여 잡히게 되었느니라
잠언,6,4,잠언 6:4,네 눈으로 잠들게 하지 말며 눈꺼풀로 감기게 하지 말고
잠언,6,5,잠언 6:5,노루가 사냥군의 손에서 벗어나는 것 같이 새가 그물 치는 자의 손에서 벗어나는 것 같이 스스로 구원하라
잠언,6,6,잠언 6:6,게으른 자여 개미에게로 가서 그 하는 것을 보고 지혜를 얻으라
잠언,6,7,잠언 6:7,개미는 두령도 없고 간역자도 없고 주권자도 없으되
잠언,6,8,잠언 6:8,먹을 것을 여름 동안에 예비하며 추수 때에 양식을 모으느니라
잠언,6,9,잠언 6:9,게으른 자여 네가 어느 때까지 눕겠느냐 ? 네가 어느 때에 잠이 깨어 일어나겠느나 ?
잠언,6,10,잠언 6:10,"좀더 자자, 좀더 졸자, 손을 모으고 좀더 눕자 하면"
잠언,6,20,잠언 6:20,내 아들아 네 아비의 명령을 지키며 네 어미의 법을 떠나지 말고
잠언,6,21,잠언 6:21,그것을 항상 네 마음에 새기며 네 목에 매라
잠언,6,22,잠언 6:22,그것이 너의 다닐 때에 너를 인도하며 너의 잘 때에 너를 보호하며 너의 깰 때에 너로 더불어 말하리니
잠언,6,23,잠언 6:23,대저 명령은 등불이요 법은 빛이요 훈계의 책망은 곧 생명의 길이라
잠언,6,27,잠언 6:27,사람이 불을 품에 품고야 어찌 그 옷이 타지 아니하겠으며
잠언,6,28,잠언 6:28,사람이 숯불을 밟고야 어찌 그 발이 데지 아니하겠느냐 ?
잠언,6,31,잠언 6:31,들키면 칠배를 갚아야 하리니 심지어 자기 집에 있는 것을 다 내어주게 되리라
잠언,7,1,잠언 7:1,내 아들아 내 말을 지키며 내 명령을 네게 간직하라
잠언,7,2,잠언 7:2,내 명령을 지켜서 살며 내 법을 네 눈동자처럼 지키라 !
잠언,7,3,잠언 7:3,이것을 네 손가락에 매며 이것을 네 마음판에 새기라
잠언,7,4,잠언 7:4,지혜에게 너는 내 누이라 하며 명철에게 너는 내 친족이라 하라
잠언,7,6,잠언 7:6,"내가 내 집 들창으로, 살창으로 내어다 보다가"
잠언,7,7,잠언 7:7,"어리석은자 중에, 소년 중에 한 지혜 없는 자를 보았노라"
잠언,7,9,잠언 7:9,"저물 때, 황혼 때, 깊은밤 흑암 중에라"
잠언,7,17,잠언 7:17,몰약과 침향과 계피를 뿌렸노라
잠언,7,18,잠언 7:18,"오라, 우리가 아침까지 흡족하게 서로 사랑하며 사랑함으로 희락하자"
잠언,7,19,잠언 7:19,남편은 집을 떠나 먼 길을 갔는데
잠언,7,20,잠언 7:20,은 주머니를 가졌은즉 보름에나 집에 돌아오리라 하여
잠언,7,24,잠언 7:24,아들들아 나를 듣고 내 입의 말에 주의하라
잠언,8,1,잠언 8:1,지혜가 부르지 아니하느냐 명철이 소리를 높이지 아니하느냐
잠언,8,4,잠언 8:4,사람들아 내가 너희를 부르며 내가 인자들에게 소리를 높이노라
잠언,8,5,잠언 8:5,어리석은 자들아 너희는 명철할지니라 미련한 자들아 너희는 마음이 밝을지니라 너희는 들을지어다
잠언,8,6,잠언 8:6,내가 가장 선한 것을 말하리라 내 입술을 열어 정직을 내리라
잠언,8,7,잠언 8:7,내 입은 진리를 말하며 내 입술은 악을 미워하느니라
잠언,8,8,잠언 8:8,내 입의 말은 다 의로운즉 그 가운데 굽은 것과 패역한 것이 없나니
잠언,8,10,잠언 8:10,너희가 은을 받지 말고 나의 훈계를 받으며 정금보다 지식을 얻으라
잠언,8,11,잠언 8:11,대저 지혜는 진주보다 나으므로 무릇 원하는 것을 이에 비교할 수 없음이니라
잠언,8,12,잠언 8:12,나 지혜는 명철로 주소를 삼으며 지식과 근신을 찾아 얻나니
잠언,8,14,잠언 8:14,내게는 도략과 참 지식이 있으며 나는 명철이라 내게 능력이 있으므로
잠언,8,15,잠언 8:15,나로 말미암아 왕들이 치리하며 방백들이 공의를 세우며
잠언,8,16,잠언 8:16,나로 말미암아 재상과 존귀한 자 곧 세상의 모든 재판관들이 다스리느니라
잠언,8,17,잠언 8:17,나를 사랑하는 자들이 나의 사랑을 입으며 나를 간절히 찾는 자가 나를 만날 것이니라
잠언,8,18,잠언 8:18,부귀가 내게 있고 장구한 재물과 의도 그러하니라
잠언,8,19,잠언 8:19,내 열매는 금이나 정금보다 나으며 내 소득은 천은보다 나으니라
잠언,8,20,잠언 8:20,나는 의로운 길로 행하며 공평한 길 가운데로 다니나니
잠언,8,22,잠언 8:22,[사37:26]
잠언,8,23,잠언 8:23,여호와께서 그 조화의 시작 곧 태초에 일하시기 전에 나를 가지셨으며
잠언,8,24,잠언 8:24,"만세 전부터 상고부터, 땅이 생기기 전부터, 내가 세움을 입었나니"
잠언,8,25,잠언 8:25,아직 바다가 생기지 아니하였고 큰 샘들이 있기 전에 내가 이미났으며
잠언,8,26,잠언 8:26,산이 세우심을 입기 전에 언덕이 생기기 전에 내가 이미 났으니
잠언,8,27,잠언 8:27,하나님이 아직 땅도 들도 세상 진토의 근원도 짓지 아니하셨을 때에라
잠언,8,30,잠언 8:30,바다의 한계를 정하여 물로 명령을 거스리지 못하게 하시며 또 땅의 기초를 정하실 때에
잠언,8,31,잠언 8:31,내가 그 곁에 있어서 창조자가 되어 날마다 그 기뻐하신 바가 되었으며 항상 그 앞에서 즐거워하였으며
잠언,8,32,잠언 8:32,사람이 거처할 땅에서 즐거워하며 인자들을 기뻐하였었느니라
잠언,8,33,잠언 8:33,아들들아 이제 내게 들으라 내 도를 지키는 자가 복이 있느니라
잠언,8,34,잠언 8:34,훈계를 들어서 지혜를 얻으라 그것을 버리지 말라
잠언,8,35,잠언 8:35,누구든지 내게 들으며 날마다 내 문 곁에서 기다리며 문설주 옆에서 기다리는 자는 복이 있나니
잠언,9,1,잠언 9:1,지혜가 그 집을 짓고 일곱 기둥을 다듬고
잠언,9,2,잠언 9:2,짐승을 잡으며 포도주를 혼합하여 상을 갖추고
잠언,9,5,잠언 9:5,너는 와서 내 식물을 먹으며 내 혼합한 포도주를 마시고
잠언,9,6,잠언 9:6,어리석음을 버리고 생명을 얻으라 명철의 길을 행하라 하느니라
잠언,9,7,잠언 9:7,거만한 자를 징계하는 자는 도리어 능욕을 받고 악인을 책망하는 자는 도리어 흠을 잡히느니라
잠언,9,8,잠언 9:8,거만한 자를 책망하지 말라 그가 너를 미워할까 두려우니라 지혜있는 자를 책망하라 그가 너를 사랑하리라
잠언,9,9,잠언 9:9,지혜 있는 자에게 교훈을 더하라 그가 더욱 지혜로와질 것이요 의로운 사람을 가르치라 그의 학식이 더하리라
잠언,9,10,잠언 9:10,여호와를 경외하는 것이 지혜의 근본이요 거룩하신 자를 아는 것이 명철이니라
잠언,9,11,잠언 9:11,나 지혜로 말미암아 네 날이 많아질 것이요 네 생명의 해가 더하리라
잠언,9,12,잠언 9:12,네가 만일 지혜로우면 그 지혜가 네게 유익할 것이나 네가 만일 거만하면 너 홀로 해를 당하리라
잠언,10,2,잠언 10:2,불의의 재물은 무익하여도 의리는 죽음에서 건지느니라
잠언,10,3,잠언 10:3,여호와께서 의인의 영혼은 주리지 않게 하시나 악인의 소욕은 물리치시느니라
잠언,10,4,잠언 10:4,손을 게으르게 놀리는 자는 가난하게 되고 손이 부지런한 자는 부하게 되느니라
잠언,10,5,잠언 10:5,여름에 거두는 자는 지혜로운 아들이나 추수 때에 자는 자는 부끄러움을 끼치는 아들이니라
잠언,10,8,잠언 10:8,마음이 지혜로운 자는 명령을 받거니와 입이 미련한 자는 패망하리라
잠언,10,9,잠언 10:9,바른 길로 행하는 자는 걸음이 평안하려니와 굽은 길로 행하는 자는 드러나리라
잠언,10,10,잠언 10:10,눈짓하는 자는 근심을 끼치고 입이 미련한 자는 패망하느니라
잠언,10,12,잠언 10:12,미움은 다툼을 일으켜도 사랑은 모든 허물을 가리우느니라
잠언,10,14,잠언 10:14,지혜로운 자는 지식을 간직하거니와 미련한 자의 입은 멸망에 가까우니라
잠언,10,16,잠언 10:16,의인의 수고는 생명에 이르고 악인의 소득은 죄에 이르느니라
잠언,10,17,잠언 10:17,훈계를 지키는 자는 생명길로 행하여도 징계를 버리는 자는 그릇 가느니라
잠언,10,19,잠언 10:19,말이 많으면 허물을 면키 어려우나 그 입술을 제어하는 자는 지혜가 있느니라
잠언,10,20,잠언 10:20,의인의 혀는 천은과 같거니와 악인의 마음은 가치가 적으니라
잠언,10,21,잠언 10:21,의인의 입술은 여러 사람을 교육하나 미련한 자는 지식이 없으므로 죽느니라
잠언,10,22,잠언 10:22,여호와께서 복을 주시므로 사람으로 부하게 하시고 근심을 겸하여 주지 아니하시느니라
잠언,10,23,잠언 10:23,미련한 자는 행악으로 낙을 삼는 것 같이 명철한 자는 지혜로 낙을 삼느니라
잠언,10,24,잠언 10:24,악인에게는 그의 두려워하는 것이 임하거니와 의인은 그 원하는 것이 이루어지느니라
잠언,10,25,잠언 10:25,회리바람이 지나가면 악인은 없어져도 의인은 영원한 기초 같으니라
잠언,10,26,잠언 10:26,게으른 자는 그 부리는 사람에게 마치 이에 초 같고 눈에 연기 같으니라
잠언,10,32,잠언 10:32,의인의 입술은 기쁘게 할 것을 알거늘 악인의 입은 패역을 말하느니라
잠언,11,1,잠언 11:1,속이는 저울은 여호와께서 미워하셔도 공평한 추는 그가 기뻐하시느니라
잠언,11,2,잠언 11:2,교만이 오면 욕도 오거니와 겸손한 자에게는 지혜가 있느니라
잠언,11,3,잠언 11:3,정직한 자의 성실은 자기를 인도하거니와 사특한 자의 패역은 자기를 망케 하느니라
잠언,11,5,잠언 11:5,완전한 자는 그 의로 인하여 그 길이 곧게 되려니와 악한 자는 그 악을 인하여 넘어지리라
잠언,11,6,잠언 11:6,정직한 자는 그 의로 인하여 구원을 얻으려니와 사특한 자는 자기의 악에 잡히리라
잠언,11,8,잠언 11:8,의인은 환난에서 구원을 얻고 악인은 와서 그를 대신하느니라
잠언,11,9,잠언 11:9,사특한 자는 입으로 그 이웃을 망하게 하여도 의인은 그 지식으로 말미암아 구원을 얻느니라
잠언,11,11,잠언 11:11,성읍은 정직한 자의 축원을 인하여 진흥하고 악한 자의 입을 인하여 무너지느니라
잠언,11,12,잠언 11:12,지혜 없는 자는 그 이웃을 멸시하나 명철한 자는 잠잠하느니라
잠언,11,13,잠언 11:13,두루 다니며 한담하는 자는 남의 비밀을 누설하나 마음이 신실한 자는 그런 것을 숨기느니라
잠언,11,14,잠언 11:14,도략이 없으면 백성이 망하여도 모사가 많으면 평안을 누리느니라
잠언,11,15,잠언 11:15,타인을 위하여 보증이 되는 자는 손해를 당하여도 보증이 되기를 싫어하는 자는 평안하니라
잠언,11,16,잠언 11:16,유덕한 여자는 존영을 얻고 근면한 남자는 재물을 얻느니라
잠언,11,17,잠언 11:17,인자한 자는 자기의 영혼을 이롭게 하고 잔인한 자는 자기의 몸을 해롭게 하느니라
잠언,11,18,잠언 11:18,악인의 삯은 허무하되 의를 뿌린 자의 상은 확실하니라
잠언,11,22,잠언 11:22,아름다운 여인이 삼가지 아니하는 것은 마치 돼지 코에 금고리 같으니라
잠언,11,24,잠언 11:24,흩어 구제하여도 더욱 부하게 되는 일이 있나니 과도히 아껴도 가난하게 될 뿐이니라
잠언,11,25,잠언 11:25,구제를 좋아하는 자는 풍족하여질 것이요 남을 윤택하게 하는 자는 윤택하여지리라
잠언,11,26,잠언 11:26,곡식을 내지 아니하는 자는 백성에게 저주를 받을 것이나 파는 자는 그 머리에 복이 임하리라
잠언,11,27,잠언 11:27,선을 간절히 구하는 자는 은총을 얻으려니와 악을 더듬어 찾는 자에게는 악이 임하리라
잠언,11,28,잠언 11:28,자기의 재물을 의지하는 자는 패망하려니와 의인은 푸른 잎사귀 같아서 번성하리라
잠언,11,29,잠언 11:29,자기 집을 해롭게 하는 자의 소득은 바람이라 미련한 자는 마음이 지혜로운 자의 종이 되리라
잠언,11,30,잠언 11:30,의인의 열매는 생명나무라 지혜로운 자는 사람을 얻느니라
잠언,12,1,잠언 12:1,훈계를 좋아하는 자는 지식을 좋아하나니 징계를 싫어하는 자는 짐승과 같으니라
잠언,12,3,잠언 12:3,사람이 악으로 굳게 서지 못하나니 의인의 뿌리는 움직이지 아니하느니라
잠언,12,8,잠언 12:8,사람은 그 지혜대로 칭찬을 받으려니와 마음이 패려한 자는 멸시를 받으리라
잠언,12,9,잠언 12:9,비천히 여김을 받을지라도 종을 부리는 자는 스스로 높은 체 하고도 음식이 핍절한 자보다 나으니라
잠언,12,10,잠언 12:10,의인은 그 육축의 생명을 돌아보나 악인의 긍휼은 잔인이니라
잠언,12,11,잠언 12:11,자기의 토지를 경작하는 자는 먹을 것이 많거니와 방탕한 것을 따르는 자는 지혜가 없느니라
잠언,12,13,잠언 12:13,악인은 입술의 허물로 인하여 그물에 걸려도 의인은 환난에서 벗어나느니라
잠언,12,14,잠언 12:14,사람은 입의 열매로 인하여 복록에 족하며 그 손의 행하는 대로 자기가 받느니라
잠언,12,15,잠언 12:15,미련한 자는 자기 행위를 바른 줄로 여기나 지혜로운 자는 권고를 듣느니라
잠언,12,16,잠언 12:16,미련한 자는 분노를 당장에 나타내거니와 슬기로운 자는 수욕을 참느니라
잠언,12,17,잠언 12:17,진리를 말하는 자는 의를 나타내어도 거짓 증인은 궤휼을 말하느니라
잠언,12,18,잠언 12:18,혹은 칼로 찌름 같이 함부로 말하거니와 지혜로운 자의 혀는 양약 같으니라
잠언,12,19,잠언 12:19,진실한 입술은 영원히 보존되거니와 거짓 혀는 눈 깜짝일 동안만 있을 뿐이니라
잠언,12,20,잠언 12:20,악을 꾀하는 자의 마음에는 궤휼이 있고 화평을 논하는 자에게는 희락이 있느니라
잠언,12,23,잠언 12:23,슬기로운 자는 지식을 감추어 두어도 미련한 자의 마음은 미련한 것을 전파하느니라
잠언,12,24,잠언 12:24,부지런한 자의 손은 사람을 다스리게 되어도 게으른 자는 부림을 받느니라
잠언,12,25,잠언 12:25,근심이 사람의 마음에 있으면 그것으로 번뇌케 하나 선한 말은 그것을 즐겁게 하느니라
잠언,12,27,잠언 12:27,게으른 자는 그 잡을 것도 사냥하지 아니하나니 사람의 부귀는 부지런한 것이니라
잠언,12,28,잠언 12:28,의로운 길에 생명이 있나니 그 길에는 사망이 없느니라
잠언,13,1,잠언 13:1,지혜로운 아들은 아비의 훈계를 들으나 거만한 자는 꾸지람을 즐겨 듣지 아니하느니라
잠언,13,3,잠언 13:3,입을 지키는 자는 그 생명을 보전하나 입술을 크게 벌리는 자에게는 멸망이 오느니라
잠언,13,4,잠언 13:4,게으른 자는 마음으로 원하여도 얻지 못하나 부지런한 자의 마음은 풍족함을 얻느니라
잠언,13,5,잠언 13:5,의인은 거짓말을 미워하나 악인은 행위가 흉악하여 부끄러운 데 이르느니라
잠언,13,6,잠언 13:6,의는 행실이 정직한 자를 보호하고 악은 죄인을 패망케 하느니라
잠언,13,7,잠언 13:7,스스로 부한 체 하여도 아무 것도 없는 자가 있고 스스로 가난한 체 하여도 재물이 많은 자가 있느니라
잠언,13,8,잠언 13:8,사람의 재물이 그 생명을 속할 수는 있으나 가난한 자는 협박을 받을 일이 없느니라
잠언,13,9,잠언 13:9,의인의 빛은 환하게 빛나고 악인의 등불은 꺼지느니라
잠언,13,10,잠언 13:10,교만에서는 다툼만 일어날 뿐이라 권면을 듣는 자는 지혜가 있느니라 망령되이 얻은 재물은 줄어가고 손으로 모은 것은 늘어가느니라
잠언,13,11,잠언 13:11,망령되이 얻은 재물은 줄어가고 손으로 모은 것은 늘어가느니라
잠언,13,12,잠언 13:12,소망이 더디 이루게 되면 그것이 마음을 상하게 하나니 소원이 이루는 것은 곧 생명나무니라
잠언,13,13,잠언 13:13,말씀을 멸시하는 자는 패망을 이루고 계명을 두려워하는 자는 상을 얻느니라
잠언,13,14,잠언 13:14,지혜 있는 자의 교훈은 생명의 샘이라 사람으로 사망의 그물을 벗어나게 하느니라
잠언,13,15,잠언 13:15,선한 지혜는 은혜를 베푸나 궤사한 자의 길은 험하니라
잠언,13,16,잠언 13:16,무릇 슬기로운 자는 지식으로 행하여도 미련한 자는 자기의 미련한 것을 나타내느니라
잠언,13,17,잠언 13:17,악한 사자는 재앙에 빠져도 충성된 사신은 양약이 되느니라
잠언,13,18,잠언 13:18,훈계를 저버리는 자에게는 궁핍과 수욕이 이르거니와 경계를 지키는 자는 존영을 얻느니라
잠언,13,19,잠언 13:19,소원을 성취하면 마음에 달아도 미련한 자는 악에서 떠나기를 싫어하느니라
잠언,13,20,잠언 13:20,지혜로운 자와 동행하면 지혜를 얻고 미련한 자와 사귀면 해를 받느니라
잠언,13,21,잠언 13:21,재앙은 죄인을 따르고 선한 보응은 의인에게 이르느니라
잠언,13,22,잠언 13:22,선인은 그 산업을 자자 손손에게 끼쳐도 죄인의 재물은 의인을 위하여 쌓이느니라
잠언,13,23,잠언 13:23,가난한 자는 밭을 경작하므로 양식이 많아지거늘 혹 불의로 인하여 가산을 탕패하는 자가 있느니라
잠언,13,25,잠언 13:25,의인은 포식하여도 악인의 배는 주리느니라
잠언,14,1,잠언 14:1,무릇 지혜로운 여인은 그 집을 세우되 미련한 여인은 자기 손으로 그것을 허느니라
잠언,14,2,잠언 14:2,정직하게 행하는 자는 여호와를 경외하여도 패역하게 행하는 자는 여호와를 경멸히 여기느니라
잠언,14,3,잠언 14:3,미련한 자는 교만하여 입으로 매를 자청하고 지혜로운 자는 입술로 스스로 보전하느니라
잠언,14,4,잠언 14:4,소가 없으면 구유는 깨끗하려니와 소의 힘으로 얻는 것이 많으니라
잠언,14,5,잠언 14:5,신실한 증인은 거짓말을 아니하여도 거짓 증인은 거짓말을 뱉느니라
잠언,14,6,잠언 14:6,거만한 자는 지혜를 구하여도 얻지 못하거니와 명철한 자는 지식 얻기가 쉬우니라
잠언,14,7,잠언 14:7,너는 미련한 자의 앞을 떠나라 그 입술에 지식 있음을 보지 못함이니라
잠언,14,8,잠언 14:8,슬기로운 자의 지혜는 자기의 길을 아는 것이라도 미련한 자의 어리석음은 속이는 것이니라
잠언,14,9,잠언 14:9,미련한 자는 죄를 심상히 여겨도 정직한 자 중에는 은혜가 있느니라
잠언,14,10,잠언 14:10,마음의 고통은 자기가 알고 마음의 즐거움도 타인이 참예하지 못하느니라
잠언,14,13,잠언 14:13,웃을 때에도 마음에 슬픔이 있고 즐거움의 끝에도 근심이 있느니라
잠언,14,14,잠언 14:14,마음이 패려한 자는 자기 행위로 보응이 만족하겠고 선한 사람도 자기의 행위로 그러하리라
잠언,14,15,잠언 14:15,어리석은 자는 온갖 말을 믿으나 슬기로운 자는 그 행동을 삼가느니라
잠언,14,16,잠언 14:16,지혜로운 자는 두려워하여 악을 떠나나 어리석은 자는 방자하여 스스로 믿느니라
잠언,14,17,잠언 14:17,노하기를 속히 하는 자는 어리석은 일을 행하고 악한 계교를 꾀하는 자는 미움을 받느니라
잠언,14,18,잠언 14:18,어리석은 자는 어리석음으로 기업을 삼아도 슬기로운 자는 지식으로 면류관을 삼느니라
잠언,14,19,잠언 14:19,악인은 선인 앞에 엎드리고 불의자는 의인의 문에 엎드리느니라
잠언,14,20,잠언 14:20,가난한 자는 그 이웃에게도 미움을 받게 되나 부요한 자는 친구가 많으니라
잠언,14,21,잠언 14:21,그 이웃을 업신여기는 자는 죄를 범하는 자요 빈곤한 자를 불쌍히 여기는 자는 복이 있는 자니라
잠언,14,22,잠언 14:22,악을 도모하는 자는 그릇 가는 것이 아니냐 선을 도모하는 자에게는 인자와 진리가 있으리라
잠언,14,23,잠언 14:23,모든 수고에는 이익이 있어도 입술의 말은 궁핍을 이룰 뿐이니라
잠언,14,24,잠언 14:24,지혜로운 자의 재물은 그의 면류관이요 미련한 자의 소유는 다만 그 미련한 것이니라
잠언,14,25,잠언 14:25,진실한 증인은 사람의 생명을 구원하여도 거짓말을 뱉는 사람은 속이느니라
잠언,14,26,잠언 14:26,여호와를 경외하는 자에게는 견고한 의뢰가 있나니 그 자녀들에게 피난처가 있으리라
잠언,14,27,잠언 14:27,여호와를 경외하는 것은 생명의 샘이라 사망의 그물에서 벗어나게 하느니라
잠언,14,29,잠언 14:29,노하기를 더디 하는 자는 크게 명철하여도 마음이 조급한 자는 어리석음을 나타내느니라
잠언,14,30,잠언 14:30,마음의 화평은 육신의 생명이나 시기는 뼈의 썩음이니라
잠언,14,31,잠언 14:31,가난한 사람을 학대하는 자는 그를 지으신 이를 멸시하는 자요 궁핍한 사람을 불쌍히 여기는 자는 주를 존경하는 자니라
잠언,14,33,잠언 14:33,지혜는 명철한 자의 마음에 머물거니와 미련한 자의 속에 있는 것은 나타나느니라
잠언,14,34,잠언 14:34,의는 나라로 영화롭게 하고 죄는 백성을 욕되게 하느니라
잠언,14,35,잠언 14:35,슬기롭게 행하는 신하는 왕의 은총을 입고 욕을 끼치는 신하는 그의 진노를 당하느니라
잠언,15,1,잠언 15:1,유순한 대답은 분노를 쉬게 하여도 과격한 말은 노를 격동하느니라
잠언,15,2,잠언 15:2,지혜 있는 자의 혀는 지식을 선히 베풀고 미련한 자의 입은 미련한 것을 쏟느니라
잠언,15,3,잠언 15:3,여호와의 눈은 어디서든지 악인과 선인을 감찰하시느니라
잠언,15,4,잠언 15:4,온량한 혀는 곧 생명나무라도 패려한 혀는 마음을 상하게 하느니라
잠언,15,5,잠언 15:5,아비의 훈계를 업신여기는 자는 미련한 자요 경계를 받는 자는 슬기를 얻을 자니라
잠언,15,6,잠언 15:6,의인의 집에는 많은 보물이 있어도 악인의 소득은 고통이 되느니라
잠언,15,7,잠언 15:7,지혜로운 자의 입술은 지식을 전파하여도 미련한 자의 마음은 정함이 없느니라
잠언,15,12,잠언 15:12,거만한 자는 견책 받기를 좋아하지 아니하며 지혜 있는 자에게로 가지도 아니하느니라
잠언,15,13,잠언 15:13,마음의 즐거움은 얼굴을 빛나게 하여도 마음의 근심은 심령을 상하게 하느니라
잠언,15,14,잠언 15:14,명철한 자의 마음은 지식을 요구하고 미련한 자의 입은 미련한 것을 즐기느니라
잠언,15,15,잠언 15:15,고난 받는 자는 그 날이 다 험악하나 마음이 즐거운자는 항상 잔치하느니라
잠언,15,16,잠언 15:16,가산이 적어도 여호와를 경외하는 것이 크게 부하고 번뇌하는 것보다 나으니라
잠언,15,17,잠언 15:17,여간 채소를 먹으며 서로 사랑하는 것이 살진 소를 먹으며 서로 미워하는 것보다 나으니라
잠언,15,18,잠언 15:18,분을 쉽게 내는 자는 다툼을 일으켜도 노하기를 더디하는 자는 시비를 그치게 하느니라
잠언,15,19,잠언 15:19,게으른 자의 길은 가시울타리 같으나 정직한 자의 길은 대로니라
잠언,15,20,잠언 15:20,지혜로운 아들은 아비를 즐겁게 하여도 미련한 자는 어미를 업신여기느니라
잠언,15,21,잠언 15:21,무지한 자는 미련한 것을 즐겨하여도 명철한 자는 그 길을 바르게 하느니라
잠언,15,22,잠언 15:22,의논이 없으면 경영이 파하고 모사가 많으면 경영이 성립하느니라
잠언,15,23,잠언 15:23,사람은 그 입의 대답으로 말미암아 기쁨을 얻나니 때에 맞은 말이 얼마나 아름다운고
잠언,15,24,잠언 15:24,지혜로운 자는 위로 향한 생명길로 말미암음으로 그 아래 있는 음부를 떠나게 되느니라
잠언,15,27,잠언 15:27,이를 탐하는 자는 자기 집을 해롭게 하나 뇌물을 싫어하는 자는 사느니라
잠언,15,28,잠언 15:28,의인의 마음은 대답할 말을 깊이 생각하여도 악인의 입은 악을 쏟느니라
잠언,15,30,잠언 15:30,눈의 밝은 것은 마음을 기쁘게 하고 좋은 기별은 뼈를 윤택하게 하느니라
잠언,15,31,잠언 15:31,생명의 경계를 듣는 귀는 지혜로운 자 가운데 있느니라
잠언,15,32,잠언 15:32,훈계 받기를 싫어하는 자는 자기의 영혼을 경히 여김이라 견책을 달게 받는 자는 지식을 얻느니라
잠언,15,33,잠언 15:33,여호와를 경외하는 것은 지혜의 훈계라 겸손은 존귀의 앞잡이니라
잠언,16,1,잠언 16:1,마음의 경영은 사람에게 있어도 말의 응답은 여호와께로서 나느니라
잠언,16,2,잠언 16:2,사람의 행위가 자기 보기에는 모두 깨끗하여도 여호와는 심령을 감찰하시느니라
잠언,16,3,잠언 16:3,너의 행사를 여호와께 맡기라 그리하면 너의 경영하는 것이 이루리라
잠언,16,6,잠언 16:6,인자와 진리로 인하여 죄악이 속하게 되고 여호와를 경외함으로 인하여 악에서 떠나게 되느니라
잠언,16,7,잠언 16:7,사람의 행위가 여호와를 기쁘시게 하면 그 사람의 원수라도 그로 더불어 화목하게 하시느니라
잠언,16,8,잠언 16:8,적은 소득이 의를 겸하면 많은 소득이 불의를 겸한 것보다 나으니라
잠언,16,9,잠언 16:9,사람이 마음으로 자기의 길을 계획할지라도 그 걸음을 인도하는 자는 여호와시니라
잠언,16,10,잠언 16:10,하나님의 말씀이 왕의 입술에 있은즉 재판할 때에 그 입이 그릇하지 아니하리라
잠언,16,11,잠언 16:11,공평한 간칭과 명칭은 여호와의 것이요 주머니 속의 추돌들도 다 그의 지으신 것이니라
잠언,16,12,잠언 16:12,악을 행하는 것은 왕의 미워할 바니 이는 그 보좌가 공의로 말미암아 굳게 섬이니라
잠언,16,13,잠언 16:13,의로운 입술은 왕들의 기뻐하는 것이요 정직히 말하는 자는 그들의 사랑을 입느니라
잠언,16,15,잠언 16:15,왕의 희색에 생명이 있나니 그 은택이 늦은 비를 내리는 구름과 같으니라
잠언,16,16,잠언 16:16,지혜를 얻는 것이 금을 얻는 것보다 얼마나 나은고 명철을 얻는 것이 은을 얻는 것보다 더욱 나으니라
잠언,16,17,잠언 16:17,악을 떠나는 것은 정직한 사람의 대로니 그 길을 지키는 자는 자기의 영혼을 보전하느니라
잠언,16,19,잠언 16:19,겸손한 자와 함께하여 마음을 낮추는 것이 교만한 자와 함께 하여 탈취물을 나누는 것보다 나으니라
잠언,16,20,잠언 16:20,삼가 말씀에 주의하는 자는 좋은 것을 얻나니 여호와를 의지하는 자가 복이 있느니라
잠언,16,21,잠언 16:21,마음이 지혜로운 자가 명철하다 일컬음을 받고 입이 선한 자가 남의 학식을 더하게 하느니라
잠언,16,22,잠언 16:22,명철한 자에게는 그 명철이 생명의 샘이 되거니와 미련한 자에게는 그 미련한 것이 징계가 되느니라
잠언,16,23,잠언 16:23,지혜로운 자의 마음은 그 입을 슬기롭게 하고 또 그 입술에 지식을 더하느니라
잠언,16,24,잠언 16:24,선한 말은 꿀송이 같아서 마음에 달고 뼈에 양약이 되느니라
잠언,16,26,잠언 16:26,노력하는 자는 식욕을 인하여 애쓰나니 이는 그 입이 자기를 독촉함이니라
잠언,16,31,잠언 16:31,백발은 영화의 면류관이라 의로운 길에서 얻으리라
잠언,16,32,잠언 16:32,노하기를 더디하는 자는 용사보다 낫고 자기의 마음을 다스리는 자는 성을 빼앗는 자보다 나으니라
잠언,16,33,잠언 16:33,사람이 제비는 뽑으나 일을 작정하기는 여호와께 있느니라
잠언,17,1,잠언 17:1,마른 떡 한 조각만 있고도 화목하는 것이 육선이 집에 가득하고 다투는 것보다 나으니라
잠언,17,2,잠언 17:2,슬기로운 종은 주인의 부끄러움을 끼치는 아들을 다스리겠고 또 그 아들들 중에서 유업을 나눠 얻으리라
잠언,17,3,잠언 17:3,"도가니는 은을,풀무는 금을 연단하거니와 여호와는 마음을 연단 하시느니라"
잠언,17,4,잠언 17:4,악을 행하는 자는 궤사한 입술을 잘 듣고 거짓말을 하는 자는 악한 혀에 귀를 기울이느니라
잠언,17,5,잠언 17:5,가난한 자를 조롱하는 자는 이를 지으신 주를 멸시하는 자요 사람의 재앙을 기뻐하는 자는 형벌을 면치 못할 자니라
잠언,17,6,잠언 17:6,손자는 노인의 면류관이요 아비는 자식의 영화니라
잠언,17,7,잠언 17:7,분외의 말을 하는 것도 미련한 자에게 합당치 아니하거든 하물며 거짓말을 하는 것이 존귀한 자에게 합당하겠느냐
잠언,17,8,잠언 17:8,뇌물은 임자의 보기에 보석 같은즉 어디로 향하든지 형통케 하느니라
잠언,17,9,잠언 17:9,허물을 덮어 주는 자는 사랑을 구하는 자요 그것을 거듭 말하는 자는 친한 벗을 이간하는 자니라
잠언,17,10,잠언 17:10,한 마디로 총명한 자를 경계하는 것이 매 백개로 미련한 자를 때리는 것보다 더욱 깊이 박이느니라
잠언,17,13,잠언 17:13,누구든지 악으로 선을 갚으면 악이 그 집을 떠나지 아니하리라
잠언,17,14,잠언 17:14,다투는 시작은 방축에서 물이 새는 것 같은즉 싸움이 일어나기 전에 시비를 그칠 것이니라
잠언,17,15,잠언 17:15,악인을 의롭다 하며 의인을 악하다 하는 이 두 자는 다 여호와의 미워하심을 입느니라
잠언,17,16,잠언 17:16,미련한 자는 무지하거늘 손에 값을 가지고 지혜를 사려 함은 어찜인고
잠언,17,17,잠언 17:17,친구는 사랑이 끊이지 아니하고 형제는 위급한 때까지 위하여 났느니라
잠언,17,18,잠언 17:18,지혜없는 자는 남의 손을 잡고 그 이웃 앞에서 보증이 되느니라
잠언,17,19,잠언 17:19,다툼을 좋아하는 자는 죄과를 좋아하는 자요 자기 문을 높이는 자는 파괴를 구하는 자니라
잠언,17,20,잠언 17:20,마음이 사특한 자는 복을 얻지 못하고 혀가 패역한 자는 재앙에 빠지느니라
잠언,17,21,잠언 17:21,미련한 자를 낳는 자는 근심을 당하나니 미련한 자의 아비는 낙이 없느니라
잠언,17,22,잠언 17:22,마음의 즐거움은 양약이라도 심령의 근심은 뼈로 마르게 하느니라
잠언,17,23,잠언 17:23,악인은 사람의 품에서 뇌물을 받고 재판을 굽게 하느니라
잠언,17,24,잠언 17:24,지혜는 명철한 자의 앞에 있거늘 미련한 자는 눈을 땅 끝에 두느니라
잠언,17,25,잠언 17:25,미련한 아들은 그 아비의 근심이 되고 그 어미의 고통이 되느니라
잠언,17,26,잠언 17:26,의인을 벌하는 것과 귀인을 정직하다고 때리는 것이 선치 못하니라
잠언,17,27,잠언 17:27,말을 아끼는 자는 지식이 있고 성품이 안존한 자는 명철하니라
잠언,17,28,잠언 17:28,미련한 자라도 잠잠하면 지혜로운 자로 여기우고 그 입술을 닫히면 슬기로운 자로 여기우느니라
잠언,18,1,잠언 18:1,무리에게서 스스로 나뉘는 자는 자기 소욕을 따르는 자라 온갖 참 지혜를 배척하느니라
잠언,18,2,잠언 18:2,미련한 자는 명철을 기뻐하지 아니하고 자기의 의사를 드러내기만 기뻐하느니라
잠언,18,3,잠언 18:3,악한 자가 이를 때에는 멸시도 따라오고 부끄러운 것이 이를 때에는 능욕도 함께 오느니라
잠언,18,4,잠언 18:4,명철한 사람의 입의 말은 깊은 물과 같고 지혜의 샘은 솟쳐 흐르는 내와 같으니라
잠언,18,5,잠언 18:5,악인을 두호하는 것과 재판할 때에 의인을 억울하게 하는 것이 선하지 아니하니라
잠언,18,6,잠언 18:6,미련한 자의 입술은 다툼을 일으키고 그 입은 매를 자청하느니라
잠언,18,7,잠언 18:7,미련한 자의 입은 그의 멸망이 되고 그 입술은 그의 영혼의 그물이 되느니라
잠언,18,8,잠언 18:8,남의 말하기를 좋아하는 자의 말은 별식과 같아서 뱃 속 깊은 데로 내려가느니라
잠언,18,9,잠언 18:9,자기의 일을 게을리 하는 자는 패가 하는 자의 형제니라
잠언,18,10,잠언 18:10,여호와의 이름은 견고한 망대라 의인은 그리로 달려가서 안전함을 얻느니라
잠언,18,11,잠언 18:11,부자의 재물은 그의 견고한 성이라 그가 높은 성벽 같이 여기느니라
잠언,18,12,잠언 18:12,사람의 마음의 교만은 멸망의 선봉이요 겸손은 존귀의 앞잡이니라
잠언,18,13,잠언 18:13,사연을 듣기 전에 대답하는 자는 미련하여 욕을 당하느니라
잠언,18,14,잠언 18:14,사람의 심령은 그 병을 능히 이기려니와 심령이 상하면 그것을 누가 일으키겠느냐
잠언,18,15,잠언 18:15,명철한 자의 마음은 지식을 얻고 지혜로운 자의 귀는 지식을 구하느니라
잠언,18,16,잠언 18:16,선물은 그 사람의 길을 너그럽게 하며 또 존귀한 자의 앞으로 그를 인도하느니라
잠언,18,17,잠언 18:17,송사에 원고의 말이 바른 것 같으나 그 피고가 와서 밝히느니라
잠언,18,18,잠언 18:18,제비 뽑는 것은 다툼을 그치게 하여 강한 자 사이에 해결케 하느니라
잠언,18,19,잠언 18:19,노엽게 한 형제와 화목하기가 견고한 성을 취하기 보다 어려운즉 이러한 다툼은 산성 문빗장 같으니라
잠언,18,20,잠언 18:20,사람은 입에서 나오는 열매로 하여 배가 부르게 되나니 곧 그 입술에서 나는 것으로하여 만족케 되느니라
잠언,18,22,잠언 18:22,아내를 얻는 자는 복을 얻고 여호와께 은총을 받는 자니라
잠언,18,23,잠언 18:23,가난한 자는 간절한 말로 구하여도 부자는 엄한 말로 대답하느니라
잠언,18,24,잠언 18:24,많은 친구를 얻는 자는 해를 당하게 되거니와 어떤 친구는 형제보다 친밀하니라
잠언,19,1,잠언 19:1,성실히 행하는 가난한 자는 입술이 패려하고 미련한 자 보다 나으니라
잠언,19,2,잠언 19:2,지식 없는 소원은 선치 못하고 발이 급한 사람은 그릇하느니라
잠언,19,3,잠언 19:3,사람이 미련하므로 자기 길을 굽게 하고 마음으로 여호와를 원망하느니라
잠언,19,4,잠언 19:4,재물은 많은 친구를 더하게 하나 가난한즉 친구가 끊어지느니라
잠언,19,5,잠언 19:5,거짓 증인은 벌을 면치 못할 것이요 거짓말을 내는 자도 피치 못하리라
잠언,19,6,잠언 19:6,너그러운 사람에게는 은혜를 구하는 자가 많고 선물을 주기를 좋아하는 자에게는 사람마다 친구가 되느니라
잠언,19,7,잠언 19:7,가난한 자는 그 형제들에게도 미움을 받거든 하물며 친구야 그를 멀리 아니하겠느냐 따라가며 말하려 할지라도 그들이 없어졌으 리라
잠언,19,8,잠언 19:8,지혜를 얻는 자는 자기 영혼을 사랑하고 명철을 지키는 자는 복을 얻느니라
잠언,19,9,잠언 19:9,거짓 증인은 벌을 면치 못할 것이요 거짓말을 내는 자는 망할 것이니라
잠언,19,10,잠언 19:10,미련한 자가 사치하는 것이 적당치 못하거든 하물며 종이 방백을 다스림이랴
잠언,19,11,잠언 19:11,노하기를 더디하는 것이 사람의 슬기요 허물을 용서하는 것이 자기의 영광이니라
잠언,19,12,잠언 19:12,왕의 노함은 사자의 부르짖음 같고 그의 은택은 풀 위에 이슬 같으니라
잠언,19,13,잠언 19:13,미련한 아들은 그 아비의 재앙이요 다투는 아내는 이어 떨어지는 물방울이니라
잠언,19,14,잠언 19:14,집과 재물은 조상에게서 상속하거니와 슬기로운 아내는 여호와께로서 말미암느니라
잠언,19,15,잠언 19:15,게으름이 사람으로 깊이 잠들게 하나니 해태한 사람은 주릴 것이니라
잠언,19,16,잠언 19:16,계명을 지키는 자는 자기의 영혼을 지키거니와 그 행실을 삼가지 아니하는 자는 죽으리라
잠언,19,17,잠언 19:17,가난한 자를 불쌍히 여기는 것은 여호와께 꾸이는 것이니 그 선행을 갚아 주시리라
잠언,19,19,잠언 19:19,노하기를 맹렬히 하는 자는 벌을 받을 것이라 네가 그를 건져 주면 다시 건져 주게 되리라
잠언,19,20,잠언 19:20,너는 권고를 들으며 훈계를 받으라 그리하면 네가 필경은 지혜롭게 되리라
잠언,19,21,잠언 19:21,사람의 마음에는 많은 계획이 있어도 오직 여호와의 뜻이 완전히 서리라
잠언,19,22,잠언 19:22,사람은 그 인자함으로 남에게 사모함을 받느니라 가난한 자는 거짓말하는 자보다 나으니라
잠언,19,23,잠언 19:23,여호와를 경외하는 것은 사람으로 생명에 이르게 하는 것이라 경외하는 자는 족하게 지내고 재앙을 만나지 아니하느니라
잠언,19,24,잠언 19:24,게으른 자는 그 손을 그릇에 넣고도 입으로 올리기를 괴로와하느니라
잠언,19,25,잠언 19:25,거만한 자를 때리라 그리하면 어리석은 자도 경성하리라 명철한 자를 견책하라 그리하면 그가 지식을 얻으리라
잠언,19,26,잠언 19:26,아비를 구박하고 어미를 쫓아 내는 자는 부끄러움을 끼치며 능욕을 부르는 자식이니라
잠언,19,27,잠언 19:27,내 아들아 지식의 말씀에서 떠나게 하는 교훈을 듣지 말지니라
잠언,19,28,잠언 19:28,망령된 증인은 공의를 업신여기고 악인의 입은 죄악을 삼키느니라
잠언,20,1,잠언 20:1,포도주는 거만케 하는 것이요 독주는 떠들게 하는 것이라 무릇 이에 미혹되는 자에게는 지혜가 없느니라
잠언,20,3,잠언 20:3,다툼을 멀리 하는 것이 사람에게 영광이어늘 미련한 자마다 다툼을 일으키느니라
잠언,20,4,잠언 20:4,게으른 자는 가을에 밭 갈지 아니하나니 그러므로 거둘 때에는 구걸할지라도 얻지 못하리라
잠언,20,5,잠언 20:5,사람의 마음에 있는 모략은 깊은 물 같으니라 그럴찌라도 명철한 사람은 그것을 길어 내느니라
잠언,20,6,잠언 20:6,많은 사람은 각기 자기의 인자함을 자랑하나니 충성된 자를 누가 만날 수 있으랴
잠언,20,7,잠언 20:7,완전히 행하는 자가 의인이라 그 후손에게 복이 있느니라
잠언,20,8,잠언 20:8,심판 자리에 앉은 왕은 그 눈으로 모든 악을 흩어지게 하느니라
잠언,20,9,잠언 20:9,"내가 내 마음을 정하게 하였다,내 죄를 깨끗하게 하였다 할 자가 누구뇨"
잠언,20,10,잠언 20:10,한결 같지 않은 저울 추와 말은 다 여호와께서 미워하시느니라
잠언,20,11,잠언 20:11,비록 아이라도 그 동작으로 자기의 품행의 청결하며 정직한 여부를 나타내느니라
잠언,20,12,잠언 20:12,듣는 귀와 보는 눈은 다 여호와의 지으신 것이니라
잠언,20,13,잠언 20:13,너는 잠자기를 좋아하지 말라 네가 빈궁하게 될까 두려우니라 네 눈을 뜨라 그리하면 양식에 족하리라
잠언,20,14,잠언 20:14,사는 자가 물건이 좋지 못하다 좋지 못하다 하다가 돌아간 후에는 자랑하느니라
잠언,20,15,잠언 20:15,세상에 금도 있고 진주도 많거니와 지혜로운 입술이 더욱 귀한 보배니라
잠언,20,16,잠언 20:16,타인을 위하여 보증이 된 자의 옷을 취하라 외인들의 보증이 된자는 그 몸을 볼모 잡힐지니라
잠언,20,17,잠언 20:17,속이고 취한 식물은 맛이 좋은듯하나 후에는 그 입에 모래가 가득하게 되리라
잠언,20,18,잠언 20:18,무릇 경영은 의논함으로 성취하나니 모략을 베풀고 전쟁할지니라
잠언,20,19,잠언 20:19,두루 다니며 한담하는 자는 남의 비밀를 누설하니니 입술을 벌린 자를 사귀지 말지니라
잠언,20,21,잠언 20:21,처음에 속히 잡은 산업은 마침내 복이 되지 아니하느니라
잠언,20,22,잠언 20:22,너는 악을 갚겠다 말하지 말고 여호와를 기다리라 그가 너를 구원하시리라
잠언,20,23,잠언 20:23,한결 같지 않은 저울 추는 여호와의 미워하시는 것이요 속이는 저울은 좋지 못한 것이니라
잠언,20,24,잠언 20:24,사람의 걸음은 여호와께로서 말미암나니 사람이 어찌 자기의 길을 알 수 있으랴
잠언,20,25,잠언 20:25,함부로 이 물건을 거룩하다하여 서원하고 그 후에 살피면 그 것이 그물이 되느니라
잠언,20,27,잠언 20:27,사람의 영혼은 여호와의 등불이라 사람의 깊은 속을 살피느니라
잠언,20,28,잠언 20:28,왕은 인자와 진리로 스스로 보호하고 그 위도 인자함으로 말미암아 견고하니라
잠언,20,29,잠언 20:29,젊은 자의 영화는 그 힘이요 늙은 자의 아름다운 것은 백발이니라
잠언,21,1,잠언 21:1,왕의 마음이 여호와의 손에 있음이 마치 보의 물과 같아서 그가 임의로 인도하시느니라
잠언,21,2,잠언 21:2,사람의 행위가 자기 보기에는 모두 정직하여도 여호와는 심령을 감찰하시느니라
잠언,21,3,잠언 21:3,의와 공평을 행하는 것은 제사 드리는 것보다 여호와께서 기쁘게 여기시느니라
잠언,21,4,잠언 21:4,눈이 높은 것과 마음이 교만한 것과 악인의 형통한 것은 다 죄니라
잠언,21,5,잠언 21:5,부지런한 자의 경영은 풍부함에 이를 것이나 조급한 자는 궁핍함에 이를 따름이니라
잠언,21,8,잠언 21:8,죄를 크게 범한 자의 길은 심히 구부러지고 깨끗한 자의 길은 곧으니라
잠언,21,9,잠언 21:9,다투는 여인과 함께 큰 집에서 나는 것보다 움막에서 혼자 사는 것이 나으니라
잠언,21,11,잠언 21:11,거만한 자가 벌을 받으면 어리석은 자는 경성하겠고 지혜로운 자가 교훈을 받으면 지식이 더 하리라
잠언,21,13,잠언 21:13,귀를 막아 가난한 자의 부르짖는 소리를 듣지 아니하면 자기의 부르짖을 때에도 들을 자가 없으리라
잠언,21,14,잠언 21:14,은밀한 선물은 노를 쉬게 하고 품의 뇌물은 맹렬한 분을 그치게 하느니라
잠언,21,17,잠언 21:17,연락을 좋아하는 자는 가난하게 되고 술과 기름을 좋아하는 자는 부하게 되지 못하느니라
잠언,21,19,잠언 21:19,다투며 성내는 여인과 함께 사는 것보다 광야에서 혼자 사는 것이 나으니라
잠언,21,20,잠언 21:20,지혜있는 자의 집에는 귀한 보배와 기름이 있으나 미련한 자는 이것을 다 삼켜버리느니라
잠언,21,21,잠언 21:21,의와 인자를 따라 구하는 자는 생명과 의와 영광을 얻느니라
잠언,21,22,잠언 21:22,지혜로운 자는 용사의 성에 올라가서 그 성의 견고히 의뢰하는 것을 파하느니라
잠언,21,23,잠언 21:23,입과 혀를 지키는 자는 그 영혼을 환난에서 보전하느니라
잠언,21,24,잠언 21:24,무례하고 교만한 자를 이름하여 망령된 자라 하나니 이는 넘치는 교만으로 행함이니라
잠언,21,25,잠언 21:25,게으른 자의 정욕이 그를 죽이나니 이는 그 손으로 일하기를 싫어 함이니라
잠언,21,26,잠언 21:26,어떤 자는 종일토록 탐하기만 하나 의인은 아끼지 아니하고 시제하느니라
잠언,21,28,잠언 21:28,거짓 증인은 패망하려니와 확실한 증인의 말은 힘이 있느니라
잠언,21,29,잠언 21:29,악인은 그 얼굴을 굳게 하나 정직한 자는 그 행위를 삼가느니라
잠언,21,30,잠언 21:30,지혜로도 명철로도 모략으로도 여호와를 당치 못하느니라
잠언,22,1,잠언 22:1,많은 재물보다 명예를 택할 것이요 은이나 금보다 은총을 더욱 택할 것이니라
잠언,22,2,잠언 22:2,빈부가 섞여 살거니와 무릇 그들을 지으신 이는 여호와시니라
잠언,22,3,잠언 22:3,슬기로운 자는 재앙을 보면 숨어 피하여도 어리석은 자들은 나아가다가 해를 받느니라
잠언,22,4,잠언 22:4,겸손과 여호와를 경외함의 보응은 재물과 영광과 생명이니라
잠언,22,5,잠언 22:5,패역한 자의 길에는 가시와 올무가 있거니와 영혼을 지키는 자는 이를 멀리 하느니라
잠언,22,6,잠언 22:6,마땅히 행할 길을 아이에게 가르치라 그리하면 늙어도 그것을 떠나지 아니하리라
잠언,22,7,잠언 22:7,부자는 가난한 자를 주관하고 빚진 자는 채주의 종이 되느니라
잠언,22,8,잠언 22:8,악을 뿌리는 자는 재앙을 거두리니 그 분노의 기세가 쇠하리라
잠언,22,9,잠언 22:9,선한 눈을 가진 자는 복을 받으리니 이는 양식을 가난한 자에게 줌이니라
잠언,22,10,잠언 22:10,거만한 자를 쫓아내면 다툼이 쉬고 싸움과 수욕이 그치느니라
잠언,22,11,잠언 22:11,마음의 정결을 사모하는 자의 입술에는 덕이 있으므로 임금이 그의 친구가 되느니라
잠언,22,12,잠언 22:12,여호와께서는 지식있는 자를 그 눈으로 지키시나 궤사한 자의 말은 패하게 하시느니라
잠언,22,13,잠언 22:13,게으른 자는 말하기를 사자가 밖에 있은즉 내가 나가면 거리에서 찢기겠다 하느니라
잠언,22,15,잠언 22:15,아이의 마음에는 미련한 것이 얽혔으나 징계하는 채찍이 이를 멀리 쫓아내리라
잠언,22,16,잠언 22:16,이를 얻으려고 가난한 자를 학대하는 자와 부자에게 주는 자는 가난하여질 뿐이니라
잠언,22,17,잠언 22:17,너는 귀를 기울여 지혜있는 자의 말씀을 들으며 내 지식에 마음을 둘지어다
잠언,22,18,잠언 22:18,이것을 네 속에 보존하며 네 입술에 있게 함이 아름다우니라
잠언,22,19,잠언 22:19,내가 너로 여호와를 의뢰하게 하려 하여 이것을 오늘 특별히 네게 알게 하였노니
잠언,22,20,잠언 22:20,내가 모략과 지식의 아름다운 것을 기록하여
잠언,22,21,잠언 22:21,너로 진리의 확실한 말씀을 깨닫게 하며 또 너를 보내는 자에게 진리의 말씀으로 회답하게 하려 함이 아니냐
잠언,22,22,잠언 22:22,약한 자를 약하다고 탈취하지 말며 곤고한 자를 성문에서 압제하지 말라
잠언,22,24,잠언 22:24,노를 품는 자와 사귀지 말며 울분한 자와 동행하지 말지니
잠언,22,25,잠언 22:25,그 행위를 본받아서 네 영혼을 올무에 빠칠까 두려움이니라
잠언,22,26,잠언 22:26,너는 사람으로 더불어 손을 잡지 말며 남의 빚에 보증이 되지 말라
잠언,22,27,잠언 22:27,만일 갚을 것이 없으면 네 누운 침상도 빼앗길 것이라 네가 어찌 그리하겠느냐
잠언,22,28,잠언 22:28,네 선조의 세운 옛 지계석을 옮기지 말지니라
잠언,22,29,잠언 22:29,네가 자기 사업에 근실한 사람을 보았느냐 이러한 사람은 왕 앞에 설 것이요 천한 자 앞에 서지 아니하리라
잠언,23,3,잠언 23:3,그 진찬을 탐하지 말라 그것은 간사하게 베푼 식물이니라
잠언,23,4,잠언 23:4,부자 되기에 애쓰지 말고 네 사사로운 지혜를 버릴지어다
잠언,23,5,잠언 23:5,네가 어찌 허무한 것에 주목하겠느냐 정녕히 재물은 날개를 내어 하늘에 나는 독수리처럼 날아가리라
잠언,23,6,잠언 23:6,악한 눈이 있는 자의 음식을 먹지 말며 그 진찬을 탐하지 말지어다
잠언,23,7,잠언 23:7,대저 그 마음의 생각이 어떠하면 그 위인도 그러한즉 그가 너더러 먹고 마시라 할지라도 그 마음은 너와 함께하지 아니함이라
잠언,23,8,잠언 23:8,네가 조금 먹은 것도 토하겠고 네 아름다운 말도 헛된 데로 돌아가리라
잠언,23,9,잠언 23:9,미련한 자의 귀에 말하지 말지니 이는 그가 네 지혜로운 말을 업신여길 것임이니라
잠언,23,10,잠언 23:10,옛 지계석을 옮기지 말며 외로운 자식의 밭을 침범하지 말찌어다
잠언,23,11,잠언 23:11,대저 그들의 구속자는 강하시니 너를 대적하사 그 원을 펴시리라
잠언,23,12,잠언 23:12,훈계에 착심하며 지식의 말씀에 귀를 기울이라
잠언,23,15,잠언 23:15,내 아들아 만일 네 마음이 지혜로우면 나 곧 내 마음이 즐겁겠고
잠언,23,16,잠언 23:16,만일 네 입술이 정직을 말하면 내 속이 유쾌하리라
잠언,23,17,잠언 23:17,네 마음으로 죄인의 형통을 부러워하지 말고 항상 여호와를 경외하라
잠언,23,18,잠언 23:18,정녕히 네 장래가 있겠고 네 소망이 끊어지지 아니하리라
잠언,23,19,잠언 23:19,내 아들아 너는 듣고 지혜를 얻어 네 마음을 정로로 인도할지니라
잠언,23,20,잠언 23:20,술을 즐겨하는 자와 고기를 탐하는 자로 더불어 사귀지 말라
잠언,23,21,잠언 23:21,술 취하고 탐식하는 자는 가난하여질 것이요 잠 자기를 즐겨하는 자는 해어진 옷을 입을 것임이니라
잠언,23,22,잠언 23:22,너 낳은 아비에게 청종하고 네 늙은 어미를 경히 여기지 말지니라
잠언,23,23,잠언 23:23,진리를 사고서 팔지 말며 지혜와 훈계와 명철도 그리할지니라
잠언,23,24,잠언 23:24,의인의 아비는 크게 즐거울 것이요 지혜로운 자식을 낳은 자는 그를 인하여 즐거울 것이니라
잠언,23,25,잠언 23:25,네 부모를 즐겁게 하며 너 낳은 어미를 기쁘게 하라
잠언,23,26,잠언 23:26,내 아들아 네 마음을 내게 주며 네 눈으로 내 길을 즐거워할지어다
잠언,23,30,잠언 23:30,술에 잠긴 자에게 있고 혼합한 술을 구하러 다니는 자에게 있느니라
잠언,23,31,잠언 23:31,포도주는 붉고 잔에서 번쩍이며 순하게 내려가나니 너는 그것을 보지도 말지어다
잠언,24,1,잠언 24:1,너는 악인의 형통을 부러워하지 말며 그와 함께 있기도 원하지 말지어다
잠언,24,3,잠언 24:3,집은 지혜로 말미암아 건축되고 명철로 말미암아 견고히 되며
잠언,24,4,잠언 24:4,또 방들은 지식으로 말미암아 각종 귀하고 아름다운 보배로 채우게 되느니라
잠언,24,5,잠언 24:5,지혜 있는 자는 강하고 지식 있는 자는 힘을 더하나니
잠언,24,6,잠언 24:6,너는 모략으로 싸우라 승리는 모사가 많음에 있느니라
잠언,24,7,잠언 24:7,지혜는 너무 높아서 미련한 자의 미치지 못할 것이므로 그는 성문에서 입을 열지 못하느니라
잠언,24,10,잠언 24:10,네가 만일 환난날에 낙담하면 네 힘의 미약함을 보임이니라
잠언,24,13,잠언 24:13,내 아들아 꿀을 먹으라 이것이 좋으니라 송이꿀을 먹으라 이것이 네 입에 다니라
잠언,24,14,잠언 24:14,지혜가 네 영혼에게 이와 같은 줄을 알라 이것을 얻으면 정녕히 네 장래가 있겠고 네 소망이 끊어지지 아니하리라
잠언,24,16,잠언 24:16,대저 의인은 일곱번 넘어질지라도 다시 일어나려니와 악인은 재앙으로 인하여 엎드러지느니라
잠언,24,19,잠언 24:19,너는 행악자의 득의함을 인하여 분을 품지 말며 악인의 형통을 부러워하지 말라
잠언,24,21,잠언 24:21,내 아들아 여호와와 왕을 경외하고 반역자로 더불어 사귀지 말라
잠언,24,23,잠언 24:23,이것도 지혜로운 자의 말씀이라 재판할 때에 낯을 보아주는 것이옳지 못하니라
잠언,24,25,잠언 24:25,오직 그를 견책하는 자는 기쁨을 얻을 것이요 또 좋은 복을 받으리라
잠언,24,26,잠언 24:26,적당한 말로 대답함은 입맞춤과 같으니라
잠언,24,27,잠언 24:27,네 일을 밖에서 다스리며 밭에서 예비하고 그 후에 네 집을 세울지니라
잠언,24,28,잠언 24:28,너는 까닭없이 네 이웃을 쳐서 증인이 되지 말며 네 입술로 속이지 말지니라
잠언,24,29,잠언 24:29,너는 그가 내게 행함 같이 나도 그에게 행하여 그 행한대로 갚겠다 말하지 말지니라
잠언,24,30,잠언 24:30,내가 증왕에 게으른 자의 밭과 지혜 없는 자의 포도원을 지나며 본즉
잠언,24,31,잠언 24:31,가시덤불이 퍼졌으며 거친 풀이 지면에 덮였고 돌담이 무너졌기로
잠언,24,32,잠언 24:32,내가 보고 생각이 깊었고 내가 보고 훈계를 받았었노라
잠언,24,33,잠언 24:33,"네가 좀더 자자, 좀더 졸자, 손을 모으고 좀더 눕자 하니 네 빈궁이 강도 같이 오며"
잠언,25,2,잠언 25:2,일을 숨기는 것은 하나님의 영화요 일을 살피는 것은 왕의 영화니라
잠언,25,3,잠언 25:3,하늘의 높음과 땅의 깊음 같이 왕의 마음은 헤아릴 수 없느니라
잠언,25,4,잠언 25:4,은에서 찌끼를 제하라 그리하면 장색의 쓸만한 그릇이 나올 것이요
잠언,25,5,잠언 25:5,왕 앞에서 악한 자를 제하라 그리하면 그 위가 의로 말미암아 견고히 서리라
잠언,25,6,잠언 25:6,왕 앞에서 스스로 높은 체 하지말며 대인의 자리에 서지 말라
잠언,25,8,잠언 25:8,너는 급거히 나가서 다투지 말라 마침내 네가 이웃에게 욕을 보게 될 때에 네가 어찌 할 줄을 알지 못할까 두려우니라
잠언,25,9,잠언 25:9,너는 이웃과 다투거든 변론만 하고 남의 은밀한 일을 누설하지 말라
잠언,25,10,잠언 25:10,듣는 자가 너를 꾸짖을 터이요 또 수욕이 네게서 떠나지 아니할까 두려우니라
잠언,25,11,잠언 25:11,경우에 합당한 말은 아로새긴 은쟁반에 금사과니라
잠언,25,12,잠언 25:12,슬기로운 자의 책망은 청종하는 귀에 금고리와 정금 장식이니라
잠언,25,13,잠언 25:13,충성된 사자는 그를 보낸 이에게 마치 추수하는 날에 얼음 냉수같아서 능히 그 주인의 마음을 시원케 하느니라
잠언,25,14,잠언 25:14,선물한다고 거짓 자랑하는 자는 비 없는 구름과 바람 같으니라
잠언,25,15,잠언 25:15,오래 참으면 관원이 그 말을 용납하나니 부드러운 혀는 뼈를 꺾느니라
잠언,25,16,잠언 25:16,너는 꿀을 만나거든 족하리만큼 먹으라 과식하므로 토할까 두려우니라
잠언,25,17,잠언 25:17,너는 이웃집에 자주 다니지 말라 그가 너를 싫어하며 미워할까 두려우니라
잠언,25,18,잠언 25:18,그 이웃을 쳐서 거짓 증거하는 사람은 방망이요 칼이요 뾰족한 살이니라
잠언,25,19,잠언 25:19,환난날에 진실치 못한 자를 의뢰하는 의뢰는 부러진 이와 위골된 발 같으니라
잠언,25,20,잠언 25:20,마음이 상한 자에게 노래하는 것은 추운 날에 옷을 벗음 같고 쏘다 위에 초를 부음 같으니라
잠언,25,21,잠언 25:21,네 원수가 배고파하거든 식물을 먹이고 목말라하거든 물을 마시우라
잠언,25,23,잠언 25:23,북풍이 비를 일으킴 같이 참소하는 혀는 사람의 얼굴에 분을 일으키느니라
잠언,25,24,잠언 25:24,다투는 여인과 함께 큰 집에서 사는 것보다 움막에서 혼자 사는 것이 나으니라
잠언,25,25,잠언 25:25,먼 땅에서 오는 좋은 기별은 목마른 사람에게 냉수 같으니라
잠언,25,26,잠언 25:26,의인이 악인 앞에 굴복하는 것은 우물의 흐리어짐과 샘의 더러워 짐 같으니라
잠언,25,27,잠언 25:27,꿀을 많이 먹는 것이 좋지 못하고 자기의 영예를 구하는 것이 헛되니라
잠언,25,28,잠언 25:28,자기의 마음을 제어하지 아니하는 자는 성읍이 무너지고 성벽이 없는 것 같으니라
잠언,26,1,잠언 26:1,미련한 자에게는 영예가 적당하지 아니하니 마치 여름에 눈오는 것과 추수 때에 비오는 것 같으니라
잠언,26,2,잠언 26:2,까닭 없는 저주는 참새의 떠도는 것과 제비의 날아가는 것 같이 이르지 아니하느니라
잠언,26,3,잠언 26:3,말에게는 채찍이요 나귀에게는 자갈이요 미련한 자의 등에는 막대기니라
잠언,26,4,잠언 26:4,미련한 자의 어리석은 것을 따라 대답하지 말라 두렵건대 네가 그와 같을까 하노라
잠언,26,5,잠언 26:5,미련한 자의 어리석은 것을 따라 그에게 대답하라 두렵건대 그가 스스로 지혜롭게 여길까 하노라
잠언,26,6,잠언 26:6,미련한 자 편에 기별하는 것은 자기의 발을 베어 버림이라 해를 받느니라
잠언,26,7,잠언 26:7,저는 자의 다리는 힘 없이 달렸나니 미련한 자의 입의 잠언도 그러하니라
잠언,26,8,잠언 26:8,미련한 자에게 영예를 주는 것은 돌을 물매에 매는 것과 같으니라
잠언,26,9,잠언 26:9,미련한 자의 입의 잠언은 술 취한 자의 손에 든 가시나무 같으니라
잠언,26,10,잠언 26:10,장인이 온갖 것을 만들지라도 미련한 자를 고용하는 것은 지나가는 자를 고용함과 같으니라
잠언,26,11,잠언 26:11,개가 그 토한 것을 도로 먹는 것 같이 미련한 자는 그 미련한 것을 거듭 행하느니라
잠언,26,12,잠언 26:12,네가 스스로 지혜롭게 여기는 자를 보느냐 그보다 미련한 자에게 오히려 바랄 것이 있느니라
잠언,26,13,잠언 26:13,게으른 자는 길에 사자가 있다 거리에 사자가 있다 하느니라
잠언,26,14,잠언 26:14,문짝이 돌쩌귀를 따라서 도는 것 같이 게으른 자는 침상에서 구으느니라
잠언,26,15,잠언 26:15,게으른 자는 그 손을 그릇에 넣고도 입으로 올리기를 괴로와하느니라
잠언,26,16,잠언 26:16,게으른 자는 선히 대답하는 사람 일곱보다 자기를 지혜롭게 여기느니라
잠언,26,17,잠언 26:17,길로 지나다가 자기에게 상관없는 다툼을 간섭하는 자는 개 귀를 잡는 자와 같으니라
잠언,26,19,잠언 26:19,자기 이웃을 속이고 말하기를 내가 희롱하였노라 하는 자도 그러하니라
잠언,26,20,잠언 26:20,나무가 다하면 불이 꺼지고 말장이가 없어지면 다툼이 쉬느니라
잠언,26,21,잠언 26:21,숯불 위에 숯을 더하는 것과 타는 불에 나무를 더하는 것 같이 다툼을 좋아하는 자는 시비를 일으키느니라
잠언,26,22,잠언 26:22,남의 말하기를 좋아하는 자의 말은 별식과 같아서 뱃 속 깊은 데로 내려가느니라
잠언,26,23,잠언 26:23,온유한 입술에 악한 마음은 낮은 은을 입힌 토기니라
잠언,26,24,잠언 26:24,감정있는 자는 입술로는 꾸미고 속에는 궤휼을 품나니
잠언,26,25,잠언 26:25,그 말이 좋을지라도 믿지 말 것은 그 마음에 일곱 가지 가증한 것이 있음이라
잠언,26,26,잠언 26:26,궤휼로 그 감정을 감출지라도 그 악이 회중 앞에 드러나리라
잠언,26,27,잠언 26:27,함정을 파는 자는 그것에 빠질 것이요 돌을 굴리는 자는 도리어 그것에 치이리라
잠언,26,28,잠언 26:28,거짓말하는 자는 자기의 해한 자를 미워하고 아첨하는 입은 패망을 일으키느니라
잠언,27,1,잠언 27:1,너는 내일 일을 자랑하지 말라 하루 동안에 무슨 일이 날는지 네가 알 수 없음이니라
잠언,27,2,잠언 27:2,타인으로 너를 칭찬하게 하고 네 입으로는 말며 외인으로 너를 칭찬하게 하고 네 입술로는 말지니라
잠언,27,3,잠언 27:3,돌은 무겁고 모래도 가볍지 아니하거니와 미련한 자의 분노는 이 둘보다 무거우니라
잠언,27,4,잠언 27:4,분은 잔인하고 노는 창수 같거니와 투기 앞에야 누가 서리요
잠언,27,5,잠언 27:5,면책은 숨은 사랑보다 나으니라
잠언,27,6,잠언 27:6,친구의 통책은 충성에서 말미암은 것이나 원수의 자주 입맞춤은 거짓에서 난 것이니라
잠언,27,7,잠언 27:7,배부른 자는 꿀이라도 싫어하고 주린 자에게는 쓴 것이라도 다니라
잠언,27,8,잠언 27:8,본향을 떠나 유리하는 사람은 보금자리를 떠나 떠도는 새와 같으니라
잠언,27,9,잠언 27:9,기름과 향이 사람의 마음을 즐겁게 하나니 친구의 충성된 권고가 이와 같이 아름다우니라
잠언,27,10,잠언 27:10,네 친구와 네 아비의 친구를 버리지 말며 네 환난날에 형제의 집에 들어가지 말지어다 가까운 이웃이 먼 형제보다 나으니라
잠언,27,11,잠언 27:11,내 아들아 지혜를 얻고 내 마음을 기쁘게 하라 그리하면 나를 비방하는 자에게 내가 대답할 수 있겠노라
잠언,27,12,잠언 27:12,슬기로운 자는 재앙을 보면 숨어 피하여도 어리석은 자들은 나아가다가 해를 받느니라
잠언,27,14,잠언 27:14,이른 아침에 큰 소리로 그 이웃을 축복하면 도리어 저주 같이 여기게 되리라
잠언,27,15,잠언 27:15,다투는 부녀는 비오는 날에 이어 떨어지는 물방울이라
잠언,27,17,잠언 27:17,철이 철을 날카롭게 하는 것 같이 사람이 그 친구의 얼굴을 빛나게 하느니라
잠언,27,18,잠언 27:18,무화과나무를 지키는 자는 그 과실을 먹고 자기 주인을 시종하는 자는 영화를 얻느니라
잠언,27,19,잠언 27:19,물에 비취이면 얼굴이 서로 같은 것 같이 사람의 마음도 서로 비취느니라
잠언,27,21,잠언 27:21,"도가니로 은을, 풀무로 금을, 칭찬으로 사람을 시련하느니라"
잠언,27,22,잠언 27:22,미련한 자를 곡물과 함께 절구에 넣고 공이로 찧을지라도 그의 미련은 벗어지지 아니하느니라
잠언,27,23,잠언 27:23,네 양떼의 형편을 부지런히 살피며 네 소떼에 마음을 두라
잠언,27,24,잠언 27:24,대저 재물은 영영히 있지 못하나니 면류관이 어찌 대대에 있으랴
잠언,27,25,잠언 27:25,풀을 벤 후에는 새로 움이 돋나니 산에서 꼴을 거둘 것이니라
잠언,27,26,잠언 27:26,어린 양의 털은 네 옷이 되며 염소는 밭을 사는 값이 되며
잠언,27,27,잠언 27:27,염소의 젖은 넉넉하여 너와 네 집 사람의 식물이 되며 네 여종의 먹을 것이 되느니라
잠언,28,1,잠언 28:1,악인은 쫓아 오는 자가 없어도 도망하나 의인은 사자 같이 담대하니라
잠언,28,2,잠언 28:2,나라는 죄가 있으면 주관자가 많아져도 명철과 지식 있는 사람으로 말미암아 장구하게 되느니라
잠언,28,3,잠언 28:3,가난한 자를 학대하는 가난한 자는 곡식을 남기지 아니하는 폭우같으니라
잠언,28,4,잠언 28:4,율법을 버린 자는 악인을 칭찬하나 율법을 지키는 자는 악인을 대적하느니라
잠언,28,5,잠언 28:5,악인은 공의를 깨닫지 못하나 여호와를 찾는 자는 모든 것을 깨닫느니라
잠언,28,6,잠언 28:6,성실히 행하는 가난한 자는 사곡히 행하는 부자보다 나으니라
잠언,28,7,잠언 28:7,율법을 지키는 자는 지혜로운 아들이요 탐식자를 사귀는 자는 아비를 욕되게 하는 자니라
잠언,28,8,잠언 28:8,중한 변리로 자기 재산을 많아지게 하는 것은 가난한 사람 불쌍히 여기는 자를 위하여 그 재산을 저축하는 것이니라
잠언,28,9,잠언 28:9,사람이 귀를 돌이키고 율법을 듣지 아니하면 그의 기도도 가증하니라
잠언,28,10,잠언 28:10,정직한 자를 악한 길로 유인하는 자는 스스로 자기 함정에 빠져도 성실한 자는 복을 얻느니라
잠언,28,11,잠언 28:11,부자는 자기를 지혜롭게 여겨도 명철한 가난한 자는 그를 살펴 아느니라
잠언,28,12,잠언 28:12,의인이 득의하면 큰 영화가 있고 악인이 일어나면 사람이 숨느니라
잠언,28,13,잠언 28:13,자기의 죄를 숨기는 자는 형통치 못하나 죄를 자복하고 버리는 자는 불쌍히 여김을 받으리라
잠언,28,14,잠언 28:14,항상 경외하는 자는 복되거니와 마음을 강퍅하게 하는 자는 재앙에 빠지리라
잠언,28,16,잠언 28:16,무지한 치리자는 포학을 크게 행하거니와 탐욕을 미워하는 자는 장수하리라
잠언,28,18,잠언 28:18,성실히 행하는 자는 구원을 얻을 것이나 사곡히 행하는 자는 곧 넘어지리라
잠언,28,19,잠언 28:19,자기의 토지를 경작하는 자는 먹을 것이 많으려니와 방탕을 좇는 자는 궁핍함이 많으리라
잠언,28,20,잠언 28:20,충성된 자는 복이 많아도 속히 부하고자 하는 자는 형벌을 면치 못하리라
잠언,28,21,잠언 28:21,사람의 낯을 보아주는 것이 좋지 못하고 한 조각 떡을 인하여 범법하는 것도 그러하니라
잠언,28,22,잠언 28:22,악한 눈이 있는 자는 재물을 얻기에만 급하고 빈궁이 자기에게로 임할 줄은 알지 못하느니라
잠언,28,23,잠언 28:23,사람을 경책하는 자는 혀로 아첨하는 자보다 나중에 더욱 사랑을 받느니라
잠언,28,25,잠언 28:25,마음이 탐하는 자는 다툼을 일으키나 여호와를 의지하는 자는 풍족하게 되느니라
잠언,28,26,잠언 28:26,자기의 마음을 믿는 자는 미련한 자요 지혜롭게 행하는 자는 구원을 얻을 자니라
잠언,28,28,잠언 28:28,악인이 일어나면 사람이 숨고 그가 멸망하면 의인이 많아지느니라
잠언,29,2,잠언 29:2,의인이 많아지면 백성이 즐거워하고 악인이 권세를 잡으면 백성이 탄식하느니라
잠언,29,3,잠언 29:3,지혜를 사모하는 자는 아비를 즐겁게 하여도 창기를 사귀는 자는 재물을 없이 하느니라
잠언,29,4,잠언 29:4,왕은 공의로 나라를 견고케 하나 뇌물을 억지로 내게 하는 자는 나라를 멸망시키느니라
잠언,29,5,잠언 29:5,이웃에게 아첨하는 것은 그의 발 앞에 그물을 치는 것이니라
잠언,29,6,잠언 29:6,악인의 범죄하는 것은 스스로 올무가 되게 하는 것이나 의인은 노래하고 기뻐하느니라
잠언,29,7,잠언 29:7,의인은 가난한 자의 사정을 알아 주나 악인은 알아 줄 지식이 없느니라
잠언,29,8,잠언 29:8,모만한 자는 성읍을 요란케 하여도 슬기로운 자는 노를 그치게 하느니라
잠언,29,9,잠언 29:9,지혜로운 자와 미련한 자가 다투면 지혜로운 자가 노하든지 웃든지 그 다툼이 그침이 없느니라
잠언,29,11,잠언 29:11,어리석은 자는 그 노를 다 드러내어도 지혜로운 자는 그 노를 억제하느니라
잠언,29,12,잠언 29:12,관원이 거짓말을 신청하면 그 하인은 다 악하니라
잠언,29,13,잠언 29:13,가난한 자와 포학한 자가 섞여 살거니와 여호와께서는 그들의 눈에 빛을 주시느니라
잠언,29,14,잠언 29:14,왕이 가난한 자를 성실히 신원하면 그 위가 영원히 견고하리라
잠언,29,15,잠언 29:15,채찍과 꾸지람이 지혜를 주거늘 임의로 하게 버려두면 그 자식은 어미를 욕되게 하느니라
잠언,29,17,잠언 29:17,네 자식을 징계하라 그리하면 그가 너를 평안하게 하겠고 또 네 마음에 기쁨을 주리라
잠언,29,18,잠언 29:18,묵시가 없으면 백성이 방자히 행하거니와 율법을 지키는 자는 복이 있느니라
잠언,29,19,잠언 29:19,종은 말로만 하면 고치지 아니하나니 이는 그가 알고도 청종치 아니함이니라
잠언,29,20,잠언 29:20,네가 언어에 조급한 사람을 보느냐 그보다 미련한 자에게 오히려 바랄 것이 있느니라
잠언,29,21,잠언 29:21,종을 어렸을 때부터 곱게 양육하면 그가 나중에는 자식인 체하리라
잠언,29,22,잠언 29:22,노하는 자는 다툼을 일으키고 분하여 하는 자는 범죄함이 많으니라
잠언,29,23,잠언 29:23,사람이 교만하면 낮아지게 되겠고 마음이 겸손하면 영예를 얻으리라
잠언,29,24,잠언 29:24,도적과 짝하는 자는 자기의 영혼을 미워하는 자라 그는 맹세함을 들어도 직고하지 아니하느니라
잠언,29,25,잠언 29:25,사람을 두려워하면 올무에 걸리게 되거니와 여호와를 의지하는 자는 안전하리라
잠언,29,26,잠언 29:26,주권자에게 은혜를 구하는 자가 많으나 사람의 일의 작정은 여호와께로 말미암느니라
잠언,29,27,잠언 29:27,불의한 자는 의인에게 미움을 받고 정직한 자는 악인에게 미움을 받느니라
잠언,30,2,잠언 30:2,나는 다른 사람에게 비하면 짐승이라 내게는 사람의 총명이 있지아니하니라
잠언,30,4,잠언 30:4,"하늘에 올라갔다가 내려온 자가 누구인지, 바람을 그 장중에 모은 자가 누구인지, 물을 옷에 싼자가 누구인지, 땅의 모든 끝을 정한 자가 누구인지, 그 이름이 무엇인지, 그 아들의 이름이 무엇인지 너는 아느냐 ?"
잠언,30,5,잠언 30:5,하나님의 말씀은 다 순전하며 하나님은 그를 의지하는 자의 방패시니라
잠언,30,6,잠언 30:6,너는 그 말씀에 더하지 말라 그가 너를 책망하시겠고 너는 거짓말 하는 자가 될까 두려우니라
잠언,30,7,잠언 30:7,내가 두 가지 일을 주께 구하였사오니 나의 죽기 전에 주시옵소서
잠언,30,9,잠언 30:9,혹 내가 배불러서 하나님을 모른다 여호와가 누구냐 할까 하오며 혹 내가 가난하여 도적질하고 내 하나님의 이름을 욕되게 할까 두려워함이니이다
잠언,30,10,잠언 30:10,너는 종을 그 상전에게 훼방하지 말라 그가 너를 저주하겠고 너는 죄책을 당할까 두려우니라
잠언,30,11,잠언 30:11,아비를 저주하며 어미를 축복하지 아니하는 무리가 있느니라
잠언,30,12,잠언 30:12,스스로 깨끗한 자로 여기면서 오히려 그 더러운 것을 씻지 아니하는 무리가 있느니라
잠언,30,13,잠언 30:13,눈이 심히 높으며 그 눈꺼풀이 높이 들린 무리가 있느니라
잠언,30,15,잠언 30:15,"거머리에게는 두 딸이 있어 다고, 다고 하느니라 족한 줄을 알지 못하여 족하다 하지 아니하는 것 서넛이 있나니"
잠언,30,18,잠언 30:18,내가 심히 기이히 여기고도 깨닫지 못하는 것 서넛이 있나니
잠언,30,21,잠언 30:21,세상을 진동시키며 세상으로 견딜 수 없게 하는 것 서넛이 있나니
잠언,30,24,잠언 30:24,땅에 작고도 가장 지혜로운 것 넷이 있나니
잠언,30,28,잠언 30:28,손에 잡힐만하여도 왕궁에 있는 도마뱀이니라
잠언,30,29,잠언 30:29,잘 걸으며 위풍 있게 다니는 것 서넛이 있나니
잠언,30,31,잠언 30:31,사냥개와 수염소와 및 당할 수 없는 왕이니라
잠언,30,32,잠언 30:32,사냥개와 수염소와 및 당할 수 없는 왕이니라
잠언,30,33,잠언 30:33,대저 젖을 저으면 뻐터가 되고 코를 비틀면 피가 나는 것 같이 노를 격동하면 다툼이 남이니라
잠언,31,1,잠언 31:1,르무엘왕의 말씀한바 곧 그 어머니가 그를 훈계한 잠언이라
잠언,31,2,잠언 31:2,내 아들아 내가 무엇을 말할꼬 내 태에서 난 아들아 내가 무엇을 말할꼬 서원대로 얻은 아들아 내가 무엇을 말할꼬
잠언,31,3,잠언 31:3,네 힘을 여자들에게 쓰지 말며 왕들을 멸망시키는 일을 행치 말지어다
잠언,31,4,잠언 31:4,르무엘아 포도주를 마시는 것이 왕에게 마땅치 아니하고 왕에게 마땅치 아니하며 독주를 찾는 것이 주권자에게 마땅치 않도다
잠언,31,5,잠언 31:5,술을 마시다가 법을 잊어버리고 모든 간곤한 백성에게 공의를 굽게 할까 두려우니라
잠언,31,9,잠언 31:9,너는 입을 열어 공의로 재판하여 간곤한 자와 궁핍한 자를 신원할지니라
잠언,31,10,잠언 31:10,누가 현숙한 여인을 찾아 얻겠느냐 그 값은 진주보다 더 하니라
잠언,31,11,잠언 31:11,그런 자의 남편의 마음은 그를 믿나니 산업이 핍절치 아니하겠으며
잠언,31,12,잠언 31:12,그런 자는 살아 있는 동안에 그 남편에게 선을 행하고 악을 행치아니하느니라
잠언,31,14,잠언 31:14,상고의 배와 같아서 먼 데서 양식을 가져오며
잠언,31,15,잠언 31:15,밤이 새기 전에 일어나서 그 집 사람에게 식물을 나눠주며 여종에게 일을 정하여 맡기며
잠언,31,16,잠언 31:16,밭을 간품하여 사며 그 손으로 번 것을 가지고 포도원을 심으며
잠언,31,18,잠언 31:18,자기의 무역하는 것이 이로운 줄을 깨닫고 밤에 등불을 끄지 아니하고
잠언,31,19,잠언 31:19,손으로 솜뭉치를 들고 손가락으로 가락을 잡으며
잠언,31,20,잠언 31:20,그는 간곤한 자에게 손을 펴며 궁핍한 자를 위하여 손을 내밀며
잠언,31,22,잠언 31:22,그는 자기를 위하여 아름다운 방석을 지으며 세마포와 자색 옷을 입으며
잠언,31,23,잠언 31:23,그 남편은 그 땅의 장로로 더불어 성문에 앉으며 사람의 아는 바가 되며
잠언,31,24,잠언 31:24,그는 베로 옷을 지어 팔며 띠를 만들어 상고에게 맡기며
잠언,31,25,잠언 31:25,능력과 존귀로 옷을 삼고 후일을 웃으며
잠언,31,27,잠언 31:27,그 집안 일을 보살피고 게을리 얻은 양식을 먹지 아니하나니
잠언,31,29,잠언 31:29,덕행 있는 여자가 많으나 그대는 여러 여자보다 뛰어난다 하느니라
잠언,31,30,잠언 31:30,고운 것도 거짓되고 아름다운 것도 헛되나 오직 여호와를 경외하는 여자는 칭찬을 받을 것이라
잠언,31,31,잠언 31:31,그 손의 열매가 그에게로 돌아갈 것이요 그 행한 일을 인하여 성문에서 칭찬을 받으리라
전도서,1,3,전도서 1:3,사람이 해 아래서 수고하는 모든 수고가 자기에게 무엇이 유익한고
전도서,1,4,전도서 1:4,한 세대는 가고 한 세대는 오되 땅은 영원히 있도다
전도서,1,5,전도서 1:5,해는 떴다가 지며 그 떴던 곳으로 빨리 돌아가고
전도서,1,6,전도서 1:6,바람은 남으로 불다가 북으로 돌이키며 이리 돌며 저리 돌아 불던 곳으로 돌아가고
전도서,1,7,전도서 1:7,모든 강물은 다 바다로 흐르되 바다를 채우지 못하며 어느 곳으로 흐르든지 그리로 연하여 흐르느니라
전도서,1,9,전도서 1:9,이미 있던 것이 후에 다시 있겠고 이미 한 일을 후에 다시 할지라 해 아래는 새 것이 없나니
전도서,1,10,전도서 1:10,무엇을 가리켜 이르기를 보라 이것이 새 것이라 할 것이 있으랴 오래 전 세대에도 이미 있었느니라
전도서,1,11,전도서 1:11,이전 세대를 기억함이 없으니 장래 세대도 그 후 세대가 기억함이 없으리라
전도서,1,12,전도서 1:12,나 전도자는 예루살렘에서 이스라엘 왕이 되어
전도서,1,13,전도서 1:13,마음을 다하며 지혜를 써서 하늘 아래서 행하는 모든 일을 궁구하며 살핀즉 이는 괴로운 것이니 하나님이 인생들에게 주사 수고하게 하신 것이라
전도서,1,14,전도서 1:14,내가 해 아래서 행하는 모든 일을 본즉 다 헛되어 바람을 잡으려는 것이로다
전도서,1,15,전도서 1:15,구부러진 것을 곧게 할 수 없고 이지러진 것을 셀 수 없도다
전도서,1,16,전도서 1:16,내가 마음 가운데 말하여 이르기를 내가 큰 지혜를 많이 얻었으므로 나보다 먼저 예루살렘에 있던 자보다 낫다 하였나니 곧 내 마음이 지혜와 지식을 많이 만나 보았음이로다
전도서,1,17,전도서 1:17,내가 다시 지혜를 알고자 하며 미친 것과 미련한 것을 알고자 하여 마음을 썼으나 이것도 바람을 잡으려는 것인 줄을 깨달았도다
전도서,1,18,전도서 1:18,지혜가 많으면 번뇌도 많으니 지식을 더하는 자는 근심을 더하느니라
전도서,2,1,전도서 2:1,"나는 내 마음에 이르기를 자, 내가 시험적으로 너를 즐겁게 하리니 너는 낙을 누리라 하였으나 본즉 이것도 헛되도다"
전도서,2,2,전도서 2:2,내가 웃음을 논하여 이르기를 미친 것이라 하였고 희락을 논하여 이르기를 저가 무엇을 하는가 하였노라
전도서,2,3,전도서 2:3,내 마음이 궁구하기를 내가 어떻게 하여야 내 마음에 지혜로 다스림을 받으면서 술로 내 육신을 즐겁게 할까 또 어떻게 하여야 어리석음을 취하여서 천하 인생의 종신토록 생활함에 어떤 것이 쾌락인지 알까 하여
전도서,2,4,전도서 2:4,나의 사업을 크게 하였노라 내가 나를 위하여 집들을 지으며 포도원을 심으며
전도서,2,5,전도서 2:5,여러 동산과 과원을 만들고 그 가운데 각종 과목을 심었으며
전도서,2,6,전도서 2:6,수목을 기르는 삼림에 물주기 위하여 못을 팠으며
전도서,2,7,전도서 2:7,노비는 사기도 하였고 집에서 나게도 하였으며 나보다 먼저 예루살렘에 있던 모든 자보다도 소와 양떼의 소유를 많게 하였으며
전도서,2,8,전도서 2:8,은금과 왕들의 보배와 여러 도의 보배를 쌓고 또 노래하는 남녀와 인생들의 기뻐하는 처와 첩들을 많이 두었노라
전도서,2,9,전도서 2:9,내가 이같이 창성하여 나보다 먼저 예루살렘에 있던 모든 자보다 지나고 내 지혜도 내게 여전하여
전도서,2,10,전도서 2:10,무엇이든지 내 마음이 즐거워하는 것을 내가 막지 아니하였으니 이는 나의 모든 수고를 내 마음이 기뻐하였음이라 이것이 나의 모든 수고로 말미암아 얻은 분복이로다
전도서,2,11,전도서 2:11,그 후에 본즉 내 손으로 한 모든 일과 수고한 모든 수고가 다 헛되어 바람을 잡으려는 것이며 해 아래서 무익한 것이로다
전도서,2,12,전도서 2:12,내가 돌이켜 지혜와 망령됨과 어리석음을 보았나니 왕의 뒤에 오는 자는 무슨 일을 행할꼬 행한지 오랜 일일 뿐이리라
전도서,2,13,전도서 2:13,내가 보건대 지혜가 우매보다 뛰어남이 빛이 어두움보다 뛰어남 같도다
전도서,2,14,전도서 2:14,지혜자는 눈이 밝고 우매자는 어두움에 다니거니와 이들의 당하는 일이 일반인 줄을 내가 깨닫고
전도서,2,15,전도서 2:15,심중에 이르기를 우매자의 당한 것을 나도 당하리니 내가 심중에 이르기를 이것도 헛되도다
전도서,2,16,전도서 2:16,"지혜자나 우매자나 영원토록 기억함을 얻지 못하나니 후일에는 다 잊어버린지 오랠 것임이라 오호라, 지혜자의 죽음이 우매자의 죽음과 일반이로다"
전도서,2,24,전도서 2:24,사람이 먹고 마시며 수고하는 가운데서 심령으로 낙을 누리게 하는 것보다 나은 것이 없나니 내가 이것도 본즉 하나님의 손에서 나는 것이로다
전도서,2,25,전도서 2:25,먹고 즐거워하는 일에 누가 나보다 승하랴
전도서,3,1,전도서 3:1,천하에 범사가 기한이 있고 모든 목적이 이룰 때가 있나니
전도서,3,11,전도서 3:11,하나님이 모든 것을 지으시되 때를 따라 아름답게 하셨고 또 사람에게 영원을 사모하는 마음을 주셨느니라 그러나 하나님의 하시는 일의 시종을 사람으로 측량할 수 없게 하셨도다
전도서,3,12,전도서 3:12,사람이 사는 동안에 기뻐하며 선을 행하는 것보다 나은 것이 없는 줄을 내가 알았고
전도서,3,13,전도서 3:13,사람마다 먹고 마시는 것과 수고함으로 낙을 누리는 것이 하나님의 선물인 줄을 또한 알았도다
전도서,3,14,전도서 3:14,무릇 하나님의 행하시는 것은 영원히 있을 것이라 더 할 수도 없고 덜 할 수도 없나니 하나님이 이같이 행하심은 사람으로 그 앞에서 경외하게 하려 하심인 줄을 내가 알았도다
전도서,3,15,전도서 3:15,이제 있는 것이 옛적에 있었고 장래에 있을 것도 옛적에 있었나니 하나님은 이미 지난 것을 다시 찾으시느니라
전도서,3,17,전도서 3:17,내가 심중에 이르기를 의인과 악인을 하나님이 심판하시리니 이는 모든 목적과 모든 일이 이룰 때가 있음이라 하였으며
전도서,3,18,전도서 3:18,내가 심중에 이르기를 인생의 일에 대하여 하나님이 저희를 시험하시리니 저희로 자기가 짐승보다 다름이 없는 줄을 깨닫게 하려하심이라 하였노라
전도서,3,19,전도서 3:19,인생에게 임하는 일이 일반이라 다 동일한 호흡이 있어서 이의 죽음같이 저도 죽으니 사람이 짐승보다 뛰어남이 없음은 모든 것이 헛됨이로다
전도서,3,21,전도서 3:21,인생의 혼은 위로 올라가고 짐승의 혼은 아래 곧 땅으로 내려가는 줄을 누가 알랴
전도서,3,22,전도서 3:22,그러므로 내 소견에는 사람이 자기 일에 즐거워하는 것보다 나은것이 없나니 이는 그의 분복이라 그 신후사를 보게 하려고 저를 도로 데리고 올 자가 누구이랴
전도서,4,4,전도서 4:4,내가 또 본즉 사람이 모든 수고와 여러 가지 교묘한 일로 인하여 이웃에게 시기를 받으니 이것도 헛되어 바람을 잡으려는 것이로다
전도서,4,5,전도서 4:5,우매자는 손을 거두고 자기 살을 먹느니라
전도서,4,6,전도서 4:6,한 손에만 가득하고 평온함이 두 손에 가득하고 수고하며 바람을 잡으려는 것보다 나으니라
전도서,4,7,전도서 4:7,내가 또 돌이켜 해 아래서 헛된 것을 보았도다
전도서,4,9,전도서 4:9,두 사람이 한 사람보다 나음은 저희가 수고함으로 좋은 상을 얻을 것임이라
전도서,4,10,전도서 4:10,혹시 저희가 넘어지면 하나가 그 동무를 붙들어 일으키려니와 홀로 있어 넘어지고 붙들어 일으킬 자가 없는 자에게는 화가 있으리라
전도서,4,11,전도서 4:11,두 사람이 함께 누우면 따뜻하거니와 한 사람이면 어찌 따뜻하랴
전도서,4,12,전도서 4:12,한 사람이면 패하겠거니와 두 사람이면 능히 당하나니 삼겹 줄은 쉽게 끊어지지 아니하느니라
전도서,4,13,전도서 4:13,가난하여도 지혜로운 소년은 늙고 둔하여 간함을 받을줄 모르는 왕보다 나으니
전도서,4,14,전도서 4:14,저는 그 나라에서 나면서 가난한 자로서 옥에서 나와서 왕이 되었음이니라
전도서,4,15,전도서 4:15,내가 본즉 해 아래서 다니는 인생들이 왕의 버금으로 대신하여 일어난 소년과 함께 있으매
전도서,4,16,전도서 4:16,저희 치리를 받는 백성들이 무수하였을지라도 후에 오는 자들은 저를 기뻐하지 아니하리니 이것도 헛되어 바람을 잡으려는 것이로다
전도서,5,1,전도서 5:1,너는 하나님의 전에 들어갈 때에 네 발을 삼갈지어다 가까이 하여 말씀을 듣는 것이 우매자의 제사 드리는 것보다 나으니 저희는 악을 행하면서도 깨닫지 못함이니라
전도서,5,2,전도서 5:2,너는 하나님 앞에서 함부로 입을 열지 말며 급한 마음으로 말을 내지 말라 하나님은 하늘에 계시고 너는 땅에 있음이니라 그런즉 마땅히 말을 적게 할 것이라
전도서,5,3,전도서 5:3,일이 많으면 꿈이 생기고 말이 많으면 우매자의 소리가 나타나느니라
전도서,5,4,전도서 5:4,네가 하나님께 서원하였거든 갚기를 더디게 말라 하나님은 우매자를 기뻐하지 아니하시나니 서원한 것을 갚으라
전도서,5,5,전도서 5:5,서원하고 갚지 아니하는 것보다 서원하지 아니하는 것이 나으니
전도서,5,7,전도서 5:7,꿈이 많으면 헛된 것이 많고 말이 많아도 그러하니 오직 너는 하나님을 경외할지니라
전도서,5,8,전도서 5:8,너는 어느 도에서든지 빈민을 학대하는 것과 공의를 박멸하는 것을 볼지라도 그것을 이상히 여기지 말라 높은 자보다 더 높은 자가 감찰하고 그들보다 더 높은 자들이 있음이니라
전도서,5,9,전도서 5:9,땅의 이익은 뭇 사람을 위하여 있나니 왕도 밭의 소산을 받느니라
전도서,5,10,전도서 5:10,은을 사랑하는 자는 은으로 만족함이 없고 풍부를 사랑하는 자는 소득으로 만족함이 없나니 이것도 헛되도다
전도서,5,11,전도서 5:11,재산이 더하면 먹는 자도 더하나니 그 소유주가 눈으로 보는 외에 무엇이 유익하랴
전도서,5,12,전도서 5:12,노동자는 먹는 것이 많든지 적든지 잠을 달게 자거니와 부자는 배부름으로 자지 못하느니라
전도서,5,13,전도서 5:13,내가 해 아래서 큰 폐단되는 것을 보았나니 곧 소유주가 재물을 자기에게 해 되도록 지키는 것이라
전도서,5,14,전도서 5:14,그 재물이 재난을 인하여 패하나니 비록 아들은 낳았으나 그 손에 아무 것도 없느니라
전도서,5,16,전도서 5:16,이것도 폐단이라 어떻게 왔든지 그대로 가리니 바람을 잡으려는 수고가 저에게 무엇이 유익하랴
전도서,5,18,전도서 5:18,사람이 하나님의 주신 바 그 일평생에 먹고 마시며 해 아래서 수고하는 모든 수고 중에서 낙을 누리는 것이 선하고 아름다움을 내가 보았나니 이것이 그의 분복이로다
전도서,5,19,전도서 5:19,어떤 사람에게든지 하나님이 재물과 부요를 주사 능히 누리게 하시며 분복을 받아 수고함으로 즐거워하게 하신 것은 하나님의 선물이라
전도서,5,20,전도서 5:20,저는 그 생명의 날을 깊이 관념치 아니하리니 이는 하나님이 저의 마음의 기뻐하는 것으로 응하심이라
전도서,6,7,전도서 6:7,사람의 수고는 다 그 입을 위함이나 그 식욕은 차지 아니하느니라
전도서,6,8,전도서 6:8,지혜자가 우매자보다 나은 것이 무엇이뇨 인생 앞에서 행할 줄 아는 가난한 자는 무엇이 유익한고
전도서,6,9,전도서 6:9,눈으로 보는 것이 심령의 공상보다 나으나 이것도 헛되어 바람을 잡으려는 것이로다
전도서,6,10,전도서 6:10,이미 있는 무엇이든지 오래 전부터 그 이름이 칭한 바 되었으며 사람이 무엇인지도 이미 안 바 되었나니 자기보다 강한 자와 능히 다툴 수 없느니라
전도서,6,11,전도서 6:11,헛된 것을 더하게 하는 많은 일이 있나니 사람에게 무엇이 유익하랴
전도서,6,12,전도서 6:12,헛된 생명의 모든 날을 그림자같이 보내는 일평생에 사람에게 무엇이 낙인지 누가 알며 그 신후에 해 아래서 무슨 일이 있을 것을 누가 능히 그에게 고하리요
전도서,7,1,전도서 7:1,아름다운 이름이 보배로운 기름보다 낫고 죽는 날이 출생하는 날보다 나으며
전도서,7,4,전도서 7:4,지혜자의 마음은 초상집에 있으되 우매자의 마음은 연락하는 집에 있느니라
전도서,7,5,전도서 7:5,사람이 지혜자의 책망을 듣는 것이 우매자의 노래를 듣는 것보다 나으니라
전도서,7,6,전도서 7:6,우매자의 웃음 소리는 솥 밑에서 가시나무의 타는 소리 같으니 이것도 헛되니라
전도서,7,7,전도서 7:7,탐학이 지혜자를 우매하게 하고 뇌물이 사람의 명철을 망케 하느니라
전도서,7,8,전도서 7:8,일의 끝이 시작보다 낫고 참는 마음이 교만한 마음보다 나으니
전도서,7,9,전도서 7:9,급한 마음으로 노를 발하지 말라 노는 우매자의 품에 머무름이니라
전도서,7,10,전도서 7:10,옛날이 오늘보다 나은 것이 어찜이냐 하지 말라 이렇게 묻는 것이 지혜가 아니니라
전도서,7,11,전도서 7:11,지혜는 유업같이 아름답고 햇빛을 보는 자에게 유익하도다
전도서,7,12,전도서 7:12,지혜도 보호하는 것이 되고 돈도 보호하는 것이 되나 지식이 더욱 아름다움은 지혜는 지혜 얻은 자의 생명을 보존함이니라
전도서,7,13,전도서 7:13,하나님의 행하시는 일을 보라 하나님이 굽게 하신 것을 누가 능히 곧게 하겠느냐
전도서,7,14,전도서 7:14,형통한 날에는 기뻐하고 곤고한 날에는 생각하라 하나님이 이 두가지를 병행하게 하사 사람으로 그 장래 일을 능히 헤아려 알지 못하게 하셨느니라
전도서,7,18,전도서 7:18,너는 이것을 잡으며 저것을 놓지 마는 것이 좋으니 하나님을 경외하는 자는 이 모든 일에서 벗어날 것임이니라
전도서,7,19,전도서 7:19,지혜가 지혜자로 성읍 가운데 열 유사보다 능력이 있게 하느니라
전도서,7,20,전도서 7:20,선을 행하고 죄를 범치 아니하는 의인은 세상에 아주 없느니라
전도서,7,22,전도서 7:22,너도 가끔 사람을 저주한 것을 네 마음이 아느니라
전도서,7,23,전도서 7:23,내가 이 모든 것을 지혜로 시험하며 스스로 이르기를 내가 지혜자가 되리라 하였으나 지혜가 나를 멀리하였도다
전도서,7,24,전도서 7:24,무릇 된 것이 멀고 깊고 깊도다 누가 능히 통달하랴
전도서,7,25,전도서 7:25,내가 돌이켜 전심으로 지혜와 명철을 살피고 궁구하여 악한 것이 어리석은 것이요 어리석은 것이 미친 것인 줄을 알고자 하였더니
전도서,7,29,전도서 7:29,나의 깨달은 것이 이것이라 곧 하나님이 사람을 정직하게 지으셨으나 사람은 많은 꾀를 낸 것이니라
전도서,8,1,전도서 8:1,지혜자와 같은 자 누구며 사리의 해석을 아는 자 누구냐 사람의 지혜는 그 사람의 얼굴에 광채가 나게 하나니 그 얼굴의 사나운 것이 변하느니라
전도서,8,2,전도서 8:2,내가 권하노니 왕의 명령을 지키라 이미 하나님을 가리켜 맹세하였음이니라
전도서,8,5,전도서 8:5,무릇 명령을 지키는 자는 화를 모르리라 지혜자의 마음은 시기와 판단을 분변하나니
전도서,8,12,전도서 8:12,죄인이 백번 악을 행하고도 장수하거니와 내가 정녕히 아노니 하나님을 경외하여 그 앞에서 경외하는 자가 잘 될 것이요
전도서,8,16,전도서 8:16,내가 마음을 다하여 지혜를 알고자 하며 세상에서 하는 노고를 보고자 하는 동시에
전도서,8,17,전도서 8:17,하나님의 모든 행사를 살펴보니 해 아래서 하시는 일을 사람이 능히 깨달을 수 없도다 사람이 아무리 애써 궁구할지라도 능히 깨닫지 못하나니 비록 지혜자가 아노라 할지라도 능히 깨닫지 못하리로다
전도서,9,1,전도서 9:1,내가 마음을 다하여 이 모든 일을 궁구하며 살펴본즉 의인과 지혜자나 그들의 행하는 일이나 다 하나님의 손에 있으니 사랑을 받을는지 미움을 받을는지 사람이 알지 못하는 것은 모두 그 미래임이니라
전도서,9,4,전도서 9:4,모든 산 자 중에 참예한 자가 소망이 있음은 산 개가 죽은 사자보다 나음이니라
전도서,9,7,전도서 9:7,너는 가서 기쁨으로 네 식물을 먹고 즐거운 마음으로 네 포도주를 마실지어다 이는 하나님이 너의 하는 일을 벌써 기쁘게 받으셨음이니라
전도서,9,8,전도서 9:8,네 의복을 항상 희게하며 네 머리에 향 기름을 그치지 않게 할지니라
전도서,9,9,전도서 9:9,네 헛된 평생의 모든 날 곧 하나님이 해 아래서 네게 주신 모든 헛된 날에 사랑하는 아내와 함께 즐겁게 살지어다 이는 네가 일평생에 해 아래서 수고하고 얻은 분복이니라
전도서,9,10,전도서 9:10,무릇 네 손이 일을 당하는대로 힘을 다하여 할찌어다 네가 장차 들어갈 음부에는 일도 없고 계획도 없고 지식도 없고 지혜도 없음이니라
전도서,9,12,전도서 9:12,대저 사람은 자기의 시기를 알지 못하나니 물고기가 재앙의 그물에 걸리고 새가 올무에 걸림같이 인생도 재앙의 날이 홀연히 임하면 거기 걸리느니라
전도서,9,13,전도서 9:13,내가 또 해 아래서 지혜를 보고 크게 여긴 것이 이러하니
전도서,9,15,전도서 9:15,그 성읍 가운데 가난한 지혜자가 있어서 그 지혜로 그 성읍을 건진 것이라 그러나 이 가난한 자를 기억하는 사람이 없었도다
전도서,9,16,전도서 9:16,그러므로 내가 이르기를 지혜가 힘보다 낫다마는 가난한 자의 지혜가 멸시를 받고 그 말이 신청되지 아니한다 하였노라
전도서,9,17,전도서 9:17,종용히 들리는 지혜자의 말이 우매자의 어른의 호령보다 나으니라
전도서,10,1,전도서 10:1,죽은 파리가 향기름으로 악취가 나게 하는 것 같이 적은 우매가 지혜와 존귀로 패하게 하느니라
전도서,10,2,전도서 10:2,지혜자의 마음은 오른편에 있고 우매자의 마음은 왼편에 있느니라
전도서,10,3,전도서 10:3,우매자는 길에 행할 때에도 지혜가 결핍하여 각 사람에게 자기의 우매한 것을 말하느니라
전도서,10,4,전도서 10:4,주권자가 네게 분을 일으키거든 너는 네 자리를 떠나지 말라 공순이 큰 허물을 경하게 하느니라
전도서,10,7,전도서 10:7,또 보았노니 종들은 말을 타고 방백들은 종처럼 땅에 걸어 다니는도다
전도서,10,8,전도서 10:8,함정을 파는 자는 거기 빠질 것이요 담을 허는 자는 뱀에게 물리리라
전도서,10,9,전도서 10:9,돌을 떠내는 자는 그로 인하여 상할 것이요 나무를 쪼개는 자는 그로 인하여 위험을 당하리라
전도서,10,10,전도서 10:10,무딘 철 연장 날을 갈지 아니하면 힘이 더 드느니라 오직 지혜는 성공하기에 유익하니라
전도서,10,11,전도서 10:11,방술을 베풀기 전에 뱀에게 물렸으면 술객은 무용하니라
전도서,10,12,전도서 10:12,지혜자의 입의 말은 은혜로우나 우매자의 입술은 자기를 삼키나니
전도서,10,13,전도서 10:13,그 입의 말의 시작은 우매요 끝은 광패니라
전도서,10,14,전도서 10:14,우매자는 말을 많이 하거니와 사람이 장래 일을 알지 못하나니 신후사를 알게 할 자가 누구이냐
전도서,10,15,전도서 10:15,우매자들의 수고는 제각기 곤하게 할 뿐이라 저희는 성읍에 들어갈 줄도 알지 못함이니라
전도서,10,17,전도서 10:17,왕은 귀족의 아들이요 대신들은 취하려 함이 아니라 기력을 보하려고 마땅한 때에 먹는 이 나라여 복이 있도다
전도서,10,18,전도서 10:18,게으른즉 석가래가 퇴락하고 손이 풀어진즉 집이 새느니라
전도서,10,19,전도서 10:19,잔치는 희락을 위하여 베푸는 것이요 포도주는 생명을 기쁘게 하는 것이나 돈은 범사에 응용되느니라
전도서,10,20,전도서 10:20,심중에라도 왕을 저주하지 말며 침방에서라도 부자를 저주하지 말라 공중의 새가 그 소리를 전하고 날짐승이 그 일을 전파할 것임이니라
전도서,11,1,전도서 11:1,너는 네 식물을 물 위에 던지라 여러날 후에 도로 찾으리라
전도서,11,2,전도서 11:2,일곱에게나 여덟에게 나눠줄지어다 무슨 재앙이 땅에 임할는지 네가 알지 못함이니라
전도서,11,3,전도서 11:3,구름에 비가 가득하면 땅에 쏟아지며 나무가 남으로나 북으로나 쓰러지면 그 쓰러진 곳에 그냥 있으리라
전도서,11,4,전도서 11:4,풍세를 살펴보는 자는 파종하지 아니할 것이요 구름을 바라보는 자는 거두지 아니하리라
전도서,11,5,전도서 11:5,바람의 길이 어떠함과 아이 밴 자의 태에서 뼈가 어떻게 자라는 것을 네가 알지 못함같이 만사를 성취하시는 하나님의 일을 네가 알지 못하느니라
전도서,11,6,전도서 11:6,"너는 아침에 씨를 뿌리고 저녁에도 손을 거두지 말라 이것이 잘 될는지,저것이 잘 될는지, 혹 둘이 다 잘 될는지 알지 못함이니라"
전도서,11,7,전도서 11:7,빛은 실로 아름다운 것이라 눈으로 해를 보는 것이 즐거운 일이로다
전도서,12,2,전도서 12:2,해와 빛과 달과 별들이 어둡기 전에 비 뒤에 구름이 다시 일어나기 전에 그리하라
전도서,12,5,전도서 12:5,그런 자들은 높은 곳을 두려워할 것이며 길에서는 놀랄 것이며 살구나무가 꽃이 필 것이며 메뚜기도 짐이 될 것이며 원욕이 그치리니 이는 사람이 자기 영원한 집으로 돌아가고 조문자들이 거리로 왕래하게 됨이라
전도서,12,6,전도서 12:6,은줄이 풀리고 금 그릇이 깨어지고 항아리가 샘 곁에서 깨어지고 바퀴가 우물 위에서 깨어지고
전도서,12,7,전도서 12:7,흙은 여전히 땅으로 돌아가고 신은 그 주신 하나님께로 돌아가기 전에 기억하라
전도서,12,9,전도서 12:9,전도자가 지혜로움으로 여전히 백성에게 지식을 가르쳤고 또 묵상하고 궁구하여 잠언을 많이 지었으며
전도서,12,10,전도서 12:10,전도자가 힘써 아름다운 말을 구하였나니 기록한 것은 정직하여 진리의 말씀이니라
전도서,12,11,전도서 12:11,지혜자의 말씀은 찌르는 채찍같고 회중의 스승의 말씀은 잘 박힌못 같으니 다 한 목자의 주신 바니라
전도서,12,12,전도서 12:12,내 아들아 또 경계를 받으라 여러 책을 짓는 것은 끝이 없고 많이 공부하는 것은 몸을 피곤케 하느니라
전도서,12,13,전도서 12:13,일의 결국을 다 들었으니 하나님을 경외하고 그 명령을 지킬지어다 이것이 사람의 본분이니라
아가,1,2,아가 1:2,내게 입맞추기를 원하니 네 사랑이 포도주보다 나음이로구나
아가,1,3,아가 1:3,네 기름이 향기로와 아름답고 네 이름이 쏟은 향기름 같으므로 처녀들이 너를 사랑하는구나
아가,1,4,아가 1:4,왕이 나를 침궁으로 이끌어 들이시니 너는 나를 인도하라 우리가 너를 따라 달려가리라 우리가 너를 인하여 기뻐하며 즐거워하니 네 사랑이 포도주에서 지남이라 처녀들이 너를 사랑함이 마땅하니라
아가,1,6,아가 1:6,내가 일광에 쬐어서 거무스름할지라도 흘겨보지 말 것은 내 어미의 아들들이 나를 노하여 포도원지기를 삼았음이라 나의 포도원은 내가 지키지 못하였구나
아가,1,7,아가 1:7,내 마음에 사랑하는 자야 ! 너의 양떼 먹이는 곳과 오정에 쉬게 하는 곳을 내게 고하라 내가 네 동무 양떼 곁에서 어찌 얼굴을 가리운 자 같이 되랴
아가,1,8,아가 1:8,여인 중에 어여쁜 자야 ! 네가 알지 못하겠거든 양떼의 발자취를 따라 목자들의 장막 곁에서 너의 염소 새끼를 먹일지니라
아가,1,10,아가 1:10,"네 두 뺨은 땋은 머리털로, 네 목은 구슬 꿰미로 아름답구나"
아가,1,11,아가 1:11,우리가 너를 위하여 금사슬을 은을 박아 만들리라
아가,1,12,아가 1:12,왕이 상에 앉았을 때에 나의 나도 기름이 향기를 토하였구나
아가,1,13,아가 1:13,나의 사랑하는 자는 내 품 가운데 몰약 향낭이요
아가,1,14,아가 1:14,나의 사랑하는 자는 내게 엔게디 포도원의 고벨화 송이로구나
아가,1,15,아가 1:15,"내 사랑아 ! 너는 어여쁘고, 어여쁘다 네 눈이 비둘기 같구나"
아가,1,16,아가 1:16,나의 사랑하는 자야 ! 너는 어여쁘고 화창하다 우리의 침상은 푸르고
아가,1,17,아가 1:17,"우리 집은 백향목 들보, 잣나무 석가래로구나"
아가,2,1,아가 2:1,나는 사론의 수선화요 골짜기의 백합화로구나
아가,2,2,아가 2:2,여자들 중에 내 사랑은 가시나무 가운데 백합화 같구나
아가,2,3,아가 2:3,남자들 중에 나의 사랑하는 자는 수풀 가운데 사과나무 같구나 내가 그 그늘에 앉아서 심히 기뻐하였고 그 실과는 내 입에 달았구나
아가,2,5,아가 2:5,너희는 건포도로 내 힘을 돕고 사과로 나를 시원케 하라 내가 사랑하므로 병이 났음이니라
아가,2,7,아가 2:7,예루살렘 여자들아 내가 노루와 들사슴으로 너희에게 부탁한다 내 사랑이 원하기 전에는 흔들지 말고 깨우지 말지니라
아가,2,8,아가 2:8,"나의 사랑하는 자의 목소리로구나 보라, 그가 산에서 달리고 작은 산을 빨리 넘어 오는구나"
아가,2,9,아가 2:9,나의 사랑하는 자는 노루와도 같고 어린 사슴과도 같아서 우리 벽 뒤에 서서 창으로 들여다 보며 창살 틈으로 엿보는구나
아가,2,10,아가 2:10,"나의 사랑하는 자가 내게 말하여 이르기를 나의 사랑, 나의 어여쁜 자야 ! 일어나서 함께 가자"
아가,2,11,아가 2:11,겨울도 지나고 비도 그쳤고
아가,2,12,아가 2:12,지면에는 꽃이 피고 새의 노래할 때가 이르렀는데 반구의 소리가 우리 땅에 들리는구나
아가,2,13,아가 2:13,무화과나무에는 푸른 열매가 익었고 포도나무는 꽃이 피어 향기를 토하는구나 나의 사랑 나의 어여쁜 자야 일어나서 함께 가자
아가,2,14,아가 2:14,"바위 틈 낭떠러지 은밀한 속에 있는 나의 비둘기야, 나로 네 얼굴을 보게 하라 네 소리를 듣게 하라 네 소리는 부드럽고 네 얼굴은 아름답구나"
아가,2,15,아가 2:15,우리를 위하여 여우 곧 포도원을 허는 작은 여우를 잡으라 ! 우리의 포도원에 꽃이 피었음이니라
아가,2,16,아가 2:16,"나의 사랑하는 자는 내게 속하였고, 나는 그에게 속하였구나 그가 백합화 가운데서 양떼를 먹이는구나"
아가,2,17,아가 2:17,나의 사랑하는 자야 ! 날이 기울고 그림자가 갈 때에 돌아와서 베데르 산에서의 노루와 어린 사슴 같아여라
아가,3,1,아가 3:1,내가 밤에 침상에서 마음에 사랑하는 자를 찾았구나 찾아도 발견치 못하였구나
아가,3,3,아가 3:3,성중의 행순하는 자들을 만나서 묻기를 내 마음에 사랑하는 자를 너희가 보았느냐 하고
아가,3,4,아가 3:4,"그들을 떠나자마자 마음에 사랑하는 자를 만나서 그를 붙잡고 내 어미 집으로, 나를 잉태한 자의 방으로 가기까지 놓지 아니하였노라"
아가,3,5,아가 3:5,예루살렘 여자들아 ! 내가 노루와 들 사슴으로 너희에게 부탁한다 사랑하는 자가 원하기 전에는 흔들지 말고 깨우지 말지니라
아가,3,6,아가 3:6,연기 기둥과도 같고 몰약과 유향과 장사의 여러가지 향품으로 향기롭게도 하고 거친 들에서 오는 자가 누구인고
아가,3,10,아가 3:10,그 기둥은 은이요 바닥은 금이요 자리는 자색 담이라 그 안에는 예루살렘 여자들의 사랑이 입혔구나
아가,4,1,아가 4:1,"내 사랑, 너는 어여쁘고도 어여쁘다 너울 속에 있는 네 눈이 비둘기 같고 네 머리털은 길르앗 산 기슭에 누운 무리 염소 같구나"
아가,4,2,아가 4:2,네 이는 목욕장에서 나온 털 깎인 암양 곧 새끼 없는 것은 하나도 없이 각각 쌍태를 낳은 양 같구나
아가,4,3,아가 4:3,네 입술은 홍색 실 같고 네 입은 어여쁘고 너울 속의 네 뺨은 석류 한 쪽 같구나
아가,4,5,아가 4:5,네 두 유방은 백합화 가운데서 꼴을 먹는 쌍태 노루 새끼 같구나
아가,4,6,아가 4:6,날이 기울고 그림자가 갈 때에 내가 몰약 산과 유향의 작은 산으로 가리라
아가,4,7,아가 4:7,"나의 사랑, 너는 순전히 어여뻐서 아무 흠이 없구나"
아가,4,8,아가 4:8,나의 신부야 ! 너는 레바논에서부터 나와 함께 하고 레바논에서부터 나와 함께 가자 아마나와 스닐과 헤르몬 꼭대기에서 사자 굴과 표범 산에서 내려다보아라
아가,4,9,아가 4:9,"나의 누이, 나의 신부야 ! 네가 내 마음을 빼앗았구나 네 눈으로 한번 보는 것과 네 목의 구슬 한 꿰미로 내 마음을 빼앗았구나"
아가,4,10,아가 4:10,"나의 누이, 나의 신부야 ! 네 사랑이 어찌 그리 아름다운지 네 사랑은 포도주에 지나고 네 기름의 향기는 각양 향품보다 승하구나"
아가,4,11,아가 4:11,내 신부야 ! 네 입술에서는 꿀 방울이 떨어지고 네 혀 밑에는 꿀과 젖이 있고 네 의복의 향기는 레바논의 향기 같구나
아가,4,12,아가 4:12,"나의 누이, 나의 신부는 잠근 동산이요 덮은 우물이요 봉한 샘이로구나"
아가,4,14,아가 4:14,"나도와, 번홍화와, 창포와, 계수와, 각종 유향목과, 몰약과, 침향과, 모든 귀한 향품이요"
아가,4,15,아가 4:15,"너는 동산의 샘이요, 생수의 우물이요, 레바논에서부터 흐르는 시내로구나"
아가,4,16,아가 4:16,"북풍아, 일어나라 남풍아, 오라 나의 동산에 불어서 향기를 날리라 나의 사랑하는 자가 그 동산에 들어가서 그 아름다운 실과 먹기를 원하노라"
아가,5,1,아가 5:1,"나의 누이, 나의 신부야 ! 내가 내 동산에 들어와서 나의 몰약과 향재료를 거두고 나의 꿀송이와 꿀을 먹고 내 포도주와 내 젖을 마셨으니 나의 친구들아 먹으라 나의 사랑하는 사람들아 ! 마시고 많이 마시라"
아가,5,2,아가 5:2,"내가 잘지라도 마음은 깨었는데 나의 사랑하는 자의 소리가 들리는구나 문을 두드려 이르기를 나의 누이, 나의 사랑, 나의 비둘기, 나의 완전한 자야 문 열어 다고 내 머리에는 이슬이, 내 머리털에는 밤 이슬이 가득하였다 하는구나"
아가,5,3,아가 5:3,내가 옷을 벗었으니 어찌 다시 입겠으며 내가 발을 씻었으니 어찌 다시 더럽히랴마는
아가,5,4,아가 5:4,나의 사랑하는 자가 문틈으로 손을 들이밀매 내 마음이 동하여서
아가,5,5,아가 5:5,일어나서 나의 사랑하는 자 위하여 문을 열 때 몰약이 내 손에서 몰약의 즙이 내 손가락에서 문 빗장에 듣는구나
아가,5,8,아가 5:8,예루살렘 여자들아 너희에게 내가 부탁한다 너희가 나의 사랑하는 자를 만나거든 내가 사랑하므로 병이 났다고 하려무나
아가,5,9,아가 5:9,"여자 중 극히 어여쁜 자야, 너의 사랑하는 자가 남의 사랑하는 자보다 나은 것이 무엇인가 너의 사랑하는 자가 남의 사랑하는 자 보다 나은 것이 무엇이기에 이같이 우리에게 부탁하는가"
아가,5,10,아가 5:10,나의 사랑하는 자는 희고도 붉어 만 사람에 뛰어난다
아가,5,11,아가 5:11,머리는 정금 같고 머리털은 고불고불하고 까마귀 같이 검구나
아가,5,12,아가 5:12,눈은 시냇가의 비둘기 같은데 젖으로 씻은 듯하고 아름답게도 박혔구나
아가,5,13,아가 5:13,뺨은 향기로운 꽃밭 같고 향기로운 풀언덕과도 같고 입술은 백합화 같고 몰약의 즙이 뚝뚝 떨어진다
아가,5,14,아가 5:14,손은 황옥을 물린 황금 노리개 같고 몸은 아로새긴 상아에 청옥을 입힌듯 하구나
아가,5,15,아가 5:15,다리는 정금 받침에 세운 화반석 기둥같고 형상은 레바논 같고 백향목처럼 보기 좋고
아가,5,16,아가 5:16,입은 심히 다니 그 전체가 사랑스럽구나 예루살렘 여자들아 ! 이는 나의 사랑하는 자요 나의 친구일다
아가,6,1,아가 6:1,여자 중 극히 어여쁜 자야 너의 사랑하는 자가 어디로 갔는가 너의 사랑하는 자가 어디로 돌이켰는가 우리가 너와 함께 찾으리라
아가,6,2,아가 6:2,나의 사랑하는 자가 자기 동산으로 내려가 향기로운 꽃밭에 이르러서 동산 가운데서 양떼를 먹이며 백합화를 꺾는구나
아가,6,3,아가 6:3,나는 나의 사랑하는 자에게 속하였고 나의 사랑하는 자는 내게 속하였다 그가 백합화 가운데서 그 양떼를 먹이는구나
아가,6,4,아가 6:4,내 사랑아 ! 너의 어여쁨이 디르사 같고 너의 고움이 예루살렘 같고 엄위함이 기치를 벌인 군대 같구나
아가,6,5,아가 6:5,네 눈이 나를 놀래니 돌이켜 나를 보지 말라 네 머리털은 길르앗 산 기슭에 누운 염소떼 같고
아가,6,6,아가 6:6,네 이는 목욕장에서 나온 암양떼 곧 새끼 없는 것은 하나도 없이 각각 쌍태를 낳은 양같고
아가,6,7,아가 6:7,너울 속의 너의 뺨은 석류 한 쪽 같구나
아가,6,9,아가 6:9,"나의 비둘기, 나의 완전한 자는 하나 뿐이로구나 그는 그 어미의 외딸이요 그 낳은 자의 귀중히 여기는 자로구나 여자들이 그를 보고 복된 자라 하고 왕후와 비빈들도 그를 칭찬하는구나"
아가,6,10,아가 6:10,아침빛 같이 뚜렷하고 달 같이 아름답고 해 같이 맑고 기치를 벌인 군대 같이 엄위한 여자가 누구인가
아가,6,11,아가 6:11,골짜기의 푸른 초목을 보려고 포도나무가 순이 났는가 석류나무가 꽃이 피었는가 알려고 내가 호도 동산으로 내려 갔을 때에
아가,6,12,아가 6:12,부지중에 내 마음이 나로 내 귀한 백성의 수레 가운데 이르게 하였구나
아가,6,13,아가 6:13,돌아오고 돌아오라 술람미 여자야 돌아오고 돌아오라 우리로 너를 보게 하라
아가,7,1,아가 7:1,귀한 자의 딸아 ! 신을 신은 네 발이 어찌 그리 아름다운가 네 넓적다리는 둥글어서 공교한 장색의 만든 구슬 꿰미 같구나
아가,7,2,아가 7:2,배꼽은 섞은 포도주를 가득히 부은 둥근 잔 같고 허리는 백합화로 두른 밀단 같구나
아가,7,3,아가 7:3,두 유방은 암사슴의 쌍태 새끼 같고
아가,7,5,아가 7:5,머리는 갈멜산 같고 드리운 머리털은 자주 빛이 있으니 왕이 그 머리카락에 매이었구나
아가,7,6,아가 7:6,"사랑아, 네가 어찌 그리 아름다운지, 어찌 그리 화창한지 쾌락하게 하는구나"
아가,7,7,아가 7:7,네 키는 종려나무 같고 네 유방은 그 열매 송이 같구나
아가,7,8,아가 7:8,내가 말하기를 종려나무에 올라가서 그 가지를 잡으리라 하였나니 네 유방은 포도송이 같고 네 콧김은 사과 냄새 같고
아가,7,9,아가 7:9,네 입은 좋은 포도주 같을 것이니라 이 포도주는 나의 사랑하는 자를 위하여 미끄럽게 흘러 내려서 자는 자의 입으로 움직이게 하느니라
아가,7,10,아가 7:10,나는 나의 사랑하는 자에게 속하였구나 그가 나를 사모하는구나
아가,7,11,아가 7:11,나의 사랑하는 자야 ! 우리가 함께 들로 가서 동네에서 유숙하자
아가,7,12,아가 7:12,우리가 일찌기 일어나서 포도원으로 가서 포도 움이 돋았는지 꽃술이 퍼졌는지 석류꽃이 피었는지 보자 거기서 내가 나의 사랑을 네게 주리라
아가,7,13,아가 7:13,"합환채가 향기를 토하고 우리의 문 앞에는 각양 귀한 실과가 새것,묵은 것이 구비하였구나 내가 나의 사랑하는 자 너를 위하여 쌓아둔 것이로구나"
아가,8,1,아가 8:1,네가 내 어미의 젖을 먹은 오라비 같았었더면 내가 밖에서 너를 만날 때에 입을 맞추어도 나를 업신여길 자가 없었을 것이라
아가,8,2,아가 8:2,내가 너를 이끌어 내 어미 집에 들이고 네게서 교훈을 받았으리라 나는 향기로운 술 곧 석류즙으로 네게 마시웠겠고
아가,8,3,아가 8:3,너는 왼손으론 내 머리에 베게하고 오른손으론 나를 안았었으리라
아가,8,4,아가 8:4,예루살렘 여자들아 ! 내가 너희에게 부탁한다 나의 사랑하는 자가 원하기 전에는 흔들지 말며 깨우지 말지니라
아가,8,5,아가 8:5,"그 사랑하는 자를 의지하고 거친 들에서 올라오는 여자가 누구인고 너를 인하여 네 어미가 신고한, 너를 낳은 자가 애쓴 그 곳 사과나무 아래서 내가 너를 깨웠노라"
아가,8,7,아가 8:7,이 사랑은 많은 물이 꺼치지 못하겠고 홍수라도 엄몰하지 못하나니 사람이 그 온 가산을 다 주고 사랑과 바꾸려 할지라도 오히려 멸시를 받으리라
아가,8,8,아가 8:8,우리에게 있는 작은 누이는 아직도 유방이 없구나 그가 청혼함을 받는 날에는 우리가 그를 위하여 무엇을 할꼬
아가,8,10,아가 8:10,나는 성벽이요 나의 유방은 망대 같으니 그러므로 나는 그의 보기에 화평을 얻은 자 같구나
아가,8,13,아가 8:13,너 동산에 거한 자야 동무들이 네 소리에 귀를 기울이니 나로 듣게 하려무나
아가,8,14,아가 8:14,나의 사랑하는 자야 ! 너는 빨리 달리라 향기로운 산들에서 노루와도 같고 어린 사슴과도 같아여라
이사야,1,16,이사야 1:16,너희는 스스로 씻으며 스스로 깨끗케 하여 내 목전에서 너희 악업을 버리며 악행을 그치고
이사야,1,17,이사야 1:17,선행을 배우며 공의를 구하며 학대 받는 자를 도와주며 고아를 위하여 신원하며 과부를 위하여 변호하라 하셨느니라
이사야,1,18,이사야 1:18,"여호와께서 말씀하시되 오라, 우리가 서로 변론하자 너희 죄가 주홍 같을 지라도 눈과 같이 희어질 것이요 진홍 같이 붉을지라도 양털 같이 되리라"
이사야,1,19,이사야 1:19,너희가 즐겨 순종하면 땅의 아름다운 소산을 먹을 것이요
이사야,1,22,이사야 1:22,네 은은 찌끼가 되었고 너의 포도주에는 물이 섞였도다
이사야,1,26,이사야 1:26,"내가 너의 사사들을 처음과 같이 너의 모사들을 본래와 같이 회복할 것이라 그리한 후에야 네가 의의 성읍이라,신실한 고을이라 칭함이 되리라 하셨나니"
이사야,1,27,이사야 1:27,시온은 공평으로 구속이 되고 그 귀정한 자는 의로 구속이 되리라
이사야,1,30,이사야 1:30,너희는 잎사귀 마른 상수리 나무 같을 것이요 물 없는 동산 같으리니
이사야,2,1,이사야 2:1,아모스의 아들 이사야가 받은바 유다와 예루살렘에 관한 말씀이라
이사야,2,2,이사야 2:2,말일에 여호와의 전의 산이 모든 산 꼭대기에 굳게 설 것이요 모든 작은 산 위에 뛰어나리니 만방이 그리로 모여들 것이라
이사야,2,5,이사야 2:5,야곱 족속아 오라 ! 우리가 여호와의 빛에 행하자
이사야,2,16,이사야 2:16,다시스의 모든 배와 모든 아름다운 조각물에 임하리니
이사야,2,20,이사야 2:20,사람이 숭배하려고 만들었던 그 은 우상과 금 우상을 그 날에 두더쥐와 박쥐에게 던지고
이사야,2,22,이사야 2:22,너희는 인생을 의지하지 말라 그의 호흡은 코에 있나니 수에 칠 가치가 어디 있느뇨
이사야,3,10,이사야 3:10,너희는 의인에게 복이 있으리라 말하라 그들은 그 행위의 열매를 먹을 것임이요
이사야,3,23,이사야 3:23,"손 거울과, 세마포 옷과, 머리수건과, 너울을 제하시리니"
이사야,4,3,이사야 4:3,"시온에 남아 있는 자, 예루살렘에 머물러 있는 자 곧 예루살렘에 있어 생존한 자 중 녹명된 모든 사람은 거룩하다 칭함을 얻으리니"
이사야,4,6,이사야 4:6,또 천막이 있어서 낮에는 더위를 피하는 그늘을 지으며 또 풍우를 피하여 숨는 곳이 되리라
이사야,5,1,이사야 5:1,내가 나의 사랑하는 자를 위하여 노래 하되 나의 사랑하는 자의 포도원을 노래하리라 나의 사랑하는 자에게 포도원이 있음이여 심히 기름진 산에로다
이사야,5,2,이사야 5:2,땅을 파서 돌을 제하고 극상품 포도나무를 심었도다 그 중에 망대를 세웠고 그 안에 술틀을 팠었도다 좋은 포도 맺기를 바랐더니 들 포도를 맺혔도다
이사야,5,3,이사야 5:3,예루살렘 거민과 유다 사람들아 구하노니 이제 나와 내 포도원 사이에 판단하라
이사야,5,4,이사야 5:4,내가 내 포도원을 위하여 행한 것 외에 무엇을 더할 것이 있었으랴 내가 좋은 포도 맺기를 기다렸거늘 들포도를 맺힘은 어찜인고
이사야,5,7,이사야 5:7,대저 만군의 여호와의 포도원은 이스라엘 족속이요 그의 기뻐하시는 나무는 유다 사람이라 그들에게 공평을 바라셨더니 도리어 포학이요 그들에게 의로움을 바라셨더니 도리어 부르짖음이었도다
이사야,5,10,이사야 5:10,열흘갈이 포도원에 겨우 포도주 한 바트가 나겠고 한 호멜지기에는 간신히 한 에바가 나리라 하시도다
이사야,5,16,이사야 5:16,오직 만군의 여호와는 공평하므로 높임을 받으시며 거룩하신 하나님은 의로우시므로 거룩하다 함을 받으시리니
이사야,5,17,이사야 5:17,그 때에는 어린 양들이 자기 초장에 있는 것 같이 먹을 것이요 살찐 자의 황무한 밭의 소산은 유리하는 자들이 먹으리라
이사야,5,26,이사야 5:26,기를 세우시고 먼 나라들을 불러 땅 끝에서부터 오게 하실 것이라 보라 그들이 빨리 달려 올 것이로되
이사야,6,2,이사야 6:2,스랍들은 모셔 섰는데 각기 여섯 날개가 있어 그 둘로는 그 얼굴을 가리었고 그 둘로는 그 발을 가리었고 그 둘로는 날며
이사야,6,6,이사야 6:6,때에 그 스랍의 하나가 화저로 단에서 취한바 핀 숯을 손에 가지고 내게로 날아와서
이사야,7,3,이사야 7:3,때에 여호와께서 이사야에게 이르시되 너와 네 아들 스알야숩은 윗못 수도 끝 세탁자의 밭 큰 길에 나가서 아하스를 만나
이사야,7,4,이사야 7:4,그에게 이르기를 너는 삼가며 종용하라 아람 왕 르신과 르말리야의 아들이 심히 노할지라도 연기나는 두 부지깽이 그루터기에 불과하니 두려워 말며 낙심치 말라
이사야,7,7,이사야 7:7,주 여호와의 말씀에 이 도모가 서지 못하며 이루지 못하리라
이사야,7,10,이사야 7:10,여호와께서 또 아하스에게 일러 가라사대
이사야,7,11,이사야 7:11,너는 네 하나님 여호와께 한 징조를 구하되 깊은 데서든지 높은데서든지 구하라
이사야,7,14,이사야 7:14,그러므로 주께서 친히 징조로 너희에게 주실 것이라 보라 처녀가 잉태하여 아들을 낳을 것이요 그 이름을 임마누엘이라 하리라
이사야,7,21,이사야 7:21,그 날에는 사람이 한 어린 암소와 두 양을 기르리니
이사야,7,22,이사야 7:22,그 내는 젖이 많으므로 뻐터를 먹을 것이라 무릇 그 땅 가운데 남아 있는 자는 뻐터와 꿀을 먹으리라
이사야,8,1,이사야 8:1,여호와께서 내게 이르시되 너는 큰 서판을 취하여 그 위에 통용문자로 마헬살랄하스바스라 쓰라
이사야,8,3,이사야 8:3,내가 내 아내와 동침하매 그가 잉태하여 아들을 낳은지라 여호와께서 내게 이르시되 그 이름을 마헬살랄하스바스라 하라
이사야,8,5,이사야 8:5,여호와께서 다시 내게 일러 가라사대
이사야,8,10,이사야 8:10,너희는 함께 도모하라 필경 이루지 못하리라 말을 내어라 시행되지 못하리라 이는 하나님이 우리와 함께 하심이니라
이사야,8,11,이사야 8:11,여호와께서 강한 손으로 내게 알게 하시며 이 백성의 길로 행치말 것을 내게 경성시켜 가라사대
이사야,8,12,이사야 8:12,이 백성이 맹약한 자가 있다 말하여도 너희는 그 모든 말을 따라 맹약한 자가 있다 하지 말며 그들의 두려워하는 것을 너희는 두려워하지 말며 놀라지 말고
이사야,8,16,이사야 8:16,너는 증거의 말씀을 싸매며 율법을 나의 제자 중에 봉함하라
이사야,8,17,이사야 8:17,이제 야곱 집에 대하여 낯을 가리우시는 여호와를 나는 기다리며 그를 바라보리라
이사야,8,18,이사야 8:18,"보라, 나와 및 여호와께서 내게 주신 자녀들이 이스라엘 중에 징조와 예표가 되었나니 이는 시온산에 계신 만군의 여호와께로 말미암은 것이니라"
이사야,8,19,이사야 8:19,혹이 너희에게 고하기를 지절거리며 속살거리는 신접한 자와 마술사에게 물으라 하거든 백성이 자기 하나님께 구할 것이 아니냐 산 자를 위하여 죽은 자에게 구하겠느냐 하라
이사야,8,20,이사야 8:20,마땅히 율법과 증거의 말씀을 좇을지니 그들의 말하는 바가 이 말씀에 맞지 아니하면 그들이 정녕히 아침 빛을 보지 못하고
이사야,9,2,이사야 9:2,흑암에 행하던 백성이 큰 빛을 보고 사망의 그늘진 땅에 거하던 자에게 빛이 비취도다
이사야,9,3,이사야 9:3,주께서 이 나라를 창성케 하시며 그 즐거움을 더하게 하셨으므로 추수하는 즐거움과 탈취물을 나누는 때의 즐거움 같이 그들이 주의 앞에서 즐거워하오니
이사야,9,8,이사야 9:8,주께서 야곱에게 말씀을 보내시며 그것을 이스라엘에게 임하게 하셨은즉
이사야,9,10,이사야 9:10,벽돌이 무너졌으나 우리는 다듬은 돌로 쌓고 뽕나무들이 찍혔으나 우리는 백향목으로 그것을 대신하리라 하도다
이사야,9,13,이사야 9:13,이 백성이 오히려 자기들을 치시는 자에게로 돌아오지 아니하며 만군의 여호와를 찾지 아니하도다
이사야,9,15,이사야 9:15,머리는 곧 장로와 존귀한 자요 꼬리는 곧 거짓말을 가르치는 선지자라
이사야,10,8,이사야 10:8,이르기를 나의 방백들은 다 왕이 아니냐
이사야,10,14,이사야 10:14,나의 손으로 열국의 재물을 얻은 것은 새의 보금자리를 얻음 같고 온 세계를 얻은 것은 내어버린 알을 주움 같았으나 날개를 치거나 입을 벌리거나 지저귀는 것이 하나도 없었다 하는도다
이사야,10,15,이사야 10:15,도끼가 어찌 찍는 자에게 스스로 자랑하겠으며 톱이 어찌 켜는 자에게 스스로 큰 체 하겠느냐 이는 막대기가 자기를 드는 자를 움직이려 하며 몽둥이가 나무 아닌 사람을 들려 함과 일반이로다
이사야,10,21,이사야 10:21,남은 자 곧 야곱의 남은 자가 능하신 하나님께로 돌아올 것이라
이사야,10,30,이사야 10:30,"딸 갈림아, 큰 소리로 외칠찌어다 라이사야, 자세히 들을찌어다 가련하다 너 아나돗이여"
이사야,10,31,이사야 10:31,맛메나 사람은 피난하며 게빔 거민은 도망하도다
이사야,11,1,이사야 11:1,이새의 줄기에서 한 싹이 나며 그 뿌리에서 한 가지가 나서 결실할 것이요
이사야,11,2,이사야 11:2,여호와의 신 곧 지혜와 총명의 신이요 모략과 재능의 신이요 지식과 여호와를 경외하는 신이 그 위에 강림하시리니
이사야,11,5,이사야 11:5,공의로 그 허리띠를 삼으며 성실로 몸의 띠를 삼으리라
이사야,11,8,이사야 11:8,젖먹는 아이가 독사의 구멍에서 장난하며 젖뗀 어린 아이가 독사의 굴에 손을 넣을 것이라
이사야,11,9,이사야 11:9,나의 거룩한 산 모든 곳에서 해됨도 없고 상함도 없을 것이니 이는 물이 바다를 덮음 같이 여호와를 아는 지식이 세상에 충만할 것임이니라
이사야,11,12,이사야 11:12,여호와께서 열방을 향하여 기호를 세우시고 이스라엘의 쫓긴 자를 모으시며 땅 사방에서 유다의 이산한 자를 모으시리니
이사야,11,13,이사야 11:13,에브라임의 투기는 없어지고 유다를 괴롭게 하던 자는 끊어지며 에브라임은 유다를 투기하지 아니하며 유다는 에브라임을 괴롭게하지 아니할 것이요
이사야,12,2,이사야 12:2,보라 하나님은 나의 구원이시라 내가 의뢰하고 두려움이 없으리니 주 여호와는 나의 힘이시며 나의 노래시며 나의 구원이심이라
이사야,12,3,이사야 12:3,그러므로 너희가 기쁨으로 구원의 우물들에서 물을 길으리로다
이사야,12,5,이사야 12:5,여호와를 찬송할 것은 극히 아름다운 일을 하셨음이니 온 세계에 알게 할지어다
이사야,12,6,이사야 12:6,시온의 거민아 소리를 높여 부르라 이스라엘의 거룩하신 자가 너희 중에서 크심이니라 할 것이니라
이사야,13,21,이사야 13:21,오직 들짐승들이 거기 엎드리고 부르짖는 짐승이 그 가옥에 충만하며 타조가 거기 깃들이며 들 양이 거기서 뛸 것이요
이사야,14,2,이사야 14:2,민족들이 그들을 데리고 그들의 본토에 돌아오리니 이스라엘 족속이 여호와의 땅에서 그들을 얻어 노비를 삼겠고 전에 자기를 사로잡던 자를 사로잡고 자기를 압제하던 자를 주관하리라
이사야,14,3,이사야 14:3,여호와께서 너를 슬픔과 곤고와 및 너의 수고하는 고역에서 놓으시고 안식을 주시는 날에
이사야,14,5,이사야 14:5,여호와께서 악인의 몽둥이와 패권자의 홀을 꺾으셨도다
이사야,14,7,이사야 14:7,이제는 온 땅이 평안하고 정온하니 무리가 소리질러 노래하는도다
이사야,14,8,이사야 14:8,향나무와 레바논 백향목도 너로 인하여 기뻐하여 이르기를 네가 넘어뜨리웠은즉 올라와서 우리를 작벌할 자 없다 하는도다
이사야,14,18,이사야 14:18,열방의 왕들은 모두 각각 자기 집에서 영광 중에 자건마는
이사야,14,28,이사야 14:28,아하스 왕의 죽던 해에 받은 경고라
이사야,14,32,이사야 14:32,그 나라 사신들에게 어떻게 대답하겠느냐 ? 여호와께서 시온을 세우셨으니 그의 백성의 곤고한 자들이 그 안에서 피난하리라 할 것이니라
이사야,15,7,이사야 15:7,그러므로 그들이 얻은 재물과 쌓았던 것을 가지고 버드나무 시내를 건너리니
이사야,16,1,이사야 16:1,너희는 이 땅 치리자에게 어린 양들을 드리되 셀라에서부터 광야를 지나 딸 시온산으로 보낼지니라
이사야,16,3,이사야 16:3,너는 모략을 베풀며 공의로 판결하며 오정 때에 밤 같이 그늘을 짓고 쫓겨난 자를 숨기며 도망한 자를 발각시키지 말며
이사야,17,6,이사야 17:6,그러나 오히려 주울 것이 남으리니 감람나무를 흔들 때에 가장 높은 가지 꼭대기에 실과 이 삼개가 남음 같겠고 무성한 나무의 가장 먼 가지에 사 오개가 남음 같으리라 이스라엘의 하나님 여호와의 말씀이니라
이사야,18,1,이사야 18:1,슬프다 구스의 강 건너편 날개치는 소리 나는 땅이여
이사야,18,2,이사야 18:2,갈대 배를 물에 띄우고 그 사자를 수로로 보내며 이르기를 너희 경첩한 사자들아 너희는 강들이 흘러 나누인 나라로 가되 장대하고 준수한 백성 곧 시초부터 두려움이 되며 강성하여 대적을 밟는 백성에게로 가라 하도다
이사야,18,3,이사야 18:3,"세상의 모든 거민, 지상에 거하는 너희여 산들 위에 기호를 세우거든 너희는 보고 나팔을 불거든 너희는 들을지니라"
이사야,18,4,이사야 18:4,여호와께서 내게 이르시되 내가 나의 처소에서 종용히 감찰함이 쬐이는 일광 같고 가을 더위에 운무 같도다
이사야,21,7,이사야 21:7,마병대가 쌍쌍이 오는 것과 나귀떼와 약대떼를 보거든 자세히 유심히 들으라 하셨더니
이사야,21,8,이사야 21:8,파숫군이 사자 같이 부르짖기를 주여 내가 낮에 늘 망대에 섰었고 밤이 맞도록 파수하는 곳에 있었더니
이사야,21,10,이사야 21:10,너 나의 타작한 것이여 나의 마당의 곡식이여 내가 이스라엘의 하나님 만군의 여호와께 들은대로 너희에게 고하였노라
이사야,21,11,이사야 21:11,두마에 관한 경고라 사람이 세일에서 나를 부르되 파숫군이여 밤이 어떻게 되었느뇨 파숫군이여 밤이 어떻게 되었느뇨
이사야,21,13,이사야 21:13,아라비아에 관한 경고라 드단 대상이여 너희가 아라비아 수풀에서 유숙하리라
이사야,21,14,이사야 21:14,데마 땅의 거민들아 물을 가져다가 목마른 자에게 주고 떡을 가지고 도피하는 자를 영접하라
이사야,22,1,이사야 22:1,이상 골짜기에 관한 경고라 네가 지붕에 올라감은 어찜인고
이사야,22,6,이사야 22:6,엘람 사람은 전통을 졌고 병거탄 자와 마병이 함께 하였고 기르사람은 방패를 들어 내었으니
이사야,22,7,이사야 22:7,병거는 너의 아름다운 골짜기에 가득하였고 마병은 성문에 정렬되었도다
이사야,22,11,이사야 22:11,너희가 또 옛못의 물을 위하여 두 성벽 사이에 저수지를 만들었느니라 그러나 너희가 이 일을 하신 자를 앙망하지 아니하였고 이 일을 옛적부터 경영하신 자를 존경하지 아니하였느니라
이사야,22,16,이사야 22:16,네가 여기 무슨 관계가 있느냐 여기 누가 있기에 여기서 너를 위하여 묘실을 팠느냐 높은 곳에 자기를 위하여 묘실을 팠고 반석에 자기를 위하여 처소를 쪼아 내었도다
이사야,22,23,이사야 22:23,못이 단단한 곳에 박힘 같이 그를 견고케 하리니 그가 그 아비 집에 영광의 보좌가 될 것이요
이사야,22,24,이사야 22:24,그 아비 집의 모든 영광이 그 위에 걸리리니 그 후손과 족속 되는 각 작은 그릇 곧 종지로부터 항아리까지리라
이사야,23,2,이사야 23:2,바다에 왕래하는 시돈 상고로 말미암아 부요하게 된 너희 해변 거민들아 잠잠하라
이사야,23,3,이사야 23:3,시홀의 곡식 곧 나일의 추수를 큰 물로 수운하여 들였으니 열국의 시장이었도다
이사야,23,7,이사야 23:7,이것이 고대에 건설된 너희 희락의 성 곧 그 백성이 자기 발로 먼 지방까지 가서 유하던 성이냐
이사야,23,10,이사야 23:10,"딸 다시스여, 나일 같이 너희 땅에 넘칠지어다 너를 속박함이 다시는 없으리라"
이사야,23,18,이사야 23:18,"그 무역한 것과 이익을 거룩히 여호와께 돌리고 간직하거나 쌓아두지 아니하리니 그 무역한 것이 여호와 앞에 거하는 자의 배불리 먹을 자료,잘 입을 자료가 되리라"
이사야,24,8,이사야 24:8,소고치는 기쁨이 그치고 즐거워하는 자의 소리가 마치고 수금 타는 기쁨이 그쳤으며
이사야,24,13,이사야 24:13,세계 민족 중에 이러한 일이 있으리니 곧 감람나무를 흔듦 같고 포도를 거둔 후에 그 남은 것을 주움 같을 것이니라
이사야,24,14,이사야 24:14,무리가 소리를 높여 부를 것이며 여호와의 위엄을 인하여 바다에서부터 크게 외치리니
이사야,24,15,이사야 24:15,그러므로 너희가 동방에서 여호와를 영화롭게 하며 바다 모든 섬에서 이스라엘 하나님 여호와의 이름을 영화롭게 할 것이라
이사야,25,1,이사야 25:1,"여호와여, 주는 나의 하나님이시라 내가 주를 높이고 주의 이름을 찬송하오리니 주는 기사를 옛적의 정하신 뜻대로 성실함과 진실함으로 행하셨음이라"
이사야,25,3,이사야 25:3,강한 민족이 주를 영화롭게 하며 포학한 나라들의 성읍이 주를 경외하리이다
이사야,25,4,이사야 25:4,주는 포학자의 기세가 성벽을 충돌하는 폭풍과 같을 때에 빈궁한 자의 보장이시며 환난 당한 빈핍한 자의 보장이시며 폭풍 중에 피난처시며 폭양을 피하는 그늘이 되셨사오니
이사야,25,5,이사야 25:5,마른 땅에 폭양을 제함 같이 주께서 외인의 훤화를 그치게 하시며 폭양을 구름으로 가리움같이 포학한 자의 노래를 낮추시리이다
이사야,25,8,이사야 25:8,사망을 영원히 멸하실 것이라 주 여호와께서 모든 얼굴에서 눈물을 씻기시며 그 백성의 수치를 온 천하에서 제하시리라 여호와께서 이같이 말씀하셨느니라
이사야,26,2,이사야 26:2,너희는 문들을 열고 신을 지키는 의로운 나라로 들어오게 할지어다
이사야,26,3,이사야 26:3,주께서 심지가 견고한 자를 평강에 평강으로 지키시리니 이는 그가 주를 의뢰함이니이다
이사야,26,4,이사야 26:4,너희는 여호와를 영원히 의뢰하라 주 여호와는 영원한 반석이심이로다
이사야,26,7,이사야 26:7,의인의 길은 정직함이여 정직하신 주께서 의인의 첩경을 평탄케 하시도다
이사야,26,8,이사야 26:8,"여호와여, 주의 심판하시는 길에서 우리가 주를 기다렸사오며 주의 이름 곧 주의 기념 이름을 우리 영혼이 사모하나이다"
이사야,26,12,이사야 26:12,"여호와여, 주께서 우리를 위하여 평강을 베푸시오리니 주께서 우리 모든 일을 우리를 위하여 이루심이니이다"
이사야,26,13,이사야 26:13,여호와 우리 하나님이시여 주 외에 다른 주들이 우리를 관할하였사오나 우리가 주만 의뢰하고 주의 이름을 부르리이다
이사야,26,15,이사야 26:15,"여호와여, 주께서 이 나라를 더 크게 하셨고 이 나라를 더 크게 하셨나이다 스스로 영광을 얻으시고 이 땅의 모든 경계를 확장하셨나이다"
이사야,26,16,이사야 26:16,"여호와여, 백성이 환난 중에 주를 앙모하였사오며 주의 징벌이 그들에게 임할 때에 그들이 간절히 주께 기도하였나이다"
이사야,26,17,이사야 26:17,"여호와여, 잉태한 여인이 산기가 임박하여 구로하며 부르짖음 같이 우리가 주의 앞에 이러하니이다"
이사야,26,19,이사야 26:19,주의 죽은 자들은 살아나고 우리의 시체들은 일어나리이다 티끌에 거하는 자들아 너희는 깨어 노래하라 주의 이슬은 빛난 이슬이니 땅이 죽은 자를 내어 놓으리로다
이사야,26,20,이사야 26:20,내 백성아 갈지어다 네 밀실에 들어가서 네 문을 닫고 분노가 지나기까지 잠간 숨을지어다
이사야,27,3,이사야 27:3,나 여호와는 포도원지기가 됨이여 때때로 물을 주며 밤낮으로 간수하여 아무든지 상해하지 못하게 하리로다
이사야,27,5,이사야 27:5,그리하지 아니할것 같으면 나의 힘을 의지하고 나와 화친하며 나로 더불어 화친할 것이니라
이사야,27,6,이사야 27:6,후일에는 야곱의 뿌리가 박히며 이스라엘의 움이 돋고 꽃이 필것이라 그들이 그 결실로 지면에 채우리로다
이사야,28,4,이사야 28:4,그 기름진 골짜기 꼭대기에 있는 그 영화의 쇠잔해 가는 꽃이 여름 전에 처음 익은 무화과와 같으니 보는 자가 그것을 보고 얼른 따서 먹으리로다
이사야,28,6,이사야 28:6,재판석에 앉은 자에게는 판결하는 신이 되시며 성문에서 싸움을 물리치는 자에게는 힘이 되시리로다 마는
이사야,28,10,이사야 28:10,"대저 경계에 경계를 더하며 경계에 경계를 더하며 교훈에 교훈을 더하며 교훈에 교훈을 더하되 여기서도 조금, 저기서도 조금하는구나 하는도다"
이사야,28,11,이사야 28:11,그러므로 생소한 입술과 다른 방언으로 이 백성에게 말씀하시리라
이사야,28,12,이사야 28:12,전에 그들에게 이르시기를 이것이 너희 안식이요 이것이 너희 상쾌함이니 너희는 곤비한 자에게 안식을 주라 하셨으나 그들이 듣지 아니하였으므로
이사야,28,16,이사야 28:16,그러므로 주 여호와께서 가라사대 보라 내가 한 돌을 시온에 두어 기초를 삼았노니 곧 시험한 돌이요 귀하고 견고한 기초 돌이라 그것을 믿는 자는 급절하게 되지 아니하리로다
이사야,28,20,이사야 28:20,침상이 짧아서 능히 몸을 펴지 못하며 이불이 좁아서 능히 몸을 싸지 못함 같으리라 하셨나니
이사야,28,23,이사야 28:23,너희는 귀를 기울여 내 목소리를 들으라 자세히 내 말을 들으라
이사야,28,24,이사야 28:24,파종하려고 가는 자가 어찌 끊이지 않고 갈기만 하겠느냐 그 땅을 개간하며 고르게만 하겠느냐
이사야,28,25,이사야 28:25,지면을 이미 평평히 하였으면 소회향을 뿌리며 대회향을 뿌리며 소맥을 줄줄이 심으며 대맥을 정한 곳에 심으며 귀리를 그 가에 심지 않겠느냐
이사야,28,27,이사야 28:27,소회향은 도리깨로 떨지 아니하며 대회향에는 수레 바퀴를 굴리지 아니하고 소회향은 작대기로 떨고 대회향은 막대기로 떨며
이사야,28,28,이사야 28:28,"곡식은 부수는가, 아니라 늘 떨기만 하지 아니하고 그것에 수레 바퀴를 굴리고 그것을 말굽으로 밟게 할지라도 부수지는 아니하나니"
이사야,28,29,이사야 28:29,이도 만군의 여호와께로서 난 것이라 그의 모략은 기묘하며 지혜는 광대하니라
이사야,29,5,이사야 29:5,그럴지라도 네 대적의 무리는 세미한 티끌 같겠고 강포한 자의 무리는 불려가는 겨 같으리니 그 일이 경각간에 갑자기 이룰 것이라
이사야,29,7,이사야 29:7,"아리엘을 치는 열방의 무리 곧 아리엘과 그 보장을 쳐서 곤고케 하는 모든 자는 꿈같이,밤의 환상 같이 되리니"
이사야,29,8,이사야 29:8,주린 자가 꿈에 먹었을지라도 깨면 그 속은 여전히 비고 목마른 자가 꿈에 마셨을지라도 깨면 곤비하며 그 속에 갈증이 있는 것같이 시온산을 치는 열방의 무리가 그와 같으리라
이사야,29,10,이사야 29:10,대저 여호와께서 깊이 잠들게 하는 신을 너희에게 부어주사 너희의 눈을 감기셨음이니 눈은 선지자요 너희를 덮으셨음이니 머리는 선견자라
이사야,29,11,이사야 29:11,그러므로 모든 묵시가 너희에게는 마치 봉한 책의 말이라 그것을 유식한 자에게 주며 이르기를 그대에게 청하노니 이를 읽으라 하면 대답하기를 봉하였으니 못하겠노라 할 것이요
이사야,29,12,이사야 29:12,또 무식한 자에게 주며 이르기를 그대에게 청하노니 이를 읽으라 하면 대답하기를 나는 무식하다 할 것이니라
이사야,29,13,이사야 29:13,주께서 가라사대 이 백성이 입으로는 나를 가까이하며 입술로는 나를 존경하나 그 마음은 내게서 멀리 떠났나니 그들이 나를 경외함은 사람의 계명으로 가르침을 받았을 뿐이라
이사야,29,14,이사야 29:14,그러므로 내가 이 백성 중에 기이한 일 곧 기이하고 가장 기이한 일을 다시 행하리니 그들 중의 지혜자의 지혜가 없어지고 명철자의 총명이 가리워지리라
이사야,29,15,이사야 29:15,화 있을진저 자기의 도모를 여호와께 깊이 숨기려하는 자여 그 일을 어두운데서 행하며 이르기를 누가 우리를 보랴 누가 우리를 알랴 하니
이사야,29,17,이사야 29:17,미구에 레바논이 기름진 밭으로 변하지 않겠으며 기름진 밭이 삼림으로 여김이 되지 않겠느냐
이사야,29,19,이사야 29:19,겸손한 자가 여호와를 인하여 기쁨이 더하겠고 사람 중 빈핍한 자가 이스라엘의 거룩하신 자를 인하여 즐거워하리니
이사야,29,21,이사야 29:21,그들은 송사에 사람에게 죄를 입히며 성문에서 판단하는 자를 올무로 잡듯하며 헛된 일로 의인을 억울케 하느니라
이사야,29,24,이사야 29:24,마음이 혼미하던 자도 총명하게 되며 원망하던 자도 교훈을 받으리라 하셨느니라
이사야,30,4,이사야 30:4,그 방백들이 소안에 있고 그 사신들이 하네스에 이르렀으나
이사야,30,6,이사야 30:6,남방 짐승에 관한 경고라 사신들이 그 재물을 어린 나귀 등에 싣고 그 보물을 약대 제물 안장에 얹고 암사자와 수사자와 독사와 및 날아다니는 불뱀이 나오는 위험하고 곤고한 땅을 지나 자기에게 무익한 민족에게로 갔으나
이사야,30,8,이사야 30:8,이제 가서 백성 앞에서 서판에 기록하며 책에 써서 후세에 영영히 있게 하라
이사야,30,9,이사야 30:9,대저 이는 패역한 백성이요 거짓말하는 자식이요 여호와의 법을 듣기 싫어하는 자식이라
이사야,30,11,이사야 30:11,너희는 정로를 버리며 첩경에서 돌이키라 이스라엘의 거룩하신 자로 우리 앞에서 떠나시게 하라 하는도다
이사야,30,13,이사야 30:13,이 죄악이 너희로 마치 무너지게 된 높은 담이 불쑥 나와 경각간에 홀연히 무너짐 같게 하리라 하셨은즉
이사야,30,15,이사야 30:15,주 여호와 이스라엘의 거룩하신 자가 말씀하시되 너희가 돌이켜 안연히 처하여야 구원을 얻을 것이요 잠잠하고 신뢰하여야 힘을 얻을 것이어늘 너희가 원치 아니하고
이사야,30,16,이사야 30:16,이르기를 아니라 우리가 말 타고 도망하리라 한고로 너희가 도망할 것이요 또 이르기를 우리가 빠른 짐승을 타리라 한고로 너희를 쫓는 자가 빠르리니
이사야,30,17,이사야 30:17,한 사람이 꾸짖은즉 천 사람이 도망하겠고 다섯이 꾸짖은즉 너희가 다 도망하고 너희 남은 자는 겨우 산꼭대기의 깃대 같겠고 영 위의 기호 같으리라 하셨느니라
이사야,30,18,이사야 30:18,그러나 여호와께서 기다리시나니 이는 너희에게 은혜를 베풀려 하심이요 일어나시리니 이는 저희를 긍휼히 여기려 하심이라 대저 여호와는 공의의 하나님이심이라 무릇 그를 기다리는 자는 복이 있도다
이사야,30,19,이사야 30:19,시온에 거하며 예루살렘에 거하는 백성아 너는 다시 통곡하지 않을 것이라 그가 너의 부르짖는 소리를 인하여 네게 은혜를 베푸시되 들으실 때에 네게 응답하시리라
이사야,30,22,이사야 30:22,또 너희가 너희 조각한 우상에 입힌 은과 부어만든 우상에 올린 금을 더럽게 하여 불결한 물건을 던짐 같이 던지며 이르기를 나가라 하리라
이사야,30,23,이사야 30:23,네가 땅에 뿌린 종자에 주께서 비를 주사 땅 소산의 곡식으로 살찌고 풍성케 하실 것이며 그 날에 너의 가축이 광활한 목장에서 먹을 것이요
이사야,30,26,이사야 30:26,여호와께서 그 백성의 상처를 싸매시며 그들의 맞은 자리를 고치시는 날에는 달빛은 햇빛 같겠고 햇빛은 칠 배가 되어 일곱 날의 빛과 같으리라
이사야,30,27,이사야 30:27,보라 여호와의 이름이 원방에서부터 오되 그의 진노가 불붙듯하며 빽빽한 연기가 일어 나듯하며 그 입술에는 분노가 찼으며 그 혀는 맹렬한 불 같으며
이사야,30,28,이사야 30:28,그 호흡은 마치 창일하여 목에까지 미치는 하수 같은즉 그가 멸하는 키로 열방을 까부르며 미혹되게 하는 자갈을 여러 민족의 입에 먹이시리니
이사야,30,29,이사야 30:29,너희가 거룩한 절기를 지키는 밤에와 같이 노래할 것이며 저를 불며 여호와의 산으로 가서 이스라엘의 반석에게로 나아가는 자 같이 마음에 즐거워할 것이라
이사야,30,30,이사야 30:30,여호와께서 그 장엄한 목소리를 듣게 하시며 혁혁한 진노로 그 팔의 치심을 보이시되 맹렬한 화염과 폭풍과 폭우와 우박으로 하시리니
이사야,31,5,이사야 31:5,새가 날개치며 그 새끼를 보호함 같이 나 만군의 여호와가 예루살렘을 보호할 것이라 그것을 호위하며 건지며 넘어와서 구원하리라 하셨나니
이사야,31,6,이사야 31:6,이스라엘 자손들아 저희는 심히 거역하던 자에게로 돌아오라
이사야,32,2,이사야 32:2,"또 그 사람은 광풍을 피하는 곳, 폭우를 가리우는 곳 같을 것이며 마른 땅에 냇물 같을 것이며 곤비한 땅에 큰 바위 그늘 같으리니"
이사야,32,4,이사야 32:4,조급한 자의 마음이 지식을 깨닫고 어눌한 자의 혀가 민첩하여 말을 분명히 할 것이라
이사야,32,5,이사야 32:5,어리석은 자를 다시 존귀하다 칭하지 아니하겠고 궤휼한 자를 다시 정대하다 말하지 아니하리니
이사야,32,8,이사야 32:8,고명한 자는 고명한 일을 도모하나니 그는 항상 고명한 일에 서리라
이사야,32,12,이사야 32:12,좋은 밭을 위하며 열매 많은 포도나무를 위하여 가슴을 치게 될 것이니라
이사야,32,15,이사야 32:15,필경은 위에서부터 성신을 우리에게 부어주시리니 광야가 아름다운 밭이 되며 아름다운 밭을 삼림으로 여기게 되리라
이사야,32,17,이사야 32:17,의의 공효는 화평이요 의의 결과는 영원한 평안과 안전이라
이사야,32,20,이사야 32:20,모든 물가에 씨를 뿌리고 소와 나귀를 그리로 모은 너희는 복이 있느니라
이사야,33,2,이사야 33:2,여호와여 우리에게 은혜를 베푸소서 우리가 주를 앙망하오니 주는 아침마다 우리의 팔이 되시며 환난 때에 우리의 구원이 되소서
이사야,33,3,이사야 33:3,진동 시키시는 소리로 인하여 민족들이 도망하며 주께서 일어나시므로 인하여 열방이 흩어졌나이다
이사야,33,5,이사야 33:5,여호와께서는 지존하시니 이는 높은 데 거하심이요 공평과 의로 시온에 충만케 하심이라
이사야,33,6,이사야 33:6,너의 시대에 평안함이 있으며 구원과 지혜와 지식이 풍성할 것이니 여호와를 경외함이 너의 보배니라
이사야,33,10,이사야 33:10,여호와께서 가라사대 내가 이제 일어나며 내가 이제 나를 높이며 내가 이제 지극히 높이우리니
이사야,33,13,이사야 33:13,너희 먼 데 있는 자들아 나의 행한 것을 들으라 너희 가까이 있는 자들아 나의 권능을 알라
이사야,33,16,이사야 33:16,그는 높은 곳에 거하리니 견고한 바위가 그 보장이 되며 그 양식은 공급되고 그 물은 끊치지 아니하리라 하셨느니라
이사야,33,17,이사야 33:17,너의 눈은 그 영광 중의 왕을 보며 광활한 땅을 목도하겠고
이사야,33,19,이사야 33:19,네가 강포한 백성을 다시 보지 아니하리라 그 백성은 방언이 어려워서 네가 알아 듣지 못하며 말이 이상하여 네가 깨닫지 못하는 자니라
이사야,33,21,이사야 33:21,여호와께서는 거기서 위엄 중에 우리와 함께 계시리니 그 곳은 마치 노질하는 배나 큰 배가 통행치 못할 넓은 하수나 강이 둘림 같을 것이라
이사야,33,22,이사야 33:22,대저 여호와는 우리 재판장이시요 여호와는 우리에게 율법을 세우신 자시요 여호와는 우리의 왕이시니 우리를 구원하실 것임이니라
이사야,33,24,이사야 33:24,그 거민은 내가 병들었노라 하지 아니할 것이라 거기 거하는 백성이 사죄함을 받으리라
이사야,34,14,이사야 34:14,들짐승이 이리와 만나며 수염소가 그 동류를 부르며 올빼미가 거기 거하여 쉬는 처소를 삼으며
이사야,34,15,이사야 34:15,부엉이가 거기 깃들이고 알을 낳아 까서 그 그늘에 모으며 솔개들도 그 짝과 함께 거기 모이리라
이사야,34,16,이사야 34:16,너희는 여호와의 책을 자세히 읽어보라 이것들이 하나도 빠진 것이 없고 하나도 그 짝이 없는 것이 없으리니 이는 여호와의 입이 이를 명하셨고 그의 신이 이것들을 모으셨음이라
이사야,34,17,이사야 34:17,여호와께서 그것들을 위하여 제비를 뽑으시며 친수로 줄을 띠어 그 땅을 그것들에게 나눠 주셨으니 그것들이 영영히 차지하며 대대로 거기 거하리라
이사야,35,2,이사야 35:2,무성하게 피어 기쁜 노래로 즐거워하며 레바논의 영광과 갈멜과 사론의 아름다움을 얻을 것이라 그것들이 여호와의 영광 곧 우리 하나님의 아름다움을 보리로다
이사야,35,3,이사야 35:3,너희는 약한 손을 강하게 하여주며 떨리는 무릎을 굳게 하여 주며
이사야,35,10,이사야 35:10,여호와의 속량함을 얻은 자들이 돌아오되 노래하며 시온에 이르러 그 머리 위에 영영한 희락을 띠고 기쁨과 즐거움을 얻으리니 슬픔과 탄식이 달아나리로다
이사야,36,17,이사야 36:17,내가 와서 너희를 너희 본토와 같이 곡식과 포도주와 떡과 포도원이 있는 땅에 옮기기까지 하리라
이사야,36,20,이사야 36:20,이 열방의 신들 중에 어떤 신이 그 나라를 내 손에서 건져내었기에 여호와가 능히 예루살렘을 내 손에서 건지겠느냐 하셨느니라
이사야,37,7,이사야 37:7,보라 내가 신을 그의 속에 두리니 그가 풍성을 듣고 그 고토로 돌아갈 것이며 또 내가 그를 그 고토에서 칼에 죽게 하리라 하셨느니라
이사야,37,12,이사야 37:12,나의 열조가 멸하신 열방 고산과 하란과 레셉과 및 들라살에 거하는 에덴 자손을 그 나라 신들이 건졌더냐
이사야,37,16,이사야 37:16,그룹 사이에 계신 이스라엘 하나님 만군의 여호와여 주는 천하 만국의 유일하신 하나님이시라 주께서 천지를 조성하셨나이다
이사야,37,17,이사야 37:17,여호와여 귀를 기울여 들으시옵소서 여호와여 눈을 떠 보시옵소서 산헤립이 사자로 사시는 하나님을 훼방한 모든 말을 들으시옵소서
이사야,37,19,이사야 37:19,그들의 신들을 불에 던졌사오나 이들은 참 신이 아니라 사람의 손으로 만든 것뿐이요 나무와 돌이라 그러므로 멸망을 당하였나이다
이사야,37,20,이사야 37:20,우리 하나님 여호와여 이제 우리를 그의 손에서 구원하사 천하 만국으로 주만 여호와이신 줄을 알게 하옵소서
이사야,37,22,이사야 37:22,여호와께서 그에 대하여 이같이 이르시되 처녀 딸 시온이 너를 멸시하며 조소하였고 딸 예루살렘이 너를 향하여 머리를 흔들었느니라
이사야,37,27,이사야 37:27,"그러므로 그 거민들이 힘이 약하여 놀라며 수치를 당하여 들의 풀 같이, 푸른 나물 같이, 지붕의 풀 같이, 자라지 못한 곡초 같았었느니라"
이사야,37,30,이사야 37:30,왕이여 이것이 왕에게 징조가 되리니 금년에는 스스로 난 것을 먹을 것이요 제이년에는 또 거기서 난 것을 먹을 것이요 제삼년에는 심고 거두며 포도나무를 심고 그 열매를 먹을 것이니이다
이사야,37,31,이사야 37:31,유다 족속 중에 피하여 남는 자는 다시 아래로 뿌리를 박고 위로 열매를 맺히리니
이사야,37,34,이사야 37:34,그가 오던 길 곧 그 길로 돌아가고 이 성에 이르지 못하리라 나 여호와의 말이니라
이사야,38,7,이사야 38:7,나 여호와가 말한 것을 네게 이룰 증거로 이 징조를 네게 주리라
이사야,38,8,이사야 38:8,보라 아하스의 일영표에 나아갔던 해 그림자를 뒤로 십도를 물러가게 하리라 하셨다 하라 하시더니 이에 일영표에 나아갔던 해의 그림자가 십도를 물러가니라
이사야,38,14,이사야 38:14,나는 제비 같이 학 같이 지저귀며 비둘기 같이 슬피 울며 나의 눈이 쇠하도록 앙망하나이다 여호와여 내가 압제를 받사오니 나의 중보가 되옵소서
이사야,38,15,이사야 38:15,주께서 내게 말씀하시고 또 친히 이루셨사오니 내가 무슨 말씀을 하오리이까 내 영혼의 고통을 인하여 내가 종신토록 각근히 행하리이다
이사야,38,16,이사야 38:16,"주여, 사람의 사는 것이 이에 있고 내 심령의 생명도 온전히 거기 있사오니 원컨대 나를 치료하시며 나를 살려주옵소서"
이사야,38,17,이사야 38:17,보옵소서 내게 큰 고통을 더하신 것은 내게 평안을 주려 하심이라 주께서 나의 영혼을 사랑하사 멸망의 구덩이에서 건지셨고 나의 모든 죄는 주의 등 뒤에 던지셨나이다
이사야,38,19,이사야 38:19,오직 산 자 곧 산 자는 오늘날 내가 하는 것과 같이 주께 감사하며 주의 신실을 아비가 그 자녀에게 알게 하리이다
이사야,38,20,이사야 38:20,여호와께서 나를 구원하시리니 우리가 종신토록 여호와의 전에서 수금으로 나의 노래를 노래하리로다
이사야,38,21,이사야 38:21,이사야는 이르기를 한 뭉치 무화과를 취하여 종처에 붙이면 왕이 나으리라 하였었고
이사야,40,1,이사야 40:1,너희 하나님이 가라사대 너희는 위로하라 내 백성을 위로하라
이사야,40,2,이사야 40:2,너희는 정다이 예루살렘에 말하며 그것에게 외쳐 고하라 그 복역의 때가 끝났고 그 죄악의 사함을 입었느니라 그 모든 죄를 인하여 여호와의 손에서 배나 받았느니라 할지니라
이사야,40,4,이사야 40:4,골짜기마다 돋우어지며 산마다 작은 산마다 낮아지며 고르지 않은 곳이 평탄케 되며 험한 곳이 평지가 될 것이요
이사야,40,5,이사야 40:5,여호와의 영광이 나타나고 모든 육체가 그것을 함께 보리라 대저 여호와의 입이 말씀하셨느니라
이사야,40,7,이사야 40:7,풀은 마르고 꽃은 시듦은 여호와의 기운이 그 위에 붊이라 이 백성은 실로 풀이로다
이사야,40,8,이사야 40:8,풀은 마르고 꽃은 시드나 우리 하나님의 말씀은 영영히 서리라 하라
이사야,40,9,이사야 40:9,아름다운 소식을 시온에 전하는 자여 너는 높은 산에 오르라 아름다운 소식을 예루살렘에 전하는 자여 너는 힘써 소리를 높이라 두려워 말고 소리를 높여 유다의 성읍들에 이르기를 너희 하나님을 보라 하라
이사야,40,10,이사야 40:10,"보라, 주 여호와께서 장차 강한 자로 임하실 것이요 친히 그 팔로 다스리실 것이라 보라 상급이 그에게 있고 보응이 그 앞에 있으며"
이사야,40,11,이사야 40:11,그는 목자같이 양무리를 먹이시며 어린 양을 그 팔로 모아 품에 안으시며 젖먹이는 암컷들을 온순히 인도하시리로다
이사야,40,12,이사야 40:12,"누가 손바닥으로 바다 물을 헤아렸으며 뼘으로 하늘을 재었으며 땅의 티끌을 되에 담아 보았으며 명칭으로 산들을, 간칭으로 작은 산들을 달아 보았으랴"
이사야,40,13,이사야 40:13,누가 여호와의 신을 지도하였으며 그의 모사가 되어 그를 가르쳤으랴
이사야,40,15,이사야 40:15,"보라, 그에게는 열방은 통의 한 방울 물 같고 저울의 적은 티끌 같으며 섬들은 떠오르는 먼지 같으니"
이사야,40,17,이사야 40:17,"그 앞에는 모든 열방이 아무 것도 아니라 그는 그들을 없는 것 같이,빈 것 같이 여기시느니라"
이사야,40,19,이사야 40:19,우상은 장인이 부어 만들었고 장색이 금으로 입혔고 또 위하여 은사슬을 만든 것이니라
이사야,40,20,이사야 40:20,궁핍하여 이런 것을 드리지 못하는 자는 썩지 않는 나무를 택하고 공교한 장인을 구하여 우상을 만들어서 흔들리지 않도록 세우느니라
이사야,40,21,이사야 40:21,너희가 알지 못하였느냐 ? 너희가 듣지 못하였느냐 ? 태초부터 너희에게 전하지 아니하였느냐 땅의 기초가 창조될 때부터 너희가 깨닫지 못하였느냐
이사야,40,22,이사야 40:22,그는 땅 위 궁창에 앉으시나니 땅의 거민들은 메뚜기 같으니라 그가 하늘을 차일 같이 펴셨으며 거할 천막 같이 베푸셨고
이사야,40,23,이사야 40:23,귀인들을 폐하시며 세상의 사사들을 헛되게 하시나니
이사야,40,24,이사야 40:24,그들은 겨우 심기웠고 겨우 뿌리웠고 그 줄기가 겨우 땅에 뿌리를 박자 곧 하나님의 부심을 받고 말라 회리바람에 불려가는 초개 같도다
이사야,40,25,이사야 40:25,거룩하신 자가 가라사대 그런즉 너희가 나를 누구에게 비기며 나로 그와 동등이 되게 하겠느냐 하시느니라
이사야,40,26,이사야 40:26,너희는 눈을 높이 들어 누가 이 모든 것을 창조하였나보라 주께서는 수효대로 만상을 이끌어 내시고 각각 그 이름을 부르시나니 그의 권세가 크고 그의 능력이 강하므로 하나도 빠짐이 없느니라
이사야,40,28,이사야 40:28,너는 알지 못하였느냐 ? 듣지 못하였느냐 ? 영원하신 하나님 여호와 땅 끝까지 창조하신 자는 피곤치 아니하시며 곤비치 아니하시며 명철이 한이 없으시며
이사야,40,29,이사야 40:29,피곤한 자에게는 능력을 주시며 무능한 자에게는 힘을 더하시나니
이사야,40,30,이사야 40:30,소년이라도 피곤하며 곤비하며 장정이라도 넘어지며 자빠지되
이사야,40,31,이사야 40:31,오직 여호와를 앙망하는 자는 새 힘을 얻으리니 독수리의 날개치며 올라감 같을 것이요 달음박질하여도 곤비치 아니하겠고 걸어가도 피곤치 아니하리로다
이사야,41,4,이사야 41:4,이 일을 누가 행하였느냐 ? 누가 이루었느냐 ? 누가 태초부터 만대를 명정하였느냐 나 여호와라 태초에도 나요 나중 있을 자에게도 내가 곧 그니라
이사야,41,5,이사야 41:5,섬들이 보고 두려워하며 땅 끝이 무서워 떨며 함께 모여와서
이사야,41,6,이사야 41:6,각기 이웃을 도우며 그 형제에게 이르기를 너는 담대하라 하고
이사야,41,9,이사야 41:9,내가 땅끝에서부터 너를 붙들며 땅 모퉁이에서부터 너를 부르고 네게 이르기를 너는 나의 종이라 내가 너를 택하고 싫어버리지 아니하였다 하였노라
이사야,41,10,이사야 41:10,두려워 말라 내가 너와 함께 함이니라 놀라지 말라 나는 네 하나님이 됨이니라 내가 너를 굳세게 하리라 참으로 너를 도와 주리라 참으로 나의 의로운 오른손으로 너를 붙들리라
이사야,41,16,이사야 41:16,네가 그들을 까부른즉 바람이 그것을 날리겠고 회리바람이 그것을 흩어버릴 것이로되 너는 여호와로 인하여 즐거워하겠고 이스라엘의 거룩한 자로 인하여 자랑하리라
이사야,41,17,이사야 41:17,가련하고 빈핍한 자가 물을 구하되 물이 없어서 갈증으로 그들의 혀가 마를 때에 나 여호와가 그들에게 응답하겠고 나 이스라엘의 하나님이 그들을 버리지 아니할 것이라
이사야,41,19,이사야 41:19,내가 광야에는 백향목과 싯딤나무와 화석류와 들 감람나무를 심고 사막에는 잣나무와 소나무와 황양목을 함께 두리니
이사야,41,20,이사야 41:20,무리가 그것을 보고 여호와의 손이 지은 바요 이스라엘의 거룩한 자가 창조한 바인 줄 알며 헤아리며 깨달으리라
이사야,41,25,이사야 41:25,"내가 한 사람을 일으켜 북방에서 오게 하며 내 이름을 부르는 자를 해 돋는 곳에서 오게 하였나니 그가 이르러 방백들을 회삼물 같이, 토기장이의 진흙 밟음 같이 밟을 것이니"
이사야,41,26,이사야 41:26,누가 처음부터 이 일을 우리에게 고하여 알게 하였느뇨 누가 이 전부터 우리에게 고하여 이가 옳다고 말하게 하였느뇨 능히 고하는 자도 없고 보이는 자도 없고 너희 말을 듣는 자도 없도다
이사야,41,27,이사야 41:27,내가 비로소 시온에 이르기를 너희는 보라 그들을 보라 하였노라 내가 기쁜 소식 전할 자를 예루살렘에 주리라
이사야,41,28,이사야 41:28,내가 본즉 한 사람도 없으며 내가 물어도 그들 가운데 한 말도 능히 대답할 모사가 없도다
이사야,42,1,이사야 42:1,"내가 붙드는 나의 종, 내 마음에 기뻐하는 나의 택한 사람을 보라 내가 나의 신을 그에게 주었은즉 그가 이방에 공의를 베풀리라"
이사야,42,4,이사야 42:4,그는 쇠하지 아니하며 낙담하지 아니하고 세상에 공의를 세우기에 이르리니 섬들이 그 교훈을 앙망하리라
이사야,42,6,이사야 42:6,나 여호와가 의로 너를 불렀은즉 내가 네 손을 잡아 너를 보호하며 너를 세워 백성의 언약과 이방의 빛이 되게 하리니
이사야,42,8,이사야 42:8,"나는 여호와니 이는 내 이름이라 나는 내 영광을 다른 자에게, 내 찬송을 우상에게 주지 아니하리라"
이사야,42,9,이사야 42:9,"보라, 전에 예언한 일이 이미 이루었느니라 이제 내가 새 일을 고하노라 그 일이 시작되기 전이라도 너희에게 이르노라"
이사야,42,10,이사야 42:10,항해하는 자와 바다 가운데 만물과 섬들과 그 거민들아 여호와께 새 노래로 노래하며 땅 끝에서부터 찬송하라
이사야,42,11,이사야 42:11,광야와 거기 있는 성읍들과 게달 사람의 거하는 촌락들은 소리를 높이라 셀라의 거민들은 노래하며 산 꼭대기에서 즐거이 부르라
이사야,42,12,이사야 42:12,여호와께 영광을 돌리며 섬들 중에서 그의 찬송을 선전할지어다
이사야,42,21,이사야 42:21,여호와께서 자기의 의로우심을 인하여 기쁨으로 그 교훈을 크게하며 존귀케 하려 하셨으나
이사야,42,23,이사야 42:23,너희 중에 누가 이 일에 귀를 기울이겠느냐 ? 누가 장래사를 삼가 듣겠느냐 ?
이사야,43,2,이사야 43:2,네가 물 가운데로 지날 때에 내가 함께할 것이라 강을 건널 때에 물이 너를 침몰치 못할 것이며 네가 불 가운데로 행할 때에 타지도 아니할 것이요 불꽃이 너를 사르지도 못하리니
이사야,43,4,이사야 43:4,내가 너를 보배롭고 존귀하게 여기고 너를 사랑하였은즉 내가 사람들을 주어 너를 바꾸며 백성들로 네 생명을 대신하리니
이사야,43,6,이사야 43:6,내가 북방에게 이르기를 놓으라 남방에게 이르기를 구류하지 말라 내 아들들을 원방에서 이끌며 내 딸들을 땅 끝에서 오게 하라
이사야,43,7,이사야 43:7,무릇 내 이름으로 일컫는 자 곧 내가 내 영광을 위하여 창조한 자를 오게 하라 그들을 내가 지었고 만들었니라
이사야,43,9,이사야 43:9,열방은 모였으며 민족들이 회집하였은들 그들 중에 누가 능히 이 일을 고하며 이전 일을 우리에게 보이겠느냐 그들로 증인을 세워서 자기의 옳음을 나타내어 듣는 자들로 옳다 말하게 하라
이사야,43,10,이사야 43:10,"나 여호와가 말하노라 너희는 나의 증인, 나의 종으로 택함을 입었나니 이는 너희로 나를 알고 믿으며 내가 그인줄 깨닫게 하려 함이라 나의 전에 지음을 받은 신이 없었느니라 나의 후에도 없으리라"
이사야,43,11,이사야 43:11,나 곧 나는 여호와라 ! 나 외에 구원자가 없느니라
이사야,43,12,이사야 43:12,내가 고하였으며 구원하였으며 보였고 너희 중에 다른 신이 없었나니 그러므로 너희는 나의 증인이요 나는 하나님이니라 여호와의 말이니라
이사야,43,13,이사야 43:13,과연 태초부터 나는 그니 내 손에서 능히 건질 자가 없도다 내가 행하리니 누가 막으리요
이사야,43,15,이사야 43:15,나는 여호와 너희의 거룩한 자요 이스라엘의 창조자요 너희 왕이니라
이사야,43,16,이사야 43:16,"바다 가운데 길을, 큰 물 가운데 첩경을 내고"
이사야,43,18,이사야 43:18,너희는 이전 일을 기억하지 말며 옛적 일을 생각하지 말라
이사야,43,19,이사야 43:19,"보라, 내가 새 일을 행하리니 이제 나타낼 것이라 너희가 그것을 알지 못하겠느냐 정녕히 내가 광야에 길과 사막에 강을 내리니"
이사야,43,20,이사야 43:20,"장차 들짐승 곧 시랑과 및 타조도 나를 존경할 것은 내가 광야에 물들을,사막에 강들을 내어 내 백성, 나의 택한 자로 마시게 할 것임이라"
이사야,43,21,이사야 43:21,이 백성은 내가 나를 위하여 지었나니 나의 찬송을 부르게 하려함이니라
이사야,43,24,이사야 43:24,너는 나를 위하여 돈으로 향품을 사지 아니하며 희생의 기름으로 나를 흡족케 아니하고 네 죄 짐으로 나를 수고롭게 하며 네 악으로 나를 괴롭게 하였느니라
이사야,43,25,이사야 43:25,나 곧 나는 나를 위하여 네 허물을 도말하는 자니 네 죄를 기억지 아니하리라
이사야,43,26,이사야 43:26,너는 나로 기억이 나게 하고 서로 변론하자 너는 네 일을 말하여 의를 나타내라
이사야,43,27,이사야 43:27,네 시조가 범죄하였고 너의 교사들이 나를 배역하였나니
이사야,43,28,이사야 43:28,그러므로 내가 성소의 어른들로 욕을 보게 하며 야곱으로 저주를 입게 하며 이스라엘로 비방거리가 되게 하리라
이사야,44,1,이사야 44:1,"나의 종 야곱, 나의 택한 이스라엘아 이제 들으라"
이사야,44,2,이사야 44:2,"너를 지으며 너를 모태에서 조성하고 너를 도와줄 여호와가 말하노라 나의 종 야곱, 나의 택한 여수룬아 두려워 말라"
이사야,44,3,이사야 44:3,"대저 내가 갈한 자에게 물을 주며 마른 땅에 시내가 흐르게 하며 나의 신을 네 자손에게, 나의 복을 네 후손에게 내리리니"
이사야,44,5,이사야 44:5,혹은 이르기를 나는 여호와께 속하였다 할 것이며 혹은 야곱의 이름으로 자칭할 것이며 혹은 자기가 여호와께 속하였음을 손으로 기록하고 이스라엘의 이름으로 칭호하리라
이사야,44,6,이사야 44:6,"이스라엘의 왕인 여호와,이스라엘의 구속자인 만군의 여호와가 말하노라 나는 처음이요 나는 마지막이라 나 외에 다른 신이 없느니라"
이사야,44,7,이사야 44:7,내가 옛날 백성을 세운 이후로 나처럼 외치며 고하며 진술할 자가 누구뇨 있거든 될 일과 장차 올 일을 고할지어다
이사야,44,8,이사야 44:8,너희는 두려워 말며 겁내지 말라 내가 예로부터 너희에게 들리지 아니하였느냐 고하지 아니하였느냐 너희는 나의 증인이라 나 외에 신이 있겠느냐 과연 반석이 없나니 다른 신이 있음을 알지 못하노라
이사야,44,9,이사야 44:9,우상을 만드는 자는 다 허망하도다 그들의 기뻐하는 우상은 무익한 것이어늘 그것의 증인들은 보지도 못하며 알지도 못하니 그러므로 수치를 당하리라
이사야,44,10,이사야 44:10,신상을 만들며 무익한 우상을 부어 만든 자가 누구뇨
이사야,44,11,이사야 44:11,"보라, 그 동류가 다 수치를 당할 것이라 그 장색들은 사람이라 그들이 다 모여 서서 두려워하며 함께 수치를 당할 것이니라"
이사야,44,14,이사야 44:14,그는 혹 백향목을 베이며 혹 디르사나무와 상수리 나무를 취하며 혹 삼림 중에 자기를 위하여 한 나무를 택하며 혹 나무를 심고 비에 자라게도 하나니
이사야,44,15,이사야 44:15,무릇 이 나무는 사람이 화목을 삼는 것이어늘 그가 그것을 가지고 자기 몸을 더웁게도 하고 그것으로 불을 피워서 떡을 굽기도 하고 그것으로 신상을 만들어 숭배하며 우상을 만들고 그 앞에 부복하기도 하는구나
이사야,44,16,이사야 44:16,"그 중에 얼마는 불사르고 얼마는 고기를 삶아 먹기도 하며 고기를 구워 배불리기도 하며 또 몸을 더웁게 하여 이르기를 아하, 따뜻하다 내가 불을 보았구나 하면서"
이사야,44,17,이사야 44:17,그 나머지도 신상 곧 자기의 우상을 만들고 그 앞에 부복하여 경배하며 그것에게 기도하여 이르기를 너는 나의 신이니 나를 구원하라 하는도다
이사야,44,19,이사야 44:19,마음에 생각도 없고 지식도 없고 총명도 없으므로 내가 그 나무의 얼마로 불을 사르고 그 숯불 위에 떡도 굽고 고기도 구워 먹었거늘 내가 어찌 그 나머지로 가증한 물건을 만들겠으며 내가 어찌 그 나무토막 앞에 굴복하리요 말하지 아니하니
이사야,44,20,이사야 44:20,그는 재를 먹고 미혹한 마음에 미혹되어서 스스로 그 영혼을 구원하지 못하며 나의 오른손에 거짓 것이 있지 아니하냐 하지도 못하느니라
이사야,44,22,이사야 44:22,"내가 네 허물을 빽빽한 구름이 사라짐 같이, 네 죄를 안개의 사라짐같이 도말하였으니 너는 내게로 돌아오라 내가 저를 구속하였음이니라"
이사야,44,23,이사야 44:23,여호와께서 이 일을 행하셨으니 하늘아 노래할지어다 땅의 깊은 곳들아 높이 부를지어다 산들아 삼림과 그 가운데 모든 나무들아 소리내어 노래할지어다 여호와께서 야곱을 구속하셨으니 이스라엘로 자기를 영화롭게 하실 것임이로다
이사야,44,24,이사야 44:24,네 구속자요 모태에서 너를 조성한 나 여호와가 말하노라 나는 만물을 지은 여호와라 나와 함께한 자 없이 홀로 하늘을 폈으며 땅을 베풀었고
이사야,45,2,이사야 45:2,내가 네 앞서 가서 험한 곳을 평탄케 하며 놋문을 쳐서 부수며 쇠빗장을 꺽고
이사야,45,3,이사야 45:3,네게 흑암 중의 보화와 은밀한 곳에 숨은 재물을 주어서 너로 너를 지명하여 부른 자가 나 여호와 이스라엘의 하나님인 줄 알게 하리라
이사야,45,4,이사야 45:4,"내가 나의 종 야곱, 나의 택한 이스라엘을 위하여 너를 지명하여 불렀나니 너는 나를 알지 못하였을지라도 나는 네게 칭호를 주었노라"
이사야,45,5,이사야 45:5,나는 여호와라 나 외에 다른 이가 없나니 나 밖에 신이 없느니라 ! 너는 나를 알지 못하였을지라도 나는 네 띠를 동일 것이요
이사야,45,6,이사야 45:6,해 뜨는 곳에서든지 지는 곳에서든지 나 밖에 다른 이가 없는 줄을 무리로 알게 하리라 나는 여호와라 다른이가 없느니라
이사야,45,8,이사야 45:8,너 하늘이여 ! 위에서부터 의로움을 비 같이 듣게 할지어다 궁창이여 의를 부어 내릴지어다 땅이여 열려서 구원을 내고 의도 함께 움돋게 할지어다 나 여호와가 이 일을 창조하였느니라
이사야,45,11,이사야 45:11,이스라엘의 거룩하신 자 곧 이스라엘을 지으신 여호와께서 가라사대 장래 일을 내게 물으라 또 내 아들들의 일과 내 손으로 한 일에 대하여 내게 부탁하라
이사야,45,12,이사야 45:12,내가 땅을 만들고 그 위에 사람을 창조하였으며 내가 친수로 하늘을 펴고 그 만상을 명하였노라
이사야,45,13,이사야 45:13,내가 의로 그를 일으킨지라 그의 모든 길을 곧게 하리니 그가 나의 성읍을 건축할 것이며 나의 사로잡힌 자들을 값이나 갚음 없이 놓으리라 만군의 여호와의 말이니라 하셨느니라
이사야,45,15,이사야 45:15,구원자 이스라엘의 하나님이여 ! 진실로 주는 스스로 숨어 계시는 하나님이시니이다
이사야,45,17,이사야 45:17,이스라엘은 여호와께 구원을 입어 영원한 구원을 얻으리니 영세에 부끄러움을 당하거나 욕을 받지 아니하리로다
이사야,45,18,이사야 45:18,여호와는 하늘을 창조하신 하나님이시며 땅도 조성하시고 견고케하시되 헛되이 창조치 아니하시고 사람으로 거하게 지으신 자시니라 그 말씀에 나는 여호와라 나 외에 다른 이가 없느니라
이사야,45,19,이사야 45:19,나는 흑암한 곳에서 은밀히 말하지 아니하였으며 야곱 자손에게 너희가 나를 헛되이 찾으라 이르지 아니하였노라 나 여호와는 의를 말하고 정직을 고하느니라
이사야,45,20,이사야 45:20,열방 중에서 피난한 자들아 너희는 모여 오라 한가지로 가까이 나아오라 나무 우상을 가지고 다니며 능히 구원치 못하는 신에게 기도하는 자들은 무지한 자니라
이사야,45,21,이사야 45:21,너희는 고하며 진술하고 또 피차 상의하여 보라 이 일을 이전부터 보인 자가 누구냐 예로부터 고한 자가 누구냐 나 여호와가 아니냐 나 외에 다른 신이 없나니 나는 공의를 행하며 구원을 베푸는 하나님이라 나 외에 다른 이가 없느니라
이사야,45,22,이사야 45:22,땅 끝의 모든 백성아 나를 앙망하라 그리하면 구원을 얻으리라 나는 하나님이라 다른 이가 없음이니라
이사야,45,23,이사야 45:23,내가 나를 두고 맹세하기를 나의 입에서 의로운 말이 나갔은즉 돌아오지 아니 하나니 내게 모든 무릎이 꿇겠고 모든 혀가 맹약하리라 하였노라
이사야,45,24,이사야 45:24,어떤 자의 내게 대한 말에 의와 힘은 여호와께만 있나니 사람들은 그에게로 나아갈 것이라 무릇 그를 노하는 자는 부끄러움을 당하리라 마는
이사야,45,25,이사야 45:25,이스라엘 자손은 다 여호와로 의롭다 함을 얻고 자랑하리라 하느니라 하셨느니라
이사야,46,1,이사야 46:1,벨은 엎드러졌고 느보는 구부러졌도다 그들의 우상들은 짐승과 가축에게 실리웠으니 너희가 떠메고 다니던 그것은 피곤한 짐승의 무거운 짐이 되었도다
이사야,46,3,이사야 46:3,야곱 집이여 이스라엘 집의 남은 모든 자여 나를 들을지어다 배에서 남으로부터 내게 안겼고 태에서 남으로부터 내게 품기운 너희여
이사야,46,4,이사야 46:4,너희가 노년에 이르기까지 내가 그리하겠고 백발이 되기까지 내가 너희를 품을 것이라 내가 지었은즉 안을 것이요 품을 것이요 구하여 내리라
이사야,46,5,이사야 46:5,너희가 나를 누구에 비기며 누구와 짝하며 누구와 비교하여 서로같다 하겠느냐
이사야,46,6,이사야 46:6,사람들이 주머니에서 금을 쏟아 내며 은을 저울에 달아 장색에게 주고 그것으로 신을 만들게 하고 그것에게 엎드려 경배하고
이사야,46,7,이사야 46:7,그것을 들어 어깨에 메어다가 그의 처소에 두면 그것이 서서 있고 거기서 능히 움직이지 못하며 그에게 부르짖어도 능히 응답지 못하며 고난에서 구하여 내지도 못하느니라
이사야,46,9,이사야 46:9,너희는 옛적 일을 기억하라 나는 하나님이라 나 외에 다른 이가 없느니라 ! 나는 하나님이라 나 같은 이가 없느니라 !
이사야,46,10,이사야 46:10,내가 종말을 처음부터 고하며 아직 이루지 아니한 일을 옛적부터 보이고 이르기를 나의 모략이 설 것이니 내가 나의 모든 기뻐하는 것을 이루리라 하였노라
이사야,46,11,이사야 46:11,내가 동방에서 독수리를 부르며 먼 나라에서 나의 모략을 이룰 사람을 부를 것이라 내가 말하였은즉 정녕 이룰 것이요 경영하였은즉 정녕 행하리라
이사야,46,13,이사야 46:13,내가 나의 의를 가깝게 할 것인즉 상거가 멀지 아니하니 나의 구원이 지체치 아니할 것이라 내가 나의 영광인 이스라엘을 위하여 구원을 시온에 베풀리라
이사야,47,2,이사야 47:2,맷돌을 취하여 가루를 갈라 면박을 벗으며 치마를 걷어 다리를 드러내고 강을 건너라
이사야,47,3,이사야 47:3,네 살이 드러나고 네 부끄러운것이 보일 것이라 내가 보수하되 사람을 아끼지 아니하리라
이사야,47,5,이사야 47:5,딸 갈대아여 ! 잠잠히 앉으라 흑암으로 들어가라 네가 다시는 열국의 주모라 칭함을 받지 못하리라
이사야,47,6,이사야 47:6,전에 내가 내 백성을 노함으로 내 기업을 욕되게 하여 그들을 네 손에 붙였거늘 네가 그들을 긍휼히 여기지 아니하고 늙은이에게 네 멍에를 심히 무겁게 메우며
이사야,47,7,이사야 47:7,말하기를 내가 영영히 주모가 되리라 하고 이 일을 네 마음에 두지도 아니하며 그 종말도 생각지 아니하였도다
이사야,47,8,이사야 47:8,그러므로 사치하고 평안히 지내며 마음에 이르기를 나 뿐이라 나외에 다른 이가 없도다 나는 과부로 지내지도 아니하며 자녀를 잃어버리는 일도 모르리라 하는 자여 너는 이제 들을지어다
이사야,47,9,이사야 47:9,한 날에 홀연히 자녀를 잃으며 과부가 되는 이 두 일이 네게 임할것이라 네가 무수한 사술과 많은 진언을 베풀지라도 이 일이 온전히 네게 임하리라
이사야,47,10,이사야 47:10,네가 네 악을 의지하고 스스로 이르기를 나를 보는 자가 없다 하나니 네 지혜와 네 지식이 너를 유혹하였음이니라 네 마음에 이르기를 나 뿐이라 나 외에 다른 이가 없다 하였으므로
이사야,47,11,이사야 47:11,재앙이 네게 임하리라 그러나 네가 그 근본을 알지 못할 것이며 손해가 네게 이르리라 그러나 이를 물리칠 능이 없을 것이며 파멸이 홀연히 네게 임하리라 그러나 네가 헤아리지 못할 것이니라
이사야,47,13,이사야 47:13,네가 많은 모략을 인하여 피곤케 되었도다 하늘을 살피는 자와 별을 보는 자와 월삭에 예고하는 자들로 일어나 네게 임할 그 일에서 너를 구원케 하여 보라
이사야,47,14,이사야 47:14,보라 그들은 초개 같아서 불에 타리니 그 불꽃의 세력에서 스스로 구원치 못할 것이라 이 불은 더웁게 할 숯불이 아니요 그 앞에 앉을 만한 불도 아니니라
이사야,47,15,이사야 47:15,너의 근로하던 것들이 네게 이같이 되리니 너 어려서부터 너와 함께 무역하던 자들이 각기 소향대로 유리하고 너를 구원할 자 없으리라
이사야,48,3,이사야 48:3,여호와께서 가라사대 내가 옛적에 장래사를 고하였고 내 입에서 내어 보였고 내가 홀연히 그 일을 행하여 이루었느니라
이사야,48,4,이사야 48:4,내가 알거니와 너는 완악하며 네 목의 힘줄은 무쇠요 네 이마는 놋이라
이사야,48,5,이사야 48:5,그러므로 내가 이 일을 옛적부터 네게 고하였고 성사하기 전에 그것을 네게 보였느니라 그렇지 않았더면 네 말이 내 신의 행한 바요 내 새긴 신상과 부어만든 신상의 명한 바라 하였으리라
이사야,48,6,이사야 48:6,네가 이미 들었으니 이것을 다 보라 너희가 선전치 아니하겠느뇨 이제부터 내가 새 일 곧 네가 알지 못하던 은비한 일을 네게 보이노니
이사야,48,7,이사야 48:7,이 일들은 이제 창조된 것이요 옛적 것이 아니라 오늘 이전에는 네가 듣지 못하였느니라 그렇지 않았더면 네가 말하기를 내가 이미 알았노라 하였으리라
이사야,48,8,이사야 48:8,네가 과연 듣지도 못하였고 알지도 못하였으며 네 귀가 옛적부터 열리지 못하였었나니 이는 네가 궤휼하고 궤휼하여 모태에서부터 패역한 자라 칭함을 입은 줄을 내가 알았음이라
이사야,48,9,이사야 48:9,내 이름을 위하여 내가 노하기를 더디 할 것이며 내 영예를 위하여 내가 참고 너를 멸절하지 아니하리라
이사야,48,10,이사야 48:10,보라 내가 너를 연단하였으나 은처럼 하지 아니하고 너를 고난의 풀무에서 택하였노라
이사야,48,11,이사야 48:11,내가 나를 위하며 내가 나를 위하여 이를 이룰 것이라 어찌 내 이름을 욕되게 하리요 내 영광을 다른 자에게 주지 아니하리라
이사야,48,13,이사야 48:13,과연 내 손이 땅의 기초를 정하였고 내 오른손이 하늘에 폈나니 내가 부르면 천지가 일제히 서느니라
이사야,48,15,이사야 48:15,나 곧 내가 말하였고 또 내가 그를 부르며 그를 인도하였나니 그 길이 형통하리라
이사야,48,16,이사야 48:16,너희는 내게 가까이 나아와 이 말을 들으라 내가 처음부터 그것을 비밀히 말하지 아니하였나니 그 말이 있을 때부터 내가 거기 있었노라 하셨느니라 이제는 주 여호와께서 나와 그 신을 보내셨느니라
이사야,48,17,이사야 48:17,너희의 구속자시요 이스라엘의 거룩하신 자이신 여호와께서 가라사대 나는 네게 유익하도록 가르치고 너를 마땅히 행할 길로 인도하는 너희 하나님 여호와라
이사야,48,19,이사야 48:19,네 자손이 모래 같았겠고 네 몸의 소생이 모래 알갱이 같아서 그 이름이 내 앞에서 끊어지지 아니하였겠고 없어지지 아니하였으리라 하셨느니라
이사야,48,21,이사야 48:21,여호와께서 그들을 사막으로 통과하게 하시던 때에 그들로 목마르지 않게 하시되 그들을 위하여 바위에서 물이 흘러나게 하시며 바위를 쪼개사 물로 솟아나게 하셨느니라
이사야,49,1,이사야 49:1,섬들아 나를 들으라 원방 백성들아 귀를 기울이라 여호와께서 내가 태에서 나옴으로부터 나를 부르셨고 내가 어미 복 중에서 나옴으로부터 내 이름을 말씀하셨으며
이사야,49,2,이사야 49:2,내 입을 날카로운 칼 같이 만드시고 나를 그 손 그늘에 숨기시며 나로 마광한 살을 만드사 그 전통에 감추시고
이사야,49,3,이사야 49:3,내게 이르시되 너는 나의 종이요 내 영광을 나타낼 이스라엘이라 하셨느니라
이사야,49,4,이사야 49:4,그러나 나는 말하기를 내가 헛되이 수고하였으며 무익히 공연히 내 힘을 다하였다 하였도다 정녕히 나의 신원이 여호와께 있고 나의 보응이 나의 하나님께 있느니라
이사야,49,5,이사야 49:5,나는 여호와의 보시기에 존귀한 자라 나의 하나님이 나의 힘이 되셨도다 다시 야곱을 자기에게로 돌아오게 하시며 이스라엘을 자기에게로 모이게 하시려고 나를 태에서 나옴으로부터 자기 종을 삼으신 여호와께서 말씀하시니라
이사야,49,8,이사야 49:8,여호와께서 또 가라사대 은혜의 때에 내가 네게 응답하였고 구원의 날에 내가 너를 도왔도다 내가 장차 너를 보호하여 너로 백성의 언약을 삼으며 나라를 일으켜 그들로 그 황무하였던 땅을 기업으로 상속케 하리라
이사야,49,9,이사야 49:9,내가 잡혀 있는 자에게 이르기를 나오라 하며 흑암에 있는 자에게 나타나라 하리라 그들이 길에서 먹겠고 모든 자산에도 그들의 풀밭이 있을 것인즉
이사야,49,11,이사야 49:11,내가 나의 모든 산을 길로 삼고 나의 대로를 돋우리니
이사야,49,12,이사야 49:12,"혹자는 원방에서, 혹자는 북방과 서방에서, 혹자는 시님 땅에서 오리라"
이사야,49,13,이사야 49:13,하늘이여 ! 노래하라 땅이여 ! 기뻐하라 산들이여 ! 즐거이 노래하라 여호와가 그 백성을 위로하였은즉 그 고난 당한 자를 긍휼히 여길 것임이니라
이사야,49,15,이사야 49:15,여인이 어찌 그 젖먹는 자식을 잊겠으며 자기 태에서 난 아들을 긍휼히 여기지 않겠느냐 그들은 혹시 잊을지라도 나는 너를 잊지아니할 것이라
이사야,49,16,이사야 49:16,내가 너를 내 손바닥에 새겼고 너의 성벽이 항상 내 앞에 있나니
이사야,49,18,이사야 49:18,네 눈을 들어 사방을 보라 그들이 다 모여 네게로 오느니라 나 여호와가 이르노라 내가 나의 삶으로 맹세하노니 네가 반드시 그 모든 무리로 장식을 삼아 몸에 차며 띠기를 신부처럼 할 것이라
이사야,49,20,이사야 49:20,고난 중에 낳은 자녀가 후일에 네 귀에 말하기를 이곳이 우리에게 좁으니 넓혀서 우리로 거처하게 하라 하리니
이사야,49,25,이사야 49:25,나 여호와가 이 같이 말하노라 용사의 포로도 빼앗을 것이요 강포자의 빼앗은 것도 건져낼 것이니 이는 내가 너를 대적하는 자를 대적하고 네 자녀를 구원할 것임이라
이사야,50,4,이사야 50:4,주 여호와께서 학자의 혀를 내게 주사 나로 곤핍한 자를 말로 어떻게 도와줄 줄을 알게 하시고 아침마다 깨우치시되 나의 귀를 깨우치사 학자같이 알아듣게 하시도다
이사야,50,7,이사야 50:7,주 여호와께서 나를 도우시므로 내가 부끄러워 아니하고 내 얼굴을 부싯돌 같이 굳게 하였은즉 내가 수치를 당치 아니할 줄 아노라
이사야,50,8,이사야 50:8,나를 의롭다 하시는 이가 가까이 계시니 나와 다툴 자가 누구뇨 나와 함께 설지어다 나의 대적이 누구뇨 내게 가까이 나아올지어다
이사야,50,10,이사야 50:10,너희 중에 여호와를 경외하며 그 종의 목소리를 청종하는 자가 누구뇨 흑암 중에 행하여 빛이 없는 자라도 여호와의 이름을 의뢰하며 자기 하나님께 의지할지어다
이사야,51,1,이사야 51:1,의를 좇으며 여호와를 찾아 구하는 너희는 나를 들을지어다 너희를 떠낸 반석과 너희를 파낸 우묵한 구덩이를 생각하여 보라
이사야,51,3,이사야 51:3,대저 나 여호와가 시온을 위로하되 그 모든 황폐한 곳을 위로하여 그 광야로 에덴 같고 그 사막으로 여호와의 동산 같게 하였나니 그 가운데 기뻐함과 즐거움과 감사함과 창화하는 소리가 있으리라
이사야,51,4,이사야 51:4,내 백성이여 ! 내게 주의하라 내 나라여 ! 내게 귀를 기울이라 이는 율법이 내게서부터 발할 것임이라 내가 내 공의를 만민의 빛으로 세우리라
이사야,51,6,이사야 51:6,너희는 하늘로 눈을 들며 그 아래의 땅을 살피라 하늘이 연기 같이 사라지고 땅이 옷 같이 해어지며 거기 거한 자들이 하루살이 같이 죽으려니와 나의 구원은 영원히 있고 나의 의는 폐하여지지 아니하리라
이사야,51,7,이사야 51:7,의를 아는 자들아 ! 마음에 내 율법이 있는 백성들아 ! 너희는 나를 듣고 사람의 훼방을 두려워말라 사람의 비방에 놀라지 말라
이사야,51,10,이사야 51:10,"바다를, 넓고 깊은 물을 말리시고 바다 깊은 곳에 길을 내어 구속얻은 자들로 건너게 하신 이가 어찌 주가 아니시니이까"
이사야,51,11,이사야 51:11,여호와께 구속된 자들이 돌아와서 노래하며 시온으로 들어와서 그 머리 위에 영영한 기쁨을 쓰고 즐거움과 기쁨을 얻으리니 슬픔과 탄식이 달아나리이다
이사야,51,12,이사야 51:12,가라사대 너희를 위로하는 자는 나여늘 나여늘 너는 어떠한 자이기에 죽을 사람을 두려워하며 풀같이 될 인자를 두려워하느냐
이사야,51,14,이사야 51:14,결박된 포로가 속히 놓일 것이니 죽지도 아니할 것이요 구덩이로 내려가지도 아니할 것이며 그 양식이 핍절하지도 아니하리라
이사야,51,15,이사야 51:15,나는 네 하나님 여호와라 바다를 저어서 그 물결로 흉용케 하는 자니 내 이름은 만군의 여호와니라
이사야,51,16,이사야 51:16,내가 내 말을 네 입에 두고 내 손 그늘로 너를 덮었나니 이는 내가 하늘을 펴며 땅의 기초를 정하며 시온에게 이르기를 너는 내 백성이라 하려 하였음이니라
이사야,51,18,이사야 51:18,네가 낳은 모든 아들 중에 너를 인도할 자가 없고 너의 양육한 모든 아들 중에 그 손으로 너를 이끌 자도 없도다
이사야,51,21,이사야 51:21,그러므로 너 곤고하며 포도주가 아니라도 취한 자여 이 말을 들으라
이사야,52,2,이사야 52:2,너는 티끌을 떨어버릴지어다 예루살렘이여 ! 일어나 보좌에 앉을지어다 사로잡힌 딸 시온이여 네 목의 줄을 스스로 풀지어다
이사야,52,3,이사야 52:3,여호와께서 이같이 말씀하시되 너희가 값 없이 팔렸으니 돈 없이 속량되리라
이사야,52,5,이사야 52:5,여호와께서 말씀하시되 내 백성이 까닭없이 잡혀갔으니 내가 여기서 어떻게 할꼬 여호와께서 말씀하시되 그들을 관할하는 자들이 떠들며 내 이름을 항상 종일 더럽히도다
이사야,52,6,이사야 52:6,그러므로 내 백성은 내 이름을 알리라 그러므로 그 날에는 그들이 이 말을 하는 자가 나인 줄 알리라 곧 내니라
이사야,52,7,이사야 52:7,좋은 소식을 가져오며 평화를 공포하며 복된 좋은 소식을 가져오며 구원을 공포하며 시온을 향하여 이르기를 네 하나님이 통치하신다 하는 자의 산을 넘는 발이 어찌 그리 아름다운고
이사야,52,8,이사야 52:8,들을지어다 ! 너의 파숫군들의 소리로다 그들이 소리를 높여 일제히 노래하니 이는 여호와께서 시온으로 돌아오실 때에 그들의 눈이 마주 봄이로다
이사야,52,9,이사야 52:9,너 예루살렘의 황폐한 곳들아 기쁜 소리를 발하여 함께 노래할지어다 이는 여호와께서 그 백성을 위로하셨고 예루살렘을 구속하셨음이라
이사야,52,10,이사야 52:10,여호와께서 열방의 목전에서 그 거룩한 팔을 나타내셨으므로 모든 땅 끝까지도 우리 하나님의 구원을 보았도다
이사야,52,11,이사야 52:11,너희는 떠날지어다 ! 떠날지어다 ! 거기서 나오고 부정한 것을 만지지 말지어다 그 가운데서 나올지어다 여호와의 기구를 메는 자여 스스로 정결케 할지어다
이사야,52,12,이사야 52:12,여호와께서 너희 앞에 행하시며 이스라엘의 하나님이 너희 뒤에 호위하시리니 너희가 황급히 나오지 아니하며 도망하여 행하지 아니하리라
이사야,52,13,이사야 52:13,여호와께서 가라사대 보라 ! 내 종이 형통하리니 받들어 높이 들려서 지극히 존귀하게 되리라
이사야,52,15,이사야 52:15,후에는 그가 열방을 놀랠 것이며 열왕은 그를 인하여 입을 봉하리니 이는 그들이 아직 전파되지 않은 것을 볼 것이요 아직 듣지 못한 것을 깨달을 것임이라 하시니라
이사야,53,1,이사야 53:1,우리의 전한 것을 누가 믿었느뇨 여호와의 팔이 뉘게 나타났느뇨
이사야,53,2,이사야 53:2,그는 주 앞에서 자라나기를 연한 순 같고 마른 땅에서 나온 줄기같아서 고운 모양도 없고 풍채도 없은즉 우리의 보기에 흠모할만한 아름다운 것이 없도다
이사야,53,3,이사야 53:3,그는 멸시를 받아서 사람에게 싫어버린 바 되었으며 간고를 많이 겪었으며 질고를 아는 자라 마치 사람들에게 얼굴을 가리우고 보지않음을 받는 자 같아서 멸시를 당하였고 우리도 그를 귀히 여기지 아니하였도다
이사야,53,4,이사야 53:4,그는 실로 우리의 질고를 지고 우리의 슬픔을 당하였거늘 우리는 생각하기를 그는 징벌을 받아서 하나님에게 맞으며 고난을 당한다 하였노라
이사야,53,6,이사야 53:6,우리는 다 양 같아서 그릇 행하며 각기 제 길로 갔거늘 여호와께서는 우리 무리의 죄악을 그에게 담당시키셨도다
이사야,53,9,이사야 53:9,그는 강포를 행치 아니하였고 그 입에 궤사가 없었으나 그 무덤이 악인과 함께 되었으며 그 묘실이 부자와 함께 되었도다
이사야,53,11,이사야 53:11,가라사대 그가 자기 영혼의 수고한 것을 보고 만족히 여길 것이라 나의 의로운 종이 자기 지식으로 많은 사람을 의롭게 하며 또 그들의 죄악을 친히 담당하리라
이사야,54,1,이사야 54:1,잉태치 못하며 생산치 못한 너는 노래할지어다 구로치 못한 너는 외쳐 노래할지어다 홀로 된 여인의 자식이 남편있는 자의 자식보다 많음이니라 여호와의 말이니라
이사야,54,2,이사야 54:2,네 장막터를 넓히며 네 처소의 휘장을 아끼지 말고 널리 펴되 너의 줄을 길게 하며 너의 말뚝을 견고히 할지어다
이사야,54,4,이사야 54:4,두려워 말라 네가 수치를 당치 아니하리라 놀라지 말라 네가 부끄러움을 보지 아니하니라 네가 네 청년 때의 수치를 잊겠고 과부 때의 치욕을 다시 기억함이 없으리니
이사야,54,6,이사야 54:6,여호와께서 너를 부르시되 마치 버림을 입어 마음에 근심하는 아내 곧 소시에 아내되었다가 버림을 입은 자에게 함같이 하실 것임이니라 네 하나님의 말씀이니라
이사야,54,7,이사야 54:7,내가 잠시 너를 버렸으나 큰 긍휼로 너를 모을 것이요
이사야,54,10,이사야 54:10,산들은 떠나며 작은 산들은 옮길지라도 나의 인자는 네게서 떠나지 아니하며 화평케 하는 나의 언약은 옮기지 아니하리라 너를 긍휼히 여기는 여호와의 말이니라
이사야,54,11,이사야 54:11,너 곤고하며 광풍에 요동하여 안위를 받지 못한 자여 보라 내가 화려한 채색으로 네 돌 사이에 더하며 청옥으로 네 기초를 쌓으며
이사야,54,14,이사야 54:14,너는 의로 설 것이며 학대가 네게서 멀어질 것인즉 네가 두려워 아니할 것이며 공포 그것도 너를 가까이 못할 것이라
이사야,55,1,이사야 55:1,너희 목마른 자들아 물로 나아오라 돈 없는 자도 오라 너희는 와서 사 먹되 돈 없이 값 없이 와서 포도주와 젖을 사라
이사야,55,2,이사야 55:2,너희가 어찌하여 양식아닌 것을 위하여 은을 달아 주며 배부르게 못할 것을 위하여 수고하느냐 나를 청종하라 그리하면 너희가 좋은 것을 먹을 것이며 너희 마음이 기름진 것으로 즐거움을 얻으리라
이사야,55,4,이사야 55:4,내가 그를 만민에게 증거로 세웠고 만민의 인도자와 명령자를 삼았었나니
이사야,55,5,이사야 55:5,네가 알지 못하는 나라를 부를 것이며 너를 알지 못하는 나라가 네게 달려올 것은 나 여호와 네 하나님 곧 이스라엘의 거룩한 자를 인함이니라 내가 너를 영화롭게 하였느니라
이사야,55,6,이사야 55:6,너희는 여호와를 만날만한 때에 찾으라 가까이 계실 때에 그를 부르라
이사야,55,7,이사야 55:7,"악인은 그 길을, 불의한 자는 그 생각을 버리고 여호와께로 돌아오라 그리하면 그가 긍휼히 여기시리라 우리 하나님께로 나아오라 그가 널리 용서하시리라"
이사야,55,8,이사야 55:8,여호와의 말씀에 내 생각은 너희 생각과 다르며 내 길은 너희 길과 달라서
이사야,55,9,이사야 55:9,하늘이 땅보다 높음 같이 내 길은 너희 길보다 높으며 내 생각은 너희 생각보다 높으니라
이사야,55,10,이사야 55:10,비와 눈이 하늘에서 내려서는 다시 그리로 가지 않고 토지를 적시어서 싹이 나게 하며 열매가 맺게 하여 파종하는 자에게 종자를 주며 먹는 자에게 양식을 줌과 같이
이사야,55,11,이사야 55:11,내 입에서 나가는 말도 헛되이 내게로 돌아오지 아니하고 나의 뜻을 이루며 나의 명하여 보낸 일에 형통하리라
이사야,55,13,이사야 55:13,잣나무는 가시나무를 대신하여 나며 화석류는 질려를 대신하여 날 것이라 이것이 여호와의 명예가 되며 영영한 표징이 되어 끊어지지 아니하리라 하시니라
이사야,56,1,이사야 56:1,여호와께서 이같이 말씀하시되 너희는 공평을 지키며 의를 행하라 나의 구원이 가까이 왔고 나의 의가 쉬 나타날 것임이라 하셨은즉
이사야,56,2,이사야 56:2,"안식일을 지켜 더럽히지 아니하며 그 손을 금하여 모든 악을 행치 아니하여야 하나니 이같이 행하는 사람, 이같이 굳이 잡는 인생은 복이 있느니라"
이사야,56,3,이사야 56:3,여호와께 연합한 이방인은 여호와께서 나를 그 백성 중에서 반드시 갈라내시리라 말하지 말며 고자도 나는 마른 나무라 말하지 말라
이사야,56,4,이사야 56:4,여호와께서 이같이 말씀하시기를 나의 안식일을 지키며 나를 기뻐하는 일을 선택하며 나의 언약을 굳게 잡는 고자들에게는
이사야,56,6,이사야 56:6,또 나 여호와에게 연합하여 섬기며 나 여호와의 이름을 사랑하며 나의 종이 되며 안식일을 지켜 더럽히지 아니하며 나의 언약을 굳게 지키는 이방인마다
이사야,56,8,이사야 56:8,이스라엘의 쫓겨난 자를 모으는 주 여호와가 말하노니 내가 이미 모은 본 백성 외에 또 모아 그에게 속하게 하리라 하셨느니라
이사야,56,9,이사야 56:9,들의 짐승들아 삼림 중의 짐승들아 다 와서 삼키라
이사야,56,12,이사야 56:12,피차 이르기를 오라 내가 포도주를 가져오리라 우리가 독주를 잔뜩 먹자 내일도 오늘 같이 또 크게 넘치리라 하느니라
이사야,57,1,이사야 57:1,의인이 죽을지라도 마음에 두는 자가 없고 자비한 자들이 취하여감을 입을지라도 그 의인은 화액 전에 취하여 감을 입은 것인 줄로 깨닫는 자가 없도다
이사야,57,2,이사야 57:2,그는 평안에 들어갔나니 무릇 정로로 행하는 자는 자기들의 침상에서 편히 쉬느니라
이사야,57,3,이사야 57:3,"무녀의 자식, 간음자와 음녀의 씨 너희는 가까이 오라"
이사야,57,4,이사야 57:4,"너희가 누구를 희롱하느냐 누구를 향하여 입을 크게 벌리며 혀를 내미느냐 너희는 패역의 자식, 궤휼의 종류가 아니냐"
이사야,57,5,이사야 57:5,너희가 상수리나무 사이 모든 푸른 나무 아래서 음욕을 피우며 골짜기 가운데 바위 틈에서 자녀를 죽이는도다
이사야,57,6,이사야 57:6,골짜기 가운데 매끄러운 돌 중에 너희 소득이 있으니 그것이 곧 너희가 제비 뽑아 얻은 것이라 너희가 전제와 예물을 그것들에게 드리니 내가 어찌 이를 용인하겠느냐
이사야,57,7,이사야 57:7,네가 높고 높은 산 위에 침상을 베풀었고 네가 또 그리로 올라가서 제사를 드렸으며
이사야,57,8,이사야 57:8,네가 또 네 기념표를 문과 문설주 뒤에 두었으며 네가 나를 배반하고 다른 자를 위하여 몸을 드러내고 올라가며 네 침상을 넓히고 그들과 언약하며 또 그들의 침상을 사랑하여 그 처소를 예비하였으며
이사야,57,9,이사야 57:9,네가 기름을 가지고 몰렉에게 나아가되 향품을 더욱 더하였으며 네가 또 사신을 원방에 보내고 음부까지 스스로 낮추었으며
이사야,57,10,이사야 57:10,네가 길이 멀어서 피곤할지라도 헛되다 아니함은 네 힘이 소성 되었으므로 쇠약하여 가지 아니함이니라
이사야,57,13,이사야 57:13,네가 부르짖을 때에 네가 모은 우상으로 너를 구원하게 하라 그것은 다 바람에 떠 가겠고 기운에 불려갈 것이로되 나를 의뢰하는 자는 땅을 차지하겠고 나의 거룩한 산을 기업으로 얻으리라
이사야,57,14,이사야 57:14,장차 말하기를 돋우고 돋우어 길을 수축하여 내 백성의 길에서 거치는 것을 제하여 버리라 하리라
이사야,57,15,이사야 57:15,지존무상하며 영원히 거하며 거룩하다 이름하는 자가 이같이 말씀하시되 내가 높고 거룩한 곳에 거하며 또한 통회하고 마음이 겸손한 자의 영을 소성케 하려 함이라
이사야,57,16,이사야 57:16,내가 영원히는 다투지 아니하며 내가 장구히는 노하지 아니할 것은 나의 지은 그 영과 혼이 내 앞에서 곤비할까 함이니라
이사야,57,18,이사야 57:18,내가 그 길을 보았은즉 그를 고쳐 줄 것이라 그를 인도하며 그와 그의 슬퍼하는 자에게 위로를 다시 얻게 하리라
이사야,57,19,이사야 57:19,입술의 열매를 짓는 나 여호와가 말하노라 먼 데 있는 자에게든지 가까운 데 있는 자에게든지 평강이 있을지어다 평강이 있을지어다 내가 그를 고치리라 하셨느니라
이사야,58,6,이사야 58:6,나의 기뻐하는 금식은 흉악의 결박을 풀어주며 멍에의 줄을 끌러주며 압제 당하는 자를 자유케 하며 모든 멍에를 꺾는 것이 아니겠느냐
이사야,58,7,이사야 58:7,또 주린 자에게 네 식물을 나눠주며 유리하는 빈민을 네 집에 들이며 벗은 자를 보면 입히며 또 네 골육을 피하여 스스로 숨지 아니하는 것이 아니겠느냐
이사야,58,9,이사야 58:9,네가 부를 때에는 나 여호와가 응답하겠고 네가 부르짖을 때에는 말하기를 내가 여기 있다 하리라 만일 네가 너희 중에서 멍에와 손가락질과 허망한 말을 제하여 버리고
이사야,58,11,이사야 58:11,나 여호와가 너를 항상 인도하여 마른 곳에서도 네 영혼을 만족케 하며 네 뼈를 견고케 하리니 너는 물댄 동산 같겠고 물이 끊어지지 아니하는 샘 같을 것이라
이사야,58,12,이사야 58:12,네게서 날 자들이 오래 황폐된 곳들을 다시 세울 것이며 너는 역대의 파괴된 기초를 쌓으니리 너를 일컬어 무너진 데를 수보하는 자라 할 것이며 길을 수축하여 거할 곳이 되게 하는 자라 하리라
이사야,58,14,이사야 58:14,네가 여호와의 안에서 즐거움을 얻을 것이라 내가 너를 땅의 높은 곳에 올리고 네 조상 야곱의 업으로 기르리라 여호와의 입의 말이니라
이사야,59,1,이사야 59:1,여호와의 손이 짧아 구원치 못하심도 아니요 귀가 둔하여 듣지 못하심도 아니라
이사야,59,16,이사야 59:16,사람이 없음을 보시며 중재자 없음을 이상히 여기셨으므로 자기팔로 스스로 구원을 베푸시며 자기의 의를 스스로 의지하사
이사야,59,19,이사야 59:19,서방에서 여호와의 이름을 두려워하겠고 해돋는 편에서 그 기운에 몰려 급히 흐르는 하수 같이 오실 것임이로다
이사야,59,20,이사야 59:20,여호와께서 가라사대 구속자가 시온에 임하며 야곱 중에 죄과를 떠나는 자에게 임하리라
이사야,59,21,이사야 59:21,여호와께서 또 가라사대 내가 그들과 세운 나의 언약이 이러하니 곧 네 위에 있는 나의 신과 네 입에 둔 나의 말이 이제부터 영영토록 네 입에서와 네 후손의 입에서와 네 후손의 입에서 떠나지 아니하리라 하시니라 여호와의 말씀이니라
이사야,60,1,이사야 60:1,일어나라 ! 빛을 발하라 ! 이는 네 빛이 이르렀고 여호와의 영광이 네 위에 임하였음이니라
이사야,60,3,이사야 60:3,"열방은 네 빛으로,열왕은 비취는 네 광명으로 나아오리라"
이사야,60,4,이사야 60:4,네 눈을 들어 사면을 보라 무리가 다 모여 네게로 오느니라 네 아들들은 원방에서 오겠고 네 딸들은 안기워 올 것이라
이사야,60,7,이사야 60:7,게달의 양 무리는 다 네게로 모여지고 느바욧의 수양은 네게 공급되고 내 단에 올라 기꺼이 받음이 되리니 내가 내 영광의 집을 영화롭게 하리라
이사야,60,8,이사야 60:8,"저 구름 같이, 비둘기가 그 보금자리로 날아 오는 것 같이 날아 오는 자들이 누구뇨"
이사야,60,11,이사야 60:11,네 성문이 항상 열려 주야로 닫히지 아니하리니 이는 사람들이 네게로 열방의 재물을 가져오며 그 왕들을 포로로 이끌어 옴이라
이사야,60,13,이사야 60:13,레바논의 영광 곧 잣나무와 소나무와 황양목이 함께 네게 이르러 내 거룩한 곳을 아름답게 할 것이며 내가 나의 발 둘 곳을 영화롭게 할 것이라
이사야,60,14,이사야 60:14,너를 괴롭게 하던 자의 자손이 몸을 굽혀 네게 나아오며 너를 멸시하던 모든 자가 네 발 아래 엎드리어 너를 일컬어 여호와의 성읍이라 이스라엘의 거룩한 자의 시온이라 하리라
이사야,60,15,이사야 60:15,전에는 네가 버림을 입으며 미움을 당하였으므로 네게로 지나는 자가 없었으나 이제는 내가 너로 영영한 아름다움과 대대의 기쁨이 되게 하리니
이사야,60,16,이사야 60:16,"네가 열방의 젖을 빨며 열왕의 유방을 빨고 나 여호와는 네 구원자,네 구속자, 야곱의 전능자인 줄 알리라"
이사야,60,17,이사야 60:17,내가 금을 가져 놋을 대신 하며 은을 가져 철을 대신하며 놋으로 나무를 대신하며 철로 돌을 대신하며 화평을 세워 관원을 삼으며 의를 세워 감독을 삼으리니
이사야,60,18,이사야 60:18,"다시는 강포한 일이 네 땅에 들리지 않을 것이요 황폐와 파멸이 네 경내에 다시 없을 것이며 네가 네 성벽을 구원이라, 네 성문을 찬송이라 칭할 것이라"
이사야,60,19,이사야 60:19,다시는 낮에 해가 네 빛이 되지 아니하며 달도 네게 빛을 비취지 않을 것이요 오직 여호와가 네게 영영한 빛이 되며 네 하나님이 네 영광이 되리니
이사야,60,20,이사야 60:20,다시는 네 해가 지지 아니하며 네 달이 물러가지 아니할 것은 여호와가 네 영영한 빛이 되고 네 슬픔의 날이 마칠 것임이니라
이사야,60,21,이사야 60:21,네 백성이 다 의롭게 되어 영영히 땅을 차지하리니 그들은 나의 심은 가지요 나의 손으로 만든 것으로서 나의 영광을 나타낼 것인즉
이사야,60,22,이사야 60:22,그 작은 자가 천을 이루겠고 그 약한 자가 강국을 이룰 것이라 때가 되면 나 여호와가 속히 이루리라 !
이사야,61,3,이사야 61:3,무릇 시온에서 슬퍼하는 자에게 화관을 주어 그 재를 대신하며 희락의 기름으로 그 슬픔을 대신하며 찬송의 옷으로 그 근심을 대신하시고 그들로 의의 나무 곧 여호와의 심으신 바 그 영광을 나타낼 자라 일컬음을 얻게 하려 하심이니라
이사야,61,5,이사야 61:5,외인은 서서 너희 양떼를 칠 것이요 이방 사람은 너희 농부와 포도원지기가 될 것이나
이사야,61,7,이사야 61:7,너희가 수치 대신에 배나 얻으며 능욕 대신에 분깃을 인하여 즐거워할 것이라 그리하여 고토에서 배나 얻고 영영한 기쁨이 있으리라
이사야,61,8,이사야 61:8,대저 나 여호와는 공의를 사랑하며 불의의 강탈을 미워하여 성실히 그들에게 갚아 주고 그들과 영영한 언약을 세울 것이라
이사야,61,9,이사야 61:9,"그 자손을 열방 중에, 그 후손을 만민 중에 알리리니 무릇 이를 보는 자가 그들은 여호와께 복 받은 자손이라 인정하리라"
이사야,61,10,이사야 61:10,내가 여호와로 인하여 크게 기뻐하며 내 영혼이 나의 하나님으로 인하여 즐거워하리니 이는 그가 구원의 옷으로 내게 입히시며 의의 겉옷으로 내게 더하심이 신랑이 사모를 쓰며 신부가 자기 보물로 단장함 같게 하셨음이라
이사야,61,11,이사야 61:11,땅이 쌀을 내며 동산이 거기 뿌린 것을 움돋게 함 같이 주 여호와께서 의와 찬송을 열방 앞에 발생하게 하시리라
이사야,62,1,이사야 62:1,"나는 시온의 공의가 빛 같이, 예루살렘의 구원이 횃불 같이 나타나도록 시온을 위하여 잠잠하지 아니하며 예루살렘을 위하여 쉬지 아니할 것인즉"
이사야,62,3,이사야 62:3,"너는 또 여호와의 손의 아름다운 면류관, 네 하나님의 손의 왕관이 될 것이라"
이사야,62,4,이사야 62:4,다시는 너를 버리운 자라 칭하지 아니하며 다시는 네 땅을 황무지라 칭하지 아니하고 오직 ! 너를 헵시바라 하며 네 땅을 쀼라라 하리니 이는 여호와께서 너를 기뻐하실 것이며 네 땅이 결혼한 바가 될 것임이라
이사야,62,5,이사야 62:5,마치 청년이 처녀와 결혼함같이 네 아들들이 너를 취하겠고 신랑이 신부를 기뻐함 같이 네 하나님이 너를 기뻐하시리라
이사야,62,6,이사야 62:6,예루살렘이여 ! 내가 너의 성벽 위에 파숫군을 세우고 그들로 종일 종야에 잠잠치 않게 하였느니라 너희 여호와로 기억하시게 하는 자들아 너희는 쉬지 말며
이사야,62,7,이사야 62:7,또 여호와께서 예루살렘을 세워 세상에서 찬송을 받게 하시기까지 그로 쉬지 못하시게 하라
이사야,62,8,이사야 62:8,"여호와께서 그 오른손, 그 능력의 팔로 맹세하시되 내가 다시는 네 곡식을 네 원수들에게 식물로 주지 아니하겠고 너의 수고하여 얻은 포도주를 이방인으로 마시지 않게 할 것인즉"
이사야,62,9,이사야 62:9,오직 추수한 자가 그것을 먹고 나 여호와를 찬송할 것이요 거둔 자가 그것을 나의 성소 뜰에서 마시리라 하셨느니라
이사야,62,10,이사야 62:10,성문으로 나아가라 ! 나아가라 ! 백성의 길을 예비하라 ! 대로를 수축하고 수축하라 ! 돌을 제하라 ! 만민을 위하여 기를 들라 !
이사야,62,11,이사야 62:11,여호와께서 땅 끝까지 반포하시되 너희는 딸 시온에게 이르라 보라 네 구원이 임하느니라 보라 상급이 그에게 있고 보응이 그 앞에 있느니라 하셨느니라
이사야,62,12,이사야 62:12,"사람들이 너를 일컬어 거룩한 백성이라, 여호와의 구속하신 자라 하겠고 또 너를 일컬어 찾은 바 된 자요 버리지 아니한 성읍이라 하리라"
이사야,63,2,이사야 63:2,어찌하여 네 의복이 붉으며 네 옷이 포도즙 틀을 밟는 자 같으뇨
이사야,63,3,이사야 63:3,만민 중에 나와 함께한 자가 없이 내가 홀로 포도즙 틀을 밟았는데 내가 노함을 인하여 무리를 밟았고 분함을 인하여 짓밟았으므로 그들의 선혈이 내 옷에 뛰어 내 의복을 다 더럽혔음이니
이사야,63,5,이사야 63:5,내가 본즉 도와주는 자도 없고 붙들어 주는 자도 없으므로 이상히 여겨 내 팔이 나를 구원하며 내 분이 나를 붙들었음이라
이사야,63,6,이사야 63:6,내가 노함을 인하여 만민을 밟았으며 내가 분함을 인하여 그들을 취케 하고 그들의 선혈로 땅에 쏟아지게 하였느니라
이사야,63,7,이사야 63:7,내가 여호와께서 우리에게 베푸신 모든 자비와 그 찬송을 말하며 그 긍휼을 따라 그 많은 자비를 따라 이스라엘 집에 베푸신 큰 은총을 말하리라
이사야,63,8,이사야 63:8,여호와께서 말씀하시되 그들은 실로 나의 백성이요 거짓을 행치 아니하는 자녀라 하시고 그들의 구원자가 되사
이사야,63,9,이사야 63:9,그들의 모든 환난에 동참하사 자기 앞의 사자로 그들을 구원하시며 그 사랑과 그 긍휼로 그들을 구속하시고 옛적 모든 날에 그들을 드시며 안으셨으나
이사야,63,13,이사야 63:13,그들을 깊음으로 인도하시되 말이 광야에 행함과 같이 넘어지지 않게 하신 자가 이제 어디 계시뇨
이사야,63,14,이사야 63:14,여호와의 신이 그들로 골짜기로 내려가는 가축 같이 편히 쉬게 하셨도다 주께서 이같이 주의 백성을 인도하사 이름을 영화롭게 하셨나이다 하였느니라
이사야,63,15,이사야 63:15,"주여, 하늘에서 굽어 살피시며 주의 거룩하시고 영화로운 처소에서 보옵소서 ! 주의 열성과 주의 능하신 행동이 이제 어디 있나이까 ? 주의 베푸시던 간곡한 자비와 긍휼이 내게 그쳤나이다"
이사야,63,17,이사야 63:17,"여호와여, 어찌하여 우리로 주의 길에서 떠나게 하시며 우리의 마음을 강퍅케 하사 주를 경외하지 않게 하시나이까 ? 원컨대 주의 종들 곧 주의 산업인 지파들을 위하사 돌아오시옵소서"
이사야,63,18,이사야 63:18,주의 거룩한 백성이 땅을 차지한지 오래지 아니하여서 우리의 대적이 주의 성소를 유린하였사오니
이사야,63,19,이사야 63:19,우리는 주의 다스림을 받지 못하는 자 같으며 주의 이름으로 칭함을 받지 못하는 자 같이 되었나이다
이사야,64,3,이사야 64:3,주께서 강림하사 우리의 생각 밖에 두려운 일을 행하시던 그 때에 산들이 주의 앞에서 진동하였사오니
이사야,64,4,이사야 64:4,주 외에는 자기를 앙망하는 자를 위하여 이런 일을 행한 신을 예로부터 들은 자도 없고 귀로 깨달은 자도 없고 눈으로 본 자도 없었나이다
이사야,64,8,이사야 64:8,"그러나 여호와여, 주는 우리 아버지시니이다 우리는 진흙이요 주는 토기장이시니 우리는 다 주의 손으로 지으신 것이라"
이사야,64,9,이사야 64:9,여호와여 과히 분노하지 마옵시며 죄악을 영영히 기억하지 마옵소서 구하오니 보시옵소서 ! 보시옵소서 ! 우리는 다 주의 백성이니이다
이사야,65,1,이사야 65:1,나는 나를 구하지 아니하던 자에게 물음을 받았으며 나를 찾지 아니하던 자에게 찾아냄이 되었으며 내 이름을 부르지 아니하던 나라에게 내가 여기 있노라 내가 여기 있노라 하였노라
이사야,65,8,이사야 65:8,여호와께서 이같이 말씀하시되 포도송이에는 즙이 있으므로 혹이 말하기를 그것을 상하지 말라 거기 복이 있느니라 하나니 나도 내 종들을 위하여 그같이 행하여 다 멸하지 아니하고
이사야,65,9,이사야 65:9,내가 야곱 중에서 씨를 내며 유다 중에서 나의 산들을 기업으로 얻을 자를 내리니 나의 택한 자가 이를 기업으로 얻을 것이요 나의 종들이 거기 거할 것이라
이사야,65,17,이사야 65:17,보라 내가 새 하늘과 새 땅을 창조하나니 이전 것은 기억되거나 마음에 생각나지 아니할 것이라
이사야,65,18,이사야 65:18,너희는 나의 창조하는 것을 인하여 영원히 기뻐하며 즐거워할지니라 보라 내가 예루살렘으로 즐거움을 창조하며 그 백성으로 기쁨을 삼고
이사야,65,23,이사야 65:23,그들의 수고가 헛되지 않겠고 그들의 생산한 것이 재난에 걸리지 아니하리니 그들은 여호와의 복된 자의 자손이요 그 소생도 그들과 함께 될 것임이라
이사야,65,25,이사야 65:25,이리와 어린 양이 함께 먹을 것이며 사자가 소처럼 짚을 먹을 것이며 뱀은 흙으로 식물을 삼을 것이니 나의 성산에서는 해함도 없겠고 상함도 없으리라 여호와의 말이니라
이사야,66,1,이사야 66:1,여호와께서 이같이 말씀하시되 하늘은 나의 보좌요 땅은 나의 발등상이니 너희가 나를 위하여 무슨 집을 지을꼬 나의 안식할 처소가 어디랴
이사야,66,7,이사야 66:7,시온은 구로하기 전에 생산하며 고통을 당하기 전에 남자를 낳았으니
이사야,66,8,이사야 66:8,이러한 일을 들은 자가 누구이며 이러한 일을 본 자가 누구이뇨 나라가 어찌 하루에 생기겠으며 민족이 어찌 순식간에 나겠느냐 그러나 시온은 구로하는 즉시에 그 자민을 순산하였도다
이사야,66,9,이사야 66:9,여호와께서 가라사대 내가 임산케 하였은즉 해산케 아니하겠느냐 네 하나님이 가라사대 나는 해산케 하는 자인즉 어찌 태를 닫겠느냐 하시니라
이사야,66,10,이사야 66:10,예루살렘을 사랑하는 자여 다 그와 함께 기뻐하라 다 그와 함께 즐거워하라 그를 위하여 슬퍼하는 자여 다 그의 기쁨을 인하여 그와 함께 기뻐하라
이사야,66,11,이사야 66:11,너희가 젖을 빠는 것 같이 그 위로하는 품에서 만족하겠고 젖을 넉넉히 빤 것같이 그 영광의 풍성함을 인하여 즐거워하리라
이사야,66,12,이사야 66:12,"여호와께서 이같이 말씀하시되 보라 내가 그에게 평강을 강 같이, 그에게 열방의 영광을 넘치는 시내 같이 주리니 너희가 그 젖을 빨 것이며 너희가 옆에 안기며 그 무릎에서 놀 것이라"
이사야,66,13,이사야 66:13,어미가 자식을 위로함 같이 내가 너희를 위로할 것인즉 너희가 예루살렘에서 위로를 받으리니
이사야,66,19,이사야 66:19,내가 그들 중에 징조를 세워서 그들 중 도피한 자를 열방 곧 다시스와 뿔과 활을 당기는 룻과 및 두발과 야완과 또 나의 명성을 듣지도 못하고 나의 영광을 보지도 못한 먼 섬들로 보내리니 그들이 나의 영광을 열방에 선파하리라
이사야,66,20,이사야 66:20,나 여호와가 말하노라 이스라엘 자손이 예물을 깨끗한 그릇에 담아 여호와의 집에 드림 같이 그들이 너희 모든 형제를 열방에서 나의 성산 예루살렘으로 말과 수레와 교자와 노새와 약대에 태워다가 여호와께 예물로 드릴 것이요
이사야,66,22,이사야 66:22,나 여호와가 말하노라 나의 지을 새 하늘과 새 땅이 내 앞에 항상 있을 것 같이 너희 자손과 너희 이름이 항상 있으리라
이사야,66,23,이사야 66:23,여호와가 말하노라 매 월삭과 매 안식일에 모든 혈육이 이르러 내 앞에 경배하리라
예레미야,1,5,예레미야 1:5,내가 너를 복중에 짓기 전에 너를 알았고 네가 태에서 나오기 전에 너를 구별하였고 너를 열방의 선지자로 세웠노라 하시기로
예레미야,1,7,예레미야 1:7,여호와께서 내게 이르시되 너는 아이라 하지 말고 내가 너를 누구에게 보내든지 너는 가며 내가 네게 무엇을 명하든지 너는 말할지니라
예레미야,1,8,예레미야 1:8,너는 그들을 인하여 두려워 말라 내가 너와 함께 하여 너를 구원하리라 나 여호와의 말이니라 하시고
예레미야,1,9,예레미야 1:9,여호와께서 그 손을 내밀어 내 입에 대시며 내게 이르시되 보라 내가 내 말을 네 입에 두었노라
예레미야,1,12,예레미야 1:12,여호와께서 내게 이르시되 네가 잘 보았도다 이는 내가 내 말을 지켜 그대로 이루려 함이니라
예레미야,1,17,예레미야 1:17,그러므로 너는 네 허리를 동이고 일어나 내가 네게 명한 바를 다 그들에게 고하라 그들을 인하여 두려워 말라 두렵건대 내가 너로 그들 앞에서 두려움을 당하게 할까 하노라
예레미야,1,19,예레미야 1:19,그들이 너를 치나 이기지 못하리니 이는 내가 너와 함께 하여 너를 구원할 것임이니라 여호와의 말이니라
예레미야,2,2,예레미야 2:2,"가서 예루살렘 거민의 귀에 외쳐 말할지니라 여호와께서 이같이 말씀하시기를 네 소년 때의 우의와 네 결혼 때의 사랑 곧 씨 뿌리지 못하는 땅, 광야에서 어떻게 나를 좇았음을 내가 너를 위하여 기억하노라"
예레미야,2,4,예레미야 2:4,야곱 집과 이스라엘 집 모든 가족아 ! 나 여호와의 말을 들으라
예레미야,2,5,예레미야 2:5,나 여호와가 이같이 말하노라 너희 열조가 내게서 무슨 불의함을 보았관대 나를 멀리하고 허탄한 것을 따라 헛되이 행하였느냐 ?
예레미야,2,10,예레미야 2:10,너희는 깃딤 섬들에 건너가 보며 게달에도 사람을 보내어 이같은 일의 유무를 자세히 살펴보라
예레미야,2,11,예레미야 2:11,어느 나라가 그 신을 신 아닌 것과 바꾼일이 있느냐 ? 그러나 나의 백성은 그 영광을 무익한 것과 바꾸었도다
예레미야,2,12,예레미야 2:12,너 하늘아 이 일을 인하여 놀랄지어다 심히 떨지어다 두려워할지어다 여호와의 말이니라
예레미야,2,13,예레미야 2:13,"내 백성이 두가지 악을 행하였나니 곧 생수의 근원되는 나를 버린 것과, 스스로 웅덩이를 판 것인데 그것은 물을 저축지 못할 터진 웅덩이니라"
예레미야,2,14,예레미야 2:14,이스라엘이 종이냐 씨종이냐 ? 어찌하여 포로가 되었느냐 ?
예레미야,2,15,예레미야 2:15,어린 사자들이 너를 향하여 부르짖으며 소리를 날려 네 땅을 황무케 하였으며 네 성읍들은 불타서 거민이 없게 되었으며
예레미야,2,16,예레미야 2:16,놉과 다바네스의 자손도 네 정수리를 상하였으니
예레미야,2,17,예레미야 2:17,네 하나님 여호와가 너를 길로 인도할 때에 네가 나를 떠남으로 이를 자취함이 아니냐
예레미야,2,19,예레미야 2:19,네 악이 너를 징계하겠고 네 패역이 너를 책할 것이라 그런즉 네 하나님 여호와를 버림과 네 속에 나를 경외함이 없는 것이 악이요 고통인 줄 알라 주 만군의 여호와의 말이니라
예레미야,2,20,예레미야 2:20,네가 옛적부터 네 멍에를 꺾고 네 결박을 끊으며 말하기를 나는 순복지 아니하리라 하고 모든 높은 산 위와 모든 푸른 나무 아래서 몸을 굽혀 행음하도다
예레미야,2,21,예레미야 2:21,내가 너를 순전한 참 종자 곧 귀한 포도나무로 심었거늘 내게 대하여 이방 포도나무의 악한 가지가 됨은 어찜이뇨
예레미야,2,22,예레미야 2:22,주 여호와 내가 말하노라 ! 네가 잿물로 스스로 씻으며 수다한 비누를 쓸지라도 네 죄악이 오히려 내 앞에 그저 있으리니
예레미야,2,23,예레미야 2:23,네가 어찌 말하기를 나는 더럽히지 아니하였다 바알들을 좇지 아니하였다 하겠느냐 골짜기 속에 있는 네 길을 보라 네 행한 바를 알것이니라 너는 발이 빠른 젊은 암약대가 그 길에 어지러이 달림 같았으며
예레미야,2,24,예레미야 2:24,너는 광야에 익숙한 들 암나귀가 그 성욕이 동하므로 헐떡거림 같았도다 그 성욕의 때에 누가 그것을 막으리요 그것을 찾는 자들이 수고치 아니하고 그것의 달에 만나리라
예레미야,2,25,예레미야 2:25,내가 또 말하기를 네 발을 제어하여 벗은 발이 되게 말며 목을 갈하게 말라 하였으나 오직 너는 말하기를 아니라 이는 헛된 말이라 내가 이방 신을 사랑하였은즉 그를 따라 가겠노라 하도다
예레미야,2,28,예레미야 2:28,"네가 만든 네 신들이 어디 있느뇨 ? 그들이 너의 환난을 당할 때에 구원할 수 있으면 일어날 것이니라 유다여, 너의 신들이 너의 성읍 수와 같도다"
예레미야,2,29,예레미야 2:29,나 여호와가 말하노라 ! 너희가 나와 다툼은 어찜이뇨 너희가 다 내게 범과하였느니라
예레미야,2,30,예레미야 2:30,내가 너희 자녀를 때림도 무익함은 그들도 징책을 받지 아니함이라 너희 칼이 사나운 사자같이 너희 선지자들을 삼켰느니라
예레미야,2,31,예레미야 2:31,너희 이 세대여 여호와의 말을 들어 보라 내가 이스라엘에게 광야가 되었었느냐 흑암한 땅이 되었었느냐 무슨 연고로 내 백성이 말하기를 우리는 놓였으니 다시 주께로 가지 않겠다 하느냐
예레미야,2,32,예레미야 2:32,처녀가 어찌 그 패물을 잊겠느냐 ? 신부가 어찌 그 고운 옷을 잊겠느냐 ? 오직 내 백성은 나를 잊었나니 그 날 수는 계수할 수 없거늘
예레미야,2,33,예레미야 2:33,네가 어찌 사랑을 얻으려고 네 행위를 아름답게 꾸미느냐 ? 그러므로 네 행위를 악한 여자들에게까지 가르쳤으며
예레미야,2,34,예레미야 2:34,또 네 옷단에 죄 없는 가난한 자를 죽인 피가 묻었나니 그들이 담 구멍을 뚫음을 인함이 아니라 오직 이 모든 일로 너를 책망함을 인함이니라
예레미야,3,4,예레미야 3:4,"네가 이제부터는 내게 부르짖기를 나의 아버지여, 아버지는 나의 소시의 애호자시오니"
예레미야,3,12,예레미야 3:12,너는 가서 북을 향하여 이 말을 선포하여 이르라 여호와께서 가라사대 배역한 이스라엘아 돌아오라 ! 나의 노한 얼굴을 너희에게로 향하지 아니하리라 나는 긍휼이 있는 자라 노를 한 없이 품지 아니하느니라 여호와의 말이니라
예레미야,3,13,예레미야 3:13,너는 오직 네 죄를 자복하라 ! 이는 네 하나님 여호와를 배반하고 네 길로 달려 모든 푸른 나무 아래서 이방 신에게 절하고 내 목 소리를 듣지 아니하였음이니라 여호와의 말이니라
예레미야,3,14,예레미야 3:14,나 여호와가 말하노라 배역한 자식들아 돌아오라 ! 나는 너희 남편임이니라 ! 내가 너희를 성읍에서 하나와 족속 중에서 둘을 택하여 시온으로 데려오겠고
예레미야,3,15,예레미야 3:15,내가 또 내 마음에 합하는 목자를 너희에게 주리니 그들이 지식과 명철로 너희를 양육하리라
예레미야,3,19,예레미야 3:19,내가 스스로 말하기를 내가 어떻게 하든지 너를 자녀 중에 두며 허다한 나라 중에 아름다운 산업인 이 낙토를 네게 주리라 하였고 내가 다시 말하기를 너희가 나를 나의 아버지라 하고 나를 떠나지 말것이니라 하였노라
예레미야,3,21,예레미야 3:21,소리가 자산 위에서 들리니 곧 이스라엘 자손의 애곡하며 간구하는 것이라 그들이 그 길을 굽게 하며 자기 하나님 여호와를 잊어버렸음이로다
예레미야,3,22,예레미야 3:22,배역한 자식들아 돌아오라 내가 너희의 배역함을 고치리라 보소서 ! 우리가 주께 왔사오니 주는 우리 하나님 여호와이심이니이다
예레미야,3,23,예레미야 3:23,작은 산들과 큰 산 위의 떠드는 무리에게 바라는 것은 참으로 허사라 이스라엘의 구원은 진실로 우리 하나님 여호와께 있나이다
예레미야,4,2,예레미야 4:2,진실과 공평과 정의로 여호와의 삶을 가리켜 맹세하면 열방이 나로 인하여 스스로 복을 빌며 나로 인하여 자랑하리라
예레미야,4,3,예레미야 4:3,나 여호와가 유다와 예루살렘 사람에게 이같이 이르노라 너희 묵은 땅을 갈고 가시덤불 속에 파종하지 말라
예레미야,4,5,예레미야 4:5,너희는 유다에 선포하며 예루살렘에 공포하여 이르기를 이 땅에서 나팔을 불라 하며 또 크게 외쳐 이르기를 너희는 모이라 우리가 견고한 성으로 들어가자 하고
예레미야,4,14,예레미야 4:14,예루살렘아 네 마음의 악을 씻어 버리라 ! 그리하면 구원을 얻으리라 ! 네 악한 생각이 네 속에 얼마나 오래 머물겠느냐 ?
예레미야,4,21,예레미야 4:21,내가 저 기호를 보며 나팔소리 듣기를 어느때까지 할꼬
예레미야,4,23,예레미야 4:23,내가 땅을 본즉 혼돈하고 공허하며 하늘들을 우러른즉 거기 빛이 없으며
예레미야,4,25,예레미야 4:25,내가 본즉 사람이 없으며 공중의 새가 다 날아갔으며
예레미야,4,26,예레미야 4:26,내가 본즉 좋은 땅이 황무지가 되었으며 그 모든 성읍이 여호와의 앞 그 맹렬한 진노 앞에 무너졌으니
예레미야,4,28,예레미야 4:28,이로 인하여 땅이 슬퍼할 것이며 위의 하늘이 흑암할 것이라 내가 이미 말하였으며 작정하였고 후회하지 아니하였은즉 또한 돌이키지 아니하리라 하셨음이로다
예레미야,4,29,예레미야 4:29,기병과 활 쏘는 자의 훤화로 인하여 모든 성읍이 도망하여 수풀에 들어가고 바위에 기어오르며 각 성읍이 버림을 당하여 거기 거하는 사람이 없나니
예레미야,4,30,예레미야 4:30,"멸망을 당한 자여, 네가 어떻게 하려느냐 ? 네가 붉은 옷을 입고 금장식으로 단장하고 눈을 그려 꾸밀지라도 너의 화장한 것이 헛된 일이라 연인들이 너를 멸시하여 네 생명을 찾느니라"
예레미야,4,31,예레미야 4:31,내가 소리를 들은즉 여인의 해산하는 소리 같고 초산하는 자의 고통하는 소리 같으니 이는 딸 시온의 소리라 그가 헐떡이며 그 손을 펴고 이르기를 내게 화 있도다 ! 살륙하는 자를 인하여 나의 심령이 피곤하도다 하는도다
예레미야,5,1,예레미야 5:1,너희는 예루살렘 거리로 빨리 왕래하며 그 넓은 거리에서 찾아보고 알라 너희가 만일 공의를 행하며 진리를 구하는 자를 한 사람이라도 찾으면 내가 이 성을 사하리라
예레미야,5,2,예레미야 5:2,그들이 여호와의 사심으로 맹세할지라도 실상은 거짓 맹세니라
예레미야,5,3,예레미야 5:3,여호와여 주의 눈이 성실을 돌아보지 아니하시나이까 주께서 그들을 치셨을지라도 그들이 아픈줄을 알지 못하며 그들을 거진 멸하셨을지라도 그들이 징계를 받지 아니하고 그 얼굴을 반석보다 굳게하여 돌아오기를 싫어하므로
예레미야,5,4,예레미야 5:4,"내가 말하기를 이 무리는 비천하고 우준한 것 뿐이라 여호와의 길, 자기 하나님의 법을 알지 못하니"
예레미야,5,5,예레미야 5:5,"내가 귀인들에게 가서 그들에게 말하리라 그들은 여호와의 길, 자기 하나님의 법을 안다 하였더니 그들도 일제히 그 멍에를 꺾고 결박을 끊은지라"
예레미야,5,6,예레미야 5:6,그러므로 수풀에서 나오는 사자가 그들을 죽이며 사막의 이리가 그들을 멸하며 표범이 성읍들을 엿보온즉 그리로 나오는 자마다 찢기오리니 이는 그들의 허물이 많고 패역이 심함이니이다
예레미야,5,8,예레미야 5:8,그들은 살지고 두루 다니는 수 말 같이 각기 이웃의 아내를 따라 부르짖는도다
예레미야,5,9,예레미야 5:9,나 여호와가 이르노라 내가 어찌 이 일들을 인하여 벌하지 아니하겠으며 내 마음이 이런 나라에 보수하지 않겠느냐 ?
예레미야,5,10,예레미야 5:10,너희는 그 성벽에 올라가 훼파하되 다 훼파하지 말고 그 가지만 꺾어버리라 여호와의 것이 아님이니라
예레미야,5,11,예레미야 5:11,나 여호와가 말하노라 이스라엘 족속과 유다 족속이 내게 심히 패역하였느니라
예레미야,5,13,예레미야 5:13,선지자들은 바람이라 말씀이 그들의 속에 있지 아니한즉 그같이 그들이 당하리라 하느니라
예레미야,5,14,예레미야 5:14,그러므로 만군의 하나님 여호와가 이같이 말하노라 그들이 이말을 하였은즉 볼지어다 ! 내가 네 입에 있는 나의 말로 불이 되게 하고 이 백성으로 나무가 되게 하리니 그 불이 그들을 사르리라
예레미야,5,15,예레미야 5:15,나 여호와가 말하노라 이스라엘 족속아 ! 보라 내가 한 나라를 원방에서 너희에게로 오게 하리니 곧 강하고 오랜 나라이라 그 방언을 네가 알지 못하며 그 말을 네가 깨닫지 못하느니라
예레미야,5,16,예레미야 5:16,그 전통은 열림 묘실이요 그 사람들은 다 용사라
예레미야,5,18,예레미야 5:18,나 여호와가 말하노라 그 때에도 내가 너희를 진멸치는 아니하리라
예레미야,5,24,예레미야 5:24,또 너희 마음으로 우리에게 이른 비와 늦은 비를 때를 따라 주시며 우리를 위하여 추수 기한을 정하시는 우리 하나님 여호와를 경외하자 말하지도 아니하니
예레미야,6,3,예레미야 6:3,목자들이 그 무리 양을 몰고 와서 그 사면에 자기 장막을 치고 각기 처소에서 먹이리로다
예레미야,6,9,예레미야 6:9,만군의 여호와께서 이같이 말씀하시되 포도를 땀 같이 그들이 이스라엘의 남은 자를 말갛게 주우리라 너는 포도 따는 자처럼 네 손을 광주리에 자주자주 놀리라 하시나니
예레미야,6,16,예레미야 6:16,여호와께서 이같이 말씀하시되 너희는 길에 서서 보며 옛적 길 곧 선한 길이 어디인지 알아보고 그리로 행하라 너희 심령이 평강을 얻으리라 하나 그들의 대답이 우리는 그리로 행치 않겠노라 하였으며
예레미야,6,17,예레미야 6:17,내가 또 너희 위에 파수군을 세웠으니 나팔소리를 들으라 하나 그들의 대답이 우리는 듣지 않겠노라 하였도다
예레미야,6,18,예레미야 6:18,"그러므로 너희 열방아 들으라, 회중아 그들의 당할 일을 알라"
예레미야,6,22,예레미야 6:22,여호와께서 이같이 말씀하시되 보라 한 민족이 북방에서 오며 큰 나라가 땅 끝에서부터 떨쳐 일어나나니
예레미야,6,24,예레미야 6:24,우리가 그 소문을 들었으므로 손이 약하여졌고 고통이 우리를 잡았으므로 아픔이 해산하는 여인 같도다
예레미야,6,25,예레미야 6:25,너희는 밭에도 나가지 말라 길로도 행치말라 대적의 칼이 있고 사방에 두려움이 있음이니라
예레미야,6,27,예레미야 6:27,주께서 가라사대 내가 이미 너로 내 백성중에 살피는 자와 요새를 삼아 그들의 길을 알고 살피게 하였노라
예레미야,6,28,예레미야 6:28,그들은 다 심히 패역한 자며 다니며 비방하는 자며 그들은 놋과 철이며 다 사악한 자라
예레미야,6,29,예레미야 6:29,풀무를 맹렬히 불면 그 불에 납이 살라져서 단련하는 자의 일이 헛되게 되느니라 이와 같이 악한 자가 제하여지지 아니하나니
예레미야,7,1,예레미야 7:1,여호와께로서 예레미야에게 말씀이 임하니라 가라사대
예레미야,7,2,예레미야 7:2,너는 여호와의 집 문에 서서 이 말을 선포하여 이르기를 여호와께 경배하러 이 문으로 들어가는 유다인아 다 여호와의 말씀을 들으라
예레미야,7,3,예레미야 7:3,만군의 여호와 이스라엘의 하나님이 이같이 말씀하시되 너희 길과 행위를 바르게 하라 그리하면 내가 너희로 이 곳에 거하게 하 리라
예레미야,7,4,예레미야 7:4,"너희는 이것이 여호와의 전이라, 여호와의 전이라, 여호와의 전이라 하는 거짓말을 믿지 말라"
예레미야,7,6,예레미야 7:6,이방인과 고아와 과부를 압제하지 말며 무죄한 자의 피를 이 곳에서 흘리지 아니하며 다른 신들을 좇아 스스로 해하지 아니하면
예레미야,7,7,예레미야 7:7,내가 너희를 이 곳에 거하게 하리니 곧 너희 조상에게 영원 무궁히 준 이 땅에니라
예레미야,7,8,예레미야 7:8,너희가 무익한 거짓말을 의뢰하는도다
예레미야,7,17,예레미야 7:17,너는 그들이 유다 성읍들과 예루살렘 거리에서 행하는 일을 보지 못하느냐 ?
예레미야,7,23,예레미야 7:23,오직 내가 이것으로 그들에게 명하여 이르기를 너희는 내 목소리를 들으라 ! 그리하면 나는 너희 하나님이 되겠고 너희는 내 백성이 되리라 너희는 나의 명한 모든 길로 행하라 그리하면 복을 받으리라 하였으나
예레미야,7,26,예레미야 7:26,너희가 나를 청종치 아니하며 귀를 기울이지 아니하고 목을 굳게하여 너희 열조보다 악을 더 행하였느니라
예레미야,7,27,예레미야 7:27,네가 그들에게 이 모든 말을 할지라도 그들이 너를 청종치 아니할 것이요 네가 그들을 불러도 그들이 네게 대답지 아니하리니
예레미야,7,28,예레미야 7:28,너는 그들에게 말하기를 너희는 너희 하나님 여호와의 목소리를 청종치 아니하며 교훈을 받지 아니하는 국민이라 진실이 없어져 너희 입에서 끊어졌다 할지니라
예레미야,8,4,예레미야 8:4,너는 또 그들에게 말하기를 여호와의 말씀에 사람이 엎드러지면 어찌 일어나지 아니하겠으며 사람이 떠나 갔으면 어찌 돌아오지 아니하겠느냐 ?
예레미야,8,5,예레미야 8:5,이 예루살렘 백성이 항상 나를 떠나 물러감은 어찜이뇨 그들이 거짓을 고집하고 돌아오기를 거절하도다
예레미야,8,6,예레미야 8:6,내가 귀를 기울여 들은즉 그들이 정직을 말하지 아니하며 그 악을 뉘우쳐서 나의 행한 것이 무엇인고 말하는 자가 없고 전장을 향하여 달리는 말같이 각각 그 길로 행하도다
예레미야,8,7,예레미야 8:7,공중의 학은 그 정한 시기를 알고 반구와 제비와 두루미는 그 올때를 지키거늘 내 백성은 여호와의 규례를 알지 못하도다 하셨다 하라
예레미야,8,8,예레미야 8:8,너희가 어찌 우리는 지혜가 있고 우리에게는 여호와의 율법이 있다 말하겠느뇨 참으로 서기관의 거짓 붓이 거짓되게 하였나니
예레미야,8,9,예레미야 8:9,지혜롭다 하는 자들은 수욕을 받으며 경황 중에 잡히리라 보라 그들이 나 여호와의 말을 버렸으니 그들에게 무슨 지혜가 있으랴
예레미야,8,15,예레미야 8:15,우리가 평강을 바라나 좋은 것이 없으며 고치심을 입을 때를 바라나 놀라움 뿐이로다
예레미야,8,18,예레미야 8:18,"슬프다, 나의 근심이여 어떻게 위로를 얻을 수 있을까 ? 나의 중심이 번뇌하도다"
예레미야,8,20,예레미야 8:20,추수할 때가 지나고 여름이 다하였으나 우리는 구원을 얻지 못한다 하는도다
예레미야,8,21,예레미야 8:21,딸 내 백성이 상하였으므로 나도 상하여 슬퍼하며 놀라움에 잡혔도다
예레미야,8,22,예레미야 8:22,길르앗에는 유향이 있지 아니한가 그곳에는 의사가 있지 아니한가 딸 내 백성이 치료를 받지 못함은 어찜인고
예레미야,9,1,예레미야 9:1,어찌하면 내 머리는 물이 되고 내 눈은 눈물 근원이 될꼬 그렇게 되면 살륙 당한 딸 내 백성을 위하여 주야로 곡읍하리로다
예레미야,9,2,예레미야 9:2,어찌하면 내가 광야에서 나그네의 유할 곳을 얻을꼬 그렇게 되면 내 백성을 떠나 가리니 그들은 다 행음하는 자요 패역한 자의 무리가 됨이로다
예레미야,9,3,예레미야 9:3,여호와께서 말씀하시되 그들이 활을 당김같이 그 혀를 놀려 거짓을 말하며 그들이 이 땅에서 강성하나 진실하지 아니하고 악에서 악으로 진행하며 또 나를 알지 아니하느니라
예레미야,9,4,예레미야 9:4,너희는 각기 이웃을 삼가며 아무 형제든지 믿지 말라 형제마다 온전히 속이며 이웃마다 다니며 비방함이니라
예레미야,9,5,예레미야 9:5,그들은 각기 이웃을 속이며 진실을 말하지 아니하며 그 혀로 거짓말 하기를 가르치며 악을 행하기에 수고하거늘
예레미야,9,6,예레미야 9:6,네 처소는 궤휼 가운데 있도다 그들은 궤휼로 인하여 나 알기를 싫어하느니라 나 여호와의 말이니라 하시니라
예레미야,9,7,예레미야 9:7,만군의 여호와께서 이같이 말씀하시되 보라 내가 내 딸 백성을 어떻게 처치할꼬 그들을 녹이고 연단하리라
예레미야,9,8,예레미야 9:8,그들의 혀는 죽이는 살이라 거짓을 말하며 입으로는 그 이웃에게 평화를 말하나 중심에는 해를 도모하는도다
예레미야,9,9,예레미야 9:9,내가 이 일들을 인하여 그들에게 벌하지 아니하겠으며 내 마음이 이런 나라에 보수하지 않겠느냐 여호와의 말이니라
예레미야,9,10,예레미야 9:10,내가 산들을 위하여 곡하며 부르짖으며 광야 목장을 위하여 슬퍼하나니 이는 그것들이 불에 탔으므로 지나는 자가 없으며 거기서 가축의 소리가 들리지 아니하며 공중의 새도 짐승도 다 도망하여 없어졌음이니라
예레미야,9,11,예레미야 9:11,내가 예루살렘으로 무더기를 만들며 시랑의 굴혈이 되게 하겠고 유다 성읍들로 황폐케 하여 거민이 없게 하리라
예레미야,9,12,예레미야 9:12,지혜가 있어서 이 일을 깨달을 만한 자가 누구며 여호와의 입의 말씀을 받아서 광포할 자가 누구인고 이 땅이 어찌하여 멸망하여 광야같이 타서 지나는 자가 없게 되었느뇨
예레미야,9,13,예레미야 9:13,여호와께서 말씀하시되 이는 그들이 내가 그들의 앞에 세운 나의 법을 버리고 내 목소리를 청종치 아니하며 그대로 행치 아니하고
예레미야,9,14,예레미야 9:14,그 마음의 강퍅함을 따라 그 열조가 자기에게 가르친 바알들을 좇았음이라
예레미야,9,15,예레미야 9:15,그러므로 만군의 여호와 이스라엘의 하나님 내가 말하노라 보라 내가 그들 곧 이 백성에게 쑥을 먹이며 독한 물을 마시우고
예레미야,9,16,예레미야 9:16,그들과 그들의 조상이 알지 못하던 열국 중에 그들을 헤치고 진멸되기까지 그 뒤로 칼을 보내리라 하셨느니라
예레미야,9,17,예레미야 9:17,만군의 여호와께서 이같이 말씀하시되 너희는 잘 생각하고 곡하는 부녀를 불러오며 또 보내어 지혜로운 부녀를 불러오되
예레미야,9,18,예레미야 9:18,그들로 빨리 와서 우리를 위하여 애곡하게 하여 우리의 눈에서 눈물이 떨어지게 하며 우리 눈꺼풀에서 물이 쏟아지게 하라
예레미야,9,20,예레미야 9:20,부녀들이여 여호와의 말씀을 들으라 너희 귀에 그 입의 말씀을 받으라 너희 딸들에게 애곡을 가르치며 각기 이웃에게 애가를 가르치라
예레미야,9,21,예레미야 9:21,대저 사망이 우리 창문에 올라오며 우리 궁실에 들어오며 밖에서는 자녀와 거리에서는 청년들을 멸절하려 하느니라
예레미야,9,22,예레미야 9:22,너는 이같이 이르라 여호와의 말씀에 사람의 시체가 분토같이 들에 떨어질 것이며 추수하는 자의 뒤에 떨어지고 거두지 못한 뭇 같이 되리라 하셨느니라
예레미야,9,23,예레미야 9:23,여호와께서 이같이 말씀하시되 지혜로운 자는 그 지혜를 자랑치 말라 용사는 그 용맹을 자랑치 말라 부자는 그 부함을 자랑치 말라
예레미야,9,24,예레미야 9:24,자랑하는 자는 이것으로 자랑할지니 곧 명철하여 나를 아는 것과 나 여호와는 인애와 공평과 정직을 땅에 행하는 자인줄 깨닫는 것이라 나는 이 일을 기뻐하노라 여호와의 말이니라
예레미야,10,1,예레미야 10:1,이스라엘 집이여 여호와께서 너희에게 이르시는 말씀을 들을지어다
예레미야,10,2,예레미야 10:2,여호와께서 이같이 말씀하시되 열방의 길을 배우지 말라 열방인은 하늘의 징조를 두려워하거니와 너희는 그것을 두려워 말라
예레미야,10,3,예레미야 10:3,열방의 규례는 헛된 것이라 그 위하는 것은 삼림에서 벤 나무요 공장의 손이 도끼로 만든 것이라
예레미야,10,5,예레미야 10:5,그것이 갈린 기둥 같아서 말도 못하며 걸어 다니지도 못하므로 사람에게 메임을 입느니라 그것이 화를 주거나 복을 주지 못하나니 너희는 두려워 말라 하셨느니라
예레미야,10,6,예레미야 10:6,"여호와여, 주와 같은 자 없나이다 주는 크시니 주의 이름이 그 권능으로 인하여 크시니이다"
예레미야,10,7,예레미야 10:7,"열방의 왕이시여, 주를 경외치 아니할 자가 누구리이까 ? 이는 주께 당연한 일이라 열방의 지혜로운 자들과 왕족 중에 주와 같은자 없음이니이다"
예레미야,10,8,예레미야 10:8,그들은 다 무지하고 어리석은 것이니 우상의 도는 나무 뿐이라
예레미야,10,11,예레미야 10:11,"너희는 이같이 그들에게 이르기를 천지를 짓지 아니한 신들은 땅위에서,이 하늘 아래서 망하리라 하라"
예레미야,10,12,예레미야 10:12,여호와께서 그 권능으로 땅을 지으셨고 그 지혜로 세계를 세우셨고 그 명철로 하늘들을 펴셨으며
예레미야,10,14,예레미야 10:14,사람마다 우준하고 무식하도다 금장색마다 자기의 조각한 신상으로 인하여 수치를 당하나니 이는 그 부어 만든 우상은 거짓 것이요 그 속에 생기가 없음이라
예레미야,10,15,예레미야 10:15,그것들은 헛 것이요 망령되이 만든 것인즉 징벌하실 때에 멸망할 것이나
예레미야,10,16,예레미야 10:16,야곱의 분깃은 이같지 아니하시니 그는 만물의 조성자요 이스라엘은 그 산업의 지파라 그 이름은 만군의 여호와시니라
예레미야,10,17,예레미야 10:17,"에워싸인 가운데 앉은 자여, 네 꾸러미를 이 땅에서 수습하라"
예레미야,10,23,예레미야 10:23,"여호와여, 내가 알거니와 인생의 길이 자기에게 있지 아니하니 걸음을 지도함이 걷는 자에게 있지 아니하니이다"
예레미야,10,24,예레미야 10:24,"여호와여, 나를 징계하옵시되 너그러이 하시고 진노로 하지 마옵소서 주께서 나로 없어지게 하실까 두려워하나이다"
예레미야,10,25,예레미야 10:25,주를 알지 못하는 열방과 주의 이름으로 기도하지 아니하는 족속들에게 주의 분노를 부으소서 그들은 야곱을 씹어 삼켜 멸하고 그 거처를 황폐케 하였나이다
예레미야,11,1,예레미야 11:1,여호와께로부터 예레미야에게 임한 말씀이라 가라사대
예레미야,11,2,예레미야 11:2,너희는 이 언약의 말을 듣고 유다인과 예루살렘 거민에게 고하라
예레미야,11,3,예레미야 11:3,그들에게 이르기를 이스라엘의 하나님 여호와께서 이같이 말씀하시되 이 언약의 말을 좇지 않는 자는 저주를 받을 것이니라
예레미야,11,6,예레미야 11:6,여호와께서 내게 이르시되 너는 이 모든 말로 유다 성읍들과 예루살렘 거리에서 선포하여 이르기를 너희는 이 언약의 말을 듣고 준행하라 !
예레미야,11,9,예레미야 11:9,여호와께서 또 내게 이르시되 유다인과 예루살렘 거민 중에 반역이 있도다
예레미야,11,11,예레미야 11:11,그러므로 나 여호와가 이같이 말하노라 보라 내가 재앙을 그들에게 내리리니 그들이 피할 수 없을 것이라 그들이 내게 부르짖을지라도 내가 듣지 아니할 것인즉
예레미야,11,12,예레미야 11:12,유다 성읍들과 예루살렘 거민이 그 분향하는 신들에게 가서 부르짖을지라도 그 신들이 그 곤액 중에서 절대로 그들을 구원치 못하리라
예레미야,11,13,예레미야 11:13,유다야 네 신들이 네 성읍의 수효와 같도다 너희가 예루살렘 거리의 수효대로 그 수치되는 물건의 단 곧 바알에게 분향하는 단을 쌓았도다
예레미야,11,14,예레미야 11:14,그러므로 너는 이 백성을 위하여 기도하지 말라 그들을 위하여 부르짖거나 구하지 말라 그들이 그 곤액을 인하여 내게 부르짖을때에 내가 그들을 듣지 아니하리라
예레미야,11,15,예레미야 11:15,나의 사랑하는 자가 많이 행음하였으므로 거룩한 제육이 그에게서 떠났거늘 나의 집에서 무엇을 하는고 그가 악을 행하며 기뻐하도다
예레미야,11,16,예레미야 11:16,나 여호와가 그 이름을 일컬어 좋은 행실 맺는 아름다운 푸른 감람나무라 하였었으나 큰 소동 중에 그 위에 불을 피웠고 그 가지는 꺾였도다
예레미야,11,17,예레미야 11:17,바알에게 분향함으로 나의 노를 격동한 이스라엘 집과 유다 집의 악을 인하여 그를 심은 만군의 여호와 내가 그에게 재앙을 선언하였느니라
예레미야,11,18,예레미야 11:18,여호와께서 내게 알게 하셨으므로 내가 그것을 알았나이다 그 때에 주께서 그들의 행위를 내게 보이셨나이다
예레미야,11,19,예레미야 11:19,나는 끌려서 잡히러 가는 순한 어린 양과 같으므로 그들이 나를 해하려고 꾀하기를 우리가 그 나무와 과실을 함께 박멸하자 그를 산 자의 땅에서 끊어서 그 이름으로 다시 기억되지 못하게 하자 함을 내가 알지 못하였나이다
예레미야,11,20,예레미야 11:20,"공의로 판단하시며 사람의 심장을 감찰하시는 만군의 여호와여, 나의 원정을 주께 아뢰었사오니 그들에게 대한 주의 보수를 내가 보리이다 하였더니"
예레미야,11,21,예레미야 11:21,여호와께서 아나돗 사람들에 대하여 이같이 말씀하시되 그들이 네 생명을 취하려고 찾아 이르기를 너는 여호와의 이름으로 예언하지 말라 두렵건대 우리 손에 죽을까 하노라 하도다
예레미야,11,22,예레미야 11:22,그러므로 만군의 여호와가 이같이 말하노라 보라 내가 그들을 벌하리니 청년들은 칼에 죽으며 자녀들은 기근에 죽고
예레미야,11,23,예레미야 11:23,남는 자가 없으리라 내가 아나돗 사람에게 재앙을 내리리니 곧 그들을 벌할 해에니라
예레미야,12,1,예레미야 12:1,"여호와여, 내가 주와 쟁변할 때에는 주는 의로우시니이다 그러나 내가 주께 질문하옵나니 악한자의 길이 형통하며 패역한 자가 다 안락함은 무슨 연고니이까"
예레미야,12,2,예레미야 12:2,주께서 그들을 심으시므로 그들이 뿌리가 박히고 장성하여 열매를 맺었거늘 그들의 입은 주께 가까우나 그 마음은 머니이다
예레미야,12,6,예레미야 12:6,네 형제와 아비의 집이라도 너를 속이며 네 뒤에서 크게 외치나니 그들이 네게 좋은 말을 할지라도 너는 믿지 말지니라
예레미야,12,15,예레미야 12:15,"내가 그들을 뽑아낸 후에 내가 돌이켜 그들을 긍휼히 여겨서 각 사람을 그 산업으로,각 사람을 그 땅으로 다시 인도하리니"
예레미야,13,1,예레미야 13:1,여호와께서 이같이 내게 이르시되 너는 가서 베띠를 사서 네 허리에 띠고 물에 두지 말라 하시기로
예레미야,13,2,예레미야 13:2,내가 여호와의 말씀대로 띠를 사서 내 허리에 띠니라
예레미야,13,3,예레미야 13:3,여호와의 말씀이 다시 내게 임하니라 가라사대
예레미야,13,4,예레미야 13:4,너는 사서 네 허리에 띤 띠를 가지고 일어나 유브라데로 가서 거기서 그것을 바위 틈에 감추라 하시기로
예레미야,13,5,예레미야 13:5,내가 여호와께서 내게 명하신 대로 가서 그것을 유브라데 물 가에 감추니라
예레미야,13,6,예레미야 13:6,여러날 후에 여호와께서 내게 이르시되 일어나 유브라데로 가서 내가 네게 명하여 거기 감추게 한 띠를 취하라 하시기로
예레미야,13,8,예레미야 13:8,여호와의 말씀이 내게 임하니라 가라사대
예레미야,13,11,예레미야 13:11,나 여호와가 말하노라 띠가 사람의 허리에 속함같이 내가 이스라엘 온 집과 유다 온 집으로 내게 속하게 하여 그들로 내 백성이 되게 하며 내 이름과 칭예와 영광이 되게 하려 하였으나 그들이 듣지 아니하였느니라
예레미야,13,12,예레미야 13:12,그러므로 너는 이 말로 그들에게 이르기를 이스라엘의 하나님 여호와의 말씀에 모든 병이 포도주로 차리라 하셨다 하라 그리하면 그들이 네게 이르기를 모든 병이 포도주로 찰줄을 우리가 어찌 알지 못하리요 하리니
예레미야,13,15,예레미야 13:15,"너희는 들을 지어다, 귀를 기울일지어다, 교만하지 말지어다, 여호와께서 이같이 말씀하시느니라"
예레미야,13,17,예레미야 13:17,너희가 이를 듣지 아니하면 나의 심령이 너희 교만을 인하여 은근히 곡할 것이며 여호와의 양무리가 사로잡힘을 인하여 눈물을 흘려 통곡하리라
예레미야,13,18,예레미야 13:18,너는 왕과 왕후에게 고하기를 스스로 낮추어 앉으라 관 곧 영광의 면류관이 내려졌다 하라
예레미야,13,20,예레미야 13:20,"너는 눈을 들어 북방에서 오는 자들을 보라 네가 받았던 떼, 네 아름다운 양떼는 어디 있느뇨"
예레미야,13,21,예레미야 13:21,너의 친구 삼았던 자를 그가 네 위에 수령으로 세우실 때에 네가 무슨 말을 하겠느냐 너의 고통에 잡힘이 구로하는 여인 같지 않겠느냐 ?
예레미야,13,23,예레미야 13:23,"구스인이 그 피부를,표범이 그 반점을 변할 수 있느뇨 할수 있을진대 악에 익숙한 너희도 선을 행할 수 있으리라"
예레미야,14,1,예레미야 14:1,가뭄에 대하여 예레미야에게 임한 여호와의 말씀이라
예레미야,14,2,예레미야 14:2,유다가 슬퍼하며 성문의 무리가 곤비하여 땅에 앉아 애통하니 예루살렘의 부르짖음이 위에 오르도다
예레미야,14,3,예레미야 14:3,귀인들은 자기 사환들을 보내어 물을 길으라 하나 그들이 우물에 갔어도 물을 얻지 못하여 빈 그릇으로 돌아오니 부끄럽고 근심하여 그 머리를 가리우며
예레미야,14,4,예레미야 14:4,땅에 비가 없어 지면이 갈라지니 밭가는 자가 부끄러워서 그 머리를 가리는도다
예레미야,14,5,예레미야 14:5,들의 암사슴은 새끼를 낳아도 풀이 없으므로 내어버리며
예레미야,14,6,예레미야 14:6,들 나귀들은 자산 위에 서서 시랑 같이 헐떡이며 풀이 없으므로 눈이 아득하여 하는도다
예레미야,14,7,예레미야 14:7,"여호와여, 우리의 죄악이 우리에게 대하여 증거할지라도 주는 주의 이름을 위하여 일하소서 우리의 타락함이 많으니이다 우리가 주께 범죄하였나이다"
예레미야,14,8,예레미야 14:8,"이스라엘의 소망이시요, 곤란한 때의 구원자시여, 어찌하여 이 땅에서 거류하는 자 같이, 하룻밤을 유숙하는 행인같이 하시나이까 ?"
예레미야,14,9,예레미야 14:9,어찌하여 놀라 벙벙하는 자 같으시며 구원치 못하는 용사 같으시니이까 ? 여호와여 주는 오히려 우리 중에 계시고 우리는 주의 이름으로 일컬음을 받는 자이오니 우리를 버리지 마옵소서
예레미야,14,17,예레미야 14:17,"너는 이 말로 그들에게 이르라 내 눈이 밤낮으로 끊치지 아니하고 눈물을 흘리리니 이는 처녀 딸 내 백성이 큰 파멸,중한 창상을 인하여 망함이라"
예레미야,14,19,예레미야 14:19,주께서 유다를 온전히 버리시나이까 ? 주의 심령이 시온을 싫어하시나이까 ? 어찌하여 우리를 치시고 치료하지 아니하시나이까 우리가 평강을 바라도 좋은 것이 없고 치료 받기를 기다려도 놀람을 보나이다
예레미야,14,20,예레미야 14:20,"여호와여, 우리가 우리의 악과 우리 조상의 죄악을 인정하나이다 우리가 주께 범죄하였나이다"
예레미야,14,21,예레미야 14:21,주의 이름을 위하여 우리를 미워하지 마옵소서 주의 영광의 위를 욕되게 마옵소서 우리와 세우신 주의 언약을 기억하시고 폐하지 마옵소서
예레미야,14,22,예레미야 14:22,"열방의 허무한 것 중에 능히 비를 내리게 할 자가 있나이까 하늘이 능히 소나기를 내릴 수 있으리이까 ? 우리 하나님 여호와여, 그리하는 자가 주가 아니시니이까 그러므로 우리가 주를 앙망하옵는 것은 주께서 이 모든 것을 만드셨음이니이다"
예레미야,15,5,예레미야 15:5,예루살렘아 ! 너를 불쌍히 여길 자 누구며 너를 곡할 자 누구며 돌이켜 네 평안을 물을 자 누구뇨
예레미야,15,11,예레미야 15:11,여호와께서 가라사대 내가 진실로 너를 강하게 할 것이요 너로 복을 얻게 할 것이며 내가 진실로 네 대적으로 재앙과 환난의 때에 간구하게 하리라
예레미야,15,12,예레미야 15:12,누가 능히 철 곧 북방의 철과 놋을 꺾으리요
예레미야,15,16,예레미야 15:16,"만군의 하나님 여호와시여, 나는 주의 이름으로 일컬음을 받는 자라 내가 주의 말씀을 얻어 먹었사오니 주의 말씀은 내게 기쁨과 내 마음의 즐거움이오나"
예레미야,15,19,예레미야 15:19,여호와께서 이같이 말씀하시되 네가 만일 돌아오면 내가 너를 다시 이끌어서 내 앞에 세울 것이며 네가 만일 천한 것에서 귀한 것을 취할 것 같으면 너는 내 입같이 될 것이라 그들은 네게로 돌아 오려니와 너는 그들에게로 돌아가지 말지니라
예레미야,15,20,예레미야 15:20,내가 너로 이 백성앞에 견고한 놋 성벽이 되게 하리니 그들이 너를 칠지라도 이기지 못할 것은 내가 저와 함께 하여 너를 구하여 건짐이니라 여호와의 말이니라
예레미야,15,21,예레미야 15:21,내가 너를 악한 자의 손에서 건지며 무서운 자의 손에서 구속하리라
예레미야,16,1,예레미야 16:1,여호와의 말씀이 또 내게 임하니라 가라사대
예레미야,16,2,예레미야 16:2,너는 이 땅에서 아내를 취하지 말며 자녀를 두지 말지니라
예레미야,16,3,예레미야 16:3,이 곳에서 생산한 자녀와 이 땅에서 그들을 해산한 어미와 그들을 낳은 아비에 대하여 나 여호와가 이같이 말하노라
예레미야,16,8,예레미야 16:8,너는 잔치집에 들어가서 그들과 함께 앉아 먹거나 마시지 말라
예레미야,16,10,예레미야 16:10,네가 이 모든 말로 백성에게 고할 때에 그들이 네게 묻기를 여호와께서 우리에게 이 모든 큰 재앙을 광포하심은 어찜이며 우리의 죄악은 무엇이며 우리가 우리 하나님 여호와께 범한 죄는 무엇이뇨 하거든
예레미야,16,15,예레미야 16:15,이스라엘 자손을 북방 땅과 그 모든 쫓겨났던 나라에서 인도하여 내신 여호와의 사심으로 맹세하리라 내가 그들을 그 열조에게 준 그들의 땅으로 인도하여 들이리라
예레미야,16,19,예레미야 16:19,"여호와 나의 힘, 나의 보장, 환난날의 피난처시여, 열방이 땅 끝에서 주께 이르러 말하기를 우리 열조의 계승한 바는 허무하고 망탄하고 무익한 것 뿐이라"
예레미야,16,20,예레미야 16:20,인생이 어찌 신 아닌 것을 자기의 신으로 삼겠나이까 ? 하리이다
예레미야,17,7,예레미야 17:7,그러나 무릇 여호와를 의지하며 여호와를 의뢰하는 그 사람은 복을 받을 것이라
예레미야,17,8,예레미야 17:8,그는 물가에 심기운 나무가 그 뿌리를 강변에 뻗치고 더위가 올지라도 두려워 아니하며 그 잎이 청청하며 가무는 해에도 걱정이 없고 결실이 그치지 아니함 같으리라
예레미야,17,10,예레미야 17:10,나 여호와는 심장을 살피며 폐부를 시험하고 각각 그 행위와 그 행실대로 보응하나니
예레미야,17,12,예레미야 17:12,"영화로우신 보좌여, 원시부터 높이 계시며 우리의 성소이시며"
예레미야,17,14,예레미야 17:14,"여호와여, 주는 나의 찬송이시오니 나를 고치소서 그리하시면 내가 낫겠나이다 나를 구원하소서 그리하시면 내가 구원을 얻으리이다"
예레미야,17,15,예레미야 17:15,그들이 내게 이르기를 여호와의 말씀이 어디 있느뇨 이제 임하게 할지어다 하나이다
예레미야,17,16,예레미야 17:16,나는 목자의 직분에서 물러가지 아니하고 주를 좇았사오며 재앙의 날도 내가 원치 아니하였음을 주께서 아시는 바라 내 입술에서 나온 것이 주의 목전에 있나이다
예레미야,17,17,예레미야 17:17,주는 내게 두려움이 되지 마옵소서 재앙의 날에 주는 나의 피난처시니이다
예레미야,17,19,예레미야 17:19,여호와께서 내게 이같이 말씀하시되 너는 가서 유다 왕들의 출입하는 평민의 문과 예루살렘 모든 문에 서서
예레미야,17,20,예레미야 17:20,무리에게 이르기를 이 문으로 들어오는 유다 왕들과 유다 모든 백성과 예루살렘 모든 거민 너희는 여호와의 말씀을 들을지어다
예레미야,17,21,예레미야 17:21,여호와께서 이같이 말씀하시되 너희는 스스로 삼가서 안식일에 짐을 지고 예루살렘 문으로 들어오지 말며
예레미야,17,22,예레미야 17:22,안식일에 너희 집에서 짐을 내지 말며 아무 일이든지 하지 말아서 내가 너희 열조에게 명함같이 안식일을 거룩히 할지어다
예레미야,17,23,예레미야 17:23,그들은 청종치 아니하며 귀를 기울이지 아니하며 그 목을 곧게 하여 듣지 아니하며 교훈을 받지 아니하였느니라
예레미야,17,24,예레미야 17:24,나 여호와가 말하노라 너희가 만일 삼가 나를 청종하여 안식일에 짐을 지고 이 성문으로 들어오지 아니하며 안식일을 거룩히 하여 아무 일이든지 하지 아니하면
예레미야,18,1,예레미야 18:1,여호와께로부터 예레미야에게 임한 말씀에 가라사대
예레미야,18,2,예레미야 18:2,너는 일어나 토기장이의 집으로 내려가라 내가 거기서 내 말을 네게 들리리라 하시기로
예레미야,18,3,예레미야 18:3,내가 토기장이의 집으로 내려가서 본즉 그가 녹로로 일을 하는데
예레미야,18,4,예레미야 18:4,진흙으로 만든 그릇이 토기장이의 손에서 파상하매 그가 그것으로 자기 의견에 선한대로 다른 그릇을 만들더라
예레미야,18,5,예레미야 18:5,때에 여호와의 말씀이 내게 임하니라 가라사대
예레미야,18,6,예레미야 18:6,나 여호와가 이르노라 이스라엘 족속아 ! 이 토기장이의 하는 것 같이 내가 능히 너희에게 행하지 못하겠느냐 이스라엘 족속아 ! 진흙이 토기장이의 손에 있음같이 너희가 내 손에 있느니라
예레미야,18,8,예레미야 18:8,만일 나의 말한 그 민족이 그 악에서 돌이키면 내가 그에게 내리기로 생각하였던 재앙에 대하여 뜻을 돌이키겠고
예레미야,18,9,예레미야 18:9,내가 언제든지 어느 민족이나 국가를 건설하거나 심으리라 한다고 하자
예레미야,18,12,예레미야 18:12,그러나 그들이 말하기를 이는 헛된 말이라 우리는 우리의 도모대로 행하며 우리는 각기 악한 마음의 강퍅한 대로 행하리라 하느니라
예레미야,18,14,예레미야 18:14,레바논의 눈이 어찌 들의 반석을 떠나겠으며 원방에서 흘러 내리는 찬물이 어찌 마르겠느냐
예레미야,18,16,예레미야 18:16,그들의 땅으로 놀랍고 영영한 치소가 되게 하리니 그리로 지나는 자마다 놀라서 그 머리를 흔들리라
예레미야,18,17,예레미야 18:17,내가 그들을 그 원수 앞에서 흩기를 동풍으로 함같이 할 것이며 그들의 재난의 날에는 내가 그들에게 등을 보이고 얼굴을 보이지 아니하리라
예레미야,18,19,예레미야 18:19,"여호와여, 나를 돌아 보사 나로 더불어 다투는 그들의 목소리를 들어보옵소서"
예레미야,18,20,예레미야 18:20,어찌 악으로 선을 갚으리이까마는 그들이 나의 생명을 해하려고 구덩이를 팠나이다 내가 주의 분노를 그들에게서 돌이키려 하고 주의 앞에 서서 그들을 위하여 선한 말씀 한 것을 기억하옵소서
예레미야,18,21,예레미야 18:21,그러하온즉 그들의 자녀를 기근에 내어주시며 그들을 칼의 세력에 붙이시며 그들의 아내들은 자녀를 잃고 과부가 되며 그 장정은 사망을 당하며 그 청년은 전장에서 칼을 맞게 하시며
예레미야,18,22,예레미야 18:22,주께서 군대로 졸지에 그들에게 임하게 하사 그들의 집에서 부르짖음이 들리게 하옵소서 이는 그들이 나를 취하려고 구덩이를 팠고 내 발을 빠치려고 올무를 베풀었음이니이다
예레미야,18,23,예레미야 18:23,"여호와여, 그들이 나를 죽이려 하는 계략을 주께서 다 아시오니 그 악을 사하지 마시며 그 죄를 주의 목전에서 도말치 마시고 그들로 주의 앞에 넘어지게 하시되 주의 노하시는 때에 이같이 그들에게 행하옵소서"
예레미야,19,2,예레미야 19:2,하시드 문 어귀 곁에 있는 힌놈의 아들의 골짜기로 가서 거기서 내가 네게 이른 말을 선포하여
예레미야,19,3,예레미야 19:3,"이르기를 너희 유다 왕들과 예루살렘 거민아 ! 여호와의 말씀을 들으라 만군의 여호와 이스라엘의 하나님이 이같이 말씀하시되 보라, 내가 이 곳에 재앙을 내릴 것이라 무릇 그것을 듣는 자의 귀가 진동하리니"
예레미야,19,6,예레미야 19:6,그러므로 나 여호와가 말하노라 보라 다시는 이 곳을 도벳이나 힌놈의 아들의 골짜기라 칭하지 아니하고 살륙의 골짜기라 칭하는 날이 이를 것이라
예레미야,19,10,예레미야 19:10,너는 함께 가는 자의 목전에서 그 오지병을 깨뜨리고
예레미야,19,11,예레미야 19:11,그들에게 이르기를 만군의 여호와께서 이같이 말씀하시되 사람이 토기장이의 그릇을 한번 깨뜨리면 다시 완전하게 할 수 없나니 이와 같이 내가 이 백성과 이 성을 파하리니 그들을 매장할 자리가 없도록 도벳에 장사하리라
예레미야,19,12,예레미야 19:12,나 여호와가 말하노라 내가 이 곳과 그 중 거민에게 이같이 행하여 이 성으로 도벳 같게 할 것이라
예레미야,19,13,예레미야 19:13,예루살렘 집들과 유다 왕들의 집들 곧 그 집들이 그 집 위에서 하늘의 만상에 분향하고 다른 신들에게 전제를 부음으로 더러워졌은즉 도벳 땅처럼 되리라 하셨다 하라
예레미야,19,15,예레미야 19:15,"만군의 여호와 이스라엘의 하나님이 말씀하시되 보라, 내가 이 성에 대하여 선언한 모든 재앙을 이 성과 그 모든 촌락에 내리리니 이는 그 목을 곧게 하여 내 말을 듣지 아니함이니라 하셨다 하라"
예레미야,20,7,예레미야 20:7,여호와여 주께서 나를 권유하시므로 내가 그 권유를 받았사오며 주께서 나보다 강하사 이기셨으므로 내가 조롱거리가 되니 사람마다 종일토록 나를 조롱하나이다
예레미야,20,8,예레미야 20:8,대저 내가 말할때 마다 외치며 강포와 멸망을 부르짖으오니 여호와의 말씀으로 하여 내가 종일토록 치욕과 모욕거리가 됨이니이다
예레미야,20,9,예레미야 20:9,내가 다시는 여호와를 선포하지 아니하며 그 이름으로 말하지 아니하리라 하면 나의 중심이 불붙는것 같아서 골수에 사무치니 답답하여 견딜 수 없나이다
예레미야,20,10,예레미야 20:10,나는 무리의 비방과 사방의 두려움을 들었나이다 그들이 이르기 고소하라 우리도 고소하리라 하오며 나의 친한 벗도 다 나의 타락 하기를 기다리며 피차 이르기를 그가 혹시 유혹을 받으리니 우리가 그를 이기어 우리 원수를 갚자 하나이다
예레미야,20,11,예레미야 20:11,그러하오나 여호와는 두려운 용사 같으시며 나와 함께하시는고로 나를 박해하는 자가 넘어지고 이기지 못할 것이오며 그들은 지혜롭게 행치 못하므로 큰 수욕을 당하오리니 그 수욕은 영영히 잊지 못할 것이니이다
예레미야,20,12,예레미야 20:12,"의인을 시험하사 그 폐부와 심장을 보시는 만군의 여호와여, 나의 사정을 주께 아뢰었사온즉 주께서 그들에게 보수하심을 나로 보게 하옵소서"
예레미야,20,13,예레미야 20:13,여호와께 노래하라 ! 너희는 여호와를 찬양하라 ! 가난한 자의 생명을 행악자의 손에서 구원하셨음이니라
예레미야,20,18,예레미야 20:18,어찌하여 내가 태에서 나와서 고생과 슬픔을 보며 나의 날을 수욕으로 보내는고
예레미야,21,6,예레미야 21:6,내가 또 이 성에 거주하는 자를 사람이나 짐승이나 다 치리니 그들이 큰 염병에 죽으리라 하셨다 하라
예레미야,21,8,예레미야 21:8,여호와께서 가라사대 너는 또 백성에게 여호와께서 이같이 말씀하신다 하라 보라 내가 너희 앞에 생명의 길과 사망의 길을 두었노니
예레미야,21,9,예레미야 21:9,이 성에 거주하는 자는 칼과 기근과 염병에 죽으려니와 너희를 에운 갈대아인에게 나가서 항복하는 자는 살리니 그의 생명은 노략한 것 같이 얻으리라
예레미야,21,11,예레미야 21:11,유다 왕의 집에 대한 여호와의 말을 들으라
예레미야,21,13,예레미야 21:13,나 여호와가 이르노라 골짜기와 평원 반석의 거민아 보라 너희가 말하기를 누가 내려와서 우리를 치리요 누가 우리의 거처에 들어오리요 하거니와 나는 네 대적이라
예레미야,21,14,예레미야 21:14,내가 너희 행위대로 벌할 것이요 내가 또 수풀에 불을 놓아 그 사경을 사르리라 여호와의 말이니라
예레미야,22,1,예레미야 22:1,여호와께서 이같이 말씀하시되 너는 유다 왕의 집에 내려가서 거기서 이를 선언하여
예레미야,22,3,예레미야 22:3,여호와께서 이같이 말씀하시되 너희가 공평과 정의를 행하여 탈취 당한 자를 압박하는 자의 손에서 건지고 이방인과 고아와 과부를 압박하거나 학대하지 말며 이 곳에서 무죄한 피를 흘리지 말라
예레미야,22,5,예레미야 22:5,너희가 이 말을 듣지 아니하면 내가 나로 맹세하노니 이 집이 황무하리라 나 여호와의 말이니라
예레미야,22,6,예레미야 22:6,나 여호와가 유다 왕의 집에 대하여 이같이 말하노라 네가 내게 길르앗 같고 레바논의 꼭대기 같으나 내가 정녕히 너로 광야와 거민이 없는 성을 만들 것이라
예레미야,22,7,예레미야 22:7,내가 너 파멸할 자를 준비하리니 그들이 각기 손에 병기를 가지고 네 아름다운 백향목을 찍어 불에 던지리라
예레미야,22,8,예레미야 22:8,여러 나라 사람이 이 성으로 지나며 피차 말하기를 여호와가 이 큰 성에 이같이 행함은 어찜인고 하겠고
예레미야,22,9,예레미야 22:9,대답하기는 이는 그들이 자기 하나님 여호와의 언약을 버리고 다른 신들에게 절하고 그를 섬긴 연고라 하리라 하셨다 할지니라
예레미야,22,10,예레미야 22:10,너희는 죽은 자를 위하여 울지 말며 그를 위하여 애통하지 말고 잡혀간 자를 위하여 슬피 울라 그는 다시 돌아와서 그 고국을 보지 못할 것임이니라
예레미야,22,12,예레미야 22:12,잡혀간 곳에서 죽으리니 이 땅을 다시 보지 못하리라
예레미야,22,13,예레미야 22:13,불의로 그 집을 세우며 불공평으로 그 다락방을 지으며 그 이웃을 고용하고 그 고가를 주지 아니하는 자에게 화 있을진저 !
예레미야,22,15,예레미야 22:15,네가 백향목으로 집 짓기를 경쟁하므로 왕이 될 수 있겠느냐 ? 네 아비가 먹으며 마시지 아니하였으며 공평과 의리를 행치 아니하였느냐 그 때에 그가 형통하였었느니라
예레미야,22,16,예레미야 22:16,그는 가난한 자와 궁핍한 자를 신원하고 형통하였나니 이것이 나를 앎이 아니냐 여호와의 말이니라
예레미야,22,17,예레미야 22:17,그러나 네 눈과 마음은 탐람과 무죄한 피를 흘림과 압박과 강포를 행하려 할 뿐이니라
예레미야,22,20,예레미야 22:20,너는 레바논에 올라 외치며 바산에서 네 소리를 높이며 아바림에서 외치라 이는 너를 사랑하는 자가 다 멸망하였음이니라
예레미야,22,29,예레미야 22:29,"땅이여, 땅이여, 땅이여, 여호와의 말을 들을지니라"
예레미야,23,4,예레미야 23:4,내가 그들을 기르는 목자들을 그들 위에 세우리니 그들이 다시는 두려워 하거나 놀라거나 축이 나지 아니하리라 여호와의 말이니라
예레미야,23,6,예레미야 23:6,그의 날에 유다는 구원을 얻겠고 이스라엘은 평안히 거할 것이며 그 이름은 여호와 우리의 의라 일컬음을 받으리라
예레미야,23,8,예레미야 23:8,이스라엘 집 자손을 북방 땅 그 모든 쫓겨났던 나라에서 인도하여 내신 여호와의 사심으로 맹세할 것이며 그들이 자기 땅에 거하리라 하시니라
예레미야,23,9,예레미야 23:9,선지자들에 대한 말씀이라 내 중심이 상하며 내 모든 뼈가 떨리며 내가 취한 사람 같으며 포도주에 잡힌 사람 같으니 이는 여호와와 그 거룩한 말씀을 인함이라
예레미야,23,16,예레미야 23:16,만군의 여호와께서 이같이 말씀하시되 너희에게 예언하는 선지자들의 말을 듣지 말라 그들은 너희에게 헛된 것을 가르치나니 그들의 말한 묵시는 자기 마음으로 말미암은 것이요 여호와의 입에서 나온 것이 아니니라
예레미야,23,17,예레미야 23:17,항상 그들이 나를 멸시하는 자에게 이르기를 너희가 평안하리라 여호와의 말씀이니라 하며 또 자기 마음의 강퍅한 대로 행하는 모든 사람에게 이르기를 재앙이 너희에게 임하지 아니하리라 하 였느니라
예레미야,23,18,예레미야 23:18,누가 여호와의 회의에 참여하여 그 말을 알아들었으며 누가 귀를 기울여 그말을 들었느뇨
예레미야,23,21,예레미야 23:21,이 선지자들은 내가 보내지 아니하였어도 달음질하며 내가 그들에게 이르지 아니하였어도 예언하였은즉
예레미야,23,23,예레미야 23:23,나 여호와가 말하노라 나는 가까운데 하나님이요 먼데 하나님은 아니냐
예레미야,23,24,예레미야 23:24,나 여호와가 말하노라 사람이 내게 보이지 아니하려고 누가 자기를 은밀한 곳에 숨길 수 있겠느냐 나 여호와가 말하노라 나는 천지에 충만하지 아니하냐
예레미야,23,25,예레미야 23:25,내 이름으로 거짓을 예언하는 선지자들의 말에 내가 몽사를 얻었다 함을 내가 들었노라
예레미야,23,26,예레미야 23:26,거짓을 예언하는 선지자들이 언제까지 이 마음을 품겠느냐 ? 그들은 그 마음의 간교한 것을 예언하느니라
예레미야,23,28,예레미야 23:28,나 여호와가 말하노라 몽사를 얻은 선지자는 몽사를 말할 것이요 내 말을 받은 자는 성실함으로 내 말을 말할 것이라 겨와 밀을 어찌 비교하겠느냐
예레미야,23,29,예레미야 23:29,나 여호와가 말하노라 내 말이 불 같지 아니하냐 ! 반석을 쳐서 부스러뜨리는 방망이 같지 아니하냐 !
예레미야,23,35,예레미야 23:35,너는 또 말하기를 너희는 서로 이웃과 형제에게 묻기를 여호와께서 무엇이라 응답하셨으며 무엇이라 말씀하셨느뇨 하고
예레미야,23,37,예레미야 23:37,너는 또 선지자에게 말하기를 여호와께서 네게 무엇이라 대답하셨으며 여호와께서 무엇이라 말씀하셨느뇨
예레미야,24,4,예레미야 24:4,여호와의 말씀이 또 내게 임하니라 가라사대
예레미야,24,5,예레미야 24:5,이스라엘의 하나님 여호와가 이같이 말하노라 내가 이 곳에서 옮겨 갈대아인의 땅에 이르게 한 유다 포로를 이 좋은 무화과같이 보아 좋게 할 것이라
예레미야,24,6,예레미야 24:6,내가 그들을 돌아보아 좋게 하여 다시 이 땅으로 인도하고 세우고 헐지 아니하며 심고 뽑지 아니하겠고
예레미야,24,7,예레미야 24:7,내가 여호와인 줄 아는 마음을 그들에게 주어서 그들로 전심으로 내게 돌아오게 하리니 그들은 내 백성이 되겠고 나는 그들의 하나님이 되리라
예레미야,25,4,예레미야 25:4,여호와께서 그 모든 종 선지자를 너희에게 보내시되 부지런히 보내셨으나 너희가 듣지 아니하였으며 귀를 기울여 들으려고도 아니하였도다
예레미야,25,5,예레미야 25:5,이르시기를 너희는 각기 악한 길과 너희 악행에서 돌이키라 ! 그리하면 나 여호와가 너희와 너희 열조에게 옛적에 주어 영원히 있게 한 그 땅에 거하리니
예레미야,25,6,예레미야 25:6,너희는 다른 신을 좇아 섬기거나 숭배하지 말며 너희 손으로 만든 것을 인하여 나의 노를 격동치 말라 그리하면 내가 너희를 해치 아니하리라 하였으나
예레미야,26,5,예레미야 26:5,내가 너희에게 보내고 부지런히 보낸 나의 종 선지자들의 말을 이미 듣지 아니하였거니와 너희가 만일 다시 듣지 아니하면
예레미야,26,6,예레미야 26:6,내가 이 집을 실로 같이 되게 하고 이 성으로 세계 열방의 저줏 거리가 되게 하리라 하셨다 하라
예레미야,26,9,예레미야 26:9,어찌하여 네가 여호와의 이름을 의탁하고 예언하여 이르기를 이집이 실로 같이 되겠고 이 성이 황무하여 거민이 없으리라 하느뇨 하며 그 모든 백성이 여호와의 집에서 예레미야에게로 모여 드니라
예레미야,26,10,예레미야 26:10,유다 방백들이 이 일을 듣고 왕궁에서 여호와의 집으로 올라와서 여호와의 집 새문 어귀에 앉으매
예레미야,26,15,예레미야 26:15,너희는 분명히 알라 너희가 나를 죽이면 정녕히 무죄한 피로 너희 몸과 이 성과 이 성 거민에게로 돌아가게 하리라 이는 여호와께서 진실로 나를 보내사 이 모든 말을 너희 귀에 이르게 하셨음이니라
예레미야,26,20,예레미야 26:20,또 여호와의 이름을 의탁하고 예언한 사람이 있었는데 곧 기럇여아림 스마야의 아들 우리야라 그가 예레미야의 모든 말과 같이 이 성과 이 땅을 쳐서 예언하매
예레미야,26,24,예레미야 26:24,사반의 아들 아히감이 예레미야를 보호하여 예레미야를 백성의 손에 내어주지 아니하여 죽이지 못하게 하니라
예레미야,27,2,예레미야 27:2,여호와께서 이같이 내게 이르시되 너는 줄과 멍에를 만들어 네 목에 얹고
예레미야,27,4,예레미야 27:4,그들에게 명하여 그 주에게 이르게 하기를 만군의 여호와 이스라엘의 하나님이 말씀하시되 너희는 너희 주에게 이같이 고하라
예레미야,27,5,예레미야 27:5,나는 내 큰 능과 나의 든 팔로 땅과 그 위에 있는 사람과 짐승들을 만들고 나의 소견에 옳은 대로 땅을 사람에게 주었노라
예레미야,27,7,예레미야 27:7,열방이 그와 그 아들과 손자를 섬기리라 그의 땅의 기한이 이르면 여러 나라와 큰 왕이 그로 자기를 섬기게 하리라마는
예레미야,27,19,예레미야 27:19,만군의 여호와께서 기둥들과 놋바다와 받침들과 및 이 성에 남아있는 기구에 대하여 이같이 말씀하시나니
예레미야,28,7,예레미야 28:7,그러나 너는 이제 내가 네 귀와 모든 백성의 귀에 이르는 이 말을 들으라
예레미야,28,8,예레미야 28:8,나와 너 이전 선지자들이 자고로 여러 나라와 큰 국가들에 대하여 전쟁과 재앙과 염병을 예언하였느니라
예레미야,28,9,예레미야 28:9,평화를 예언하는 선지자는 그 예언자의 말이 응한 후에야 그는 진실로 여호와의 보내신 선지자로 알게 되리라
예레미야,28,10,예레미야 28:10,선지자 하나냐가 선지자 예레미야의 목에서 멍에를 취하여 꺾고
예레미야,28,12,예레미야 28:12,선지자 하나냐가 선지자 예레미야의 목에서 멍에를 꺾어버린 후에 여호와의 말씀이 예레미야에게 임하니라 가라사대
예레미야,28,13,예레미야 28:13,너는 가서 하나냐에게 말하여 이르기를 여호와의 말씀에 네가 나무 멍에를 꺾었으나 그 대신 쇠 멍에를 만들었느니라
예레미야,28,16,예레미야 28:16,그러므로 여호와께서 말씀하시되 내가 너를 지면에서 제하리니 네가 여호와께 패역하는 말을 하였음이라 금년에 죽으리라 하셨느니라 하더니
예레미야,29,2,예레미야 29:2,때는 여고니야 왕과 국모와 환관들과 및 유다와 예루살렘 방백들과 목공들과 철공들이 예루살렘에서 떠난 후라
예레미야,29,5,예레미야 29:5,너희는 집을 짓고 거기 거하며 전원을 만들고 그 열매를 먹으라
예레미야,29,6,예레미야 29:6,아내를 취하여 자녀를 생산하며 너희 아들로 아내를 취하며 너희 딸로 남편을 맞아 그들로 자녀를 생산케 하여 너희로 거기서 번성하고 쇠잔하지 않게 하라
예레미야,29,7,예레미야 29:7,너희는 내가 사로잡혀 가게 한 그 성읍의 평안하기를 힘쓰고 위하여 여호와께 기도하라 이는 그 성이 평안함으로 너희도 평안할 것임이니라
예레미야,29,8,예레미야 29:8,만군의 여호와 이스라엘의 하나님이 이같이 말하노라 너희 중 선지자들에게와 복술에게 혹하지 말며 너희가 꾼 바 꿈도 신청하지말라
예레미야,29,9,예레미야 29:9,내가 그들을 보내지 아니하였어도 그들이 내 이름으로 거짓을 예언함이니라 여호와의 말이니라
예레미야,29,11,예레미야 29:11,나 여호와가 말하노라 너희를 향한 나의 생각은 내가 아나니 재앙이 아니라 곧 평안이요 너희 장래에 소망을 주려 하는 생각이라
예레미야,29,12,예레미야 29:12,너희는 내게 부르짖으며 와서 내게 기도하면 내가 너희를 들을 것이요
예레미야,29,13,예레미야 29:13,너희가 전심으로 나를 찾고 찾으면 나를 만나리라 !
예레미야,29,14,예레미야 29:14,나 여호와가 말하노라 내가 너희에게 만나지겠고 너희를 포로된 중에서 다시 돌아오게 하되 내가 쫓아 보내었던 열방과 모든 곳에서 모아 사로잡혀 떠나게 하던 본 곳으로 돌아오게 하리라 여호와의 말이니라 하셨느니라
예레미야,29,24,예레미야 29:24,너는 느헬람 사람 스마야에게 이같이 말하여 이르라
예레미야,29,27,예레미야 29:27,이제 네가 어찌하여 너희 중에 자칭 선지자라 하는 아나돗 사람 예레미야를 책망하지 아니하느냐
예레미야,29,30,예레미야 29:30,여호와의 말씀이 예레미야에게 임하여 가라사대
예레미야,30,1,예레미야 30:1,여호와께로서 말씀이 예레미야에게 임하여 이르시니라
예레미야,30,2,예레미야 30:2,이스라엘의 하나님 여호와께서 이같이 일러 가라사대 내가 네게 이른 모든 말을 책에 기록하라
예레미야,30,3,예레미야 30:3,나 여호와가 말하노라 내가 내 백성 이스라엘과 유다의 포로를 돌이킬 때가 이르리니 내가 그들을 그 열조에게 준 땅으로 돌아 오게 할 것이라 그들이 그것을 차지하리라 여호와의 말이니라
예레미야,30,4,예레미야 30:4,여호와께서 이스라엘과 유다에 대하여 하신 말씀이 이러하니라
예레미야,30,6,예레미야 30:6,너희는 자식을 해산하는 남자가 있는가 물어보라 남자마다 해산하는 여인 같이 손으로 각기 허리를 짚고 그 얼굴 빛이 창백하여 보임은 어찜이뇨
예레미야,30,17,예레미야 30:17,나 여호와가 말하노라 그들이 쫓겨난 자라 하며 찾는 자가 없는 시온이라 한즉 내가 너를 치료하여 네 상처를 낫게 하리라
예레미야,30,19,예레미야 30:19,감사하는 소리와 즐거워하는 자의 목소리가 그 중에서 나오리라 내가 그들을 번성케 하리니 쇠잔치 아니하겠고 내가 그들을 영화롭게 하리니 비천하지 아니하겠으며
예레미야,30,21,예레미야 30:21,그 왕은 그 본족에게서 날 것이요 그 통치자는 그들 중에서 나올 것이며 내가 그를 가까이 오게 하므로 그가 내게 접근하리라 그렇지 않고 담대히 내게 접근할 자가 누구뇨 여호와의 말이니라
예레미야,30,22,예레미야 30:22,너희는 내 백성이 되겠고 나는 너희 하나님이 되리라 !
예레미야,31,1,예레미야 31:1,나 여호와가 말하노라 그 때에 내가 이스라엘 모든 가족의 하나님이 되고 그들은 내 백성이 되리라
예레미야,31,2,예레미야 31:2,나 여호와가 이같이 말하노라 칼에서 벗어난 백성이 광야에서 은혜를 얻었나니 곧 내가 이스라엘로 안식을 얻게 하러 갈 때에라
예레미야,31,3,예레미야 31:3,나 여호와가 옛적에 이스라엘에게 나타나 이르기를 내가 무궁한 사랑으로 너를 사랑하는 고로 인자함으로 너를 인도하였다 하였노라
예레미야,31,6,예레미야 31:6,에브라임산 위에서 파숫군이 외치는 날이 이를 것이라 이르기를 너희는 일어나라 우리가 시온에 올라가서 우리 하나님 여호와께로 나아가자 하리라
예레미야,31,7,예레미야 31:7,나 여호와가 이같이 말하노라 너희는 야곱을 위하여 기뻐 노래하며 만국의 머리 된 자를 위하여 외쳐 전파하며 찬양하며 이르기를 여호와여 주의 백성 이스라엘의 남은 자를 구원하소서 하라
예레미야,31,9,예레미야 31:9,울며 올 것이며 그들이 나의 인도함을 입고 간구할 때에 내가 그들로 넘어지지 아니하고 하숫가의 바른 길로 행하게 하리라 나는 이스라엘의 아비요 에브라임은 나의 장자니라
예레미야,31,10,예레미야 31:10,열방이여 너희는 나 여호와의 말을 듣고 먼 섬에 전파하여 이르기를 이스라엘을 흩으신 자가 그를 모으시고 목자가 그 양무리에게 행함 같이 그를 지키시리로다
예레미야,31,11,예레미야 31:11,여호와께서 야곱을 속량하시되 그들보다 강한 자의 손에서 구속하셨으니
예레미야,31,12,예레미야 31:12,그들이 와서 시온의 높은 곳에서 찬송하며 여호와의 은사 곧 곡식과 새 포도주와 기름과 어린 양의 떼와 소의 떼에 모일 것이라 그 심령은 물댄 동산 같겠고 다시는 근심이 없으리로다 할지어다
예레미야,31,16,예레미야 31:16,나 여호와가 이같이 말하노라 네 소리를 금하여 울지 말며 네 눈을 금하여 눈물을 흘리지 말라 네 일에 갚음을 받을 것인즉 그들이 그 대적의 땅에서 돌아오리라 여호와의 말이니라
예레미야,31,17,예레미야 31:17,나 여호와가 말하노라 너의 최후에 소망이 있을것이라 너의 자녀가 자기들의 경내로 돌아오리라
예레미야,31,18,예레미야 31:18,에브라임이 스스로 탄식함을 내가 정녕히 들었노니 이르기를 주께서 나를 징벌하시매 멍에에 익숙지 못한 송아지 같은 내가 징벌을 받았나이다 주는 나의 하나님 여호와시니 나를 이끌어 돌이키소서 그리하시면 내가 돌아오겠나이다
예레미야,31,19,예레미야 31:19,내가 돌이킴을 받은 후에 뉘우쳤고 내가 교훈을 받은 후에 내 볼기를 쳤사오니 이는 어렸을 때의 치욕을 진고로 부끄럽고 욕됨이니이다 하도다
예레미야,31,20,예레미야 31:20,에브라임은 나의 사랑하는 아들 기뻐하는 자식이 아니냐 ? 내가 그를 책망하여 말할 때마다 깊이 생각하노라 그러므로 그를 위하여 내 마음이 측은한즉 내가 반드시 그를 긍휼히 여기리라 여호와의 말이니라
예레미야,31,21,예레미야 31:21,처녀 이스라엘아 ! 너를 위하여 길표를 세우며 너를 위하여 표목을 만들고 대로 곧 네가 전에 가던 길에 착념하라 돌아오라 네 성읍들로 돌아오라
예레미야,31,22,예레미야 31:22,패역한 딸아 ! 네가 어느때까지 방황하겠느냐 여호와가 새 일을 세상에 창조하였나니 곧 여자가 남자를 안으리라
예레미야,31,24,예레미야 31:24,유다와 그 모든 성읍의 농부와 양떼를 인도하는 자가 거기 함께 거하리니
예레미야,31,27,예레미야 31:27,"여호와께서 가라사대 보라, 내가 사람의 씨와 짐승의 씨를 이스라엘 집과 유다 집에 뿌릴 날이 이르리니"
예레미야,31,29,예레미야 31:29,그때에 그들이 다시는 이르기를 아비가 신 포도를 먹었으므로 아들들의 이가 시다 하지 아니하겠고
예레미야,31,31,예레미야 31:31,"나 여호와가 말하노라 보라, 날이 이르리니 내가 이스라엘 집과 유다 집에 새 언약을 세우리라"
예레미야,31,33,예레미야 31:33,나 여호와가 말하노라 그러나 그날 후에 내가 이스라엘 집에 세울 언약은 이러하니 곧 내가 나의 법을 그들의 속에 두며 그 마음에 기록하여 나는 그들의 하나님이 되고 그들은 내 백성이 될 것이라
예레미야,31,34,예레미야 31:34,그들이 다시는 각기 이웃과 형제를 가리켜 이르기를 너는 여호와를 알라 하지 아니하리니 이는 작은 자로부터 큰 자까지 다 나를 앎이니라 내가 그들의 죄악을 사하고 다시는 그 죄를 기억지 아니하리라 여호와의 말이니라
예레미야,31,35,예레미야 31:35,나 여호와는 해를 낮의 빛으로 주었고 달과 별들을 밤의 빛으로 규정하였고 바다를 격동시켜 그 파도로 소리치게 하나니 내 이름은 만군의 여호와니라 내가 말하노라
예레미야,31,38,예레미야 31:38,"나 여호와가 말하노라 보라, 날이 이르리니 이 성을 하나넬 망대에서부터 모퉁이 문까지 여호와를 위하여 건축할 것이라"
예레미야,31,39,예레미야 31:39,측량줄이 곧게 가렙산에 이르고 고아 방면으로 돌아
예레미야,32,7,예레미야 32:7,보라 네 숙부의 살룸의 아들 하나멜이 네게 와서 말하기를 너는 아나돗에 있는 내 밭을 사라 이 기업을 무를 권리가 네게 있느니라 하리라 하시더니
예레미야,32,9,예레미야 32:9,내 숙부의 아들 하나멜의 아나돗에 있는 밭을 사는데 은 십 칠 세겔을 달아 주되
예레미야,32,10,예레미야 32:10,증서를 써서 인봉하고 증인을 세우고 은을 저울에 달아 주고
예레미야,32,11,예레미야 32:11,법과 규례대로 인봉하고 인봉치 아니한 매매 증서를 내가 취하여
예레미야,32,12,예레미야 32:12,나의 숙부의 아들 하나멜과 매매 증서에 인 친 증인의 앞과 시위대 뜰에 앉은 유다 모든 사람 앞에서 그 매매 증서를 마세야의 손자 네리야의 아들 바룩에게 부치며
예레미야,32,14,예레미야 32:14,만군의 여호와 이스라엘의 하나님이 이같이 말씀하시기를 너는 이 증서 곧 인봉하고 인봉치 않은 매매증서를 취하여 토기에 담아 많은 날 동안 보존케 하라
예레미야,32,15,예레미야 32:15,만군의 여호와 이스라엘의 하나님 내가 이같이 말하노라 사람이 이 땅에서 집과 밭과 포도원을 다시 사게 되리라 하셨다 하니라
예레미야,32,17,예레미야 32:17,"슬프도소이다 주 여호와여, 주께서 큰 능과 드신 팔로 천지를 지으셨사오니 주에게는 능치 못한 일이 없으시니이다 !"
예레미야,32,18,예레미야 32:18,주는 은혜를 천만 인에게 베푸시며 아비의 죄악을 그 후 자손의 품에 갚으시오니 크고 능하신 하나님이시요 이름은 만군의 여호와시니이다
예레미야,32,19,예레미야 32:19,주는 모략에 크시며 행사에 능하시며 인류의 모든 길에 주목하시며 그 길과 그 행위의 열매대로 보응하시나이다
예레미야,32,22,예레미야 32:22,그들에게 주시기로 그 열조에게 맹세하신바 젖과 꿀이 흐르는 이 땅을 그들에게 주셨으므로
예레미야,32,25,예레미야 32:25,주 여호와여 주께서 내게 은으로 밭을 사며 증인을 세우라 하셨으나 이 성은 갈대아인의 손에 붙인 바 되었나이다
예레미야,32,27,예레미야 32:27,나는 여호와요 모든 육체의 하나님이라 내게 능치 못한 일이 있겠느냐
예레미야,32,37,예레미야 32:37,"보라, 내가 노와 분과 큰 분노로 그들을 쫓아 보내었던 모든 지방에서 그들을 모아내어 이 곳으로 다시 인도하여 안전히 거하게 할 것이라"
예레미야,32,39,예레미야 32:39,내가 그들에게 한 마음과 한 도를 주어 자기들과 자기 후손의 복을 위하여 항상 나를 경외하게 하고
예레미야,32,40,예레미야 32:40,내가 그들에게 복을 주기 위하여 그들을 떠나지 아니하리라 하는 영영한 언약을 그들에게 세우고 나를 경외함을 그들의 마음에 두어 나를 떠나지 않게 하고
예레미야,32,41,예레미야 32:41,내가 기쁨으로 그들에게 복을 주되 정녕히 나의 마음과 정신을 다하여 그들을 이 땅에 심으리라
예레미야,32,43,예레미야 32:43,너희가 말하기를 황폐하여 사람이나 짐승이 없으며 갈대아인의 손에 붙인 바 되었다 하는 이 땅에서 사람들이 밭을 사되
예레미야,32,44,예레미야 32:44,베냐민 땅과 예루살렘 사방과 유다 성읍들과 산지의 성읍들과 평지의 성읍들과 남방의 성읍들에 있는 밭을 은으로 사고 증서를 기록하여 인봉하고 증인을 세우리니 이는 내가 그들의 포로로 돌아오게 함이니라 여호와의 말이니라
예레미야,33,1,예레미야 33:1,예레미야가 아직 시위대 뜰에 갇혔을 때에 여호와의 말씀이 그에게 임하니라 가라사대
예레미야,33,2,예레미야 33:2,"일을 행하는 여호와, 그것을 지어 성취하는 여호와, 그 이름을 여호와라 하는 자가 이같이 이르노라"
예레미야,33,3,예레미야 33:3,너는 내게 부르짖으라 ! 내가 네게 응답하겠고 네가 알지 못하는 크고 비밀한 일을 네게 보이리라
예레미야,33,8,예레미야 33:8,내가 그들을 내게 범한 그 모든 죄악에서 정하게 하며 그들의 내게 범하여 행한 모든 죄악을 사할 것이라
예레미야,33,9,예레미야 33:9,이 성읍이 세계 열방 앞에서 내게 기쁜 이름이 될 것이며 찬송과 영광이 될 것이요 그들은 나의 이 백성에게 베푼 모든 복을 들을 것이요 나의 이 성읍에 베푼 모든 복과 모든 평강을 인하여 두려워하며 떨리라
예레미야,33,11,예레미야 33:11,하는 소리와 여호와의 집에 감사제를 드리는 자들의 소리가 다시 들리리니 이는 내가 이 땅의 포로로 돌아와서 처음과 같이 되게 할 것이니라 여호와의 말이니라
예레미야,33,12,예레미야 33:12,나 만군의 여호와가 이같이 말하노라 황폐하여 사람도 없고 짐승도 없던 이 곳과 그 모든 성읍에 다시 목자의 거할 곳이 있으리니 그 양무리를 눕게 할 것이라
예레미야,33,13,예레미야 33:13,산지 성읍들과 평지 성읍들과 남방의 성읍들과 베냐민 땅과 예루살렘 사면과 유다 성읍들에서 양 무리가 다시 계수하는 자의 손 아래로 지나리라 여호와의 말이니라
예레미야,33,14,예레미야 33:14,나 여호와가 말하노라 보라 내가 이스라엘 집과 유다 집에 대하여 이른 선한 말을 성취할 날이 이르리라
예레미야,33,19,예레미야 33:19,여호와의 말씀이 예레미야에게 임하니라 가라사대
예레미야,33,20,예레미야 33:20,나 여호와가 이같이 말하노라 너희가 능히 낮에 대한 나의 약정과 밤에 대한 나의 약정을 파하여 주야로 그 때를 잃게할 수 있을진대
예레미야,33,23,예레미야 33:23,여호와의 말씀이 예레미야에게 임하니라 가라사대
예레미야,33,24,예레미야 33:24,이 백성이 말하기를 여호와께서 그 택하신 두 족속을 버리셨다 한 것을 네가 생각지 아니하느냐 그들이 내 백성을 멸시하여 자기들 앞에서 나라로 인정치 아니하도다
예레미야,33,25,예레미야 33:25,나 여호와가 이같이 말하노라 나의 주야의 약정이 서지 아니할 수 있다든지 천지의 규례가 정한 대로 되지 아니할 수 있다 할진대
예레미야,34,4,예레미야 34:4,"그러나 유다 왕 시드기야여, 나 여호와의 말을 들으라 나 여호와가 네게 대하여 이같이 말하노라 네가 칼에 죽지 아니하고"
예레미야,34,5,예레미야 34:5,평안히 죽을 것이며 사람이 너보다 먼저 있은 네 열조 선왕에게 분향하던 일례로 네게 분향하며 너를 위하여 애통하기를 슬프다 주여 하리니 이는 내가 말하였음이니라 여호와의 말이니라
예레미야,34,6,예레미야 34:6,선지자 예레미야가 이 모든 말씀을 예루살렘에서 유다 왕 시드기야에게 고하니라
예레미야,34,8,예레미야 34:8,시드기야 왕이 예루살렘에 있는 모든 백성과 언약하고 자유를 선언한 후에 여호와께로서 말씀이 예레미야에게 임하니라
예레미야,34,9,예레미야 34:9,그 언약은 곧 사람으로 각기 히브리 남녀 노비를 놓아 자유케 하고 그 동족 유다인으로 종을 삼지 못하게 한 것이라
예레미야,34,10,예레미야 34:10,이 언약에 참가한 방백들과 모든 백성이 각기 노비를 자유케하고 다시는 종을 삼지 말라 함을 듣고 순복하여 놓았더니
예레미야,34,12,예레미야 34:12,그러므로 여호와의 말씀이 여호와께로서 예레미야에게 임하니라 가라사대
예레미야,34,14,예레미야 34:14,너희 형제 히브리 사람이 네게 팔렸거든 칠 년만에 너희는 각기 놓으라 그가 육 년을 너를 섬겼은즉 그를 놓아 자유케할지라 하였으나 너희 선조가 나를 듣지 아니하며 귀를 기울이지도 아니하였느니라
예레미야,34,15,예레미야 34:15,그러나 너희는 이제 돌이켜 내 목전에 정당히 행하여 각기 이웃에게 자유를 선언하되 내 이름으로 일컬음을 받는 집에서 내 앞에서 언약을 세웠거늘
예레미야,34,16,예레미야 34:16,너희가 뜻을 변하여 내 이름을 더럽히고 각기 놓아 그들의 마음대로 자유케 하였던 노비를 끌어다가 다시 너희에게 복종시켜서 너희 노비를 삼았도다
예레미야,34,22,예레미야 34:22,"나 여호와가 말하노라 보라, 내가 그들에게 명하여 이 성에 다시 오게 하리니 그들이 이 성을 쳐서 취하여 불사를 것이라 내가 유다 성읍들로 황무하여 거민이 없게 하리라"
예레미야,35,2,예레미야 35:2,너는 레갑 족속에게 가서 그들에게 말하고 그들을 여호와의 집 한 방으로 데려다가 포도주를 마시우라
예레미야,35,4,예레미야 35:4,여호와의 집에 이르러 익다랴의 아들 하나님의 사람 하난의 아들들의 방에 들였는데 그 방은 방백들의 방 곁이요 문을 지키는 살룸의 아들 마아세야의 방 위더라
예레미야,35,5,예레미야 35:5,내가 레갑 족속 사람들 앞에 포도주가 가득한 사발과 잔을 놓고 마시라 권하매
예레미야,35,7,예레미야 35:7,집도 짓지 말며 파종도 하지 말며 포도원도 재배치 말며 두지도 말고 너희 평생에 장막에 거처하라 그리하면 너희의 우거하는 땅에서 너희 생명이 길리라 하였으므로
예레미야,35,9,예레미야 35:9,거처할 집도 짓지 아니하며 포도원이나 밭이나 종자도 두지 아니하고
예레미야,35,10,예레미야 35:10,장막에 거처하여 우리 선조 요나답의 우리에게 명한대로 다 준행하였노라
예레미야,35,12,예레미야 35:12,때에 여호와의 말씀이 예레미야에게 임하여 가라사대
예레미야,35,13,예레미야 35:13,만군의 여호와 이스라엘의 하나님이 이같이 말하노라 너는 가서 유다 사람들과 예루살렘 거민에게 이르기를 여호와의 말씀에 너희가 내 말을 들으며 교훈을 받지 아니하겠느냐
예레미야,35,14,예레미야 35:14,레갑의 아들 요나답이 그 자손에게 포도주를 마시지 말라 한 그 명령은 실행되도다 그들은 그 선조의 명령을 순종하여 오늘까지 마시지 아니하거늘 내가 너희에게 말하고 부지런히 말하여도 너희는 나를 듣지 아니하도다
예레미야,35,16,예레미야 35:16,레갑의 아들 요나답의 자손은 그 선조가 그들에게 명한 그 명령을 준행하나 이 백성은 나를 듣지 아니하도다
예레미야,35,19,예레미야 35:19,그러므로 나 만군의 여호와 이스라엘의 하나님이 이같이 말하노라 레갑의 아들 요나답에게서 내 앞에 설 사람이 영영히 끊어지지 아니하리라
예레미야,36,3,예레미야 36:3,유다 족속이 내가 그들에게 내리려한 모든 재앙을 듣고 각기 악한 길에서 돌이킬듯 하니라 그리하면 내가 그 악과 죄를 사하리라
예레미야,36,6,예레미야 36:6,너는 들어가서 나의 구전대로 두루마리에 기록한 여호와의 말씀을 금식일에 여호와의 집에 있는 백성의 귀에 낭독하고 유다 모든 성에서 온 자들의 귀에도 낭독하라
예레미야,36,7,예레미야 36:7,그들이 여호와앞에 기도를 드리며 각기 악한 길을 떠날듯 하니라 여호와께서 이 백성에 대하여 선포하신 노와 분이 크니라
예레미야,36,8,예레미야 36:8,네리야의 아들 바룩이 무릇 선지자 예레미야의 자기에게 명한대로하여 여호와의 집에서 책에 있는 여호와의 말씀을 낭독하니라
예레미야,36,10,예레미야 36:10,바룩이 여호와의 집 윗뜰 곧 여호와의 집 새문 어귀의 곁에 있는 사반의 아들 서기관 그마랴의 방에서 그 책에 있는 예레미야의 말을 낭독하여 모든 백성에게 들리니라
예레미야,36,11,예레미야 36:11,사반의 손자요 그마랴의 아들인 미가야가 그 책에 있는 여호와의 말씀을 다 듣고
예레미야,36,13,예레미야 36:13,미가야가 바룩의 백성의 귀에 책을 낭독할 때에 들은 모든 말로 그들에게 고하매
예레미야,36,24,예레미야 36:24,왕과 그 신하들이 이 모든 말을 듣고도 두려워하거나 그 옷을 찢지 아니하였고
예레미야,36,25,예레미야 36:25,엘라단과 들라야와 그마랴가 왕께 두루마리를 사르지 말기를 간구하여도 왕이 듣지 아니하였으며
예레미야,36,27,예레미야 36:27,왕이 두루마리와 바룩이 예레미야의 구전으로 기록한 말씀을 불사른 후에 여호와의 말씀이 예레미야에게 임하니라 가라사대
예레미야,36,28,예레미야 36:28,너는 다시 다른 두루마리를 가지고 유다 왕 여호야김의 불사른 첫 두루마리의 모든 말을 기록하고
예레미야,37,2,예레미야 37:2,그와 그 신하와 그 땅 백성이 여호와께서 선지자 예레미야로 하신 말씀을 듣지 아니하니라
예레미야,37,6,예레미야 37:6,여호와의 말씀이 선지자 예레미야에게 임하여 가라사대
예레미야,37,12,예레미야 37:12,예레미야가 베냐민 땅에서 백성 중 분깃을 받으려고 예루살렘을 떠나 그리로 가려 하여
예레미야,37,20,예레미야 37:20,내 주 왕이여 이제 청컨대 나를 들으시며 나의 탄원을 받으사 나를 서기관 요나단의 집으로 돌려 보내지 마옵소서 내가 거기서 죽을까 두려워하나이다
예레미야,38,7,예레미야 38:7,왕궁 환관 구스인 에벳멜렉이 그들의 예레미야를 구덩이에 던져넣었음을 들으니라 때에 왕이 베냐민 문에 앉았더니
예레미야,38,11,예레미야 38:11,에벳멜렉이 사람들을 데리고 왕궁 곳간 밑 방에 들어가서 거기서 헝겊과 낡은 옷을 취하고 그것을 구덩이에 있는 예레미야에게 줄로 내리우며
예레미야,38,21,예레미야 38:21,그러나 만일 항복하기를 거절하시면 여호와께서 내게 보이신 말씀대로 되리이다
예레미야,38,25,예레미야 38:25,만일 방백들이 내가 너와 말하였다 함을 듣고 와서 네게 말하기를 네가 왕에게 말씀한 것을 우리에게 고하라 우리에게 숨기지 말라 그리하면 우리가 너를 죽이지 아니하리라 또 왕이 네게 말씀한 것을 고하라 하거든
예레미야,38,27,예레미야 38:27,모든 방백이 예레미야에게 와서 울으매 그가 왕의 명한 모든 말대로 대답하였으므로 일이 탄로치 아니하였고 그들은 더불어 말하기를 그쳤더라
예레미야,38,28,예레미야 38:28,예레미야가 예루살렘이 함락되는 날까지 시위대 뜰에 머물렀더라
예레미야,39,14,예레미야 39:14,보내어 예레미야를 시위대 뜰에서 취하여 내어 사반의 손자 아히감의 아들 그다랴에게 붙여서 그를 집으로 데려가게 하매 그가 백성 중에 거하니라
예레미야,39,15,예레미야 39:15,예레미야가 시위대 뜰에 갇혔을 때에 여호와의 말씀이 그에게 임하니라 가라사대
예레미야,39,17,예레미야 39:17,나 여호와가 말하노라 내가 그 날에 너를 구원하리니 네가 그 두려워하는 사람들의 손에 붙이우지 아니하리라
예레미야,39,18,예레미야 39:18,내가 단정코 너를 구원할 것인즉 네가 칼에 죽지 아니하고 네 생명이 노략물을 얻음같이 되리니 이는 네가 나를 신뢰함이니라 여호와의 말이니라
예레미야,40,6,예레미야 40:6,예레미야가 미스바로가서 아히감의 아들 그다랴에게로 나아가서 그 땅에 남아 있는 백성 중에서 그와 함께 거하니라
예레미야,40,10,예레미야 40:10,나는 미스바에 거하여 우리에게로 오는 갈대아인을 섬기리니 너희는 포도주와 여름 실과와 기름을 모아 그릇에 저축하고 너희의 얻은 성읍들에 거하라 하니라
예레미야,40,12,예레미야 40:12,그 모든 유다인이 쫓겨났던 각처에서 돌아와 유다 땅 미스바 그다랴에게 이르러 포도주와 여름 실과를 심히 많이 모으니라
예레미야,40,13,예레미야 40:13,가레아의 아들 요하난과 들에 있던 군대장관들이 미스바 그다랴에게 이르러
예레미야,41,3,예레미야 41:3,이스마엘이 또 미스바에서 그다랴와 함께한 모든 유다인과 거기 있는 갈대아 군사를 죽였더라
예레미야,41,6,예레미야 41:6,느다냐의 아들 이스마엘이 그들을 영접하러 미스바에서 나와서 울며 행하다가 그들을 만나 아히감의 아들 그다랴에게로 가자 하여
예레미야,41,10,예레미야 41:10,미스바에 남아 있는 왕의 딸들과 모든 백성 곧 시위대장 느부사라단이 아히감의 아들 그다랴에게 위임하였던 바 미스바에 남아 있는 모든 백성을 사로잡되 곧 느다냐의 아들 이스마엘이 그들을 사로잡고 암몬 자손에게로 가려 하여 떠나니라
예레미야,41,11,예레미야 41:11,가레아의 아들 요하난과 그와 함께 있는 모든 군대장관이 느다냐의 아들 이스마엘의 행한 모든 악을 듣고
예레미야,41,12,예레미야 41:12,모든 사람을 데리고 느다냐의 아들 이스마엘과 싸우러 가다가 기브온 큰 물가에서 그를 만나매
예레미야,41,13,예레미야 41:13,이스마엘과 함께 있던 모든 백성이 가레아의 아들 요하난과 그와 함께 한 모든 군대장관을 보고 기뻐한지라
예레미야,41,15,예레미야 41:15,느다냐의 아들 이스마엘이 여덟 사람과 함께 요하난을 피하여 암몬 자손에게로 가니라
예레미야,41,16,예레미야 41:16,가레아의 아들 요하난과 그와 함께하는 모든 군대장관이 느다냐의 아들 이스마엘이 아히감의 아들 그다랴를 죽이고 미스바에서 잡아간 모든 남은 백성 곧 군사와 여인과 유아와 환관을 기브온에서 빼앗아 가지고 돌아와서
예레미야,42,3,예레미야 42:3,당신의 하나님 여호와께서 우리의 마땅히 갈 길과 할 일을 보이시기를 원하나이다
예레미야,42,6,예레미야 42:6,우리가 당신을 우리 하나님 여호와께 보냄은 그의 목소리가 우리에게 좋고 좋지 아니함을 물론하고 청종하려 함이라 우리가 우리 하나님 여호와의 목소리를 청종하면 우리에게 복이 있으리이다
예레미야,42,7,예레미야 42:7,십 일 후에 여호와의 말씀이 예레미야에게 임하니
예레미야,42,10,예레미야 42:10,너희가 이 땅에 여전히 거하면 내가 너희를 세우고 헐지 아니하며 너희를 심고 뽑지 아니하리니 이는 내가 너희에게 내린 재앙에 대하여 뜻을 돌이킴이니라
예레미야,42,12,예레미야 42:12,내가 너희를 긍휼히 여기리니 그로도 너희를 긍휼히 여기게 하여 너희를 너희 본향으로 돌려 보내게 하리라 하셨느니라
예레미야,42,20,예레미야 42:20,너희가 나를 너희 하나님 여호와께 보내며 이르기를 우리를 위하여 우리 하나님 여호와께 기도하고 우리 하나님 여호와께서 말씀하신 대로 우리에게 고하라 우리가 이를 행하리라 하여 너희 마음을 속였느니라
예레미야,42,21,예레미야 42:21,너희 하나님 여호와께서 나를 보내사 너희에게 명하신 말씀을 내가 오늘날 너희에게 고하였어도 너희가 그 목소리를 도무지 순종치 아니하였은즉
예레미야,42,22,예레미야 42:22,너희가 가서 우거하려 하는 곳에서 칼과 기근과 염병에 죽을줄 분명히 알지니라
예레미야,43,1,예레미야 43:1,예레미야가 모든 백성에게 그들의 하나님 여호와의 말씀 곧 그들의 하나님 여호와께서 자기를 보내사 그들에게 이르게 하신 이 모든 말씀을 다 말하매
예레미야,43,5,예레미야 43:5,가레아의 아들 요하난과 모든 군대장관이 유다의 남은 자 곧 쫓겨났던 열방 중에서 유다 땅에 거하려하여 돌아온 자
예레미야,43,8,예레미야 43:8,다바네스에서 여호와의 말씀이 예레미야에게 임하여 가라사대
예레미야,44,4,예레미야 44:4,내가 나의 모든 종 선지자들을 그들에게 보내되 부지런히 보내어 이르기를 너희는 나의 미워하는 이 가증한 일을 행치 말라 하였어도
예레미야,44,9,예레미야 44:9,너희가 유다 땅과 예루살렘 거리에서 행한 너희 열조의 악과 유다 왕들의 악과 왕비들의 악과 너희의 악과 너희 아내들의 악을 잊었느냐
예레미야,44,16,예레미야 44:16,네가 여호와의 이름으로 우리에게 하는 말을 우리가 듣지 아니하고
예레미야,44,21,예레미야 44:21,너희가 너희 선조와 너희 왕들과 방백들과 유다 땅 백성이 유다 성읍들과 예루살렘 거리들에서 분향한 일을 여호와께서 기억지 아니하셨느냐 생각지 아니하셨느냐
예레미야,44,22,예레미야 44:22,여호와께서 너희 악행과 가증한 소위를 더 참으실 수 없으셨으므로 너희 땅이 오늘과 같이 황무하며 놀램과 저주거리가 되어 거민이 없게 되었나니
예레미야,44,23,예레미야 44:23,너희가 분향하여 여호와께 범죄하였으며 여호와의 목소리를 청종치 아니하고 여호와의 법과 율례와 증거대로 행치 아니하였으므로 이 재앙이 오늘과 같이 너희에게 미쳤느니라
예레미야,44,29,예레미야 44:29,나 여호와가 말하노라 내가 이 곳에서 너희를 벌할 표징이 이것이라 내가 너희에게 재앙을 내리리라 한 말이 단정코 성립될 것을 그것으로 알게 하리라
예레미야,45,3,예레미야 45:3,네가 일찍 말하기를 슬프다 여호와께서 나의 고통에 슬픔을 더하셨으니 나는 나의 탄식으로 피곤하여 평안치 못하다 하도다 하셨고
예레미야,45,4,예레미야 45:4,또 내게 이르시기를 너는 그에게 이르라 여호와께서 이같이 말씀하시기를 보라 나는 나의 세운 것을 헐기도 하며 나의 심은 것을 뽑기도 하나니 온 땅에 이러하거늘
예레미야,45,5,예레미야 45:5,네가 너를 위하여 대사를 경영하느냐 그것을 경영하지 말라 보라 내가 모든 육체에게 재앙을 내리리라 그러나 너의 가는 모든 곳에서는 내가 너로 생명 얻기를 노략물을 얻는 것같게 하리라 여호와의 말이니라 하셨느니라
예레미야,46,1,예레미야 46:1,열국에 대하여 선지자 예레미야에게 임한 여호와의 말씀이라
예레미야,46,3,예레미야 46:3,"너희는 큰 방패, 작은 방패를 예비하고 나가서 싸우라"
예레미야,46,4,예레미야 46:4,"너희 기병이여, 말에 안장을 지워 타며 투구를 쓰고 나서며 창을 갈며 갑옷을 입으라"
예레미야,46,7,예레미야 46:7,저 나일의 창일함과 강물의 흉용함 같은 자 누구뇨
예레미야,46,18,예레미야 46:18,"만군의 여호와라 일컫는 왕이 가라사대 나의 삶으로 맹세하노니 그가 과연 산들 중의 다볼같이, 해변의 갈멜같이 오리라"
예레미야,48,6,예레미야 48:6,도망하여 네 생명을 구원하여 광야의 떨기나무같이 될지어다
예레미야,48,14,예레미야 48:14,"너희가 어찌하여 말하기를 우리는 용사요, 전쟁의 맹사라 하느뇨"
예레미야,48,19,예레미야 48:19,"아로엘에 거하는 여인이여, 길곁에 서서 지키며 도망하는 자와 피하는 자에게 일이 어찌 되었는가 물을지어다"
예레미야,48,30,예레미야 48:30,나 여호와가 말하노라 내가 그 노함의 허탄함을 아노니 그가 자긍하여도 아무 것도 성취치 못하였도다
예레미야,48,32,예레미야 48:32,"십마의 포도나무여, 너의 가지가 바다를 넘어 야셀 바다까지 뻗었더니 너의 여름 실과와 포도에 파멸하는 자가 이르렀으니 내가 너를 위하여 곡하기를 야셀의 곡함보다 더하리로다"
예레미야,48,34,예레미야 48:34,헤스본에서 엘르알레를 지나 야하스까지와 소알에서 호로나임을 지나 에글랏셀리시야까지의 사람들이 소리를 발하여 부르짖음은 니므림의 물도 말랐음이로다
예레미야,48,37,예레미야 48:37,각 사람의 두발이 밀렸고 수염이 깍였으며 손이 베어졌으며 허리에 굵은 베가 둘렸고
예레미야,49,1,예레미야 49:1,암몬 자손에 대한 말씀이라 여호와께서 이같이 말씀하시되 이스라엘이 무자하냐 상속자가 없느냐 말감이 갓을 점령하며 그 백성이 그 성읍들에 거함은 어찜이뇨
예레미야,49,4,예레미야 49:4,타락한 딸아 ! 어찌하여 골짜기 곧 네 흐르는 골짜기로 자랑하느냐 네가 어찌하여 재물을 의뢰하여 말하기를 누가 내게 오리요 하느냐
예레미야,49,6,예레미야 49:6,그러나 그 후에 내가 암몬 자손의 포로로 돌아오게 하리라 여호와의 말이니라 하시니라
예레미야,49,8,예레미야 49:8,드단 거민아 ! 돌이켜 도망할지어다 깊은데 숨을지어다 내가 에서의 재난을 그에게 임하게 하여 그를 벌할 때가 이르게 하리로다
예레미야,49,9,예레미야 49:9,포도를 거두는 자들이 네게 이르면 약간의 열매도 남기지 아니하겠고 밤에 도적이 오면 그 욕심이 차기까지 멸하느니라
예레미야,49,10,예레미야 49:10,대저 내가 에서로 적신이 되게 하여 그 비밀한 곳들이 드러나게 하였나니 그가 그 몸을 숨길 수 없을 것이라 그 자손과 형제와 이웃이 멸망하였은즉 그가 없어졌느니라
예레미야,49,11,예레미야 49:11,네 고아들을 남겨 두라 내가 그들을 살려 두리라 네 과부들은 나를 의지할 것이니라
예레미야,49,12,예레미야 49:12,"나 여호와가 이같이 말하노라 보라, 이 잔을 마시지 않을 자도 마시지 않지 못하겠거늘 네가 형벌을 온전히 면하겠느냐 면하지 못하고 반드시 마시리라"
예레미야,49,13,예레미야 49:13,나 여호와가 말하노라 내가 나로 맹세하노니 보스라가 놀램과 저줏거리가 될 것이요 그 모든 성읍이 영영히 황폐하리라
예레미야,49,14,예레미야 49:14,내가 여호와에게서부터 오는 소식을 들었노라 사자를 열방 중에 보내어 이르시되 너희는 모여와서 그를 치며 일어나서 싸우라 하시도다
예레미야,49,15,예레미야 49:15,여호와께서 가라사대 내가 너를 열방 중에 작게 하였고 사람들 중에 멸시를 받게 하였느니라
예레미야,49,16,예레미야 49:16,"바위 틈에 거하며 산꼭대기를 점령한 자여, 스스로 두려운 자인 줄로 여김과 네 마음의 교만이 너를 속였도다 네가 독수리같이 보금자리를 높이 지었을지라도 내가 거기서 너를 끌어 내리리라 여호와의 말이니라"
예레미야,49,25,예레미야 49:25,"찬송의 성읍, 나의 즐거운 성읍이 어찌 버린 것이 되지 않겠느냐 ?"
예레미야,49,29,예레미야 49:29,너희는 그 장막과 양떼를 취하며 휘장과 모든 기구와 약대를 빼앗아다가 소유를 삼고 그들을 향하여 외치기를 두려움이 사방에 있다 할지니라
예레미야,49,31,예레미야 49:31,나 여호와가 말하노라 너는 일어나 저 평안하고 염려없이 거하는 백성 곧 성문이나 문빗장이 없이 홀로 거하는 국민을 치라
예레미야,49,32,예레미야 49:32,그들의 약대들은 노략되겠고 그 많은 가축은 탈취를 당할 것이라 내가 그 머리털을 모지게 깍는 자들을 사면에 흩고 그 재난을 각 방에서 오게 하리라 여호와의 말이니라
예레미야,49,33,예레미야 49:33,하솔은 시랑의 거처가 되어 영원히 황무하리니 거기 거하는 사람이나 그 중에 우거하는 아무 인자가 없게 되리라
예레미야,49,34,예레미야 49:34,유다 왕 시드기야의 즉위한지 오래지 아니하여서 엘람에 대한 여호와의 말씀이 선지자 예레미야에게 임하니라 가라사대
예레미야,49,35,예레미야 49:35,"나 만군의 여호와가 이같이 말하노라 보라, 내가 엘람의 힘의 으뜸되는 활을 꺽을 것이요"
예레미야,49,36,예레미야 49:36,하늘의 사방에서부터 사방 바람을 엘람에 이르게 하여 그들을 사방으로 흩으리니 엘람에서 쫓겨난 자의 이르지 아니하는 나라가 없으리라
예레미야,49,37,예레미야 49:37,"나 여호와가 말하노라 내가 엘람으로 그 원수의 앞, 그 생명을 찾는 자의 앞에서 놀라게 할 것이며 내가 재앙 곧 나의 진노를 그 위에 내릴 것이며 내가 또 그 뒤로 칼을 보내어 그를 진멸하기까지 할 것이라"
예레미야,49,38,예레미야 49:38,내가 나의 위를 엘람에 베풀고 왕과 족장들을 그 곳에서 멸하리라 여호와의 말이니라
예레미야,49,39,예레미야 49:39,그러나 끝날에 이르러는 내가 엘람의 포로를 돌아오게 하리라 여호와의 말이니라
예레미야,50,5,예레미야 50:5,그들이 그 얼굴을 시온으로 향하여 그 길을 물으며 말하기를 너희는 오라 ! 잊어버리지 아니할 영영한 언약으로 여호와와 연합하자 하리라
예레미야,50,6,예레미야 50:6,내 백성은 잃어버린 양떼로다 그 목자들이 그들을 곁길로 가게 하여 산으로 돌이키게 하였으므로 그들이 산에서 작은 산으로 돌아다니며 쉴 곳을 잊었도다
예레미야,50,7,예레미야 50:7,그들을 만나는 자들은 그들을 삼키며 그 대적은 말하기를 그들은 여호와 곧 의로운 처소시며 그 열조의 소망이신 여호와께 범죄하였음인즉 우리는 무죄하다 하였느니라
예레미야,50,10,예레미야 50:10,갈대아가 약탈을 당할 것이라 그를 약탈하는 자마다 만족하리라 여호와의 말이니라
예레미야,50,11,예레미야 50:11,"나의 산업을 노략하는 자여, 너희가 즐거워하며 기뻐하며 곡식을 가는 송아지같이 뛰며 힘센 말같이 울도다"
예레미야,50,15,예레미야 50:15,그 사면에서 소리질러 칠지어다 그가 항복하였고 그 보장은 무너졌고 그 성벽은 훼파되었으니 이는 여호와의 보수하시는 것이라 그의 행한대로 그에게 행하여 보수하라
예레미야,50,19,예레미야 50:19,이스라엘을 다시 그 목장으로 돌아오게 하리니 그가 갈멜과 바산에서 먹을 것이며 그 마음이 에브라임과 길르앗산에서 만족하리라
예레미야,50,20,예레미야 50:20,나 여호와가 말하노라 그 날 그 때에는 이스라엘의 죄악을 찾을지라도 없겠고 유다의 죄를 찾을지라도 발견치 못하리니 이는 내가 나의 남긴 자를 사할 것임이니라
예레미야,50,21,예레미야 50:21,나 여호와가 말하노라 너희는 올라가서 므라다임의 땅을 치며 브곳의 거민을 쳐서 진멸하되 내가 너희에게 명한대로 다하라
예레미야,50,22,예레미야 50:22,그 땅에 싸움의 소리와 큰 파멸의 소리가 있으리라
예레미야,50,25,예레미야 50:25,나 여호와가 그 병고를 열고 분노의 병기를 냄은 주 만군의 여호와 내가 갈대아인의 땅에 행할 일이 있음이라
예레미야,50,26,예레미야 50:26,먼데 있는 너희는 와서 그를 치고 그 곳간을 열고 그것을 쌓아 무더기 같게 하라 그를 진멸하고 남기지 말라
예레미야,50,27,예레미야 50:27,"그 황소를 다 죽이라 도수장으로 내려가게 하라 그들에게 화 있도다 ! 그들의 날, 그 벌 받는 때가 이르렀음이로다"
예레미야,50,30,예레미야 50:30,그러므로 그 날에 청년들이 그 거리에 엎드러지겠고 군사들이 멸절되리라 여호와의 말이니라
예레미야,50,31,예레미야 50:31,"주 만군의 여호와가 말하노라 교만한 자여, 보라, 내가 너를 대적하나니 네 날 곧 너를 벌할 때가 이르렀음이라"
예레미야,50,32,예레미야 50:32,교만한 자가 걸려 넘어지겠고 그를 일으킬 자가 없을 것이며 내가 그 성읍들에 불을 놓으리니 그 사면에 있는 것이 다 살라지리라
예레미야,50,41,예레미야 50:41,"보라, 한 족속이 북방에서 오고 큰 나라와 여러 왕이 격동을 받아 땅 끝에서 오나니"
예레미야,51,5,예레미야 51:5,대저 이스라엘과 유다가 이스라엘의 거룩하신 자를 거역하므로 죄과가 땅에 가득하나 그 하나님 만군의 여호와에게 버림을 입지 아니하였나니
예레미야,51,10,예레미야 51:10,여호와께서 우리 의를 드러내셨으니 오라 시온에서 우리 하나님 여호와의 일을 선포하자
예레미야,51,15,예레미야 51:15,여호와께서 그 권능으로 땅을 지으셨고 그 지혜로 세계를 세우셨고 그 명철로 하늘들을 펴셨으며
예레미야,51,17,예레미야 51:17,사람마다 우준하고 무식하도다 금장색마다 자기의 만든 신상으로 인하여 수치를 당하나니 이는 그 부어만든 우상은 거짓이요 그 속에 생기가 없음이라
예레미야,51,18,예레미야 51:18,그것들은 헛것이요 망령되이 만든 것인즉 징벌하시는 때에 멸망할 것이나
예레미야,51,19,예레미야 51:19,야곱의 분깃은 이같지 아니하시니 그는 만물의 조성자요 이스라엘은 그 산업의 지파라 그 이름은 만군의 여호와시니라
예레미야,51,36,예레미야 51:36,그러므로 여호와께서 이같이 말씀하시되 보라 내가 네 송사를 듣고 너를 위하여 보수하여 그 바다를 말리며 그 샘을 말리리니
예레미야,51,46,예레미야 51:46,너희 마음을 겁약하게 말며 이 땅에서 들리는 풍설을 인하여 두려워 말라 풍설은 이 해에도 있었고 저 해에도 있으리라 경내에는 강포함이 있어 관원끼리 서로 치리라
예레미야,51,50,예레미야 51:50,칼을 면한 자들이여 서지 말라 행하라 원방에서 여호와를 생각하며 예루살렘을 너희 마음에 두라
예레미야,51,51,예레미야 51:51,이방인이 여호와의 집 성소에 들어가므로 우리가 책망을 들으며 수치를 당하여 부끄러움이 우리 얼굴에 덮였느니라
예레미야,52,18,예레미야 52:18,또 가마들과 부삽들과 불집게들과 주발들과 숟가락들과 섬길 때에 쓰는 모든 놋그릇을 다 가져 갔으며
예레미야,52,19,예레미야 52:19,시위대 장관이 또 잔들과 화로들과 주발들과 솥들과 촛대들과 숟가락들과 바리들 곧 금물의 금과 은물의 은을 가져갔는데
예레미야,52,22,예레미야 52:22,기둥 위에 놋머리가 있어 그 고가 다섯 규빗이요 머리 사면으로 돌아가며 꾸민 그물과 석류가 다 놋이며 또 다른 기둥에도 이런 모든 것과 석류가 있었으며
예레미야,52,25,예레미야 52:25,또 성중에서 사람을 잡았으니 곧 군사를 거느린 장관 하나와 또 성중에서 만난 바 왕의 시종 칠 인과 국민을 초모하는 군대장관의 서기관 하나와 성중에서 만난 바 국민 육십 명이라
예레미야,52,31,예레미야 52:31,유다 왕 여호야긴이 사로잡혀간지 삼십칠년 곧 바렙론 왕 에윌므로닥의 즉위 원년 십이월 이십오일에 그가 유다 왕 여호야긴을 옥에서 내어놓아 그 머리를 들게 하고
예레미야,52,33,예레미야 52:33,그 죄수의 의복을 바꾸게 하고 그 일평생에 항상 왕의 앞에서 먹게 하였으며
예레미야애가,1,16,예레미야애가 1:16,"이를 인하여 내가 우니 내 눈에 눈물이 물 같이 흐름이여, 나를 위로하여 내 영을 소성시킬 자가 멀리 떠났음이로다 원수들이 이기매 내 자녀들이 외롭도다"
예레미야애가,1,20,예레미야애가 1:20,"여호와여, 돌아보옵소서 내가 환난 중에서 마음이 괴롭고 마음이 번뇌하오니 나의 패역이 심히 큼이니이다 밖으로는 칼의 살륙이 있고 집에는 사망 같은 것이 있나이다"
예레미야애가,1,21,예레미야애가 1:21,저희가 나의 탄식을 들었으나 나를 위로하는 자가 없고 나의 모든 원수가 나의 재앙을 들었으나 주께서 이렇게 행하심을 기뻐하나이다 주께서 반포하신 날을 이르게 하시리니 저희가 나와 같이 되겠나이다
예레미야애가,2,10,예레미야애가 2:10,처녀 시온의 장로들이 땅에 앉아 잠잠하고 티끌을 머리에 무릅쓰고 굵은 베를 허리에 둘렀음이여 예루살렘 처녀들은 머리를 땅에 숙였도다
예레미야애가,2,11,예레미야애가 2:11,내 눈이 눈물에 상하며 내 창자가 끓으며 내 간이 땅에 쏟아졌으니 이는 처녀 내 백성이 패망하여 어린 자녀와 젖먹는 아이들이 성읍 길거리에 혼미함이로다
예레미야애가,2,13,예레미야애가 2:13,"처녀 예루살렘이여 내가 무엇으로 네게 증거하며 무엇으로 네게 비유할꼬 처녀 시온이여, 내가 무엇으로 네게 비교하여 너를 위로 할꼬 너의 파괴됨이 바다 같이 크니 누가 너를 고칠소냐"
예레미야애가,2,18,예레미야애가 2:18,저희 마음이 주를 향하여 부르짖기를 처녀 시온의 성곽아 너는 밤낮으로 눈물을 강처럼 흘릴지어다 스스로 쉬지 말고 네 눈동자로 쉬게 하지 말지어다
예레미야애가,2,19,예레미야애가 2:19,밤 초경에 일어나 부르짖을지어다 네 마음을 주의 얼굴 앞에 물 쏟듯 할지어다 각 길머리에서 주려 혼미한 네 어린 자녀의 생명을 위하여 주를 향하여 손을 들지어다 하였도다
예레미야애가,2,21,예레미야애가 2:21,노유는 다 길바닥에 엎드러졌사오며 내 처녀들과 소년들이 칼에 죽었나이다 주께서 진노하신 날에 죽이시되 긍휼히 여기지 아니하시고 살륙하셨나이다
예레미야애가,2,22,예레미야애가 2:22,주께서 내 두려운 일을 사방에서 부르시기를 절기에 무리를 부름같이 하셨나이다 여호와께서 진노하신 날에 피하거나 남은 자가 없었나이다 내 손에 받들어 기르는 자를 내 원수가 다 멸하였나이다
예레미야애가,3,1,예레미야애가 3:1,여호와의 노하신 매로 인하여 고난 당한 자는 내로다
예레미야애가,3,2,예레미야애가 3:2,나를 이끌어 흑암에 행하고 광명에 행치 않게 하셨으며
예레미야애가,3,3,예레미야애가 3:3,종일토록 손을 돌이켜 자주 자주 나를 치시도다
예레미야애가,3,4,예레미야애가 3:4,나의 살과 가죽을 쇠하게 하시며 나의 뼈를 꺾으셨고
예레미야애가,3,5,예레미야애가 3:5,담즙과 수고를 쌓아 나를 에우셨으며
예레미야애가,3,6,예레미야애가 3:6,나로 흑암에 거하게 하시기를 죽은지 오랜 자 같게 하셨도다
예레미야애가,3,7,예레미야애가 3:7,나를 둘러 싸서 나가지 못하게 하시고 나의 사슬을 무겁게 하셨으며
예레미야애가,3,8,예레미야애가 3:8,내가 부르짖어 도움을 구하나 내 기도를 물리치시며
예레미야애가,3,9,예레미야애가 3:9,다듬은 돌을 쌓아 내 길을 막으사 내 첩경을 굽게 하셨도다
예레미야애가,3,10,예레미야애가 3:10,저는 내게 대하여 엎드리어 기다리는 곰과 은밀한 곳의 사자 같으사
예레미야애가,3,11,예레미야애가 3:11,나의 길로 치우치게 하시며 내 몸을 찢으시며 나로 적막하게 하셨도다
예레미야애가,3,12,예레미야애가 3:12,활을 당기고 나로 과녁을 삼으심이여
예레미야애가,3,13,예레미야애가 3:13,전동의 살로 내 허리를 맞추셨도다
예레미야애가,3,14,예레미야애가 3:14,나는 내 모든 백성에게 조롱거리 곧 종일토록 그들의 노랫거리가 되었도다
예레미야애가,3,15,예레미야애가 3:15,나를 쓴 것으로 배불리시고 쑥으로 취하게 하셨으며
예레미야애가,3,16,예레미야애가 3:16,조약돌로 내 이를 꺾으시고 재로 나를 덮으셨도다
예레미야애가,3,17,예레미야애가 3:17,주께서 내 심령으로 평강을 멀리 떠나게 하시니 내가 복을 잊어버렸음이여
예레미야애가,3,18,예레미야애가 3:18,스스로 이르기를 나의 힘과 여호와께 대한 내 소망이 끊어졌다 하였도다
예레미야애가,3,19,예레미야애가 3:19,내 고초와 재난 곧 쑥과 담즙을 기억하소서 !
예레미야애가,3,20,예레미야애가 3:20,내 심령이 그것을 기억하고 낙심이 되오나
예레미야애가,3,21,예레미야애가 3:21,중심에 회상한즉 오히려 소망이 있사옴은
예레미야애가,3,22,예레미야애가 3:22,여호와의 자비와 긍휼이 무궁하시므로 우리가 진멸되지 아니함이니이다
예레미야애가,3,23,예레미야애가 3:23,이것이 아침마다 새로우니 주의 성실이 크도소이다
예레미야애가,3,24,예레미야애가 3:24,내 심령에 이르기를 여호와는 나의 기업이시니 그러므로 내가 저를 바라리라 하도다
예레미야애가,3,25,예레미야애가 3:25,무릇 기다리는 자에게나 구하는 영혼에게 여호와께서 선을 베푸시는 도다
예레미야애가,3,26,예레미야애가 3:26,사람이 여호와의 구원을 바라고 잠잠히 기다림이 좋도다
예레미야애가,3,27,예레미야애가 3:27,사람이 젊었을 때에 멍에를 메는 것이 좋으니
예레미야애가,3,28,예레미야애가 3:28,혼자 앉아서 잠잠할 것은 주께서 그것을 메우셨음이라
예레미야애가,3,29,예레미야애가 3:29,입을 티끌에 댈지어다 혹시 소망이 있을지로다
예레미야애가,3,33,예레미야애가 3:33,주께서 인생으로 고생하며 근심하게 하심이 본심이 아니시로다
예레미야애가,3,36,예레미야애가 3:36,사람의 송사를 억울케 하는 것은 다 주의 기쁘게 보시는 것이 아니로다
예레미야애가,3,37,예레미야애가 3:37,주의 명령이 아니면 누가 능히 말하여 이루게 하라
예레미야애가,3,38,예레미야애가 3:38,"화, 복이 지극히 높으신 자의 입으로 나오지 아니하느냐"
예레미야애가,3,40,예레미야애가 3:40,우리가 스스로 행위를 조사하고 여호와께로 돌아가자
예레미야애가,3,41,예레미야애가 3:41,마음과 손을 아울러 하늘에 계신 하나님께 들자
예레미야애가,3,46,예레미야애가 3:46,우리의 모든 대적이 우리를 향하여 입을 크게 벌렸나이다
예레미야애가,3,47,예레미야애가 3:47,두려움과 함정과 잔해와 멸망이 우리에게 임하였도다
예레미야애가,3,48,예레미야애가 3:48,처녀 내 백성의 파멸을 인하여 내 눈에 눈물이 시내처럼 흐르도다
예레미야애가,3,49,예레미야애가 3:49,내 눈의 흐르는 눈물이 그치지 아니하고 쉬지 아니함이여
예레미야애가,3,50,예레미야애가 3:50,여호와께서 하늘에서 살피시고 돌아보시기를 기다리는도다
예레미야애가,3,51,예레미야애가 3:51,나의 성읍의 모든 여자를 인하여 내 눈이 내 심령을 상하게 하는도다
예레미야애가,3,52,예레미야애가 3:52,무고히 나의 대적이 된 자가 나를 새와 같이 심히 쫓도다
예레미야애가,3,54,예레미야애가 3:54,물이 내 머리에 넘치니 내가 스스로 이르기를 이제는 멸절되었다 하도다
예레미야애가,3,55,예레미야애가 3:55,"여호와여, 내가 심히 깊은 구덩이에서 주의 이름을 불렀나이다"
예레미야애가,3,56,예레미야애가 3:56,주께서 이미 나의 음성을 들으셨사오니 이제 나의 탄식과 부르짖음에 주의 귀를 가리우지 마옵소서
예레미야애가,3,57,예레미야애가 3:57,내가 주께 아뢴 날에 주께서 내게 가까이 하여 가라사대 두려워 말라 하셨나이다
예레미야애가,3,58,예레미야애가 3:58,"주여, 주께서 내 심령의 원통을 펴셨고 내 생명을 속하셨나이다"
예레미야애가,3,59,예레미야애가 3:59,"여호와여, 나의 억울을 감찰하셨사오니 나를 위하여 신원하옵소서"
예레미야애가,3,60,예레미야애가 3:60,저희가 내게 보수하며 나를 모해함을 주께서 다 감찰하셨나이다
예레미야애가,3,61,예레미야애가 3:61,"여호와여, 저희가 나를 훼파하며 나를 모해하는것"
예레미야애가,3,64,예레미야애가 3:64,"여호와여, 주께서 저의 손으로 행한 대로 보응하사"
예레미야애가,3,65,예레미야애가 3:65,그 마음을 강퍅하게 하시고 저주를 더하시며
예레미야애가,3,66,예레미야애가 3:66,진노로 저희를 군축하사 여호와의 천하에서 멸하시리이다
예레미야애가,4,1,예레미야애가 4:1,슬프다 어찌 그리 금이 빛을 잃고 정금이 변하였으며 성소의 돌이 각 거리 머리에 쏟아졌는고
예레미야애가,4,2,예레미야애가 4:2,시온의 아들들이 보배로와 정금에 비할러니 어찌 그리 토기장이의 만든 질항아리 같이 여김이 되었는고
예레미야애가,4,3,예레미야애가 4:3,들개는 오히려 젖을 내어 새끼를 먹이나 처녀 내 백성은 잔인하여 광야의 타조 같도다
예레미야애가,4,4,예레미야애가 4:4,젖먹이가 목말라서 혀가 입천장에 붙음이여 어린 아이가 떡을 구하나 떼어 줄 사람이 없도다
예레미야애가,4,7,예레미야애가 4:7,전에는 존귀한 자의 몸이 눈보다 깨끗하고 젖보다 희며 산호보다 붉어 그 윤택함이 마광한 청옥 같더니
예레미야애가,4,12,예레미야애가 4:12,대적과 원수가 예루살렘 성문으로 들어갈 줄은 세상 열왕과 천하 모든 백성이 믿지 못하였었도다
예레미야애가,4,17,예레미야애가 4:17,우리가 헛되이 도움을 바라므로 우리 눈이 상함이여 우리를 구원치 못할 나라를 바라보고 바라보았도다
예레미야애가,4,20,예레미야애가 4:20,우리의 콧김 곧 여호와의 기름 부으신 자가 저희 함정에 빠졌음이여 우리가 저를 가리키며 전에 이르기를 우리가 저의 그늘 아 래서 열국 중에 살겠다 하던 자로다
예레미야애가,5,1,예레미야애가 5:1,"여호와여, 우리의 당한 것을 기억하시고 우리의 수욕을 감찰하옵소서"
예레미야애가,5,2,예레미야애가 5:2,"우리 기업이 외인에게, 우리 집들도 외인에게 돌아갔나이다"
예레미야애가,5,3,예레미야애가 5:3,우리는 아비 없는 외로운 자식이오며 우리 어미는 과부 같으니
예레미야애가,5,4,예레미야애가 5:4,우리가 은을 주고 물을 마시며 값을 주고 섶을 얻으오며
예레미야애가,5,5,예레미야애가 5:5,우리를 쫓는 자는 우리 목을 눌렀사오니 우리가 곤비하여 쉴 수 없나이다
예레미야애가,5,7,예레미야애가 5:7,우리 열조는 범죄하고 없어졌고 우리는 그 죄악을 담당하였나이다
예레미야애가,5,14,예레미야애가 5:14,노인은 다시 성문에 앉지 못하며 소년은 다시 노래하지 못하나이다
예레미야애가,5,19,예레미야애가 5:19,"여호와여, 주는 영원히 계시오며 주의 보좌는 세세에 미치나이다"
예레미야애가,5,21,예레미야애가 5:21,"여호와여, 우리를 주께로 돌이키소서 그리하시면 우리가 주께로 돌아가겠사오니 우리의 날을 다시 새롭게 하사 옛적 같게 하옵소서"
에스겔,1,1,에스겔 1:1,제 삼십년 사월 오일에 내가 그발강 가 사로잡힌 자 중에 있더니 하늘이 열리며 하나님의 이상을 내게 보이시니
에스겔,1,2,에스겔 1:2,여호야긴 왕의 사로잡힌지 오년 그 달 오일이라
에스겔,1,4,에스겔 1:4,내가 보니 북방에서부터 폭풍과 큰 구름이 오는데 그 속에서 불이 번쩍 번쩍하여 빛이 그 사면에 비취며 그 불 가운데 단쇠 같은 것이 나타나 보이고
에스겔,1,5,에스겔 1:5,그 속에서 네 생물의 형상이 나타나는데 그 모양이 이러하니 사람의 형상이라
에스겔,1,6,에스겔 1:6,각각 네 얼굴과 네 날개가 있고
에스겔,1,7,에스겔 1:7,그 다리는 곧고 그 발바닥은 송아지 발바닥 같고 마광한 구리같이 빛나며
에스겔,1,8,에스겔 1:8,그 사면 날개 밑에는 각각 사람의 손이 있더라 그 네 생물의 얼굴과 날개가 이러하니
에스겔,1,10,에스겔 1:10,그 얼굴들의 모양은 넷의 앞은 사람의 얼굴요 넷의 우편은 사자의 얼굴이요 넷의 좌편은 소의 얼굴이요 넷의 뒤는 독수리의 얼굴이니
에스겔,1,11,에스겔 1:11,그 얼굴은 이러하며 그 날개는 들어 펴서 각기 둘씩 서로 연하였고 또 둘은 몸을 가리웠으며
에스겔,1,13,에스겔 1:13,또 생물의 모양은 숯불과 횃불 모양 같은데 그 불이 그 생물 사이에서 오르락 내리락 하며 그 불은 광채가 있고 그 가운데서는 번개가 나며
에스겔,1,14,에스겔 1:14,그 생물의 왕래가 번개 같이 빠르더라
에스겔,1,15,에스겔 1:15,내가 그 생물을 본즉 그 생물 곁 땅위에 바퀴가 있는데 그 네 얼굴을 따라 하나씩 있고
에스겔,1,16,에스겔 1:16,그 바퀴의 형상과 그 구조는 넷이 한결 같은데 황옥 같고 그 형상과 구조는 바퀴 안에 바퀴가 있는 것 같으며
에스겔,1,19,에스겔 1:19,생물이 행할 때에 바퀴도 그 곁에서 행하고 생물이 땅에서 들릴때에 바퀴도 들려서
에스겔,1,20,에스겔 1:20,어디든지 신이 가려하면 생물도 신의 가려하는 곳으로 가고 바퀴도 그 곁에서 들리니 이는 생물의 신이 그 바퀴 가운데 있음이라
에스겔,1,22,에스겔 1:22,그 생물의 머리 위에는 수정 같은 궁창의 형상이 펴 있어 보기에 심히 두려우며
에스겔,1,23,에스겔 1:23,그 궁창 밑에 생물들의 날개가 서로 향하여 펴 있는데 이 생물은 두 날개로 몸을 가리웠고 저 생물도 두 날개로 몸을 가리웠으며
에스겔,1,24,에스겔 1:24,생물들이 행할 때에 내가 그 날개 소리를 들은즉 많은 물 소리와도 같으며 전능자의 음성과도 같으며 떠드는 소리 곧 군대의 소리와도 같더니 그 생물이 설 때에 그 날개를 드리우더라
에스겔,1,25,에스겔 1:25,그 머리 위에 있는 궁창 위에 보좌의 형상이 있는데 그 모양이 남보석 같고 그 보좌의 형상 위에 한 형상이 있어 사람의 모양 같더라
에스겔,1,26,에스겔 1:26,그 머리 위에 있는 궁창 위에서 부터 음성이 나더라 그 생물이 설때에 그 날개를 드리우더라
에스겔,1,27,에스겔 1:27,그 머리 위에 있는 궁창 위에서 부터 음성이 나더라 그 생물이 설때에 그 날개를 드리우더라
에스겔,2,2,에스겔 2:2,말씀하실 때에 그 신이 내게 임하사 나를 일으켜 세우시기로 내가 그 말씀하시는 자의 소리를 들으니
에스겔,2,5,에스겔 2:5,그들은 패역한 족속이라 듣든지 아니 듣든지 그들 가운데 선지자 있은 줄은 알지니라
에스겔,2,6,에스겔 2:6,인자야 ! 너는 비록 가시와 찔레와 함께 처하며 전갈 가운데 거할지라도 그들을 두려워 말고 그 말을 두려워 말지어다 그들은 패역한 족속이라도 그 말을 두려워 말며 그 얼굴을 무서워 말지어다
에스겔,2,7,에스겔 2:7,그들은 심히 패역한 자라 듣든지 아니 듣든지 너는 내 말로 고할지어다
에스겔,2,8,에스겔 2:8,인자야 ! 내가 네게 이르는 말을 듣고 그 패역한 족속 같이 패역하지 말고 네 입을 벌리고 내가 네게 주는 것을 먹으라 하시기로
에스겔,3,2,에스겔 3:2,내가 입을 벌리니 그가 그 두루마리를 내게 먹이시며
에스겔,3,3,에스겔 3:3,내게 이르시되 인자야 ! 내가 네게 주는 이 두루마리로 네 배에 넣으며 네 창자에 채우라 하시기에 내가 먹으니 그것이 내 입에서 달기가 꿀 같더라
에스겔,3,5,에스겔 3:5,너를 방언이 다르거나 말이 어려운 백성에게 보내는 것이 아니요 이스라엘 족속에게 보내는 것이라
에스겔,3,6,에스겔 3:6,너를 방언이 다르거나 말이 어려워 네가 알아듣지 못할 열국에 보내는 것이 아니니라 내가 너를 그들에게 보내었더면 그들은 정녕 네 말을 들었으리라
에스겔,3,10,에스겔 3:10,또 내게 이르시되 인자야 ! 내가 네게 이를 모든 말을 너는 마음으로 받으며 귀로 듣고
에스겔,3,12,에스겔 3:12,때에 주의 신이 나를 들어 올리시는데 내 뒤에 크게 울리는 소리가 들려 이르기를 여호와의 처소에서 나는 영광을 찬송할지어다 하니
에스겔,3,16,에스겔 3:16,칠일 후에 여호와의 말씀이 내게 임하여 가라사대
에스겔,3,17,에스겔 3:17,인자야 ! 내가 너를 이스라엘 족속의 파숫군으로 세웠으니 너는 내 입의 말을 듣고 나를 대신하여 그들을 깨우치라
에스겔,3,21,에스겔 3:21,그러나 네가 그 의인을 깨우쳐 범죄치 않게 하므로 그가 범죄치 아니하면 정녕 살리니 이는 깨우침을 받음이며 너도 네 영혼을 보존하리라
에스겔,3,22,에스겔 3:22,여호와께서 권능으로 거기서 내게 임하시고 또 내게 이르시되 일어나 들로 나아가라 내가 거기서 너와 말하리라 하시기로
에스겔,3,23,에스겔 3:23,내가 일어나 들로 나아가니 여호와의 영광이 거기 머물렀는데 내가 전에 그발강 가에서 보던 영광과 같은지라 내가 곧 엎드리니
에스겔,3,24,에스겔 3:24,주의 신이 내게 임하사 나를 일으켜 세우시고 내게 말씀하여 가라사대 너는 가서 네 집에 들어가 문을 닫으라
에스겔,3,25,에스겔 3:25,인자야 ! 무리가 줄로 너를 동여매리니 네가 그들 가운데서 나오지 못할 것이라
에스겔,3,27,에스겔 3:27,그러나 내가 너와 말할 때에 네 입을 열리니 너는 그들에게 이르기를 주 여호와의 말씀이 이러하시다 하라 들을 자는 들을 것이요 듣기 싫은 자는 듣지 아니하리니 그들은 패역한 족속임이니라
에스겔,4,1,에스겔 4:1,너 인자야 ! 박석을 가져다가 네 앞에 놓고 한 성읍 곧 예루살렘을 그 위에 그리고
에스겔,4,2,에스겔 4:2,그 성읍을 에워싸되 운제를 세우고 토둔을 쌓고 진을 치고 공성퇴를 둘러 세우고
에스겔,4,3,에스겔 4:3,또 전철을 가져다가 너와 성읍 사이에 두어 철성을 삼고 성을 향하여 에워싸는 것처럼 에워싸라 이것이 이스라엘 족속에게 징조가 되리라
에스겔,4,4,에스겔 4:4,너는 또 좌편으로 누워 이스라엘 족속의 죄악을 당하되 네 눕는 날 수대로 그 죄악을 담당할지니라
에스겔,4,5,에스겔 4:5,내가 그들의 범죄한 햇수대로 네게 날수를 정하였나니 곧 삼백 구십일이니라 너는 이렇게 이스라엘 족속의 죄악을 담당하고
에스겔,4,6,에스겔 4:6,그 수가 차거든 너는 우편으로 누워 유다 족속의 죄악을 담당하라 내가 네게 사십일로 정하였나니 일일이 일년이니라
에스겔,4,7,에스겔 4:7,너는 또 에워싼 예루살렘을 향하여 팔을 벗어메고 예언하라
에스겔,4,8,에스겔 4:8,내가 줄로 너를 동이리니 네가 에워싸는 날이 맞도록 몸을 이리 저리 돌리지 못하리라
에스겔,4,9,에스겔 4:9,"너는 말과, 보리와, 콩과, 팥과, 조와, 귀리를 가져다가 한 그릇에 담고 떡을 만들어 네 모로 눕는 날수 곧 삼백 구십일에 먹되"
에스겔,4,10,에스겔 4:10,너는 식물을 달아서 하루 이십 세겔 중씩 때를 따라 먹고
에스겔,4,11,에스겔 4:11,물도 힌 육분 일씩 되어서 때를 따라 마시라
에스겔,4,12,에스겔 4:12,너는 그것을 보리떡처럼 만들어 먹되 그들의 목전에서 인분 불을 피워 구울지니라
에스겔,4,13,에스겔 4:13,여호와께서 또 가라사대 내가 열국으로 쫓아 흩을 이스라엘 자손이 거기서 이와 같이 부정한 떡을 먹으리라 하시기로
에스겔,4,15,에스겔 4:15,여호와께서 내게 이르시되 쇠똥으로 인분을 대신하기를 허하노니 너는 그것으로 떡을 구울지니라
에스겔,4,16,에스겔 4:16,또 내게 이르시되 인자야 내가 예루살렘에서 의뢰하는 양식을 끊으리니 백성이 경겁 중에 떡을 달아 먹고 민답 중에 물을 되어 마시다가
에스겔,4,17,에스겔 4:17,떡과 물이 결핍하여 피차에 민답하여 하며 그 죄악 중에서 쇠패하리라
에스겔,5,1,에스겔 5:1,인자야 ! 너는 날카로운 칼을 취하여 삭도를 삼아 네 머리털과 수염을 깎아서 저울에 달아 나누었다가
에스겔,5,2,에스겔 5:2,그 성읍을 에워싸는 날이 차거든 너는 터럭 삼분지 일은 성읍 안에서 불사르고 삼분지 일은 가지고 성읍 사방에서 칼로 치고 또 삼분지 일은 바람에 흩으라 내가 그 뒤를 따라 칼을 빼리라
에스겔,5,3,에스겔 5:3,너는 터럭 중에서 조금을 가져 네 옷자락에 싸고
에스겔,5,5,에스겔 5:5,주 여호와께서 가라사대 이것이 곧 예루살렘이라 내가 그를 이방인 가운데 두어 열방으로 둘러 있게 하였거늘
에스겔,6,1,에스겔 6:1,여호와의 말씀이 내게 임하여 가라사대
에스겔,6,2,에스겔 6:2,인자야 ! 너는 이스라엘 산을 향하여 그들에게 예언하여
에스겔,6,8,에스겔 6:8,그러나 너희가 열방에 흩어질 때에 내가 너희 중에서 칼을 피하여 이방 중에 남아 있는 자가 있게 할지라
에스겔,6,12,에스겔 6:12,먼데 있는 자는 온역에 죽고 가까운데 있는 자는 칼에 엎드러지고 남아 있어 에워싸인 자는 기근에 죽으리라 이같이 내 진노를 그들에게 이룬즉
에스겔,6,13,에스겔 6:13,"그 살륙 당한 시체가 그 우상 사이에, 제단 사방에, 각 높은 고개에, 모든 산꼭대기에,모든 푸른 나무 아래에,무성한 상수리나무 아래 곧 그 우상에게 분향하던 곳에 있으리니 너희가 나를 여호와인 줄 알리라"
에스겔,6,14,에스겔 6:14,내가 내 손을 그들의 위에 펴서 그 거하는 온 땅 곧 광야에서부터 디블라까지 처량하고 황무하게 하리니 그들이 나를 여호와인 줄 알리라
에스겔,7,1,에스겔 7:1,여호와의 말씀이 또 내게 임하여 가라사대
에스겔,7,2,에스겔 7:2,너 인자야 ! 주 여호와 내가 이스라엘 땅에 대하여 말하노라 끝났도다 이 땅 사방의 일이 끝났도다
에스겔,7,3,에스겔 7:3,이제는 네게 끝이 이르렀나니 내가 내 진노를 네게 발하여 네 행위를 국문하고 너의 모든 가증한 일을 보응하리라
에스겔,7,4,에스겔 7:4,내가 너를 아껴 보지 아니하며 긍휼히 여기지도 아니하고 네 행위대로 너를 벌하여 너의 가증한 일이 너희 중에 나타나게 하리니 너희가 나를 여호와인줄 알리라
에스겔,7,5,에스겔 7:5,"주 여호와께서 가라사대 재앙이로다, 비상한 재앙이로다 볼지어다 ! 임박하도다"
에스겔,7,6,에스겔 7:6,"끝이 났도다, 끝이 났도다 끝이 너를 치러 일어났나니 볼지어다 ! 임박하도다"
에스겔,7,7,에스겔 7:7,이 땅 거민아 정한 재앙이 네게 임하도다 때가 이르렀고 날이 가까왔으니 요란한 날이요 산에서 즐거이 부르는 날이 아니로다
에스겔,7,9,에스겔 7:9,내가 너를 아껴 보지 아니하며 긍휼히 여기지도 아니하고 네 행위대로 너를 벌하여 너의 가증한 일이 너희 중에 나타나게 하리니 나 여호와가 치는 줄을 네가 알리라
에스겔,7,10,에스겔 7:10,볼지어다 ! 그 날이로다 볼지어다 ! 임박하도다 정한 재앙이 이르렀으니 몽둥이가 꽃 피며 교만이 싹났도다
에스겔,7,11,에스겔 7:11,"포학이 일어나서 죄악의 몽둥이가 되었은즉 그들도,그 무리도,그 재물도 하나도 남지 아니하고 그 중의 아름다운 것도 없어지리로다"
에스겔,7,12,에스겔 7:12,때가 이르렀고 날이 가까왔으니 사는 자도 기뻐하지 말고 파는 자도 근심하지 말 것은 진노가 그 모든 무리에게 임함이로다
에스겔,7,13,에스겔 7:13,판 자가 살아 있다 할지라도 다시 돌아가서 그 판 것을 얻지 못하니 이는 묵시로 그 모든 무리를 가리켜 말하기를 하나도 돌아 갈 자가 없겠고 악한 생활로 스스로 강하게 할 자도 없으리라 하였음이로다
에스겔,7,17,에스겔 7:17,모든 손은 피곤하고 모든 무릎은 물과 같이 약할 것이라
에스겔,7,19,에스겔 7:19,그들이 그 은을 거리에 던지며 그 금을 오예물 같이 여기리니 이는 여호와 내가 진노를 베푸는 날에 그 은과 금이 능히 그들을 건지지 못하며 능히 그 심령을 족하게 하거나 그 창자를 채우지 못하고 오직 죄악에 빠치는 것이 됨이로다
에스겔,7,21,에스겔 7:21,외인의 손에 붙여 노략하게 하며 세상 악인에게 붙여 그들로 약탈하여 더럽히게 하고
에스겔,7,22,에스겔 7:22,내가 또 내 얼굴을 그들에게서 돌이키리니 그들이 내 은밀한 처소를 더럽히고 강포한 자도 거기 들어와서 더럽히리라
에스겔,8,1,에스겔 8:1,제 육년 유월 오일에 나는 집에 앉았고 유다 장로들은 내 앞에 앉았는데 주 여호와의 권능이 거기서 내게 임하기로
에스겔,8,2,에스겔 8:2,내가 보니 불같은 형상이 있어 그 허리 이하 모양은 불 같고 허리 이상은 광채가 나서 단 쇠 같은데
에스겔,8,4,에스겔 8:4,이스라엘 하나님의 영광이 거기 있는데 내가 들에서 보던 이상과 같더라
에스겔,8,11,에스겔 8:11,이스라엘 족속의 장로 중 칠십인이 그 앞에 섰으며 사반의 아들 야아사냐도 그 가운데 섰고 각기 손에 향로를 들었는데 향연이 구름같이 오르더라
에스겔,8,12,에스겔 8:12,또 내게 이르시되 인자야 ! 이스라엘 족속의 장로들이 각각 그 우상의 방안 어두운 가운데서 행하는 것을 네가 보았느냐 그들이 이르기를 여호와께서 우리를 보지 아니하시며 이 땅을 버리셨다 하느니라
에스겔,9,3,에스겔 9:3,그룹에 머물러 있던 이스라엘 하나님의 영광이 올라 성전 문지방에 이르더니 여호와께서 그 가는 베옷을 입고 서기관의 먹 그릇을 찬 사람을 불러
에스겔,9,4,에스겔 9:4,이르시되 너는 예루살렘 성읍 중에 순행하여 그 가운데서 행하는 모든 가증한 일로 인하여 탄식하며 우는 자의 이마에 표하라 하시고
에스겔,9,5,에스겔 9:5,나의 듣는데 또 그 남은 자에게 이르시되 너희는 그 뒤를 좇아 성읍 중에 순행하며 아껴보지도 말며 긍휼을 베풀지도 말고 쳐서
에스겔,9,9,에스겔 9:9,그가 내게 이르시되 이스라엘과 유다 족속의 죄악이 심히 중하여 그 땅에 피가 가득하며 그 성읍에 불법이 찼나니 이는 그들이 이르기를 여호와께서 이 땅을 버리셨으며 보지 아니하신다 함이라
에스겔,10,2,에스겔 10:2,하나님이 가는 베옷 입은 사람에게 일러 가라사대 너는 그룹 밑바퀴 사이로 들어가서 그 속에서 숯불을 두 손에 가득히 움켜 가지고 성읍 위에 흩으라 하시매 그가 내 목전에 들어가더라
에스겔,10,4,에스겔 10:4,여호와의 영광이 그룹에서 올라 성전 문지방에 임하니 구름이 성전에 가득하며 여호와의 영화로운 광채가 뜰에 가득하였고
에스겔,10,5,에스겔 10:5,그룹들의 날개 소리는 바깥 뜰까지 들리는데 전능하신 하나님의 말씀하시는 음성 같더라
에스겔,10,6,에스겔 10:6,하나님이 가는 베옷 입은 자에게 명하시기를 바퀴 사이 곧 그룹들 사이에서 불을 취하라 하셨으므로 그가 들어가 바퀴 옆에 서매
에스겔,10,7,에스겔 10:7,한 그룹이 그룹들 사이에서 손을 내밀어 그 그룹들 사이에 있는 불을 취하여 가는 베옷 입은 자의 손에 주매 그가 받아 가지고 나가는데
에스겔,10,8,에스겔 10:8,그룹들의 날개 밑에 사람의 손 같은 것이 나타났더라
에스겔,10,9,에스겔 10:9,내가 보니 그룹들 곁에 네 바퀴가 있는데 이 그룹 곁에도 한 바퀴가 있고 저 그룹 곁에도 한 바퀴가 있으며 그 바퀴 모양은 황옥 같으며
에스겔,10,10,에스겔 10:10,그 모양은 넷이 한결 같은데 마치 바퀴 안에 바퀴가 있는 것 같으며
에스겔,10,15,에스겔 10:15,그룹들이 올라가니 그들은 내가 그발강 가에서 보던 생물이라
에스겔,10,18,에스겔 10:18,여호와의 영광이 성전 문지방을 떠나서 그룹들 위에 머무르니
에스겔,10,19,에스겔 10:19,그룹들이 날개를 들고 내 목전에 땅에서 올라가는데 그들이 나갈때에 바퀴도 그 곁에서 함께 하더라 그들이 여호와의 전으로 들어가는 동문에 머물고 이스라엘 하나님의 영광이 그 위에 덮였더라
에스겔,10,20,에스겔 10:20,그것은 내가 그발강 가에서 본바 이스라엘 하나님의 아래 있던 생물이라 그들이 그룹들인 줄을 내가 아니라
에스겔,10,21,에스겔 10:21,각기 네 얼굴과 네 날개가 있으며 날개 밑에는 사람의 손 형상이 있으니
에스겔,11,1,에스겔 11:1,때에 주의 신이 나를 들어 데리고 여호와의 전 동문 곧 동향한 문에 이르시기로 본즉 그 문에 이십 오인이 있는데 내가 그 중에서 앗술의 아들 야아사냐와 브나야의 아들 블라댜를 보았으니 그들은 백성의 방백이라
에스겔,11,3,에스겔 11:3,그들의 말이 집 건축할 때가 가깝지 아니한즉 이 성읍은 가마가 되고 우리는 고기가 된다 하나니
에스겔,11,4,에스겔 11:4,그러므로 인자야 너는 그들을 쳐서 예언하고 예언할지니라
에스겔,11,5,에스겔 11:5,여호와의 신이 내게 임하여 가라사대 너는 말하기를 여호와의 말씀에 이스라엘 족속아 너희가 이렇게 말하였도다 너희 마음에서 일어나는 것을 내가 다 아노라
에스겔,11,6,에스겔 11:6,너희가 이 성읍에서 많이 살륙하여 그 시체로 거리에 채웠도다
에스겔,11,7,에스겔 11:7,그러므로 나 주 여호와가 말하노라 이 성읍 중에서 너희가 살륙한 시체는 그 고기요 이 성읍은 그 가마려니와 너희는 그 가운데서 끌려 나오리라
에스겔,11,8,에스겔 11:8,나 주 여호와가 말하노라 너희가 칼을 두려워하니 내가 칼로 너희에게 임하게 하고
에스겔,11,9,에스겔 11:9,너희를 그 성읍 가운데서 끌어내어 타국인의 손에 붙여 너희에게 벌을 내리리니
에스겔,11,10,에스겔 11:10,너희가 칼에 엎드러질 것이라 내가 이스라엘 변경에서 너희를 국문하리니 너희가 나를 여호와인 줄 알리라
에스겔,11,11,에스겔 11:11,이 성읍은 너희 가마가 되지 아니하고 너희는 그 가운데 고기가 되지 아니할지라 내가 너희를 이스라엘 변경에서 국문하리니
에스겔,11,12,에스겔 11:12,너희가 나를 여호와인 줄 알리라 너희가 내 율례를 행치 아니하며 규례를 지키지 아니하고 너희 사면에 있는 이방인의 규례대로 행하였느니라 하셨다 하라
에스겔,11,14,에스겔 11:14,여호와의 말씀이 내게 임하여 가라사대
에스겔,11,15,에스겔 11:15,인자야 ! 예루살렘 거민이 너의 형제 곧 너의 형제와 친속과 이스라엘 온 족속을 향하여 이르기를 너희는 여호와에게서 멀리 떠나라 이 땅은 우리에게 주어 기업이 되게 하신 것이라 하였나니
에스겔,11,17,에스겔 11:17,너는 또 말하기를 주 여호와의 말씀에 내가 너희를 만민 가운데 모으며 너희를 흩은 열방 가운데서 모아 내고 이스라엘 땅으로 너희에게 주리라 하셨다 하라
에스겔,11,19,에스겔 11:19,내가 그들에게 일치한 마음을 주고 그 속에 새 신을 주며 그 몸에서 굳은 마음을 제하고 부드러운 마음을 주어서
에스겔,11,20,에스겔 11:20,내 율례를 좇으며 내 규례를 지켜 행하게 하리니 그들은 내 백성이 되고 나는 그들의 하나님이 되리라
에스겔,11,22,에스겔 11:22,때에 그룹들이 날개를 드는데 바퀴도 그 곁에 있고 이스라엘 하나님의 영광도 그 위에 덮였더니
에스겔,11,23,에스겔 11:23,여호와의 영광이 성읍 중에서부터 올라가서 성읍 동편 산에 머물고
에스겔,11,24,에스겔 11:24,주의 신이 나를 들어 하나님의 신의 이상 중에 데리고 갈대아에 있는 사로잡힌 자중에 이르시더니 내가 보는 이상이 나를 떠난지라
에스겔,11,25,에스겔 11:25,내가 사로잡힌 자들에게 여호와께서 내게 보이신 모든 일로 고하니라
에스겔,12,1,에스겔 12:1,여호와의 말씀이 또 내게 임하여 가라사대
에스겔,12,3,에스겔 12:3,인자야 ! 너는 행구를 준비하고 낮에 그들의 목전에서 이사하라 네가 네 처소를 다른 곳으로 옮기는 것을 그들이 보면 비록 패역한 족속이라도 혹 생각이 있으리라
에스겔,12,4,에스겔 12:4,너는 낮에 그 목전에서 네 행구를 밖으로 내기를 이사하는 행구 같이 하고 저물 때에 너는 그 목전에서 밖으로 나가기를 포로되어 가는 자 같이 하라
에스겔,12,5,에스겔 12:5,너는 그 목전에서 성벽을 뚫고 그리로 좇아 옮기되
에스겔,12,6,에스겔 12:6,캄캄할 때에 그 목전에서 어깨에 메고 나가며 얼굴을 가리우고 땅을 보지 말지어다 이는 내가 너를 세워 이스라엘 족속에게 징조가 되게 함이니라 하시기로
에스겔,12,7,에스겔 12:7,내가 그 명대로 행하여 낮에 나의 행구를 이사하는 행구같이 내어 놓고 저물 때에 내 손으로 성벽을 뚫고 캄캄할 때에 행구를 내어다가 그 목전에서 어깨에 메고 나가니라
에스겔,12,8,에스겔 12:8,이튿날 아침에 여호와의 말씀이 또 내게 임하여 가라사대
에스겔,12,9,에스겔 12:9,인자야 ! 이스라엘 족속 곧 그 패역한 족속이 네게 묻기를 무엇을 하느냐 하지 아니하더냐
에스겔,12,10,에스겔 12:10,너는 그들에게 말하기를 주 여호와의 말씀에 이것은 예루살렘 왕과 그 가운데 있는 이스라엘 온 족속에 대한 예조라 하셨다 하고
에스겔,12,11,에스겔 12:11,또 말하기를 나는 너희 징조라 내가 행한대로 그들이 당하여 사로잡혀 옮겨갈지라
에스겔,12,17,에스겔 12:17,여호와의 말씀이 또 내게 임하여 가라사대
에스겔,12,21,에스겔 12:21,여호와의 말씀이 또 내게 임하여 가라사대
에스겔,12,22,에스겔 12:22,인자야 ! 이스라엘 땅에서 이르기를 날이 더디고 모든 묵시가 응험이 없다 하는 너희의 속담이 어찜이뇨
에스겔,12,23,에스겔 12:23,그러므로 너는 그들에게 이르기를 주 여호와의 말씀에 내가 이 속담을 그치게 하리니 사람이 다시는 이스라엘 가운데서 이 속담을 못하리라 하셨다 하고 또 그들에게 이르기를 날과 모든 묵시의 응함이 가까우니
에스겔,12,24,에스겔 12:24,이스라엘 족속 중에 허탄한 묵시나 아첨하는 복술이 다시 있지 못하리라 하라
에스겔,12,26,에스겔 12:26,여호와의 말씀이 또 내게 임하여 가라사대
에스겔,12,27,에스겔 12:27,인자야 이스라엘 족속의 말이 그의 보는 묵시는 여러 날 후의 일이라 그가 먼 때에 대하여 예언하는도다 하나니
에스겔,12,28,에스겔 12:28,그러므로 너는 그들에게 이르기를 주 여호와의 말씀에 나의 말이 하나도 다시 더디지 않을지니 나의 한 말이 이루리라 나 주 여호와의 말이니라 하셨다 하라
에스겔,13,1,에스겔 13:1,여호와의 말씀이 내게 임하여 가라사대
에스겔,13,2,에스겔 13:2,인자야 ! 너는 이스라엘의 예언하는 선지자를 쳐서 예언하되 자기 마음에서 나는 대로 예언하는 자에게 말하기를 너희는 여호와의 말씀을 들으라
에스겔,13,4,에스겔 13:4,이스라엘아 너의 선지자들은 황무지에 있는 여우 같으니라
에스겔,13,5,에스겔 13:5,너희 선지자들이 성 무너진 곳에 올라 가지도 아니하였으며 이스라엘 족속을 위하여 여호와의 날에 전쟁을 방비하게 하려고 성벽을 수축하지도 아니하였느니라
에스겔,13,12,에스겔 13:12,그 담이 무너진즉 혹이 너희에게 말하기를 그것에 칠한 회가 어디 있느뇨 하지 아니하겠느냐
에스겔,14,1,에스겔 14:1,이스라엘 장로 두어 사람이 나아와 내 앞에 앉으니
에스겔,14,2,에스겔 14:2,여호와의 말씀이 내게 임하여 가라사대
에스겔,14,12,에스겔 14:12,여호와의 말씀이 또 내게 임하여 가라사대
에스겔,14,22,에스겔 14:22,그러나 그 가운데 면하는 자가 남아 있어 끌려 나오리니 곧 자녀들이라 그들이 너희에게로 나아 오리니 너희가 그 행동과 소위를 보면 내가 예루살렘에 내린 재앙 곧 그 내린 모든 일에 대하여 너희가 위로를 받을 것이라
에스겔,14,23,에스겔 14:23,너희가 그 행동과 소위를 볼 때에 그들로 인하여 위로를 받고 내가 예루살렘에서 행한 모든 일이 무고히 한 것이 아닌 줄을 알리라 나 주 여호와의 말이니라
에스겔,15,1,에스겔 15:1,여호와의 말씀이 내게 임하여 가라사대
에스겔,15,2,에스겔 15:2,인자야 ! 포도나무가 모든 나무보다 나은 것이 무엇이랴 삼림 중 여러 나무 가운데 있는 그 포도나무 가지가 나은 것이 무엇이랴
에스겔,15,3,에스겔 15:3,그 나무를 가지고 무엇을 제조할 수 있겠느냐 그것으로 무슨 그릇을 걸 못을 만들 수 있겠느냐 ?
에스겔,15,4,에스겔 15:4,불에 던질 화목이 될 뿐이라 불이 그 두 끝을 사르고 그 가운데도 태웠으면 제조에 무슨 소용이 있겠느냐 ?
에스겔,15,5,에스겔 15:5,그것이 온전할 때에도 아무 제조에 합당치 않았거든 하물며 불에 살라지고 탄 후에 어찌 제조에 합당하겠느냐 ?
에스겔,16,1,에스겔 16:1,여호와의 말씀이 또 내게 임하여 가라사대
에스겔,16,6,에스겔 16:6,내가 네 곁으로 지나 갈 때에 네가 피투성이가 되어 발짓하는 것을 보고 네게 이르기를 너는 피투성이라도 살라 다시 이르기를 너는 피투성이라도 살라 하고
에스겔,16,8,에스겔 16:8,내가 네 곁으로 지나며 보니 네 때가 사랑스러운 때라 내 옷으로 너를 덮어 벌거벗은 것을 가리우고 네게 맹세하고 언약하여 너로 내게 속하게 하였었느니라 나 주 여호와의 말이니라
에스겔,16,10,에스겔 16:10,수 놓은 옷을 입히고 물돼지 가죽신을 신기고 가는 베로 띠우고 명주로 덧입히고
에스겔,16,11,에스겔 16:11,패물을 채우고 팔고리를 손목에 끼우고 사슬을 목에 드리우고
에스겔,16,12,에스겔 16:12,코고리를 코에 달고 귀고리를 귀에 달고 화려한 면류관을 머리에 씌웠나니
에스겔,16,13,에스겔 16:13,이와 같이 네가 금 은으로 장식하고 가는 베와 명주와 수놓은 것을 입으며 또 고운 밀가루와 꿀과 기름을 먹음으로 극히 곱고 형통하여 왕후의 지위에 나아갔느니라
에스겔,16,14,에스겔 16:14,네 화려함을 인하여 네 명성이 이방인 중에 퍼졌음은 내가 네게 입힌 영화로 네 화려함이 온전함이니라 나 주 여호와의 말이니라
에스겔,16,18,에스겔 16:18,또 네 수 놓은 옷으로 그 우상에게 입히고 나의 기름과 향으로 그 앞에 베풀며
에스겔,16,19,에스겔 16:19,또 내가 네게 주어 먹게 한 내 식물 곧 고운 밀가루와 기름과 꿀을 네가 그 앞에 베풀어 향기를 삼았나니 과연 그렇게 하였느니라 나 주 여호와의 말이니라
에스겔,16,24,에스겔 16:24,너를 위하여 누를 건축하며 모든 거리에 높은 대를 쌓았도다
에스겔,16,39,에스겔 16:39,내가 또 간음하고 사람의 피를 흘리는 여인을 국문함 같이 너를 국문하여 진노의 피와 투기의 피를 네게 돌리고
에스겔,16,40,에스겔 16:40,내가 또 너를 그들의 손에 붙이리니 그들이 네 누를 헐며 네 높은 대를 훼파하며 네 의복을 벗기고 네 장식품을 빼앗고 네 몸을 벌거벗겨 버려두며
에스겔,16,41,에스겔 16:41,무리를 데리고 와서 너를 돌로 치며 칼로 찌르며
에스겔,16,42,에스겔 16:42,불로 너의 집들을 사르고 여러 여인의 목전에서 너를 벌할지라 내가 너로 곧 음행을 그치게 하리니 네가 다시는 값을 주지 아니하리라
에스겔,16,43,에스겔 16:43,그리한즉 내가 네게 대한 내 분노가 그치며 내 투기가 네게서 떠나고 마음이 평안하여 다시는 노하지 아니하리라
에스겔,16,44,에스겔 16:44,네가 어렸을 때를 기억지 아니하고 이 모든 일로 나를 격노케 하였은즉 내가 네 행위대로 네 머리에 보응하리니 네가 이 음란과 네 모든 가증한 일을 다시는 행하지 아니하리라 나 주 여호와의 말이니라
에스겔,16,45,에스겔 16:45,무릇 속담하는 자가 네게 대하여 속담하기를 어미가 어떠하면 딸도 그렇다 하리라
에스겔,16,48,에스겔 16:48,네가 그들의 행위대로만 행치 아니하며 그 가증한대로만 행치 아니하고 그것을 적게 여겨서 네 모든 행위가 그보다 더욱 부패하였도다
에스겔,16,51,에스겔 16:51,거만하여 가증한 일을 내 앞에서 행하였음이라 그러므로 내가 보고 곧 그들을 없이 하였느니라
에스겔,16,53,에스겔 16:53,네가 네 형과 아우를 논단하였은즉 너도 네 수치를 담당할찌니라 네가 그들보다 더욱 가증한 죄를 범하므로 그들이 너보다 의롭게 되었나니 네가 네 형과 아우를 의롭게 하였은즉 너는 놀라며 네 수치를 담당할지니라
에스겔,16,55,에스겔 16:55,너로 네 수욕을 담당하고 너의 행한 모든 일을 인하여 부끄럽게 하리니 이는 네가 그들에게 위로가 됨이라
에스겔,16,59,에스겔 16:59,네 음란과 네 가증한 일을 네가 담당하였느니라 나 여호와의 말이니라
에스겔,16,60,에스겔 16:60,나 주 여호와가 말하노라 네가 맹세를 멸시하여 언약을 배반하였은즉 내가 네 행한대로 네게 행하리라
에스겔,16,61,에스겔 16:61,그러나 내가 너의 어렸을 때에 너와 세운 언약을 기억하고 너와 영원한 언약을 세우리라
에스겔,16,62,에스겔 16:62,네가 네 형과 아우를 접대할 때에 네 행위를 기억하고 부끄러워할 것이라 내가 그들을 네게 딸로 주려니와 네 언약으로 말미암음이 아니니라
에스겔,17,1,에스겔 17:1,여호와의 말씀이 내게 임하여 가라사대
에스겔,17,2,에스겔 17:2,인자야 너는 수수께끼와 비유를 이스라엘 족속에게 베풀어
에스겔,17,4,에스겔 17:4,그 연한 가지 끝을 꺾어 가지고 장사하는 땅에 이르러 상고의 성읍에 두고
에스겔,17,5,에스겔 17:5,또 그 땅의 종자를 취하여 옥토에 심되 수양버들 가지처럼 큰 물가에 심더니
에스겔,17,7,에스겔 17:7,또 날개가 크고 털이 많은 큰 독수리에게 물을 받으려고 그 심긴 두둑에서 그를 향하여 뿌리가 발하고 가지가 퍼졌도다
에스겔,17,8,에스겔 17:8,그 포도나무를 큰 물 가 옥토에 심은 것은 가지를 내고 열매를 맺어서 아름다운 포도나무를 이루게 하려 하였음이니라
에스겔,17,11,에스겔 17:11,여호와의 말씀이 또 내게 임하여 가라사대
에스겔,17,22,에스겔 17:22,나 주 여호와가 말하노라 내가 또 백향목 꼭대기에서 높은 가지를 취하여 심으리라 내가 그 높은 새 가지 끝에서 연한 가지를 꺾어 높고 빼어난 산에 심되
에스겔,17,23,에스겔 17:23,이스라엘 높은 산에 심으리니 그 가지가 무성하고 열매를 맺어서 아름다운 백향목을 이룰 것이요 각양 새가 그 아래 깃들이며 그 가지 그늘에 거할지라
에스겔,17,24,에스겔 17:24,들의 모든 나무가 나 여호와는 높은 나무를 낮추고 낮은 나무를 높이며 푸른 나무를 말리우고 마른 나무를 무성케 하는줄 알리라 나 여호와는 말하고 이루느니라 하라
에스겔,18,1,에스겔 18:1,여호와의 말씀이 또 내게 임하여 가라사대
에스겔,18,2,에스겔 18:2,너희가 이스라엘 땅에 대한 속담에 이르기를 아비가 신 포도를 먹었으므로 아들의 이가 시다고 함은 어찜이뇨
에스겔,18,3,에스겔 18:3,나 주 여호와가 말하노라 내가 나의 삶을 두고 맹세하노니 너희가 이스라엘 가운데서 다시는 이 속담을 쓰지 못하게 되리라
에스겔,18,4,에스겔 18:4,모든 영혼이 다 내게 속한지라 아비의 영혼이 내게 속함 같이 아들의 영혼도 내게 속하였나니 범죄하는 그 영혼이 죽으리라
에스겔,18,7,에스겔 18:7,사람이 학대하지 아니하며 빚진 자의 전당물을 도로 주며 억탈하지 아니하며 주린 자에게 식물을 주며 벗은 자에게 옷을 입히며
에스겔,18,9,에스겔 18:9,내 율례를 좇으며 내 규례를 지켜 진실히 행할진대 그는 의인이니 정녕 살리라 나 주 여호와의 말이니라
에스겔,18,10,에스겔 18:10,가령 그가 아들을 낳았다 하자 그 아들이 이 모든 선은 하나도 행치 아니하고 이 악 중 하나를 범하여 강포하거나 살인하거나
에스겔,18,11,에스겔 18:11,산 위에서 제물을 먹거나 이웃의 아내를 더럽히거나
에스겔,18,12,에스겔 18:12,가난하고 궁핍한 자를 학대하거나 억탈하거나 빚진 자의 전당물을 도로 주지 아니하거나 우상에게 눈을 들거나 가증한 일을 행하거나
에스겔,18,13,에스겔 18:13,변을 위하여 꾸이거나 이식을 받거나 할진대 그가 살겠느냐 살지 못하리니 이 모든 가증한 일을 행하였은즉 정녕 죽을지라 자기의 피가 자기에게 돌아가리라
에스겔,18,14,에스겔 18:14,또 가령 그가 아들을 낳았다 하자 그 아들이 그 아비의 행한 모든 죄를 보고 두려워하여 그대로 행하지 아니하고
에스겔,18,16,에스겔 18:16,사람을 학대하지도 아니하며 전당을 잡지도 아니하며 억탈하지도 아니하고 주린 자에게 식물을 주며 벗은 자에게 옷을 입히며
에스겔,18,17,에스겔 18:17,손을 금하여 가난한 자를 압제하지 아니하며 변이나 이식을 취하지 아니하여 내 규례를 지키며 내 율례를 행할진대 이 사람은 그아비의 죄악으로 인하여 죽지 아니하고 정녕 살겠고
에스겔,18,18,에스겔 18:18,그 아비는 심히 포학하여 그 동족을 억탈하고 민간에 불선을 행하였으므로 그는 그 죄악으로 인하여 죽으리라
에스겔,18,20,에스겔 18:20,범죄하는 그 영혼은 죽을지라 아들은 아비의 죄악을 담당치 아니할 것이요 아비는 아들의 죄악을 담당치 아니하리니 의인의 의도 자기에게로 돌아 가고 악인의 악도 자기에게로 돌아가리라
에스겔,18,21,에스겔 18:21,그러나 악인이 만일 그 행한 모든 죄에서 돌이켜 떠나 내 모든 율례를 지키고 법과 의를 행하면 정녕 살고 죽지 아니할 것이라
에스겔,18,22,에스겔 18:22,그 범죄한 것이 하나도 기억함이 되지 아니하리니 그 행한 의로 인하여 살리라
에스겔,18,23,에스겔 18:23,나 주 여호와가 말하노라 내가 어찌 악인의 죽는 것을 조금인들 기뻐하랴 그가 돌이켜 그 길에서 떠나서 사는 것을 어찌 기뻐하지 아니하겠느냐
에스겔,18,24,에스겔 18:24,만일 의인이 돌이켜 그 의에서 떠나서 범죄하고 악인의 행하는 모든 가증한 일대로 행하면 살겠느냐 그 행한 의로운 일은 하나도 기억함이 되지 아니하리니 그가 그 범한 허물과 그 지은 죄로 인하여 죽으리라
에스겔,18,25,에스겔 18:25,그런데 너희는 이르기를 주의 길이 공평치 않다 하는도다 이스라엘 족속아 들을지어다 내 길이 어찌 공평치 아니하냐 너희 길이 공평치 않은 것이 아니냐
에스겔,18,27,에스겔 18:27,만일 악인이 그 행한 악을 떠나 법과 의를 행하면 그 영혼을 보전하리라
에스겔,18,29,에스겔 18:29,그런데 이스라엘 족속은 이르기를 주의 길이 공평치 않다 하는도다 이스라엘 족속아 나의 길이 어찌 공평치 아니하냐 너희 길이 공평치 않은 것이 아니냐
에스겔,18,31,에스겔 18:31,너희는 범한 모든 죄악을 버리고 마음과 영을 새롭게 할지어다 이스라엘 족속아 너희가 어찌하여 죽고자 하느냐
에스겔,18,32,에스겔 18:32,나 주 여호와가 말하노라 죽는 자의 죽는 것은 내가 기뻐하지 아니하노니 너희는 스스로 돌이키고 살지니라
에스겔,19,1,에스겔 19:1,너는 이스라엘 방백들을 위하여 애가를 지어
에스겔,19,2,에스겔 19:2,부르기를 네 어미는 무엇이냐 암사자라 그가 사자들 가운데 엎드리어 젊은 사자 중에서 그 새끼를 기르는데
에스겔,19,5,에스겔 19:5,암사자가 기다리다가 소망이 끊어진 줄을 알고 그 새끼 하나를 또 취하여 젊은 사자가 되게 하니
에스겔,19,11,에스겔 19:11,그 가지들은 견강하여 권세 잡은 자의 홀이 될만한데 그 하나의 키가 굵은 가지 가운데서 높았으며 많은 가지 가운데서 뛰어나서 보이다가
에스겔,19,13,에스겔 19:13,"이제는 광야,메마르고 가물이 든 땅에 심긴바 되고"
에스겔,20,1,에스겔 20:1,제 칠년 오월 십일에 이스라엘 장로 두어 사람이 여호와께 물으려고 와서 내 앞에 앉으니
에스겔,20,2,에스겔 20:2,여호와의 말씀이 내게 임하여 가라사대
에스겔,20,11,에스겔 20:11,사람이 준행하면 그로 인하여 삶을 얻을 내 율례를 주며 내 규례를 알게 하였고
에스겔,20,12,에스겔 20:12,또 나는 그들을 거룩하게 하는 여호와인 줄 알게 하려하여 내가 내 안식일을 주어 그들과 나 사이에 표징을 삼았었노라
에스겔,20,14,에스겔 20:14,내가 내 이름을 위하여 달리 행하였었나니 내가 그들을 인도하여 내는 것을 목도한 열국 앞에서 내 이름을 더럽히지 아니하려 하였음이로라
에스겔,20,17,에스겔 20:17,그러나 내가 그들을 아껴 보아 광야에서 멸하여 아주 없이 하지 아니하였었노라
에스겔,20,18,에스겔 20:18,내가 광야에서 그들의 자손에게 이르기를 너희 열조의 율례를 좇지 말며 그 규례를 지키지 말며 그 우상들로 스스로 더럽히지 말라
에스겔,20,19,에스겔 20:19,나는 여호와 너희 하나님이라 너희는 나의 율례를 좇으며 나의 규례를 지켜 행하고
에스겔,20,20,에스겔 20:20,또 나의 안식일을 거룩하게 할지어다 이것이 나와 너희 사이에 표징이 되어 너희로 내가 여호와 너희 하나님인 줄 알게 하리라 하였었노라
에스겔,20,22,에스겔 20:22,내가 내 이름을 위하여 내 손을 금하고 달리 행하였었나니 내가 그들을 인도하여 내는 것을 목도한 열국 앞에서 내 이름을 더럽히지 아니하려 하였음이로다
에스겔,20,32,에스겔 20:32,너희가 스스로 이르기를 우리가 이방인 곧 열국 족속 같이 되어서 목석을 숭배하리라 하거니와 너희 마음에 품은 것을 결코 이루지 못하리라
에스겔,20,40,에스겔 20:40,나 주 여호와가 말하노라 이스라엘 온 족속이 그 땅에 있어서 내 거룩한 산 곧 이스라엘의 높은 산에서 다 나를 섬기리니 거기서 내가 그들을 기쁘게 받을지라 거기서 너희 예물과 너희 천신하는 첫 열매와 너희 모든 성물을 요구하리라
에스겔,20,42,에스겔 20:42,내가 너희 열조에게 주기로 맹세한 땅 곧 이스라엘 땅으로 너희를 인도하여 들일 때에 너희가 나를 여호와인줄 알고
에스겔,20,44,에스겔 20:44,이스라엘 족속아 내가 너희의 악한 길과 더러운 행위대로 하지 아니하고 내 이름을 위하여 행한 후에야 너희가 나를 여호와인 줄 알리라 나 주 여호와의 말이니라 하셨다 하라
에스겔,20,45,에스겔 20:45,여호와의 말씀이 또 내게 임하여 가라사대
에스겔,21,1,에스겔 21:1,여호와의 말씀이 또 내게 임하여 가라사대
에스겔,21,6,에스겔 21:6,인자야 너는 탄식하되 허리가 끊어지는 듯이 그들의 목전에서 슬피 탄식하라
에스겔,21,8,에스겔 21:8,여호와의 말씀이 또 내게 임하여 가라사대
에스겔,21,9,에스겔 21:9,"인자야 너는 예언하여 이르기를 여호와의 말씀에 칼이여, 칼이여 날카롭고도 마광되었도다"
에스겔,21,10,에스겔 21:10,그 칼이 날카로움은 살륙을 위함이요 마광됨은 번개 같이 되기 위함이니 우리가 즐거워하겠느냐 내 아들의 홀이 모든 나무를 업신여기는도다
에스겔,21,11,에스겔 21:11,그 칼이 손에 잡아 쓸만하도록 마광되되 살륙하는 자의 손에 붙이기 위하여 날카롭고도 마광되었도다 하셨다 하라
에스겔,21,12,에스겔 21:12,인자야 너는 부르짖어 슬피 울지어다 이것이 내 백성에게 임하며 이스라엘 모든 방백에게 임함이로다 그들과 내 백성이 함께 칼에 붙인바 되었으니 너는 네 넓적다리를 칠지어다
에스겔,21,13,에스겔 21:13,이것이 시험이라 만일 업신여기는 홀이 없어지면 어찌할꼬 나 주 여호와의 말이니라
에스겔,21,14,에스겔 21:14,그러므로 인자야 너는 예언하며 손뼉을 쳐서 칼로 세 번 거듭 씌우게 하라 이 칼은 중상케 하는 칼이라 밀실에 들어가서 대인을 중상케 하는 칼이로다
에스겔,21,15,에스겔 21:15,내가 그들로 낙담하여 많이 엎드러지게 하려고 그 모든 성문을 향하여 번쩍번쩍하는 칼을 베풀었도다 오호라 그 칼이 번개 같고 살륙을 위하여 날카로왔도다
에스겔,21,16,에스겔 21:16,칼아 모이라 우향하라 항오를 차리라 좌향하라 향한대로 가라
에스겔,21,17,에스겔 21:17,나도 내 손뼉을 치며 내 분을 다 하리로다 나 여호와의 말이니라
에스겔,21,18,에스겔 21:18,여호와의 말씀이 내게 임하여 가라사대
에스겔,21,20,에스겔 21:20,칼이 암몬 족속의 랍바에 이르는 길과 유다 견고한 성 예루살렘에 이르는 길을 그리라
에스겔,21,22,에스겔 21:22,오른손에 예루살렘으로 갈 점괘를 얻었으므로 공성퇴를 베풀며 입을 벌리고 살륙하며 소리를 높여 외치며 성문을 향하여 공성퇴를 베풀고 토성을 쌓고 운제를 세우게 되었나니
에스겔,21,24,에스겔 21:24,그러므로 나 주 여호와가 말하노라 너희의 악이 기억을 일으키며 너희의 건과가 드러나며 너희 모든 행위의 죄가 나타났도다 너희가 기억한바 되었은즉 그 손에 잡히리라
에스겔,21,25,에스겔 21:25,너 극악하여 중상을 당할 이스라엘 왕아 네 날이 이르렀나니 곧 죄악의 끝 때니라
에스겔,21,26,에스겔 21:26,나 주 여호와가 말하노라 관을 제하며 면류관을 벗길지라 그대로 두지 못하리니 낮은 자를 높이고 높은 자를 낮출 것이니라
에스겔,21,27,에스겔 21:27,"내가 엎드러뜨리고, 엎드러뜨리고, 엎드러뜨리려니와 이것도 다시 있지 못하리라 마땅히 얻을 자가 이르면 그에게 주리라"
에스겔,21,28,에스겔 21:28,인자야 주 여호와께서 암몬 족속과 그 능욕에 대하여 말씀하셨다고 너는 예언하라 너는 이르기를 칼이 뽑히도다 칼이 뽑히도다 살륙하며 멸절하며 번개 같이 되기 위하여 마광되었도다
에스겔,21,29,에스겔 21:29,네게 대하여 허무한 것을 보며 네게 대하여 거짓 복술을 하는 자가 너를 중상을 당한 악인의 목 위에 두리니 이는 그의 날 곧 죄악의 끝 때가 이름이로다
에스겔,21,30,에스겔 21:30,그러나 칼을 그 집에 꽂을지어다 네가 지음을 받은 곳에서 너의 생장한 땅에서 내가 너를 국문하리로다
에스겔,22,1,에스겔 22:1,여호와의 말씀이 또 내게 임하여 가라사대
에스겔,22,17,에스겔 22:17,여호와의 말씀이 내게 임하여 가라사대
에스겔,22,23,에스겔 22:23,여호와의 말씀이 네게 임하여 가라사대
에스겔,22,24,에스겔 22:24,인자야 너는 그에게 이르기를 너는 정결함을 얻지 못한 땅이요 진노의 날에 비를 얻지 못한 땅이로다 하라
에스겔,22,25,에스겔 22:25,그 가운데서 선지자들의 배역함이 우는 사자가 식물을 움킴 같았도다 그들이 사람의 영혼을 삼켰으며 전재와 보물을 탈취하며 과부로 그 가운데 많게 하였으며
에스겔,22,27,에스겔 22:27,그 가운데 그 방백들은 식물을 삼키는 이리 같아서 불의의 이를 취하려고 피를 흘려 영혼을 멸하거늘
에스겔,22,28,에스겔 22:28,그 선지자들이 그들을 위하여 회를 칠하고 스스로 허탄한 이상을 보며 거짓 복술을 행하며 여호와가 말하지 아니하였어도 주 여호와의 말씀이라 하였으며
에스겔,22,29,에스겔 22:29,이 땅 백성은 강포하며 늑탈하여 가난하고 궁핍한 자를 압제하였으며 우거한 자를 불법하게 학대하였으므로
에스겔,22,30,에스겔 22:30,이 땅을 위하여 성을 쌓으며 성 무너진 데를 막아서서 나로 멸하지 못하게 할 사람을 내가 그 가운데서 찾다가 얻지 못한고로
에스겔,22,31,에스겔 22:31,내가 내 분으로 그 위에 쏟으며 내 진노의 불로 멸하여 그 행위대로 그 머리에 보응하였느니라 나 주 여호와의 말이니라
에스겔,23,1,에스겔 23:1,여호와의 말씀이 또 내게 임하여 가라사대
에스겔,23,2,에스겔 23:2,인자야 두 여인이 있었으니 한 어미의 딸이라
에스겔,23,6,에스겔 23:6,"그들은 다 자색 옷을 입은 방백과 감독이요 준수한 소년,말 타는 자들이라"
에스겔,23,11,에스겔 23:11,그 아우 오홀리바가 이것을 보고도 그 형보다 음욕을 더하며 그 형의 간음함보다 그 간음이 더 심하므로 그 형보다 더 부패하여 졌느니라
에스겔,23,13,에스겔 23:13,그 두 여인이 한 길로 행하므로 그도 더러워졌음을 내가 보았노라
에스겔,23,40,에스겔 23:40,또 사자를 원방에 보내어 사람을 불러오게 하고 그들이 오매 그들을 위하여 목욕하며 눈썹을 그리며 스스로 단장하고
에스겔,23,41,에스겔 23:41,화려한 자리에 앉아 앞에 상을 베풀고 내 향과 기름을 그 위에 놓고
에스겔,23,42,에스겔 23:42,그 무리와 편히 지껄이고 즐겼으며 또 광야에서 잡류와 술취한 사람을 청하여 오매 그들이 팔쇠를 그 손목에 끼우고 아름다운 면류관을 그 머리에 씌웠도다
에스겔,24,1,에스겔 24:1,제구년 시월 십일에 여호와의 말씀이 내게 임하여 가라사대
에스겔,24,3,에스겔 24:3,너는 이 패역한 족속에게 비유를 베풀어 이르기를 주 여호와의 말씀에 한 가마를 걸라
에스겔,24,4,에스겔 24:4,건 후에 물을 붓고 양떼에서 고른 것을 가지고 각을 뜨고 그 넓적다리와 어깨고기의 모든 좋은 덩이를 그 가운데 모아 넣으며 고른 뼈를 가득히 담고 그 뼈를 위하여 가마 밑에 나무를 쌓아 넣고 잘 삶되 가마속의 뼈가 무르도록 삶을지어다
에스겔,24,10,에스겔 24:10,나무를 많이 쌓고 불을 피워 그 고기를 삶아 녹이고 국물을 졸이고 그 뼈를 태우고
에스겔,24,11,에스겔 24:11,가마가 빈 후에는 숯불 위에 놓아 뜨겁게 하며 그 가마의 놋을 달궈서 그 속에 더러운 것을 녹게 하며 녹이 소멸하게 하라
에스겔,24,12,에스겔 24:12,이 성읍이 수고하므로 스스로 곤비하나 많은 녹이 그 속에서 벗어지지 아니하며 불에서도 없어지지 아니하는도다
에스겔,24,15,에스겔 24:15,여호와의 말씀이 또 내게 임하여 가라사대
에스겔,24,20,에스겔 24:20,내가 그들에게 대답하기를 여호와의 말씀이 내게 임하여 가라사대
에스겔,24,24,에스겔 24:24,이와 같이 에스겔이 너희에게 표징이 되리니 그가 행한 대로 너희가 다 행할지라 이 일이 이루면 너희가 나를 주 여호와인 줄 알리라 하라 하셨느니라
에스겔,25,1,에스겔 25:1,여호와의 말씀이 또 내게 임하여 가라사대
에스겔,25,17,에스겔 25:17,분노의 책벌로 내 원수를 그들에게 크게 갚으리라 내가 그들에게 원수를 갚은즉 그들이 나를 여호와인 줄 알리라 하시니라
에스겔,26,1,에스겔 26:1,제 십 일년 어느날 초 일일에 여호와의 말씀이 내게 임하여 가라사대
에스겔,26,2,에스겔 26:2,인자야 두로가 예루살렘을 쳐서 이르기를 아하 좋다 만민의 문이 깨어져서 내게로 돌아왔도다 그가 황무하였으니 내가 충만함을 얻으리라 하였도다
에스겔,26,3,에스겔 26:3,그러므로 나 주 여호와가 말하노라 두로야 내가 너를 대적하여 바다가 그 파도로 흉용케함 같이 열국으로 와서 너를 치게 하리니
에스겔,26,5,에스겔 26:5,바다 가운데 그물 치는 곳이 되게 하리니 내가 말하였음이니라 나 주 여호와의 말이니라 그가 이방의 노략거리가 될 것이요
에스겔,26,6,에스겔 26:6,들에 있는 그의 딸들은 칼에 죽으리니 그들이 나를 여호와인 줄알리라
에스겔,26,12,에스겔 26:12,네 재물을 빼앗을 것이며 네 무역한 것을 노략할 것이며 네 성을 헐 것이며 네 기뻐하는 집을 무너뜨릴 것이며 또 네 돌들과 네 재목과 네 흙을 다 물 가운데 던질 것이라
에스겔,26,13,에스겔 26:13,내가 네 노래 소리로 그치게 하며 네 수금 소리로 다시 들리지 않게 하고
에스겔,26,14,에스겔 26:14,너로 말간 반석이 되게 한즉 네가 그물 말리는 곳이 되고 다시는 건축되지 못하리니 나 여호와가 말하였음이니라 나 주 여호와의 말이니라
에스겔,26,15,에스겔 26:15,주 여호와께서 두로를 대하여 말씀하시되 너의 엎드러지는 소리에 모든 섬이 진동하지 아니하겠느냐 ? 곧 너희 중에 상한 자가 부르짖으며 살륙을 당할 때에라
에스겔,26,18,에스겔 26:18,너의 무너지는 그 날에 섬들이 진동할 것임이여 바다 가운데 섬들이 네 결국을 보고 놀라리로다 하리라
에스겔,26,19,에스겔 26:19,나 주 여호와가 말하노라 내가 너로 거민이 없는 성과 같이 황무한 성이 되게 하고 깊은 바다로 네 위에 오르게 하며 큰 물로 너를 덮게 할 때에
에스겔,26,21,에스겔 26:21,내가 너를 패망케 하여 다시 있지 못하게 하리니 사람이 비록 너를 찾으나 다시는 영원히 만나지 못하리라 나 주 여호와의 말이니라
에스겔,27,1,에스겔 27:1,여호와의 말씀이 내게 임하여 가라사대
에스겔,27,2,에스겔 27:2,인자야 너는 두로를 위하여 애가를 지으라
에스겔,27,3,에스겔 27:3,너는 두로를 향하여 이르기를 바다 어귀에 거하여 여러 섬 백성과 통상하는 자여 주 여호와의 말씀에 두로야 네가 말하기를 나는 온전히 아름답다 하였도다
에스겔,27,4,에스겔 27:4,네 지경이 바다 가운데 있음이여 너를 지은 자가 네 아름다움을 온전케 하였도다
에스겔,27,5,에스겔 27:5,스닐의 잣나무로 네 판자를 만들었음이여 너를 위하여 레바논 백향목을 가져 돛대를 만들었도다
에스겔,27,6,에스겔 27:6,바산 상수리나무로 네 노를 만들었음이여 깃딤섬 황양목에 상아로 꾸며 갑판을 만들었도다
에스겔,27,8,에스겔 27:8,시돈과 아르왓 거민들이 네 사공이 되었음이여 두로야 네 가운데 있는 박사가 네 선장이 되었도다
에스겔,27,9,에스겔 27:9,그발의 노인과 박사들이 네 가운데서 배의 틈을 막는 자가 되었음이여 바다의 모든 배와 그 사공들은 네 가운데서 무역하였도다
에스겔,27,11,에스겔 27:11,아르왓 사람과 네 군대는 네 사면 성 위에 있었고 용사들은 네 여러 망대에 있었음이여 네 사면 성 위에 방패를 달아 네 아름다움을 온전케 하였도다
에스겔,27,12,에스겔 27:12,다시스는 각종 보화가 풍부하므로 너와 통상하였음이여 은과 철과 상납과 납을 가지고 네 물품을 무역하였도다
에스겔,27,15,에스겔 27:15,드단 사람은 네 장사가 되었음이여 여러 섬이 너와 통상하여 상아와 오목을 가져 네 물품을 무역하였도다
에스겔,27,16,에스겔 27:16,너의 제조품이 풍부하므로 아람은 너와 통상하였음이여 남보석과 자색 베와 수 놓은 것과 가는 베와 산호와 홍보석을 가지고 네 물품을 무역하였도다
에스겔,27,17,에스겔 27:17,유다와 이스라엘 땅 사람이 네 장사가 되었음이여 민닛 밀과 과자와 꿀과 기름과 유향을 가지고 네 물품을 무역하였도다
에스겔,27,19,에스겔 27:19,워단과 야완은 길쌈하는 실로 네 물품을 무역하였음이여 백철과 육계와 창포가 네 상품중에 있었도다
에스겔,27,20,에스겔 27:20,드단은 네 장사가 되었음이여 탈 때 까는 담으로 너와 무역하였도다
에스겔,27,22,에스겔 27:22,아라비아와 게달의 모든 방백은 네 수하에 상고가 되어 어린 양과 수양과 염소들 그것으로 너와 무역하였도다
에스겔,27,23,에스겔 27:23,아라비아와 게달의 모든 방백은 네 수하에 상고가 되어 어린 양과 수양과 염소들 그것으로 너와 무역하였도다
에스겔,27,25,에스겔 27:25,스바와 라아마의 장사들도 너의 장사들이 됨이여 각종 상등 향재료와 각종 보석과 황금으로 네 물품을 무역하였도다
에스겔,27,27,에스겔 27:27,이들이 아름다운 물화 곧 청색 옷과 수놓은 물품과 빛난 옷을 백향목 상자에 담고 노끈으로 묶어 가지고 너와 통상하여 네 물품을 무역하였도다
에스겔,27,28,에스겔 27:28,다시스의 배는 떼를 지어 네 물화를 실었음이여 네가 바다 중심에서 풍부하여 영화가 극하였도다
에스겔,27,29,에스겔 27:29,네 사공이 너를 인도하여 큰 물에 이름이여 동풍이 바다 중심에서 너를 파하도다
에스겔,27,33,에스겔 27:33,너를 위하여 크게 소리질러 통곡하고 티끌을 머리에 무릎쓰며 재 가운데 굶이여
에스겔,28,1,에스겔 28:1,여호와의 말씀이 또 내게 임하여 가라사대
에스겔,28,4,에스겔 28:4,네 지혜와 총명으로 재물을 얻었으며 금 은을 곳간에 저축하였으며
에스겔,28,11,에스겔 28:11,여호와의 말씀이 또 내게 임하여 가라사대
에스겔,28,12,에스겔 28:12,인자야 두로 왕을 위하여 애가를 지어 그에게 이르기를 주 여호와의 말씀에 너는 완전한 인이었고 지혜가 충족하며 온전히 아름다왔도다
에스겔,28,14,에스겔 28:14,너는 기름 부음을 받은 덮는 그룹임이여 내가 너를 세우매 네가 하나님의 성산에 있어서 화광석 사이에 왕래하였었도다
에스겔,28,20,에스겔 28:20,여호와의 말씀이 또 내게 임하여 가라사대
에스겔,28,24,에스겔 28:24,이스라엘 족속에게는 그 사면에서 그들을 멸시하는 자 중에 찌르는 가시와 아프게 하는 가시가 다시는 없으리니 그들이 나를 주 여호와인 줄 알리라
에스겔,28,25,에스겔 28:25,나 주 여호와가 말하노라 내가 열방에 흩어 있는 이스라엘 족속을 모으고 그들로 인하여 열국의 목전에서 내 거룩함을 나타낼 때에 그들이 고토 곧 내 종 야곱에게 준 땅에 거할지라
에스겔,28,26,에스겔 28:26,그들이 그 가운데 평안히 거하여 집을 건축하며 포도원을 심고 그들의 사면에서 멸시하던 모든 자를 내가 국문할 때에 그들이 평안히 살며 나를 그 하나님 여호와인 줄 알리라
에스겔,29,1,에스겔 29:1,제 십년 시월 십 이일에 여호와의 말씀이 내게 임하여 가라사대
에스겔,29,17,에스겔 29:17,제 이십 칠년 정월 초 일일에 여호와의 말씀이 내게 임하여 가라사대
에스겔,30,1,에스겔 30:1,여호와의 말씀이 또 내게 임하여 가라사대
에스겔,30,20,에스겔 30:20,제 십일년 정월 칠일에 여호와의 말씀이 네게 임하여 가라사대
에스겔,31,1,에스겔 31:1,제 십 일년 삼월 초 일일에 여호와의 말씀이 내게 임하여 가라사대
에스겔,31,4,에스겔 31:4,물들이 그것을 기르며 깊은 물이 그것을 자라게 하며 강들이 그 심긴 곳을 둘러 흐르며 보의 물이 들의 모든 나무에까지 미치매
에스겔,31,5,에스겔 31:5,그 나무가 물이 많으므로 키가 들의 모든 나무보다 높으며 굵은 가지가 번성하며 가는 가지가 길게 빼어났고
에스겔,31,6,에스겔 31:6,공중의 모든 새가 그 큰 가지에 깃들이며 들의 모든 짐승이 그 가는 가지 밑에 새끼를 낳으며 모든 큰 나라가 그 그늘 아래 거하였었느니라
에스겔,31,7,에스겔 31:7,그 뿌리가 큰 물가에 있으므로 그 나무가 크고 가지가 길어 모양이 아름다우매
에스겔,31,8,에스겔 31:8,하나님의 동산의 백향목이 능히 그를 가리우지 못하며 잣나무가 그 굵은 가지만 못하며 단풍나무가 그 가는 가지만 못하며 하나님의 동산의 아무 나무도 그 아름다운 모양과 같지 못하였도다
에스겔,31,9,에스겔 31:9,내가 그 가지로 많게 하여 모양이 아름답게 하였더니 하나님의 동산 에덴에 있는 모든 나무가지가 다 투기하였느니라
에스겔,32,1,에스겔 32:1,제 십 이년 십 이월 초일일에 여호와의 말씀이 내게 임하여 가라사대
에스겔,32,17,에스겔 32:17,제 십 이년 어느 달 십 오일에 여호와의 말씀이 내게 임하여 가라사대
에스겔,33,1,에스겔 33:1,여호와의 말씀이 내게 임하여 가라사대
에스겔,33,2,에스겔 33:2,인자야 너는 네 민족에게 고하여 이르라 가령 내가 칼을 한 땅에 임하게 한다 하자 그 땅 백성이 자기 중에 하나를 택하여 파숫군을 삼은
에스겔,33,4,에스겔 33:4,나팔 소리를 듣고도 경비를 하지 아니하므로 그 임하는 칼에 제함을 당하면 그 피가 자기의 머리로 돌아갈 것이라
에스겔,33,6,에스겔 33:6,그러나 파숫군이 칼이 임함을 보고도 나팔을 불지 아니하여 백성에게 경고치 아니하므로 그 중에 한 사람이 그 임하는 칼에 제함을 당하면 그는 자기 죄악 중에서 제한바 되려니와 그 죄를 내가 파숫군의 손에서 찾으리라
에스겔,33,7,에스겔 33:7,인자야 내가 너로 이스라엘 족속의 파숫군을 삼음이 이와 같으니라 그런즉 너는 내 입의 말을 듣고 나를 대신하여 그들에게 경고할지어다
에스겔,33,8,에스겔 33:8,가령 내가 악인에게 이르기를 악인아 너는 정녕 죽으리라 하였다하자 네가 그 악인에게 말로 경고하여 그 길에서 떠나게 아니하면 그 악인은 자기 죄악 중에서 죽으려니와 내가 그 피를 네 손에서 찾으리라
에스겔,33,9,에스겔 33:9,그러나 너는 악인에게 경고하여 돌이켜 그 길에서 떠나라고 하되 그가 돌이켜 그 길에서 떠나지 아니하면 그는 자기 죄악 중에서 죽으려니와 너는 네 생명을 보전하리라
에스겔,33,11,에스겔 33:11,주 여호와의 말씀에 나의 삶을 두고 맹세하노니 나는 악인의 죽는 것을 기뻐하지 아니하고 악인이 그 길에서 돌이켜 떠나서 사는 것을 기뻐하노라 이스라엘 족속아 돌이키고 돌이키라 너희 악한 길에서 떠나라 어찌 죽고자 하느냐 하셨다 하라
에스겔,33,12,에스겔 33:12,인자야 너는 네 민족에게 이르기를 의인이 범죄하는 날에는 그 의가 구원치 못할 것이요 악이 돌이켜 그 악에서 떠나는 날에는 그 악이 그를 엎드러뜨리지 못할 것인즉 의인이 범죄하는 날에는 그 의로 인하여는 살지 못하리라
에스겔,33,13,에스겔 33:13,가령 내가 의인에게 말하기를 너는 살리라 하였다 하자 그가 그 의를 스스로 믿고 죄악을 행하면 그 모든 의로운 행위가 하나도 기억되지 아니하리니 그가 그 지은 죄악 중 곧 그 중에서 죽으리라
에스겔,33,14,에스겔 33:14,가령 내가 악인에게 말하기를 너는 죽으리라 하였다 하자 그가 돌이켜 자기의 죄에서 떠나서 법과 의대로 행하여
에스겔,33,15,에스겔 33:15,전당물을 도로 주며 억탈물을 돌려 보내고 생명의 율례를 준행하여 다시는 죄악을 짓지 아니하면 그가 정녕 살고 죽지 않을지라
에스겔,33,17,에스겔 33:17,그래도 네 민족은 말하기를 주의 길이 공평치 않다 하는도다 그러나 실상은 그들의 길이 공평치 아니하니라
에스겔,33,18,에스겔 33:18,만일 의인이 돌이켜 그 의에서 떠나 죄악을 지으면 그가 그 가운데서 죽을 것이고
에스겔,33,19,에스겔 33:19,만일 악인이 돌이켜 그 악에서 떠나 법과 의대로 행하면 그가 그로 인하여 살리라
에스겔,33,22,에스겔 33:22,그 도망한 자가 내게 나아오기 전날 저녁에 여호와의 손이 내게 임하여 내 입을 여시더니 다음 아침 그 사람이 내게 나아올 임시에 내 입이 열리기로 내가 다시는 잠잠하지 아니하였노라
에스겔,33,23,에스겔 33:23,여호와의 말씀이 내게 임하여 가라사대
에스겔,33,30,에스겔 33:30,"인자야 네 민족이 담 곁에서와 집 문에서 너를 의논하며 각각 그 형제로 더불어 말하여 이르기를 자, 가서 여호와께로부터 무슨 말씀이 나오는가 들어보자 하고"
에스겔,33,31,에스겔 33:31,백성이 모이는 것 같이 네게 나아오며 내 백성처럼 네 앞에 앉아서 네 말을 들으나 그대로 행치 아니하니 이는 그 입으로는 사랑을 나타내어도 마음은 이욕을 좇음이라
에스겔,33,33,에스겔 33:33,그 말이 응하리니 응할 때에는 그들이 한 선지자가 자기 가운데 있었던 줄을 알리라
에스겔,34,1,에스겔 34:1,여호와의 말씀이 내게 임하여 가라사대
에스겔,34,4,에스겔 34:4,너희가 그 연약한 자를 강하게 아니하며 병든 자를 고치지 아니하며 상한 자를 싸매어 주지 아니하며 쫓긴 자를 돌아오게 아니하며 잃어버린 자를 찾지 아니하고 다만 강포로 그것들을 다스렸도다
에스겔,34,5,에스겔 34:5,목자가 없으므로 그것들이 흩어지며 흩어져서 모든 들짐승의 밥이 되었도다
에스겔,34,6,에스겔 34:6,내 양의 무리가 모든 산과 높은 멧부리에마다 유리되었고 내 양의 무리가 온 지면에 흩어졌으되 찾고 찾는 자가 없었도다
에스겔,34,7,에스겔 34:7,그러므로 목자들아 여호와의 말씀을 들을지어다
에스겔,34,9,에스겔 34:9,그러므로 너희 목자들아 여호와의 말씀을 들을지어다
에스겔,34,11,에스겔 34:11,나 주 여호와가 말하노라 나 곧 내가 내 양을 찾고 찾되
에스겔,34,12,에스겔 34:12,목자가 양 가운데 있는 날에 양이 흩어졌으면 그 떼를 찾는 것 같이 내가 내 양을 찾아서 흐리고 캄캄한 날에 그 흩어진 모든 곳에서 그것들을 건져낼지라
에스겔,34,13,에스겔 34:13,내가 그것들을 만민 중에서 끌어내며 열방 중에서 모아 그 본토로 데리고 가서 이스라엘 산 위에와 시냇가에와 그 땅 모든 거주지에서 먹이되
에스겔,34,14,에스겔 34:14,좋은 꼴로 먹이고 그 우리를 이스라엘 높은 산 위에 두리니 그것들이 거기서 좋은 우리에 누워 있으며 이스라엘 산 위에서 살진 꼴을 먹으리라
에스겔,34,15,에스겔 34:15,나 주 여호와가 말하노라 내가 친히 내 양의 목자가 되어 그것들로 누워 있게 할지라
에스겔,34,16,에스겔 34:16,그 잃어버린 자를 내가 찾으며 쫓긴 자를 내가 돌아오게 하며 상한 자를 내가 싸매어 주며 병든 자를 내가 강하게 하려니와 살진자와 강한 자는 내가 멸하고 공의대로 그것들을 먹이리라
에스겔,34,17,에스겔 34:17,나 주 여호와가 말하노라 나의 양떼 너희여 내가 양과 양의 사이와 수양과 수염소의 사이에 심판하노라
에스겔,34,18,에스겔 34:18,너희가 좋은 꼴 먹은 것을 작은 일로 여기느냐 어찌하여 남은 꼴을 발로 밟았느냐 ? 너희가 맑은 물 마신 것을 작은 일로 여기느냐 어찌하여 남은 물을 발로 더럽혔느냐
에스겔,34,19,에스겔 34:19,나의 양은 너희 발로 밟은 것을 먹으며 너희 발로 더럽힌 것을 마시는도다 하셨느니라
에스겔,34,20,에스겔 34:20,그러므로 주 여호와께서 그들에게 대하여 말씀하시기를 나 곧 내가 살찐 양과 파리한 양 사이에 심판하리라
에스겔,34,21,에스겔 34:21,너희가 옆구리와 어깨로 밀뜨리고 모든 병든 자를 뿔로 받아 무리로 밖으로 흩어지게 하는도다
에스겔,34,22,에스겔 34:22,그러므로 내가 내 양떼를 구원하여 그들로 다시는 노략거리가 되지 않게 하고 양과 양 사이에 심판하리라
에스겔,34,25,에스겔 34:25,내가 또 그들과 화평의 언약을 세우고 악한 짐승을 그 땅에서 그치게 하리니 그들이 빈 들에 평안히 거하며 수풀 가운데서 잘찌라
에스겔,34,26,에스겔 34:26,내가 그들에게 복을 내리며 내 산 사면 모든 곳도 복되게 하여 때를 따라 비를 내리되 복된 장마비를 내리리라 !
에스겔,34,27,에스겔 34:27,그리한즉 밭에 나무가 열매를 맺으며 땅이 그 소산을 내리니 그들이 그 땅에서 평안할지라 내가 그들의 멍엣목을 꺾고 그들로 종을 삼은 자의 손에서 그들을 건져낸 후에 그들이 나를 여호와인 줄 알겠고
에스겔,34,29,에스겔 34:29,내가 그들을 위하여 유명한 종식할 땅을 일으키리니 그들이 다시는 그 땅에서 기근으로 멸망하지 아니할지며 다시는 열국의 수치를 받지 아니할지라
에스겔,34,30,에스겔 34:30,그들이 나 여호와 그들의 하나님이 그들과 함께 있는 줄을 알며 그들 곧 이스라엘 족속이 내 백성인 줄 알리라 나 주 여호와의 말이라
에스겔,34,31,에스겔 34:31,"내 양 곧 내 초장의 양, 너희는 사람이요 나는 너희 하나님이라 나 주 여호와의 말이니라"
에스겔,35,1,에스겔 35:1,여호와의 말씀이 또 내게 임하여 가라사대
에스겔,35,2,에스겔 35:2,인자야 네 얼굴을 세일산으로 향하고 그를 쳐서 예언하여
에스겔,35,3,에스겔 35:3,이르기를 주 여호와의 말씀에 세일산아 내가 너를 대적하여 내 손을 네 위에 펴서 너로 황무지와 놀라움이 되게 할지라
에스겔,35,4,에스겔 35:4,내가 네 성읍들을 무너뜨리며 너로 황무케 하리니 네가 나를 여호와인 줄 알리라
에스겔,35,5,에스겔 35:5,네가 옛날부터 한을 품고 이스라엘 족속의 환난 때 곧 죄악의 끝때에 칼의 권능에 그들을 붙였도다
에스겔,36,1,에스겔 36:1,인자야 너는 이스라엘 산들에게 예언하여 이르기를 이스라엘 산들아 여호와의 말씀을 들으라
에스겔,36,2,에스겔 36:2,주 여호와의 말씀에 대적이 네게 대하여 말하기를 하하 옛적 높은 곳이 우리의 기업이 되었도다 하였느니라
에스겔,36,3,에스겔 36:3,그러므로 너는 예언하여 이르기를 주 여호와의 말씀에 그들이 너희를 황무케 하고 너희 사방을 삼켜서 너희로 남은 이방인의 기업이 되게 하여 사람의 말거리와 백성의 비방거리가 되게 하였도다
에스겔,36,4,에스겔 36:4,그러므로 이스라엘 산들아 주 여호와의 말씀을 들을지어다 주 여호와께서 산들과 멧부리들과 시내들과 골짜기들과 황무한 사막들과 사면에 남아 있는 이방인의 노략거리와 조롱거리가 된 버린 성읍들에게 말씀하셨느니라
에스겔,36,7,에스겔 36:7,그러므로 주 여호와의 말씀에 내가 맹세하였은즉 너희 사면에 있는 이방인이 자기 수욕을 정녕 당하리라
에스겔,36,8,에스겔 36:8,그러나 너희 이스라엘 산들아 너희는 가지를 내고 내 백성 이스라엘을 위하여 과실을 맺으리니 그들의 올 때가 가까이 이르렀음이니라
에스겔,36,10,에스겔 36:10,내가 또 사람을 너희 위에 많게 하리니 이들은 이스라엘 온 족속이라 그들로 성읍들에 거하게 하며 빈 땅에 건축하게 하리라
에스겔,36,11,에스겔 36:11,내가 너희 위에 사람과 짐승으로 많게 하되 생육이 중다하고 번성하게 할 것이라 너희 전 지위대로 사람이 거하게 하여 너희를 처음보다 낫게 대접하리니 너희가 나를 여호와인 줄 알리라
에스겔,36,12,에스겔 36:12,내가 사람으로 너희 위에 행하게 하리니 그들은 내 백성 이스라엘이라 그들은 너를 얻고 너는 그 기업이 되어 다시는 그들로 자식들을 잃어버리지 않게 하리라
에스겔,36,14,에스겔 36:14,네가 다시는 사람을 삼키지 아니하며 다시는 네 나라 백성을 제하지 아니하리라 나 주 여호와의 말이니라
에스겔,36,15,에스겔 36:15,내가 또 너로 열국의 수욕을 듣지 않게 하며 만민의 비방을 다시받지 않게 하며 네 나라 백성을 다시 넘어뜨리지 않게 하리라 나 주 여호와의 말이니라 하셨다 하라
에스겔,36,16,에스겔 36:16,여호와의 말씀이 또 내게 임하여 가라사대
에스겔,36,21,에스겔 36:21,그러나 이스라엘 족속이 들어간 그 열국에서 더럽힌 내 거룩한 이름을 내가 아꼈노라
에스겔,36,22,에스겔 36:22,그러므로 너는 이스라엘 족속에게 이르기를 주 여호와의 말씀에 이스라엘 족속아 내가 이렇게 행함은 너희를 위함이 아니요 너희가 들어간 그 열국에서 더럽힌 나의 거룩한 이름을 위함이라
에스겔,36,23,에스겔 36:23,열국 가운데서 더럽힘을 받은 이름 곧 너희가 그들 중에서 더럽힌 나의 큰 이름을 내가 거룩하게 할지라 내가 그들의 목전에서 너희로 인하여 나의 거룩함을 나타내리니 열국 사람이 나를 여호와인 줄 알리라 나 주 여호와의 말이니라
에스겔,36,24,에스겔 36:24,내가 너희를 열국 중에서 취하여 내고 열국 중에서 모아 데리고 고토에 들어가서
에스겔,36,27,에스겔 36:27,또 내 신을 너희 속에 두어 너희로 내 율례를 행하게 하리니 너희가 내 규례를 지켜 행할지라
에스겔,36,28,에스겔 36:28,내가 너희 열조에게 준 땅에 너희가 거하여 내 백성이 되고 나는 너희 하나님이 되리라
에스겔,36,30,에스겔 36:30,또 나무의 실과와 밭의 소산을 풍성케 하여 너희로 다시는 기근의 욕을 열국에게 받지 않게 하리니
에스겔,36,33,에스겔 36:33,나 주 여호와가 말하노라 내가 너희를 모든 죄악에서 정결케 하는 날에 성읍들에 사람이 거접되게 하며 황폐한 것이 건축되게 할 것인즉
에스겔,36,34,에스겔 36:34,전에는 지나가는 자의 눈에 황무하게 보이던 그 황무한 땅이 장차 기경이 될지라
에스겔,36,35,에스겔 36:35,사람이 이르기를 이 땅이 황무하더니 이제는 에덴 동산 같이 되었고 황량하고 적막하고 무너진 성읍들에 성벽과 거민이 있다 하리니
에스겔,36,36,에스겔 36:36,너희 사면에 남은 이방 사람이 나 여호와가 무너진 곳을 건축하며 황무한 자리에 심은 줄 알리라 나 여호와가 말하였으니 이루리라
에스겔,37,4,에스겔 37:4,또 내게 이르시되 너는 이 모든 뼈에게 대언하여 이르기를 너희 마른 뼈들아 여호와의 말씀을 들을지어다
에스겔,37,5,에스겔 37:5,주 여호와께서 이 뼈들에게 말씀하시기를 내가 생기로 너희에게 들어가게 하리니 너희가 살리라
에스겔,37,6,에스겔 37:6,너희 위에 힘줄을 두고 살을 입히고 가죽으로 덮고 너희 속에 생기를 두리니 너희가 살리라 또 나를 여호와인 줄 알리라 하셨다 하라
에스겔,37,8,에스겔 37:8,내가 또 보니 그 뼈에 힘줄이 생기고 살이 오르며 그 위에 가죽이 덮이나 그 속에 생기는 없더라
에스겔,37,9,에스겔 37:9,또 내게 이르시되 인자야 너는 생기를 향하여 대언하라 생기에게 대언하여 이르기를 주 여호와의 말씀에 생기야 사방에서부터 와서 이 사망을 당한 자에게 불어서 살게 하라 하셨다 하라
에스겔,37,11,에스겔 37:11,또 내게 이르시되 인자야 이 뼈들은 이스라엘 온 족속이라 그들이 이르기를 우리의 뼈들이 말랐고 우리의 소망이 없어졌으니 우리는 다 멸절되었다 하느니라
에스겔,37,12,에스겔 37:12,그러므로 너는 대언하여 그들에게 이르기를 주 여호와의 말씀에 내 백성들아 내가 너희 무덤을 열고 너희로 거기서 나오게 하고 이스라엘 땅으로 들어가게 하리라
에스겔,37,13,에스겔 37:13,내 백성들아 내가 너희 무덤을 열고 너희로 거기서 나오게 한즉 너희가 나를 여호와인 줄 알리라
에스겔,37,14,에스겔 37:14,내가 또 내 신을 너희 속에 두어 너희로 살게 하고 내가 또 너희를 너희 고토에 거하게 하리니 나 여호와가 이 일을 말하고 이룬 줄을 너희가 알리라 나 여호와의 말이니라 하셨다 하라
에스겔,37,15,에스겔 37:15,여호와의 말씀이 또 내게 임하여 가라사대
에스겔,37,17,에스겔 37:17,그 막대기들을 서로 연합하여 하나가 되게 하라 네 손에서 둘이 하나가 되리라
에스겔,37,18,에스겔 37:18,네 민족이 네게 말하여 이르기를 이것이 무슨 뜻인지 우리에게 고하지 아니하겠느냐 ? 하거든
에스겔,37,20,에스겔 37:20,너는 그 글 쓴 막대기들을 무리의 목전에서 손에 잡고
에스겔,37,21,에스겔 37:21,그들에게 이르기를 주 여호와의 말씀에 내가 이스라엘 자손을 그 간바 열국에서 취하며 그 사면에서 모아서 그 고토로 돌아가게 하고
에스겔,37,22,에스겔 37:22,그 땅 이스라엘 모든 산에서 그들로 한 나라를 이루어서 한 임금이 모두 다스리게 하리니 그들이 다시는 두 민족이 되지 아니하며 두 나라로 나누이지 아니할지라
에스겔,37,23,에스겔 37:23,그들이 그 우상들과 가증한 물건과 그 모든 죄악으로 스스로 더럽히지 아니하리라 내가 그들을 그 범죄한 모든 처소에서 구원하여 정결케 한즉 그들은 내 백성이 되고 나는 그들의 하나님이 되리라
에스겔,37,26,에스겔 37:26,내가 그들과 화평의 언약을 세워서 영원한 언약이 되게 하고 또 그들을 견고하고 번성케 하며 내 성소를 그 가운데 세워서 영원히 이르게 하리니
에스겔,37,27,에스겔 37:27,내 처소가 그들의 가운데 있을 것이며 나는 그들의 하나님이 되고 그들은 내 백성이 되리라
에스겔,37,28,에스겔 37:28,내 성소가 영원토록 그들의 가운데 있으리니 열국이 나를 이스라엘을 거룩케 하는 여호와인 줄 알리라 하셨다 하라
에스겔,38,1,에스겔 38:1,여호와의 말씀이 내게 임하여 가라사대
에스겔,38,6,에스겔 38:6,고멜과 그 모든 떼와 극한 북방의 도갈마 족속과 그 모든 떼 곧 많은 백성의 무리를 너와 함께 끌어 내리라
에스겔,38,7,에스겔 38:7,너는 스스로 예비하되 너와 네게 모인 무리들이 다 스스로 예비하고 너는 그들의 대장이 될지어다
에스겔,38,8,에스겔 38:8,여러날 후 곧 말년에 네가 명령을 받고 그 땅 곧 오래 황무하였던 이스라엘 산에 이르리니 그 땅 백성은 칼을 벗어나서 열국에서부터 모여 들어 오며 이방에서부터 나와서 다 평안히 거하는 중이라
에스겔,38,9,에스겔 38:9,네가 올라오되 너와 네 모든 떼와 너와 함께한 많은 백성이 광풍같이 이르고 구름 같이 땅을 덮으리라
에스겔,38,11,에스겔 38:11,말하기를 내가 평원의 고을들로 올라가리라 성벽도 없고 문이나 빗장이 없어도 염려없이 다 평안히 거하는 백성에게 나아가서
에스겔,38,14,에스겔 38:14,인자야 너는 또 예언하여 곡에게 이르기를 주 여호와의 말씀에 내 백성 이스라엘이 평안히 거하는 날에 네가 어찌 그것을 알지 못하겠느냐 ?
에스겔,38,15,에스겔 38:15,네가 네 고토 극한 북방에서 많은 백성 곧 다 말을 탄 큰 떼와 능한 군대와 함께 오되
에스겔,38,16,에스겔 38:16,구름이 땅에 덮임 같이 내 백성 이스라엘을 치러 오리라 곡아 끝날에 내가 너를 이끌어다가 내 땅을 치게 하리니 이는 내가 너로 말미암아 이방 사람의 목전에서 내 거룩함을 나타내어 그들로 다 나를 알게 하려 함이니라
에스겔,38,23,에스겔 38:23,이와 같이 내가 여러 나라의 눈에 내 존대함과 내 거룩함을 나타내어 나를 알게 하리니 그들이 나를 여호와인줄 알리라
에스겔,39,2,에스겔 39:2,너를 돌이켜서 이끌고 먼 북방에서부터 나와서 이스라엘 산 위에 이르러
에스겔,39,3,에스겔 39:3,네 활을 쳐서 네 왼손에서 떨어뜨리고 네 살을 네 오른손에서 떨어뜨리리니
에스겔,39,4,에스겔 39:4,너와 네 모든 떼와 너와 함께한 백성이 다 이스라엘 산에 엎드러지리라 내가 너를 각종 움키는 새와 들짐승에게 붙여 먹게 하리니
에스겔,39,5,에스겔 39:5,네가 빈들에 엎드러지리라 이는 내가 말하였음이니라 나 주 여호와의 말이니라
에스겔,39,6,에스겔 39:6,내가 또 불을 마곡과 및 섬에 평안히 거하는 자에게 내리리니 그들이 나를 여호와인 줄 알리라
에스겔,39,7,에스겔 39:7,내가 내 거룩한 이름을 내 백성 이스라엘 가운데 알게 하여 다시는 내 거룩한 이름을 더럽히지 않게 하리니 열국이 나를 여호와 곧 이스라엘의 거룩한 자인 줄 알리라 하셨다 하라
에스겔,39,8,에스겔 39:8,나 주 여호와가 말하노라 볼지어다 그 일이 이르고 이루리니 내가 말한 그 날이 이 날이니라
에스겔,39,9,에스겔 39:9,이스라엘 성읍들에 거한 자가 나가서 그 병기를 불 피워 사르되 큰 방패와 작은 방패와 활과 살과 몽둥이와 창을 취하여 칠년 동안 불 피우리라
에스겔,39,10,에스겔 39:10,이와 같이 그 병기로 불을 피울 것이므로 그들이 들에서 나무를 취하지 아니하며 삼림에서 벌목하지 아니하겠고 전에 자기에게서 약탈하던 자의 것을 약탈하며 전에 자기에게서 늑탈하던 자의 것을 늑탈하리라 나 주 여호와의 말이니라
에스겔,39,12,에스겔 39:12,이스라엘 족속이 일곱 달 동안에 그들을 장사하여 그 땅을 정결케 할 것이라
에스겔,39,13,에스겔 39:13,그 땅 모든 백성이 그들을 장사하고 그로 말미암아 이름을 얻으리니 이는 나의 영광이 나타나는 날이니라 나 주 여호와의 말이니라
에스겔,39,15,에스겔 39:15,순행하는 자가 그 땅으로 통행하다가 사람의 뼈를 보면 그 곁에 표를 세워 장사하는 자로 와서 하몬곡 골짜기에 장사하게 할 것이요
에스겔,39,16,에스겔 39:16,성의 이름도 하모나라 하리라 그들이 이와 같이 그 땅을 정결케하리라
에스겔,39,17,에스겔 39:17,너 인자야 나 주 여호와가 말하노라 너는 각종 새와 들의 각종 짐승에게 이르기를 너희는 모여 오라 내가 너희를 위한 잔치 곧 이스라엘 산 위에 예비한 큰 잔치로 너희는 사방에서 모여서 고기를 먹으며 피를 마실지어다
에스겔,39,20,에스겔 39:20,내 상에서 말과 기병과 용사와 모든 군사를 배불리 먹을지니라 하라 나 주 여호와의 말이니라
에스겔,39,21,에스겔 39:21,내가 내 영광을 열국 중에 나타내어 열국으로 나의 행한 심판과 내가 그 위에 나타낸 권능을 보게 하리니
에스겔,39,22,에스겔 39:22,그 날 이후에 이스라엘 족속은 나를 여호와 자기들의 하나님인 줄 알겠고
에스겔,39,23,에스겔 39:23,열국은 이스라엘 족속이 그 죄악으로 인하여 사로잡혀 갔던 줄 알지라 그들이 내게 범죄하였으므로 내 얼굴을 그들에게 가리우고 그들을 그 대적의 손에 붙여 다 칼에 엎드러지게 하였으되
에스겔,39,24,에스겔 39:24,내가 그들의 더러움과 그들의 범죄한대로 행하여 그들에게 내 얼굴을 가리웠었느니라
에스겔,39,25,에스겔 39:25,그러므로 나 주 여호와가 말하노라 내가 이제 내 거룩한 이름을 위하여 열심을 내어 야곱의 사로잡힌 자를 돌아오게 하며 이스라엘 온 족속에게 긍휼을 베풀지라
에스겔,39,28,에스겔 39:28,전에는 내가 그들로 사로잡혀 열국에 이르게 하였거니와 후에는 내가 그들을 모아 고토로 돌아오게 하고 그 한 사람도 이방에 남기지 아니하리니 그들이 나를 여호와 자기들의 하나님인 줄 알리라
에스겔,39,29,에스겔 39:29,내가 다시는 내 얼굴을 그들에게 가리우지 아니하리니 이는 내가 내 신을 이스라엘 족속에게 쏟았음이니라 나 주 여호와의 말이니라
에스겔,40,3,에스겔 40:3,나를 데리시고 거기 이르시니 모양이 놋 같이 빛난 사람 하나가 손에 삼줄과 척량하는 장대를 가지고 문에 서서 있더니
에스겔,40,5,에스겔 40:5,내가 본즉 집 바깥 사면으로 담이 있더라 그 사람의 손에 척량하는 장대를 잡았는데 그 장이 팔꿈치에서 손가락에 이르고 한 손바닥 넓이가 더한 자로 육척이라 그 담을 척량하니 두께가 한 장대요 고도 한 장대며
에스겔,40,7,에스겔 40:7,그 문간에 문지기 방들이 있는데 각기 장이 한 장대요 광이 한 장대요 매방 사이 벽이 오척이며 안 문통의 장이 한 장대요 그 앞에 현관이 있고 그 앞에 안 문이 있으며
에스겔,40,9,에스겔 40:9,안 문의 현관을 또 척량하니 팔척이요 그 문 벽은 이척이라 그 문의 현관이 안으로 향하였으며
에스겔,40,10,에스겔 40:10,그 동문간의 문지기 방은 좌편에 셋이 있고 우편에 셋이 있으니 그 셋이 각각 한 척수요 그 좌우편 벽도 다 한 척수며
에스겔,40,16,에스겔 40:16,문지기 방에는 각각 닫힌 창이 있고 문안 좌우편에 있는 벽 사이에도 창이 있고 그 현관도 그러하고 그 창은 안 좌우편으로 벌여있으며 각 문 벽 위에는 종려나무를 새겼더라
에스겔,40,21,에스겔 40:21,장이 오십척이요 광이 이십 오척이며 문지기 방이 이편에도 셋이요 저편에도 셋이요 그 벽과 그 현관도 먼저 척량한 문간과 같으며
에스겔,40,22,에스겔 40:22,그 창과 현관의 장광과 종려나무가 다 동향한 문간과 같으며 그 문간으로 올라가는 일곱 층계가 있고 그 안에 현관이 있으며
에스겔,40,26,에스겔 40:26,또 그리로 올라가는 일곱 층계가 있고 그 안에 현관이 있으며 또 이편 저편 문 벽위에 종려나무를 새겼으며
에스겔,40,29,에스겔 40:29,장이 오십척이요 광이 이십 오척이며 그 문지기 방과 벽과 현관도 먼저 척량한 것과 같고 그 문간과 그 현관 좌우에도 창이 있으며
에스겔,40,33,에스겔 40:33,장이 오십척이요 광이 이십 오척이며 그 문지기 방과 벽과 현관이 먼저 척량한 것과 같고 그 문간과 그 현관 좌우에도 창이 있으며
에스겔,40,36,에스겔 40:36,장이 오십척이요 광이 이십 오척이며 그 문지기 방과 벽과 현관이 다 그러하여 그 좌우에도 창이 있으며
에스겔,40,40,에스겔 40:40,그 북문 바깥 곧 입구로 올라가는 곳 이편에 상 둘이 있고 문의 현관 저편에 상 둘이 있으니
에스겔,41,6,에스겔 41:6,골방은 삼층인데 골방 위에 골방이 있어 모두 삼십이라 그 삼면 골방이 전 벽 밖으로 그 벽에 의지하였고 전 벽 속은 범하지 아니하였으며
에스겔,41,8,에스겔 41:8,내가 보니 전 삼면의 지대 곧 모든 골방 밑 지대의 고가 한 장대 곧 큰 자로 육척인데
에스겔,41,9,에스겔 41:9,전을 의지한 그 골방 바깥벽 두께는 오척이요 그 외에 빈 터가 남았으며
에스겔,41,10,에스겔 41:10,전 골방 삼면에 광이 이십척 되는 뜰이 둘려 있으며
에스겔,41,16,에스겔 41:16,문통 벽과 닫힌 창과 삼면에 둘려 있는 다락은 문통 안편에서부터 땅에서 창까지 널판으로 가리웠고
에스겔,41,17,에스겔 41:17,문통 위와 내전과 외전의 사면 벽도 다 그러하니 곧 척량한 대소 대로며
에스겔,41,18,에스겔 41:18,널판에는 그룹들과 종려나무를 새겼는데 두 그룹 사이에 종려나무 하나가 있으며 매 그룹에 두 얼굴이 있으니
에스겔,41,19,에스겔 41:19,하나는 사람의 얼굴이라 이편 종려나무를 향하였고 하나는 어린 사자의 얼굴이라 저편 종려나무를 향하였으며 온 전 사면이 다 그러하여
에스겔,41,21,에스겔 41:21,외전 문설주는 네모졌고 내전 전면에 있는 식양은 이러하니
에스겔,41,23,에스겔 41:23,내전과 외전에 각기 문이 있는데
에스겔,41,25,에스겔 41:25,이 성전 문에 그룹과 종려나무를 새겼는데 벽에 있는 것과 같고 현관 앞에는 나무 디딤판이 있으며
에스겔,42,2,에스겔 42:2,그 방들의 자리의 장이 일백척이요 광이 오십척이며 그 문은 북을 향하였고
에스겔,42,3,에스겔 42:3,그 방 삼층에 툇마루들이 있는데 한 방의 툇마루는 이십척 되는 안 뜰과 마주 대하였고 한 방의 툇마루는 바깥 뜰 박석 깔린 곳과 마주 대하였으며
에스겔,42,4,에스겔 42:4,그 두 방 사이에 통한 길이 있어 광이 십척이요 장이 일백척이며 그 문들은 북을 향하였으며
에스겔,42,5,에스겔 42:5,그 상층의 방은 제일 좁으니 이는 툇마루를 인하여 하층과 중층보다 상층이 더 줄어짐이라
에스겔,42,7,에스겔 42:7,그 한 방의 바깥 담 곧 뜰의 담과 마주 대한 담의 장이 오십척이니
에스겔,42,9,에스겔 42:9,이 방들 아래에 동편에서 들어가는 통행구가 있으니 곧 바깥 뜰에서 들어가는 통행구더라
에스겔,42,10,에스겔 42:10,남편 골방 뜰 맞은편과 남편 건물 맞은편에도 방 둘이 있는데
에스겔,42,11,에스겔 42:11,그 두 방 사이에 길이 있고 그 방들의 모양은 북편 방 같고 그 장광도 같으며 그 출입구와 문도 그와 같으며
에스겔,42,17,에스겔 42:17,그 장대로 북편을 척량하니 오백척이요
에스겔,42,18,에스겔 42:18,그 장대로 남편을 척량하니 오백척이요
에스겔,42,19,에스겔 42:19,서편으로 돌이켜 그 장대로 척량하니 오백척이라
에스겔,43,1,에스겔 43:1,그 후에 그가 나를 데리고 문에 이르니 곧 동향한 문이라
에스겔,43,2,에스겔 43:2,이스라엘 하나님의 영광이 동편에서부터 오는데 하나님의 음성이 많은 물소리 같고 땅은 그 영광으로 인하여 빛나니
에스겔,43,4,에스겔 43:4,여호와의 영광이 동문으로 말미암아 전으로 들어가고
에스겔,43,6,에스겔 43:6,들은즉 누구인지 전에서 내게 말하더니 사람이 내 곁에 서서
에스겔,43,7,에스겔 43:7,"내게 이르시되 인자야 이는 내 보좌의 처소, 내 발을 두는 처소, 내가 이스라엘 족속 가운데 영원히 거할 곳이라 이스라엘 족속 곧 그들과 그 왕들이 음란히 행하며 그 죽은 왕들의 시체로 다시는 내 거룩한 이름을 더럽히지 아니하리라"
에스겔,43,10,에스겔 43:10,인자야 너는 이 전을 이스라엘 족속에게 보여서 그들로 자기의 죄악을 부끄러워하고 그 형상을 측량하게 하라
에스겔,43,12,에스겔 43:12,전의 법은 이러하니라 산 꼭대기 지점의 주위는 지극히 거룩하리라 전의 법은 이러하니라
에스겔,43,13,에스겔 43:13,제단의 척수는 이러하니라 제단 밑받침의 고가 일척이요 그 사면 가장자리의 광이 일척이며 그 가으로 둘린 턱의 광이 한 뼘이니 이는 제단 밑받침이요
에스겔,43,17,에스겔 43:17,"그 아랫층의 장이 십 사척이요, 광이 십 사척이니 네모 반듯하고 그 밑받침에 둘린 턱의 광이 반척이며 그 가장자리의 광이 일척이니라 그 층계는 동을 향하게 할지니라"
에스겔,44,3,에스겔 44:3,왕은 왕인 까닭에 안 길로 이 문 현관으로 들어와서 거기 앉아서 나 여호와 앞에서 음식을 먹고 그 길로 나갈 것이니라
에스겔,44,4,에스겔 44:4,그가 또 나를 데리고 북문을 통하여 전 앞에 이르시기로 내가 보니 여호와의 영광이 여호와의 전에 가득한지라 내가 얼굴을 땅에 대고 엎드린대
에스겔,44,14,에스겔 44:14,그러나 내가 그들을 세워 전을 수직하게 하고 전에 모든 수종드는 일과 그 가운데서 행하는 모든 일을 맡기리라
에스겔,44,25,에스겔 44:25,시체를 가까이하여 스스로 더럽히지 못할 것이로되 부모나 자녀나 형제나 시집 가지 아니한 자매를 위하여는 더럽힐 수 있으며
에스겔,44,26,에스겔 44:26,이런 자는 스스로 정결케 한 후에 칠일을 더 지낼 것이요
에스겔,44,28,에스겔 44:28,그들은 기업이 있으리니 내가 곧 그 기업이라 너희는 이스라엘 가운데서 그들에게 산업을 주지 말라 나는 그 산업이 됨이니라
에스겔,45,1,에스겔 45:1,너희는 제비 뽑아 땅을 나누어 기업을 삼을 때에 한 구역을 거룩한 땅으로 삼아 여호와께 예물로 드릴지니 그 장은 이만 오천척이요 광은 일만척이라 그 구역 안 전부가 거룩하리라
에스겔,45,3,에스겔 45:3,이 척량한 중에서 장 이만 오천척과 광 일만 척을 척량하고 그 가운데 성소를 둘지니 지극히 거룩한 곳이요
에스겔,45,5,에스겔 45:5,또 장 이만 오천척과 광 일만 척을 척량하여 전에서 수종드는 레위 사람에게 돌려 그들의 산업을 삼아 촌 이십을 세우게 하고
에스겔,45,6,에스겔 45:6,구별한 거룩한 구역 옆에 광 오천척과 장 이만 오천척을 척량하여 성읍의 기지를 삼아 이스라엘 온 족속에게 돌리고
에스겔,45,7,에스겔 45:7,드린바 거룩한 구역과 성읍의 기지 된 땅의 좌우편 곧 드린바 거룩한 구역의 옆과 성읍의 기지 옆의 땅을 왕에게 돌리되 서편으로 향하여 서편 국경까지와 동편으로 향하여 동편 국경까지니 그장이 구역 하나와 서로 같을지니라
에스겔,45,8,에스겔 45:8,이 땅으로 왕에게 돌려 이스라엘 중에 기업을 삼게 하면 나의 왕들이 다시는 내 백성을 압제하지 아니하리라 그 나머지 땅은 이스라엘 족속에게 그 지파대로 나눠 줄지니라
에스겔,45,10,에스겔 45:10,"너희는 공평한 저울과, 공평한 에바와, 공평한 밧을 쓸지니"
에스겔,45,12,에스겔 45:12,"세겔은 이십 게라니 이십 세겔과, 이십 오 세겔과, 십 오 세겔로 너희 마네가 되게 하라"
에스겔,45,13,에스겔 45:13,너희의 마땅히 드릴 예물이 이러하니 밀 한 호멜에서는 에바 육분지 일을 드리고 보리 한 호멜에서도 에바 육분지 일을 드리며
에스겔,45,16,에스겔 45:16,이 땅 모든 백성은 이 예물로 이스라엘 왕에게 드리고
에스겔,45,20,에스겔 45:20,그 달 칠일에도 모든 그릇 범죄한 자와 부지중 범죄한 자를 위하여 역시 그렇게 하여 전을 속죄할지니라
에스겔,46,1,에스겔 46:1,나 주 여호와가 말하노라 안 뜰 동향한 문을 일하는 육일 동안에는 닫되 안식일에는 열며 월삭에도 열고
에스겔,46,8,에스겔 46:8,왕이 올 때에는 이 문 현관을 통하여 들어오고 나갈 때에도 그리할지니라
에스겔,46,9,에스겔 46:9,그러나 모든 정한 절기에 이 땅 거민이 나 여호와 앞에 나아올 때에는 북문으로 들어와서 경배하는 자는 남문으로 나가고 남문으로 들어오는 자는 북문으로 나갈지라 들어온 문으로 도로 나가지 말고 그 몸이 앞으로 향한대로 나갈지며
에스겔,46,10,에스겔 46:10,왕은 무리 가운데 있어서 그들의 들어올 때에 들어오고 그들의 나갈 때에 나갈지니라
에스겔,46,18,에스겔 46:18,왕은 백성의 기업을 취하여 그 산업에서 쫓아내지 못할지니 왕이 자기 아들에게 기업으로 줄 것은 자기 산업으로만 할 것임이니라 백성으로 각각 그 산업을 떠나 흩어지지 않게 할 것이니라
에스겔,46,21,에스겔 46:21,나를 데리고 바깥 뜰로 나가서 나로 뜰 네 구석을 지나가게 하시는데 본즉 그 뜰 매 구석에 또 뜰이 있는데
에스겔,46,22,에스겔 46:22,뜰 네 구석에 있는 그 뜰에 담이 둘렸으니 뜰의 장이 사십척이요 광이 삼십척이라 구석의 네 뜰이 한 척수며
에스겔,46,23,에스겔 46:23,그 작은 네 뜰 사면으로 돌아가며 부엌이 있고 그 사면 부엌에 삶는 기구가 설비되었었는데
에스겔,47,3,에스겔 47:3,그 사람이 손에 줄을 잡고 동으로 나아가며 일천척을 척량한 후에 나로 그 물을 건너게 하시니 물이 발목에 오르더니
에스겔,47,4,에스겔 47:4,다시 일천척을 척량하고 나로 물을 건너게 하시니 물이 무릎에 오르고 다시 일천척을 척량하고 나로 물을 건너게 하시니 물이 허리에 오르고
에스겔,47,7,에스겔 47:7,내가 돌아간즉 강 좌우편에 나무가 심히 많더라
에스겔,47,12,에스겔 47:12,강 좌우 가에는 각종 먹을 실과나무가 자라서 그 잎이 시들지 아니하며 실과가 끊치지 아니하고 달마다 새 실과를 맺으리니 그 물이 성소로 말미암아 나옴이라 그 실과는 먹을만하고 그 잎사귀는 약 재료가 되리라
에스겔,47,14,에스겔 47:14,내가 옛적에 맹세하여 이 땅으로 너희 열조에게 주마 하였었나니 너희는 피차 없이 나누어 기업을 삼으라 이 땅이 너희의 기업이 되리라
에스겔,47,15,에스겔 47:15,이 땅 지계는 이러하니라 북방은 대해에서 헤들론 길로 말미암아 스닷 어귀까지니
에스겔,47,20,에스겔 47:20,서방은 대해라 남편 지계에서부터 맞은편 하맛 어귀까지 이르나니 이는 그 서방이니라
에스겔,47,23,에스겔 47:23,외인이 우거하는 그 지파에서 그 기업을 줄지니라 나 주 여호와의 말이니라
에스겔,48,2,에스겔 48:2,단 지계 다음으로 동편에서 서편까지는 아셀의 분깃이요
에스겔,48,3,에스겔 48:3,아셀 지계 다음으로 동편에서 서편까지는 납달리의 분깃이요
에스겔,48,6,에스겔 48:6,에브라임 지계 다음으로 동편에서 서편까지는 르우벤의 분깃이요
에스겔,48,7,에스겔 48:7,르우벤 지계 다음으로 동편에서 서편까지는 유다의 분깃이요
에스겔,48,8,에스겔 48:8,유다 지계 다음으로 동편에서 서편까지는 너희가 예물로 드릴 땅이라 광이 이만 오천척이요 장은 다른 분깃의 동편에서 서편까지와 같고 성소는 그 중앙에 있을지니
에스겔,48,12,에스겔 48:12,이 온 땅 중에서 예물로 드리는 땅 곧 레위 지계와 연접한 땅을 그들이 지극히 거룩한 것으로 여길지니라
에스겔,48,14,에스겔 48:14,그들이 그 땅을 팔지도 못하며 바꾸지도 못하며 그 땅의 처음 익은 열매를 남에게 주지도 못하리니 이는 나 여호와에게 거룩히 구별한 것임이니라
에스겔,48,15,에스겔 48:15,이 이만 오천척 다음으로 광 오천척은 속된 땅으로 하여 성읍을 세우며 거하는 곳과 들을 삼되 성이 그 중앙에 있게 할지니
에스겔,48,18,에스겔 48:18,예물을 삼아 거룩히 구별할 땅과 연접하여 남아 있는 땅의 장이 동으로 일만 척이요 서으로 일만척이라 곧 예물을 삼아 거룩히 구별할 땅과 연접하였으며 그 땅의 소산은 성읍에서 역사하는 자의 양식을 삼을지라
에스겔,48,19,에스겔 48:19,이스라엘 모든 지파 중에 그 성읍에서 역사하는 자는 그 땅을 기경할지니라
에스겔,48,21,에스겔 48:21,거룩히 구별할 땅과 성읍의 기지 좌우편에 남은 땅은 왕에게 돌릴지니 곧 거룩히 구별할 땅의 동향한 그 지계 앞 이만 오천척이라 다른 분깃들과 연접한 땅이니 이것을 왕에게 돌릴 것이며 거룩히 구별할 땅과 전의 성소가 그 중간에 있으리라
에스겔,48,29,에스겔 48:29,이것은 너희가 제비 뽑아 이스라엘 지파에게 나누어 주어 기업이 되게 할 땅이요 또 이것들은 그들의 분깃이니라 나 주 여호와의 말이니라
에스겔,48,35,에스겔 48:35,그 사면의 도합이 일만 팔천척이라 그 날 후로는 그 성읍의 이름을 여호와 삼마라 하리라
다니엘,1,12,다니엘 1:12,청하오니 당신의 종들을 열흘 동안 시험하여 채식을 주어 먹게 하고 물을 주어 마시게 한 후에
다니엘,1,13,다니엘 1:13,당신 앞에서 우리의 얼굴과 왕의 진미를 먹는 소년들의 얼굴을 비교하여 보아서 보이는 대로 종들에게 처분하소서 하매
다니엘,1,15,다니엘 1:15,열흘 후에 그들의 얼굴이 더욱 아름답고 살이 더욱 윤택하여 왕의 진미를 먹는 모든 소년보다 나아 보인지라
다니엘,1,20,다니엘 1:20,왕이 그들에게 모든 일을 묻는 중에 그 지혜와 총명이 온 나라 박수와 술객보다 십배나 나은 줄을 아니라
다니엘,2,2,다니엘 2:2,왕이 그 꿈을 자기에게 고하게 하려고 명하여 박수와 술객과 점장이와 갈대아 술사를 부르매 그들이 들어와서 왕의 앞에 선지라
다니엘,2,6,다니엘 2:6,너희가 만일 꿈과 그 해석을 보이면 너희가 선물과 상과 큰 영광을 내게서 얻으리라 그런즉 꿈과 그 해석을 내게 보이라
다니엘,2,11,다니엘 2:11,왕의 물으신 것은 희한한 일이라 육체와 함께 거하지 아니하는 신들 외에는 왕 앞에 그것을 보일 자가 없나이다 한지라
다니엘,2,21,다니엘 2:21,그는 때와 기한을 변하시며 왕들을 폐하시고 왕들을 세우시며 지혜자에게 지혜를 주시고 지식자에게 총명을 주시는도다
다니엘,2,22,다니엘 2:22,그는 깊고 은밀한 일을 나타내시고 어두운 데 있는 것을 아시며 또 빛이 그와 함께 있도다
다니엘,2,23,다니엘 2:23,나의 열조의 하나님이여 ! 주께서 이제 내게 지혜와 능력을 주시고 우리가 주께 구한바 일을 내게 알게 하셨사오니 내가 주께 감사하고 주를 찬양하나이다 곧 주께서 왕의 그 일을 내게 보이셨나이다 하니라
다니엘,2,29,다니엘 2:29,왕이여 왕이 침상에 나아가서 장래 일을 생각하실 때에 은밀한 것을 나타내시는 이가 장래 일을 왕에게 알게 하셨사오며
다니엘,2,30,다니엘 2:30,내게 이 은밀한 것을 나타내심은 내 지혜가 다른 인생보다 나은 것이 아니라 오직 그 해석을 왕에게 알려서 왕의 마음으로 생각하던 것을 왕으로 알게하려 하심이니이다
다니엘,2,32,다니엘 2:32,그 우상의 머리는 정금이요 가슴과 팔들은 은이요 배와 넓적다리는 놋이요
다니엘,2,33,다니엘 2:33,그 종아리는 철이요 그 발은 얼마는 철이요 얼마는 진흙이었나이다
다니엘,2,36,다니엘 2:36,그 꿈이 이러한즉 내가 이제 그 해석을 왕 앞에 진술하리이다
다니엘,2,37,다니엘 2:37,왕이여 왕은 열왕의 왕이시라 하늘의 하나님이 나라와 권세와 능력과 영광을 왕에게 주셨고
다니엘,2,38,다니엘 2:38,인생들과 들짐승과 공중의 새들 어느곳에 있는 것을 무론하고 그것들을 왕의 손에 붙이사 다 다스리게 하셨으니 왕은 곧 그 금머리니이다
다니엘,2,41,다니엘 2:41,왕께서 그 발과 발가락이 얼마는 토기장이의 진흙이요 얼마는 철인 것을 보셨은즉 그 나라가 나누일 것이며 왕께서 철과 진흙이 섞인 것을 보셨은즉 그 나라가 철의 든든함이 있을 것이나
다니엘,2,43,다니엘 2:43,왕께서 철과 진흙이 섞인 것을 보셨은즉 그들이 다른 인종과 서로 섞일 것이나 피차에 합하지 아니함이 철과 진흙이 합하지 않음과 같으리이다
다니엘,3,10,다니엘 3:10,"왕이여 왕이 명령을 내리사 무릇 사람마다 나팔과, 피리와, 수금과, 삼현금과, 양금과, 생황과, 및 모든 악기 소리를 듣거든 엎드리어 금 신상에게 절할 것이라"
다니엘,3,17,다니엘 3:17,만일 그럴 것이면 왕이여 우리가 섬기는 우리 하나님이 우리를 극렬히 타는 풀무 가운데서 능히 건져 내시겠고 왕의 손에서도 건져내시리이다
다니엘,3,18,다니엘 3:18,그리 아니하실지라도 ! 왕이여 우리가 왕의 신들을 섬기지도 아니하고 왕의 세우신 금신상에게 절하지도 아니할 줄을 아옵소서
다니엘,4,2,다니엘 4:2,지극히 높으신 하나님이 내게 행하신 이적과 기사를 내가 알게 하기를 즐겨하노라
다니엘,4,3,다니엘 4:3,"크도다, 그 이적이여 능하도다 그 기사여, 그 나라는 영원한 나라요 그 권병은 대대에 이르리로다"
다니엘,4,7,다니엘 4:7,박수와 술객과 갈대아 술사와 점장이가 들어왔기로 내가 그 꿈을 그들에게 고하였으나 그들이 그 해석을 내게 알게 하지 못하였느니라
다니엘,4,9,다니엘 4:9,박수장 벨드사살아 네 안에는 거룩한 신들의 영이 있은즉 아무 은밀한 것이라도 네게는 어려울 것이 없는 줄을 내가 아노니 내 꿈에 본 이상의 해석을 내게 고하라
다니엘,4,10,다니엘 4:10,내가 침상에서 나의 뇌 속으로 받은 이상이 이러하니라 내가 본즉 땅의 중앙에 한 나무가 있는데 고가 높더니
다니엘,4,11,다니엘 4:11,그 나무가 자라서 견고하여지고 그 고는 하늘에 닿았으니 땅 끝에서도 보이겠고
다니엘,4,12,다니엘 4:12,그 잎사귀는 아름답고 그 열매는 많아서 만민의 식물이 될 만하고 들짐승이 그 그늘에 있으며 공중에 나는 새는 그 가지에 깃들이고 무릇 혈기 있는 자가 거기서 식물을 얻더라
다니엘,4,13,다니엘 4:13,내가 침상에서 뇌 속으로 받은 이상 가운데 또 본즉 한 순찰자 한 거룩한 자가 하늘에서 내려왔는데
다니엘,4,15,다니엘 4:15,그러나 그 뿌리의 그루터기를 땅에 남겨두고 철과 놋줄로 동이고 그것으로 들 청초 가운데 있게 하라 그것이 하늘 이슬에 젖고 땅의 풀 가운데서 짐승으로 더불어 그 분량을 같이 하리라
다니엘,4,16,다니엘 4:16,또 그 마음은 변하여 인생의 마음 같지 아니하고 짐승의 마음을 받아 일곱 때를 지나리라
다니엘,4,20,다니엘 4:20,왕의 보신 그 나무가 자라서 견고하여지고 그 고는 하늘에 닿았으니 땅 끝에서도 보이겠고
다니엘,4,21,다니엘 4:21,그 잎사귀는 아름답고 그 열매는 많아서 만민의 식물이 될만하고 들짐승은 그 아래 거하며 공중에 나는 새는 그 가지에 깃들이더라 하시오니
다니엘,4,22,다니엘 4:22,왕이여 이 나무는 곧 왕이시라 이는 왕이 자라서 견고하여지고 창대하사 하늘에 닿으시며 권세는 땅 끝까지 미치심이니이다
다니엘,4,24,다니엘 4:24,왕이여 그 해석은 이러하니이다 곧 지극히 높으신 자의 명정하신 것이 내 주 왕에게 미칠 것이라
다니엘,4,25,다니엘 4:25,왕이 사람에게서 쫓겨나서 들짐승과 함께 거하며 소처럼 풀을 먹으며 하늘 이슬에 젖을 것이요 이와 같이 일곱 때를 지낼 것이라 그 때에 지극히 높으신 자가 인간 나라를 다스리시며 자기의 뜻대로 그것을 누구에게든지 주시는 줄을 아시리이다
다니엘,4,26,다니엘 4:26,또 그들이 그 나무 뿌리의 그루터기를 남겨 두라 하였은즉 하나님이 다스리시는 줄을 왕이 깨달은 후에야 왕의 나라가 견고하리이다
다니엘,4,32,다니엘 4:32,네가 사람에게서 쫓겨나서 들짐승과 함께 거하며 소처럼 풀을 먹을 것이요 이와 같이 일곱 때를 지내서 지극히 높으신 자가 인간나라를 다스리시며 자기의 뜻대로 그것을 누구에게든지 주시는 줄을 알기까지 이르리라 하더니
다니엘,4,35,다니엘 4:35,"땅의 모든 거민을 없는 것 같이 여기시며 하늘의 군사에게든지,땅의 거민에게든지 그는 자기 뜻대로 행하시나니 누가 그의 손을 금하든지 혹시 이르기를 네가 무엇을 하느냐 할 자가 없도다"
다니엘,4,36,다니엘 4:36,그 동시에 내 총명이 내게로 돌아왔고 또 나라 영광에 대하여도 내 위엄과 광명이 내게로 돌아왔고 또 나의 모사들과 관원들이 내게 조회하니 내가 내 나라에서 다시 세움을 입고 또 지극한 위세가 내게 더하였느니라
다니엘,5,1,다니엘 5:1,벨사살 왕이 그 귀인 일천 명을 위하여 큰 잔치를 배설하고 그 일천 명 앞에서 술을 마시니라
다니엘,5,4,다니엘 5:4,"무리가 술을 마시고는 그 금,은,동,철,목,석으로 만든 신들을 찬양하니라"
다니엘,5,8,다니엘 5:8,때에 왕의 박사가 다 들어왔으나 능히 그 글자를 읽지 못하여 그 해석을 왕께 알게 하지 못하는지라
다니엘,5,9,다니엘 5:9,그러므로 벨사살 왕이 크게 번민하여 그 낯빛이 변하였고 귀인들도 다 놀라니라
다니엘,5,14,다니엘 5:14,내가 네게 대하여 들은즉 네 안에는 신들의 영이 있으므로 네가 명철과 총명과 비상한 지혜가 있다 하도다
다니엘,5,15,다니엘 5:15,지금 여러 박사와 술객을 내 앞에 불러다가 그들로 이 글을 읽고 그 해석을 내게 알게 하라 하였으나 그들이 다 능히 그 해석을 내게 보이지 못하였느니라
다니엘,5,16,다니엘 5:16,내가 네게 대하여 들은즉 너는 해석을 잘하고 의문을 파한다 하도다 그런즉 이제 네가 이 글을 읽고 그 해석을 내게 알게 하면 네게 자주옷을 입히고 금사슬을 네 목에 드리우고 너로 나라의 세째 치리자를 삼으리라
다니엘,5,19,다니엘 5:19,그에게 큰 권세를 주셨으므로 백성들과 나라들과 각 방언하는 자들이 그의 앞에서 떨며 두려워하였으며 그는 임의로 죽이며 임의로 살리며 임의로 높이며 임의로 낮추었더니
다니엘,5,22,다니엘 5:22,벨사살이여 왕은 그의 아들이 되어서 이것을 다 알고도 오히려 마음을 낮추지 아니하고
다니엘,5,25,다니엘 5:25,기록한 글자는 이것이니 곧 메네 메네 데겔 우바르신이라
다니엘,5,31,다니엘 5:31,메대 사람 다리오가 나라를 얻었는데 때에 다리오는 육십 이세였더라
다니엘,6,1,다니엘 6:1,다리오가 자기의 심원대로 방백 일백 이십 명을 세워 전국을 통치하게 하고
다니엘,6,15,다니엘 6:15,그 무리들이 또 모여 왕에게로 나아와서 왕께 말씀하되 왕이여 메대와 바사의 규례를 아시거니와 왕의 세우신 금령과 법도는 변개하지 못할 것이니이다
다니엘,6,18,다니엘 6:18,왕이 궁에 돌아가서는 밤이 맞도록 금식하고 그 앞에 기악을 그치고 침수를 폐하니라
다니엘,6,19,다니엘 6:19,이튿날에 왕이 새벽에 일어나 급히 사자굴로 가서
다니엘,6,22,다니엘 6:22,나의 하나님이 이미 그 천사를 보내어 사자들의 입을 봉하셨으므로 사자들이 나를 상해치 아니하였사오니 이는 나의 무죄함이 그 앞에 명백함이오며 또 왕이여 나는 왕의 앞에도 해를 끼치지 아니하였나이다
다니엘,7,3,다니엘 7:3,큰 짐승 넷이 바다에서 나왔는데 그 모양이 각각 다르니
다니엘,7,4,다니엘 7:4,첫째는 사자와 같은데 독수리의 날개가 있더니 내가 볼 사이에 그 날개가 뽑혔고 또 땅에서 들려서 사람처럼 두 발로 서게 함을 입었으며 또 사람의 마음을 받았으며
다니엘,7,6,다니엘 7:6,그 후에 내가 또 본즉 다른 짐승 곧 표범과 같은 것이 있는데 그 등에는 새의 날개 넷이 있고 그 짐승에게 또 머리 넷이 있으며 또 권세를 받았으며
다니엘,7,8,다니엘 7:8,내가 그 뿔을 유심히 보는 중 다른 작은 뿔이 그 사이에서 나더니 먼저 뿔 중에 셋이 그 앞에 뿌리까지 뽑혔으며 이 작은 뿔에는 사람의 눈 같은 눈이 있고 또 입이 있어 큰 말을 하였느니라
다니엘,7,13,다니엘 7:13,내가 또 밤 이상 중에 보았는데 인자 같은 이가 하늘 구름을 타고 와서 옛적부터 항상 계신 자에게 나아와 그 앞에 인도되매
다니엘,7,14,다니엘 7:14,그에게 권세와 영광과 나라를 주고 모든 백성과 나라들과 각 방언하는 자로 그를 섬기게 하였으니 그 권세는 영원한 권세라 옮기지 아니할 것이요 그 나라는 폐하지 아니할 것이니라
다니엘,7,17,다니엘 7:17,그 네 큰 짐승은 네 왕이라 세상에 일어날 것이로되
다니엘,7,18,다니엘 7:18,지극히 높으신 자의 성도들이 나라를 얻으리니 그 누림이 영원하고 영원하고 영원하리라
다니엘,7,27,다니엘 7:27,나라와 권세와 온 천하 열국의 위세가 지극히 높으신 자의 성민에게 붙인 바 되리니 그의 나라는 영원한 나라이라 모든 권세 있는 자가 다 그를 섬겨 복종하리라 하여
다니엘,8,2,다니엘 8:2,내가 이상을 보았는데 내가 그것을 볼 때에 내 몸은 엘람도 수산성에 있었고 내가 이상을 보기는 을래 강변에서니라
다니엘,8,8,다니엘 8:8,수염소가 스스로 심히 강대하여 가더니 강성할 때에 그 큰 뿔이 꺾이고 그 대신에 현저한 뿔 넷이 하늘 사방을 향하여 났더라
다니엘,8,9,다니엘 8:9,그 중 한 뿔에서 또 작은 뿔 하나가 나서 남편과 동편과 또 영화로운 땅을 향하여 심히 커지더니
다니엘,8,20,다니엘 8:20,네가 본바 두 뿔 가진 수양은 곧 메대와 바사 왕들이요
다니엘,8,21,다니엘 8:21,털이 많은 수염소는 곧 헬라 왕이요 두 눈 사이에 있는 큰 뿔은 곧 그 첫째 왕이요
다니엘,8,22,다니엘 8:22,이 뿔이 꺾이고 그 대신에 네 뿔이 났은즉 그 나라 가운데서 네 나라가 일어나되 그 권세만 못하리라
다니엘,8,26,다니엘 8:26,이미 말한바 주야에 대한 이상이 확실하니 너는 그 이상을 간수하라 이는 여러 날 후의 일임이니라
다니엘,9,1,다니엘 9:1,메대 족속 아하수에로의 아들 다리오가 갈대아 나라 왕으로 세움을 입던 원년
다니엘,9,3,다니엘 9:3,내가 금식하며 베옷을 입고 재를 무릅쓰고 주 하나님께 기도하며 간구하기를 결심하고
다니엘,9,4,다니엘 9:4,"내 하나님 여호와께 기도하며 자복하여 이르기를 크시고 두려워 할 주 하나님,주를 사랑하고 주의 계명을 지키는 자를 위하여 언약을 지키시고 그에게 인자를 베푸시는 자시여"
다니엘,9,5,다니엘 9:5,우리는 이미 범죄하여 패역하며 행악하며 반역하여 주의 법도와 규례를 떠났사오며
다니엘,9,6,다니엘 9:6,우리가 또 주의 종 선지자들이 주의 이름으로 우리의 열왕과 우리의 방백과 열조와 온 국민에게 말씀한 것을 듣지 아니하였나이다
다니엘,9,8,다니엘 9:8,주여 ! 수욕이 우리에게 돌아오고 우리의 열왕과 우리의 방백과 열조에게 돌아온 것은 우리가 주께 범죄하였음이니이다 마는
다니엘,9,9,다니엘 9:9,주 우리 하나님께는 긍휼과 사유하심이 있사오니 이는 우리가 주께 패역하였음이오며
다니엘,9,10,다니엘 9:10,우리 하나님 여호와의 목소리를 청종치 아니하며 여호와께서 그 종 선지자들에게 부탁하여 우리 앞에 세우신 율법을 행치 아니하였음이니이다
다니엘,9,12,다니엘 9:12,주께서 큰 재앙을 우리에게 내리사 우리와 및 우리를 재판하던 재판관을 쳐서 하신 말씀을 이루셨사오니 온 천하에 예루살렘에 임한 일 같은 것이 없나이다
다니엘,9,16,다니엘 9:16,"주여 ! 내가 구하옵나니 주는 주의 공의를 좇으사 주의 분노를 주의 성 예루살렘, 주의 거룩한 산에서 떠나게 하옵소서 이는 우리의 죄와 우리의 열조의 죄악을 인하여 예루살렘과 주의 백성이 사면에 있는 자에게 수욕을 받음이니이다"
다니엘,9,17,다니엘 9:17,그러하온즉 우리 하나님이여 지금 주의 종의 기도와 간구를 들으시고 주를 위하여 주의 얼굴 빛을 주의 황폐한 성소에 비취시옵소서
다니엘,9,18,다니엘 9:18,나의 하나님이여 ! 귀를 기울여 들으시며 눈을 떠서 우리의 황폐된 상황과 주의 이름으로 일컫는 성을 보옵소서 우리가 주의 앞에 간구하옵는 것은 우리의 의를 의지하여 하는 것이 아니요 주의 큰 긍휼을 의지하여 함이오니
다니엘,9,19,다니엘 9:19,주여 ! 들으소서 주여 ! 용서하소서 주여 ! 들으시고 행하소서 지체치 마옵소서 나의 하나님이여 주 자신을 위하여 하시옵소서 이는 주의 성과 주의 백성이 주의 이름으로 일컫는 바 됨이니이다
다니엘,9,20,다니엘 9:20,내가 이같이 말하여 기도하며 내 죄와 및 내 백성 이스라엘의 죄를 자복하고 내 하나님의 거룩한 산을 위하여 내 하나님 여호와 앞에 간구할 때
다니엘,9,24,다니엘 9:24,네 백성과 네 거룩한 성을 위하여 칠십 이레로 기한을 정하였나니 허물이 마치며 죄가 끝나며 죄악이 영속되며 영원한 의가 드러나며 이상과 예언이 응하며 또 지극히 거룩한 자가 기름부음을 받으리라
다니엘,9,26,다니엘 9:26,육십 이 이레 후에 기름부음을 받은 자가 끊어져 없어질 것이며 장차 한 왕의 백성이 와서 그 성읍과 성소를 훼파하려니와 그의 종말은 홍수에 엄몰됨 같을 것이며 또 끝까지 전쟁이 있으리니 황폐할 것이 작정되었느니라
다니엘,10,4,다니엘 10:4,정월 이십 사 일에 내가 힛데겔이라 하는 큰 강가에 있었는데
다니엘,10,6,다니엘 10:6,그 몸은 황옥 같고 그 얼굴은 번갯빛 같고 그 눈은 횃불 같고 그 팔과 발은 빛난 놋과 같고 그 말소리는 무리의 소리와 같더라
다니엘,10,8,다니엘 10:8,그러므로 나만 홀로 있어서 이 큰 이상을 볼 때에 내 몸에 힘이 빠졌고 나의 아름다운 빛이 변하여 썩은 듯하였고 나의 힘이 다 없어졌으나
다니엘,10,9,다니엘 10:9,내가 그 말소리를 들었는데 그 말소리를 들을 때에 내가 얼굴을 땅에 대고 깊이 잠들었었느니라
다니엘,10,10,다니엘 10:10,한 손이 있어 나를 어루만지기로 내가 떨더니 그가 내 무릎과 손 바닥이 땅에 닿게 일으키고
다니엘,10,13,다니엘 10:13,그런데 바사국 군이 이십 일일 동안 나를 막았으므로 내가 거기 바사국 왕들과 함께 머물러 있더니 군장 중 하나 미가엘이 와서 나를 도와주므로
다니엘,10,14,다니엘 10:14,이제 내가 말일에 네 백성의 당할 일을 네게 깨닫게 하러 왔노라 대저 이 이상은 오래 후의 일이니라
다니엘,10,17,다니엘 10:17,내 몸에 힘이 없어졌고 호흡이 남지 아니하였사오니 내 주의 이 종이 어찌 능히 내 주로 더불어 말씀할 수 있으리이까
다니엘,10,18,다니엘 10:18,또 사람의 모양 같은 것 하나가 나를 만지며 나로 강건케 하여
다니엘,10,21,다니엘 10:21,오직 내가 먼저 진리의 글에 기록된 것으로 네게 보이리라 나를 도와서 그들을 대적하는 자는 너희 군 미가엘 뿐이니라
다니엘,11,1,다니엘 11:1,내가 또 메대 사람 다리오 원년에 일어나 그를 돕고 강하게 한 일이 있었느니라
다니엘,11,3,다니엘 11:3,장차 한 능력 있는 왕이 일어나서 큰 권세로 다스리며 임의로 행하리라
다니엘,11,5,다니엘 11:5,남방의 왕은 강할 것이나 그 군들 중에 하나는 그보다 강하여 권세를 떨치리니 그 권세가 심히 클 것이요
다니엘,11,7,다니엘 11:7,그러나 이 공주의 본족에서 난 자 중에 하나가 그의 위를 이어 북방 왕의 군대를 치러 와서 그의 성에 들어가서 그들을 이기고
다니엘,11,9,다니엘 11:9,북방 왕이 남방 왕의 나라로 쳐 들어갈 것이나 자기 본국으로 물러 가리라
다니엘,11,16,다니엘 11:16,오직 와서 치는 자가 임의로 행하리니 능히 그 앞에 설 사람이 없겠고 그가 영화로운 땅에 설 것이요 그 손에 멸망이 있으리라
다니엘,11,18,다니엘 11:18,그 후에 그가 얼굴을 섬들로 돌이켜 많이 취할 것이나 한 대장이 있어서 그의 보이는 수욕을 씻고 그 수욕을 그에게로 돌릴 것이므로
다니엘,11,20,다니엘 11:20,그 위를 이을 자가 토색하는 자로 그 나라의 아름다운 곳으로 두루 다니게 할 것이나 그는 분노함이나 싸움이 없이 몇 날이 못되어 망할 것이요
다니엘,11,26,다니엘 11:26,자기의 진미를 먹는 자가 그를 멸하리니 그 군대가 흩어질 것이요 많은 자가 엎드러져 죽으리라
다니엘,11,27,다니엘 11:27,이 두 왕이 마음에 서로 해코자 하여 한 밥상에 앉았을 때에 거짓말을 할 것이라 일이 형통하지 못하리니 이는 작정된 기한에 미쳐서 그 일이 끝날 것임이니라
다니엘,11,29,다니엘 11:29,작정된 기한에 그가 다시 나와서 남방에 이를 것이나 이번이 그 전번만 못하리니
다니엘,11,32,다니엘 11:32,그가 또 언약을 배반하고 악행하는 자를 궤휼로 타락시킬 것이나 오직 자기의 하나님을 아는 백성은 강하여 용맹을 발하리라
다니엘,11,33,다니엘 11:33,백성 중에 지혜로운 자가 많은 사람을 가르칠 것이나 그들이 칼날과 불꽃과 사로잡힘과 약탈을 당하여 여러 날 동안 쇠패하리라
다니엘,11,35,다니엘 11:35,또 그들 중 지혜로운 자 몇 사람이 쇠패하여 무리로 연단되며 정결케 되며 희게 되어 마지막 때까지 이르게 하리니 이는 작정된 기한이 있음이니라
다니엘,11,36,다니엘 11:36,이 왕이 자기 뜻대로 행하며 스스로 높여 모든 신보다 크다 하며 비상한 말로 신들의 신을 대적하며 형통하기를 분노하심이 쉴 때까지 하리니 이는 그 작정된 일이 반드시 이룰 것임이니라
다니엘,12,3,다니엘 12:3,지혜 있는 자는 궁창의 빛과 같이 빛날 것이요 많은 사람을 옳은데로 돌아오게 한 자는 별과 같이 영원토록 비취리라
다니엘,12,10,다니엘 12:10,많은 사람이 연단을 받아 스스로 정결케 하며 희게 할 것이나 악한 사람은 악을 행하리니 악한 자는 아무도 깨닫지 못하되 오직 지혜있는 자는 깨달으리라
다니엘,12,11,다니엘 12:11,매일 드리는 제사를 폐하며 멸망케 할 미운 물건을 세울 때부터 일천 이백구십 일을 지낼 것이요
다니엘,12,12,다니엘 12:12,기다려서 일천 삼백 삼십 오일까지 이르는 그 사람은 복이 있으리라
다니엘,12,13,다니엘 12:13,너는 가서 마지막을 기다리라 이는 네가 평안히 쉬다가 끝날에는 네 업을 누릴 것임이니라
호세아,1,7,호세아 1:7,그러나 내가 유다 족속을 긍휼히 여겨 저희 하나님 여호와로 구원하겠고 활과 칼이나 전쟁이나 말과 마병으로 구원하지 아니하리라 하시니라
호세아,1,8,호세아 1:8,고멜이 로루하마를 젖뗀 후에 또 잉태하여 아들을 낳으매
호세아,1,10,호세아 1:10,그러나 이스라엘 자손의 수가 바닷가의 모래같이 되어서 측량할 수도 없고 셀 수도 없을 것이며 전에 저희에게 이르기를 너희는 내 백성이 아니라 한 그곳에서 저희에게 이르기를 너희는 사신 하나님의 자녀라 할 것이라
호세아,2,1,호세아 2:1,너희 형제에게는 암미라 하고 너희 자매에게는 루하마라 하라
호세아,2,8,호세아 2:8,곡식과 새 포도주와 기름은 내가 저에게 준 것이요 저희가 바알을 위하여 쓴 은과 금도 내가 저에게 더하여 준 것이어늘 저가 알지 못하도다
호세아,2,14,호세아 2:14,그러므로 내가 저를 개유하여 거친 들로 데리고 가서 말로 위로하고
호세아,2,16,호세아 2:16,여호와께서 이르시되 그 날에 네가 나를 내 남편이라 일컫고 다시는 내 바알이라 일컫지 아니하리라
호세아,2,17,호세아 2:17,내가 바알들의 이름을 저의 입에서 제하여 다시는 그 이름을 기억하여 일컬음이 없게 하리라
호세아,2,18,호세아 2:18,그 날에는 내가 저희를 위하여 들짐승과 공중의 새와 땅의 곤충으로 더불어 언약을 세우며 또 이 땅에서 활과 칼을 꺾어 전쟁을 없이 하고 저희로 평안히 눕게 하리라
호세아,2,19,호세아 2:19,내가 네게 장가들어 영원히 살되 의와 공변됨과 은총과 긍휼히 여김으로 네게 장가들며
호세아,2,20,호세아 2:20,진실함으로 네게 장가들리니 네가 여호와를 알리라
호세아,2,21,호세아 2:21,여호와께서 가라사대 그 날에 내가 응하리라 나는 하늘에 응하고 하늘은 땅에 응하고
호세아,2,22,호세아 2:22,땅은 곡식과 포도주와 기름에 응하고 또 이것들은 이스르엘에 응하리라
호세아,2,23,호세아 2:23,내가 나를 위하여 이 땅에 심고 긍휼히 여김을 받지 못하였던 자를 긍휼히 여기며 내 백성 아니었던 자에게 향하여 이르기를 너는 내 백성이라 하리니 저희는 이르기를 주는 내 하나님이시라 하리라
호세아,3,2,호세아 3:2,내가 은 열 다섯 개와 보리 한 호멜 반으로 나를 위하여 저를 사고
호세아,3,3,호세아 3:3,저에게 이르기를 너는 많은 날 동안 나와 함께 지내고 행음하지 말며 다른 남자를 좇지 말라 나도 네게 그리하리라 하였노라
호세아,3,4,호세아 3:4,"이스라엘 자손들이 많은 날 동안 왕도 없고, 군도 없고, 제사도 없고, 주상도 없고, 에봇도 없고, 드라빔도 없이 지내다가"
호세아,4,15,호세아 4:15,이스라엘아 너는 행음하여도 유다는 죄를 범치 말아야 할 것이라 너희는 길갈로 가지 말며 벧아웬으로 올라가지 말며 여호와의 사심을 가리켜 맹세하지 말지어다
호세아,6,1,호세아 6:1,오라 우리가 여호와께로 돌아가자 여호와께서 우리를 찢으셨으나 도로 낫게 하실 것이요 우리를 치셨으나 싸매어 주실 것임이라
호세아,6,2,호세아 6:2,여호와께서 이틀 후에 우리를 살리시며 제 삼일에 우리를 일으키시리니 우리가 그 앞에서 살리라
호세아,6,3,호세아 6:3,"그러므로 우리가 여호와를 알자 힘써 여호와를 알자 그의 나오심은 새벽 빛같이 일정하니 비와 같이, 땅을 적시는 늦은 비와 같이 우리에게 임하시리라 하리라"
호세아,6,11,호세아 6:11,유다여 내가 내 백성의 사로잡힘을 돌이킬 때에 네게도 추수할 일을 정하였느니라
호세아,7,8,호세아 7:8,에브라임이 열방에 혼잡되니 저는 곧 뒤집지 않은 전병이로다
호세아,7,9,호세아 7:9,저는 이방인에게 그 힘이 삼키웠으나 알지 못하고 백발이 얼룩 얼룩할지라도 깨닫지 못하는도다
호세아,7,10,호세아 7:10,이스라엘의 교만은 그 얼굴에 증거가 되나니 저희가 이 모든 일을 당하여도 그 하나님 여호와께로 돌아오지 아니하며 구하지 아니하도다
호세아,8,2,호세아 8:2,저희가 장차 내게 부르짖기를 나의 하나님이여 우리 이스라엘이 주를 아나이다 하리라
호세아,8,12,호세아 8:12,내가 저를 위하여 내 율법을 만가지로 기록하였으나 저희가 관계없는 것으로 여기도다
호세아,9,2,호세아 9:2,타작 마당이나 술 틀이 저희를 기르지 못할 것이며 새포도주도 떨어질 것이요
호세아,9,5,호세아 9:5,너희가 명절일과 여호와의 절일에 무엇을 하겠느냐 ?
호세아,9,8,호세아 9:8,에브라임은 내 하나님의 파숫군 이어늘 선지자는 그 모든 행위에 새 잡는 자의 그물 같고 또 그 하나님의 전에서 원한을 품었도다
호세아,9,10,호세아 9:10,옛적에 내가 이스라엘 만나기를 광야에서 포도를 만남 같이 하였으며 너희 열조 보기를 무화과나무에서 처음 맺힌 첫 열매를 봄 같이 하였거늘 저희가 바알브올에 가서 부끄러운 우상에게 몸을 드림으로 저희의 사랑하는 우상같이 가증하여졌도다
호세아,9,17,호세아 9:17,저희가 듣지 아니하므로 내 하나님이 저희를 버리시리니 저희가 열국 가운데 유리하는 자가 되리라
호세아,10,1,호세아 10:1,이스라엘은 열매 맺는 무성한 포도 나무라 그 열매가 많을수록 제단을 많게 하며 그 땅이 아름다울수록 주상을 아름답게 하도다
호세아,10,2,호세아 10:2,저희가 두 마음을 품었으니 이제 죄를 받을 것이라 하나님이 그 제단을 쳐서 깨치시며 그 주상을 헐으시리라
호세아,10,3,호세아 10:3,저희가 이제 이르기를 우리가 여호와를 두려워 아니하므로 우리에게 왕이 없거니와 왕이 우리를 위하여 무엇을 하리요 하리로다
호세아,10,8,호세아 10:8,이스라엘의 죄 된 아웬의 산당은 패괴되어 가시와 찔레가 그 단위에 날것이니 그 때에 저희가 산더러 우리를 가리우라 할 것이요 작은 산더러 우리 위에 무너지라 하리라
호세아,10,9,호세아 10:9,이스라엘아 네가 기브아에 서서 흉악한 족속을 치는 전쟁을 거기서 면하였도다
호세아,10,10,호세아 10:10,내가 원하는 때에 저희를 징계하리니 저희가 두 가지 죄에 걸릴때에 만민이 모여서 저희를 치리라
호세아,10,11,호세아 10:11,에브라임은 마치 길들인 암소같아서 곡식 밟기를 좋아하나 내가 그 아름다운 목에 멍에를 메우고 그의 위에 사람을 태우리니 유다가 밭을 갈고 야곱이 흙덩이를 깨뜨리리라
호세아,10,12,호세아 10:12,너희가 자기를 위하여 의를 심고 긍휼을 거두라 지금이 곧 여호와를 찾을 때니 너희 묵은 땅을 기경하라 마침내 여호와께서 임하사 의를 비처럼 너희에게 내리시리라
호세아,10,13,호세아 10:13,너희는 악을 밭갈아 죄를 거두고 거짓 열매를 먹었나니 이는 네가 네 길과 네 용사의 많음을 의뢰하였음이라
호세아,10,14,호세아 10:14,그러므로 너희 백성 중에 요란함이 일어나며 네 산성들이 다 훼파되되 살만이 전쟁의 날에 벧아벨을 훼파한 것같이 될 것이라 그 때에 어미와 자식이 함께 부숴졌도다
호세아,10,15,호세아 10:15,너희의 큰 악을 인하여 벧엘이 이같이 너희에게 행하리니 이스라엘 왕이 새벽에 멸절하리로다
호세아,11,2,호세아 11:2,선지자들이 저희를 부를수록 저희가 점점 멀리하고 바알들에게 제사하며 아로새긴 우상 앞에서 분향하였느니라
호세아,11,3,호세아 11:3,그러나 내가 에브라임에게 걸음을 가르치고 내 팔로 안을지라도 내가 저희를 고치는 줄을 저희가 알지 못하였도다
호세아,11,4,호세아 11:4,내가 사람의 줄 곧 사랑의 줄로 저희를 이끌었고 저희에게 대하여 그 목에서 멍에를 벗기는 자같이 되었으며 저희 앞에서 먹을 것을 두었었노라
호세아,11,6,호세아 11:6,칼이 저희의 성읍들을 치며 빗장을 깨뜨려 없이 하리니 이는 저희의 계책을 인함이니라
호세아,11,7,호세아 11:7,내 백성이 결심하고 내게서 물러가나니 비록 저희를 불러 위에 계신 자에게로 돌아오라 할지라도 일어나는 자가 하나도 없도다
호세아,11,8,호세아 11:8,에브라임이여 내가 어찌 너를 놓겠느냐 ? 이스라엘이여 내가 어찌 너를 버리겠느냐 ? 내가 어찌 아드마같이 놓겠느냐 ? 어찌 너를 스보임 같이 두겠느냐 ? 내 마음이 내 속에서 돌아서 나의 긍휼이 온전히 불붙듯 하도다
호세아,11,9,호세아 11:9,내가 나의 맹렬한 진노를 발하지 아니하며 내가 다시는 에브라임을 멸하지 아니하리니 이는 내가 사람이 아니요 하나님임이라 나는 네 가운데 거하는 거룩한 자니 진노함으로 네게 임하지 아니하리라
호세아,12,3,호세아 12:3,야곱은 태에서 그 형의 발뒤꿈치를 잡았고 또 장년에 하나님과 힘을 겨루되
호세아,12,4,호세아 12:4,천사와 힘을 겨루어 이기고 울며 그에게 간구하였으며 하나님은 벧엘에서 저를 만나셨고 거기서 우리에게 말씀하셨나니
호세아,12,5,호세아 12:5,저는 만군의 하나님 여호와시라 여호와는 그의 기념 칭호니라
호세아,12,10,호세아 12:10,내가 여러 선지자에게 말하였고 이상을 많이 보였으며 선지자들을 빙자하여 비유를 베풀었노라
호세아,12,12,호세아 12:12,옛적에 야곱이 아람 들로 도망하였으며 이스라엘이 아내 얻기 위하여 사람을 섬기며 아내 얻기 위하여 양을 쳤고
호세아,13,5,호세아 13:5,내가 광야 마른 땅에서 너를 권고하였거늘
호세아,14,1,호세아 14:1,이스라엘아 네 하나님 여호와께로 돌아 오라 네가 불의함을 인하여 엎드러졌느니라
호세아,14,4,호세아 14:4,내가 저희의 패역을 고치고 즐거이 저희를 사랑하리니 나의 진노가 저에게서 떠났음이니라
호세아,14,5,호세아 14:5,내가 이스라엘에게 이슬과 같으리니 저가 백합화같이 피겠고 레바논 백향목같이 뿌리가 박힐것이라
호세아,14,6,호세아 14:6,그 가지는 퍼지며 그 아름다움은 감람나무와 같고 그 향기는 레바논 백향목 같으리니
호세아,14,7,호세아 14:7,그 그늘 아래 거하는 자가 돌아올지라 저희는 곡식같이 소성할 것이며 포도나무같이 꽃이 필 것이며 그 향기는 레바논의 포도주같이 되리라
호세아,14,8,호세아 14:8,에브라임의 말이 내가 다시 우상과 무슨 상관이 있으리요 할지라 내가 저를 돌아보아 대답하기를 나는 푸른 잣나무 같으니 네가 나로 말미암아 열매를 얻으리라 하리라
호세아,14,9,호세아 14:9,누가 지혜가 있어 이런 일을 깨달으며 누가 총명이 있어 이런 일을 알겠느냐 ? 여호와의 도는 정직하니 의인이라야 그 도에 행하리라 그러나 죄인은 그 도에 거쳐 넘어지리라
요엘,1,1,요엘 1:1,여호와께서 브두엘의 아들 요엘에게 이르신 말씀이라
요엘,1,2,요엘 1:2,늙은 자들아 너희는 이것을 들을지어다 땅의 모든 거민아 너희는 귀를 기울일지어다 너희의 날에나 너희 열조의 날에 이런 일이 있었느냐
요엘,1,3,요엘 1:3,너희는 이 일을 너희 자녀에게 고하고 너희 자녀는 자기 자녀에게 고하고 그 자녀는 후시대에 고할 것이니라
요엘,1,10,요엘 1:10,밭이 황무하고 토지가 처량하니 곡식이 진하여 새 포도주가 말랐고 기름이 다하였도다
요엘,1,11,요엘 1:11,농부들아 너희는 부끄러워할지어다 포도원을 다스리는 자들아 곡할찌어다 이는 밀과 보리의 연고라 밭의 소산이 다 없어졌음이로다
요엘,1,12,요엘 1:12,포도나무가 시들었고 무화과 나무가 말랐으며 석류나무와 대추나무와 사과나무와 및 밭의 모든 나무가 다 시들었으니 이러므로 인간의 희락이 말랐도다
요엘,1,14,요엘 1:14,너희는 금식일을 정하고 성회를 선포하여 장로들과 이 땅 모든 거민을 너희 하나님 여호와의 전으로 몰수히 모으고 여호와께 부르짖을찌어다
요엘,1,16,요엘 1:16,식물이 우리 목전에 끊어지지 아니 하였느냐 기쁨과 즐거움이 우리 하나님의 전에 끊어지지 아니하였느냐
요엘,1,17,요엘 1:17,씨가 흙덩이 아래서 썩어졌고 창고가 비었고 곳간이 무너졌으니 이는 곡식이 시들었음이로다
요엘,1,18,요엘 1:18,생축이 탄식하고 소떼가 민망해하니 이는 꼴이 없음이라 양떼도 피곤하도다
요엘,1,20,요엘 1:20,들짐승도 주를 향하여 헐떡거리오니 시내가 다 말랐고 들의 풀이 불에 탔음이니이다
요엘,2,4,요엘 2:4,그 모양은 말 같고 그 달리는 것은 기병 같으며
요엘,2,12,요엘 2:12,여호와의 말씀에 너희는 이제라도 금식하며 울며 애통하고 마음을 다하여 내게로 돌아오라 하셨나니
요엘,2,13,요엘 2:13,"너희는 옷을 찢지 말고 마음을 찢고 너희 하나님 여호와께로 돌아올지어다 ! 그는 은혜로우시며, 자비로우시며, 노하기를 더디하시며, 인애가 크시사 뜻을 돌이켜 재앙을 내리지 아니하시나니"
요엘,2,15,요엘 2:15,너희는 시온에서 나팔을 불어 거룩한 금식일을 정하고 성회를 선고하고
요엘,2,16,요엘 2:16,백성을 모아 그 회를 거룩케 하고 장로를 모으며 소아와 젖먹는 자를 모으며 신랑을 그 방에서 나오게 하며 신부도 그 골방에서 나오게 하고
요엘,2,21,요엘 2:21,땅이여 ! 두려워 말고 기뻐하며 즐거워할지어다 여호와께서 큰 일을 행하셨음이로다
요엘,2,22,요엘 2:22,"들짐승들아, 두려워 말지어다 ! 들의 풀이 싹이 나며 나무가 열매를 맺으며 무화과 나무와 포도 나무가 다 힘을 내는도다"
요엘,2,23,요엘 2:23,시온의 자녀들아 너희는 너희 하나님 여호와로 인하여 기뻐하며 즐거워할지어다 그가 너희를 위하여 비를 내리시되 이른 비를 너희에게 적당하게 주시리니 이른 비와 늦은 비가 전과 같을 것이라
요엘,2,24,요엘 2:24,마당에는 밀이 가득하고 독에는 새 포도주와 기름이 넘치리로다
요엘,2,25,요엘 2:25,내가 전에 너희에게 보낸 큰 군대 곧 메뚜기와 늣과 황충과 팟종이의 먹은 햇수대로 너희에게 갚아주리니
요엘,2,26,요엘 2:26,너희는 먹되 풍족히 먹고 너희를 기이히 대접한 너희 하나님 여호와의 이름을 찬송할 것이라 내 백성이 영영히 수치를 당치 아니하리로다
요엘,2,32,요엘 2:32,누구든지 여호와의 이름을 부르는 자는 구원을 얻으리니 이는 나 여호와의 말대로 시온산과 예루살렘에서 피할 자가 있을 것임이요 남은 자 중에 나 여호와의 부름을 받을 자가 있을 것임이니라
요엘,3,1,요엘 3:1,그 날 곧 내가 유다와 예루살렘의 사로잡힌 자를 돌아오게 할 그때에
요엘,3,10,요엘 3:10,너희는 보습을 쳐서 칼을 만들지어다 낫을 쳐서 창을 만들지어다 약한 자도 이르기를 나는 강하다 할지어다
요엘,3,16,요엘 3:16,나 여호와가 시온에서 부르짖고 예루살렘에서 목소리를 발하리니 하늘과 땅이 진동되리로다 그러나 나는 내 백성의 피난처 이스라엘 자손의 산성이 되리로다
요엘,3,20,요엘 3:20,유다는 영원히 있겠고 예루살렘은 대대로 있으리라
요엘,3,21,요엘 3:21,내가 전에는 그들의 피흘림 당한 것을 갚아주지 아니하였거니와 이제는 갚아주리니 이는 나 여호와가 시온에 거함이니라
아모스,2,9,아모스 2:9,내가 아모리 사람을 저희 앞에서 멸하였나니 그 키는 백향목 높이와 같고 강하기는 상수리나무 같으나 내가 그 위의 열매와 그 아래의 뿌리를 진멸하지 아니하였느냐
아모스,2,11,아모스 2:11,"또 너희 아들 중에서 선지자를, 너희 청년 중에서 나시르 사람을 일으켰나니 이스라엘 자손들아 과연 그렇지 아니하냐 이는 여호와의 말씀이니라"
아모스,3,3,아모스 3:3,두 사람이 의합지 못하고야 어찌 동행하겠으며
아모스,3,4,아모스 3:4,사자가 움킨 것이 없고야 어찌 수풀에서 부르짖겠으며 젊은 사자가 잡은 것이 없고야 어찌 굴에서 소리를 내겠느냐 ?
아모스,3,5,아모스 3:5,창애를 땅에 베풀지 아니하고야 새가 어찌 거기 치이겠으며 아무잡힌 것이 없고야 창애가 어찌 땅에서 뛰겠느냐 ?
아모스,3,7,아모스 3:7,주 여호와께서는 자기의 비밀을 그 종 선지자들에게 보이지 아니하시고는 결코 행하심이 없으시리라
아모스,3,8,아모스 3:8,사자가 부르짖은즉 누가 두려워하지 아니하겠느냐 주 여호와께서 말씀하신즉 누가 예언하지 아니하겠느냐 ?
아모스,3,13,아모스 3:13,주 여호와 만군의 하나님이 가라사대 너희는 듣고 야곱의 족속에게 증거하라
아모스,4,5,아모스 4:5,누룩 넣은 것을 불살라 수은제로 드리며 낙헌제를 소리내어 광포하려무나 이스라엘 자손들아 이것이 너희의 기뻐하는 바니라 이는 주 여호와의 말씀이니라
아모스,4,6,아모스 4:6,또 내가 너희 모든 성읍에서 너희 이를 한가하게 하며 너희 각처에서 양식이 떨어지게 하였으나 너희가 내게로 돌아 오지 아니하였느니라 이는 여호와의 말씀이니라
아모스,4,7,아모스 4:7,또 추수하기 석달 전에 내가 너희에게 비를 멈추어 어떤 성읍에는 내리고 어떤 성읍에는 내리지 않게 하였더니 땅 한 부분은 비를 얻고 한 부분은 비를 얻지 못하여 말랐으매
아모스,4,8,아모스 4:8,두 세 성읍 사람이 어떤 성읍으로 비틀거리며 물을 마시러 가서 만족히 마시지 못하였으나 너희가 내게로 돌아 오지 아니하였느니라 이는 여호와의 말씀이니라
아모스,4,13,아모스 4:13,대저 산들을 지으며 바람을 창조하며 자기 뜻을 사람에게 보이며 아침을 어둡게 하며 땅의 높은데를 밟는 자는 그 이름이 만군의 하나님 여호와니라
아모스,5,1,아모스 5:1,이스라엘 족속아 내가 너희에게 대하여 애가로 지은 이 말을 들으라
아모스,5,2,아모스 5:2,처녀 이스라엘이 엎드러졌음이여 다시 일어나지 못하리로다 자기 땅에 던지움이여 일으킬 자 없으리로다
아모스,5,3,아모스 5:3,주 여호와께서 가라사대 이스라엘 중에서 천명이 나가던 성읍에는 백명만 남고 백명이 나가던 성읍에는 열명만 남으리라 하셨느니라
아모스,5,4,아모스 5:4,여호와께서 이스라엘 족속에게 이르시기를 너희는 나를 찾으라 ! 그리하면 살리라
아모스,5,5,아모스 5:5,벧엘을 찾지 말며 길갈로 들어가지 말며 브엘세바로도 나아가지말라 길갈은 정녕 사로잡히겠고 벧엘은 허무하게 될 것임이라 하셨나니
아모스,5,7,아모스 5:7,공법을 인진으로 변하며 정의를 땅에 던지는 자들아 !
아모스,5,8,아모스 5:8,묘성과 삼성을 만드시며 사망의 그늘로 아침이 되게 하시며 백주로 어두운 밤이 되게 하시며 바닷물을 불러 지면에 쏟으시는 자를 찾으라 그 이름이 여호와시니라
아모스,5,10,아모스 5:10,무리가 성문에서 책망하는 자를 미워하며 정직히 말하는 자를 싫어하는도다
아모스,5,11,아모스 5:11,너희가 가난한 자를 밟고 저에게서 밀의 부당한 세를 취하였은즉 너희가 비록 다듬은 돌로 집을 건축하였으나 거기 거하지 못할 것이요 아름다운 포도원을 심었으나 그 포도주를 마시지 못하리라
아모스,5,12,아모스 5:12,너희의 허물이 많고 죄악이 중함을 내가 아노라 너희는 의인을 학대하며 뇌물을 받고 성문에서 궁핍한 자를 억울하게 하는 자로다
아모스,5,13,아모스 5:13,그러므로 이런 때에 지혜자가 잠잠하나니 이는 악한 때임이니라
아모스,5,14,아모스 5:14,너희는 살기 위하여 선을 구하고 악을 구하지 말지어다 만군의 하나님 여호와께서 너희의 말과 같이 너희와 함께 하시리라
아모스,5,17,아모스 5:17,모든 포도원에서도 울리니 이는 내가 너희 가운데로 지나갈 것임이니라 이는 여호와의 말씀이니라
아모스,5,18,아모스 5:18,화 있을진저 여호와의 날을 사모하는 자여 너희가 어찌하여 여호와의 날을 사모하느뇨 그 날은 어두움이요 빛이 아니라
아모스,5,19,아모스 5:19,마치 사람이 사자를 피하다가 곰을 만나거나 혹 집에 들어가서 손을 벽에 대었다가 뱀에게 물림 같도다
아모스,5,20,아모스 5:20,여호와의 날이 어찌 어두워서 빛이 없음이 아니며 캄캄하여 빛남이 없음이 아니냐 ?
아모스,5,21,아모스 5:21,내가 너희 절기를 미워하여 멸시하며 너희 성회들을 기뻐하지 아니하나니
아모스,5,23,아모스 5:23,네 노래 소리를 내 앞에서 그칠지어다 네 비파 소리도 내가 듣지 아니하리라
아모스,5,24,아모스 5:24,오직 공법을 물 같이 정의를 하수 같이 흘릴지로다
아모스,5,26,아모스 5:26,너희가 너희 왕 식굿과 너희 우상 기윤 곧 너희가 너희를 위하여 만들어서 신으로 삼은 별 형상을 지고 가리라
아모스,6,4,아모스 6:4,상아 상에 누우며 침상에서 기지개 켜며 양떼에서 어린 양과 우리에서 송아지를 취하여 먹고
아모스,6,12,아모스 6:12,말들이 어찌 바위 위에서 달리겠으며 소가 어찌 거기 밭 갈겠느냐 ? 그런데 너희는 공법을 쓸개로 변하며 정의의 열매를 인진으로 변하여
아모스,6,13,아모스 6:13,허무한 것을 기뻐하며 이르기를 우리의 뿔은 우리 힘으로 취하지 아니하였느냐 하는 자로다
아모스,7,1,아모스 7:1,주 여호와께서 내게 보이신 것이 이러하니라 왕이 풀을 벤 후 풀이 다시 움돋기 시작할 때에 주께서 황충을 지으시매
아모스,7,3,아모스 7:3,여호와께서 이에 대하여 뜻을 돌이켜 가라사대 이것이 이루지 아니하리라 하시니라
아모스,7,6,아모스 7:6,주 여호와께서 이에 대하여 뜻을 돌이켜 가라사대 이것도 이루지 아니하리라 하시니라
아모스,7,7,아모스 7:7,또 내게 보이신 것이 이러하니라 다림줄을 띄우고 쌓은 담 곁에 주께서 손에 다림줄을 잡고 서셨더니
아모스,7,13,아모스 7:13,다시는 벧엘에서 예언하지 말라 이는 왕의 성소요 왕의 궁임이니라
아모스,7,15,아모스 7:15,양떼를 따를 때에 여호와께서 나를 데려다가 내게 이르시기를 가서 내 백성 이스라엘에게 예언하라 하셨나니
아모스,8,1,아모스 8:1,주 여호와께서 또 내게 여름 실과 한 광주리를 보이시며
아모스,8,4,아모스 8:4,궁핍한 자를 삼키며 땅의 가난한 자를 망케 하려는 자들아 이 말을 들으라
아모스,8,6,아모스 8:6,은으로 가난한 자를 사며 신 한 켤레로 궁핍한 자를 사며 잿밀을 팔자 하는도다
아모스,8,7,아모스 8:7,여호와께서 야곱의 영광을 가리켜 맹세하시되 내가 저희의 모든 소위를 영영 잊지 아니하리라 하셨나니
아모스,8,11,아모스 8:11,"주 여호와께서 가라사대 보라, 날이 이를지라 내가 기근을 땅에 보내리니 양식이 없어 주림이 아니며 물이 없어 갈함이 아니요 여호와의 말씀을 듣지 못한 기갈이라"
아모스,8,12,아모스 8:12,사람이 이 바다에서 저 바다까지 북에서 동까지 비틀거리며 여호와의 말씀을 구하려고 달려 왕래하되 얻지 못하리니
아모스,9,6,아모스 9:6,그 전을 하늘에 세우시며 그 궁창의 기초를 땅에 두시며 바다 물을 불러 지면에 쏟으시는 자니 그 이름은 여호와시니라
아모스,9,13,아모스 9:13,"여호와께서 가라사대 보라, 날이 이를지라 그 때에 밭가는 자가 곡식 베는 자의 뒤를 이으며 포도를 밟는 자가 씨 뿌리는 자의 뒤를 이으며 산들은 단 포도주를 흘리며 작은 산들은 녹으리라"
아모스,9,14,아모스 9:14,내가 내 백성 이스라엘의 사로잡힌 것을 돌이키리니 저희가 황무한 성읍을 건축하고 거하며 포도원들을 심고 그 포도주를 마시며 과원들을 만들고 그 과실을 먹으리라
아모스,9,15,아모스 9:15,내가 저희를 그 본토에 심으리니 저희가 나의 준 땅에서 다시 뽑히지 아니하리라 이는 네 하나님 여호와의 말씀이니라
오바댜,1,12,오바댜 1:12,네가 형제의 날 곧 그 재앙의 날에 방관할 것이 아니며 그 고난의 날에 네가 입을 크게 벌릴 것이 아니라
오바댜,1,21,오바댜 1:21,구원자들이 시온산에 올라와서 에서의 산을 심판하리니 나라가 여호와께 속하리라
요나,1,3,요나 1:3,그러나 요나가 여호와의 낯을 피하려고 일어나 다시스로 도망하려 하여 욥바로 내려갔더니 마침 다시스로 가는 배를 만난지라 여호와의 낯을 피하여 함께 다시스로 가려고 선가를 주고 배에 올랐더라
요나,1,4,요나 1:4,여호와께서 대풍을 대작하여 배가 거의 깨어지게 된지라
요나,1,5,요나 1:5,사공이 두려워 하여 각각 자기의 신을 부르고 또 배를 가볍게 하려고 그 가운데 물건을 바다에 던지니라 그러나 요나는 배 밑층에 내려가서 누워 깊이 잠이 든지라
요나,1,13,요나 1:13,그러나 그 사람들이 힘써 노를 저어 배를 육지에 돌리고자 하다가 바다가 그들을 향하여 점점 더 흉용하므로 능히 못한지라
요나,1,15,요나 1:15,요나를 들어 바다에 던지매 바다의 뛰노는 것이 곧 그친지라
요나,1,17,요나 1:17,여호와께서 이미 큰 물고기를 예비하사 요나를 삼키게 하셨으므로 요나가 삼일 삼야를 물고기 배에 있으니라
요나,2,1,요나 2:1,요나가 물고기 뱃속에서 그 하나님 여호와께 기도하여
요나,2,3,요나 2:3,주께서 나를 깊음 속 바다 가운데 던지셨으므로 큰 물이 나를 둘렀고 주의 파도와 큰 물결이 다 내 위에 넘쳤나이다
요나,2,4,요나 2:4,내가 말하기를 내가 주의 목전에서 쫓겨났을지라도 다시 주의 성전을 바라보겠다 하였나이다
요나,2,5,요나 2:5,물이 나를 둘렀으되 영혼까지 하였사오며 깊음이 나를 에웠고 바다 풀이 내 머리를 쌌나이다
요나,2,6,요나 2:6,내가 산의 뿌리까지 내려갔사오며 땅이 그 빗장으로 나를 오래도록 막았사오나 나의 하나님 여호와여 주께서 내 생명을 구덩이에서 건지셨나이다
요나,2,7,요나 2:7,내 영혼이 내 속에서 피곤할 때에 내가 여호와를 생각하였삽더니 내 기도가 주께 이르렀사오며 주의 성전에 미쳤나이다
요나,2,8,요나 2:8,무릇 거짓되고 헛된 것을 숭상하는 자는 자기에게 베푸신 은혜를 버렸사오나
요나,2,9,요나 2:9,나는 감사하는 목소리로 주께 제사를 드리며 나의 서원을 주께 갚겠나이다 구원은 여호와께로서 말미암나이다 하니라
요나,2,10,요나 2:10,여호와께서 물고기에게 명하시매 요나를 육지에 토하니라
요나,3,8,요나 3:8,사람이든지 짐승이든지 다 굵은 베를 입을 것이요 힘써 여호와께 부르짖을 것이며 각기 악한 길과 손으로 행한 강포에서 떠날 것이라
요나,3,9,요나 3:9,하나님이 혹시 뜻을 돌이키시고 그 진노를 그치사 우리로 멸망치 않게 하시리라 그렇지 않을 줄을 누가 알겠느냐 ? 한지라
요나,3,10,요나 3:10,하나님이 그들의 행한 것 곧 그 악한 길에서 돌이켜 떠난 것을 감찰하시고 뜻을 돌이키사 그들에게 내리리라 말씀하신 재앙을 내리지 아니하시니라
요나,4,1,요나 4:1,요나가 심히 싫어하고 노하여
요나,4,4,요나 4:4,여호와께서 이르시되 너의 성냄이 어찌 합당하냐 ? 하시니라
요나,4,5,요나 4:5,요나가 성에서 나가서 그 성 동편에 앉되 거기서 자기를 위하여 초막을 짓고 그 그늘 아래 앉아서 성읍이 어떻게 되는 것을 보려하니라
요나,4,6,요나 4:6,하나님 여호와께서 박 넝쿨을 준비하사 요나 위에 가리우게 하셨으니 이는 그 머리를 위하여 그늘이 지게 하며 그 괴로움을 면케하려 하심이었더라 요나가 박 넝쿨을 인하여 심히 기뻐하였더니
요나,4,7,요나 4:7,하나님이 벌레를 준비하사 이튿날 새벽에 그 박 넝쿨을 씹게 하시매 곧 시드니라
요나,4,10,요나 4:10,여호와께서 가라사대 네가 수고도 아니하였고 배양도 아니하였고 하룻밤에 났다가 하룻밤에 망한 이 박 넝쿨을 네가 아꼈거든
미가,1,2,미가 1:2,백성들아 너희는 다 들을지어다 땅과 거기 있는 모든 것들아 자세히 들을지어다 주 여호와께서 너희에게 대하여 증거하시되 곧 주께서 성전에서 그리하실 것이니라
미가,1,3,미가 1:3,여호와께서 그 처소에서 나오시고 강림하사 땅의 높은 곳을 밟으실 것이라
미가,1,4,미가 1:4,그 아래서 산들이 녹고 골짜기들이 갈라지기를 불 앞의 밀 같고 비탈로 쏟아지는 물 같을 것이니
미가,1,7,미가 1:7,그 새긴 우상을 다 파쇄하고 그 음행의 값을 다 불사르며 그 목상을 다 훼파하리니 그가 기생의 값으로 모았은즉 그것이 기생의 값으로 돌아가리라
미가,1,10,미가 1:10,가드에 고하지 말며 도무지 호곡하지 말지어다 베들레아브라에서 티끌에 굴찌어다
미가,1,11,미가 1:11,사빌 거민아 너는 벗은 몸에 수치를 무릅쓰고 나갈지어다 사아난 거민은 나오지 못하고 벧에셀이 애곡하여 너희로 의지할 곳이 없게 하리라
미가,1,12,미가 1:12,마롯 거민이 근심 중에 복을 바라니 이는 재앙이 여호와께로 말미암아 예루살렘 성문에 임함이니라
미가,1,13,미가 1:13,라기스 거민아 너는 준마에 병거를 메울지어다 라기스는 딸 시온의 죄의 근본이니 이는 이스라엘의 허물이 네게서 보였음이니라
미가,1,15,미가 1:15,마레사 거민아 내가 장차 너를 얻을 자로 네게 임하게 하리니 이스라엘의 영광이 아둘람까지 이를 것이라
미가,1,16,미가 1:16,너는 네 기뻐하는 자식으로 인하여 네 머리털을 깎아 대머리 같게 할지어다 네 머리로 크게 무여지게 하기를 독수리 같게 할지어다 이는 그들이 사로잡혀 너를 떠났음이니라
미가,2,1,미가 2:1,침상에서 악을 꾀하며 간사를 경영하고 날이 밝으면 그 손에 힘이 있으므로 그것을 행하는 자는 화 있을진저 !
미가,2,2,미가 2:2,밭들을 탐하여 빼앗고 집들을 탐하여 취하니 그들이 사람과 그 집 사람과 그 산업을 학대하도다
미가,2,3,미가 2:3,그러므로 여호와의 말씀에 내가 이 족속에게 재앙 내리기를 계획하나니 너희의 목이 이에서 벗어나지 못할 것이요 또한 교만히 다니지 못할 것이라 이는 재앙의 때임이니라 하셨느니라
미가,2,5,미가 2:5,그러므로 여호와의 회중에서 제비를 뽑고 줄을 띨 자가 너희 중에 하나도 없으리라
미가,2,7,미가 2:7,너희 야곱의 족속아 어찌 이르기를 여호와의 신이 편급하시다 하겠느냐 그의 행위가 이러하시다 하겠느냐 나의 말이 행위 정직한자에게 유익되지 아니하냐
미가,2,8,미가 2:8,근래에 내 백성이 대적 같이 일어나서 전쟁을 피하여 평안히 지나가는 자들의 의복 중 겉옷을 벗기며
미가,2,9,미가 2:9,내 백성의 부녀들을 너희가 그 즐거운 집에서 쫓아내고 그 어린자녀에게서 나의 영광을 영영히 빼앗는도다
미가,2,10,미가 2:10,이것이 너희의 쉴 곳이 아니니 일어나 떠날지어다 이는 그것이 이미 더러워졌음이라 그런즉 반드시 멸하리니 그 멸망이 크리라
미가,2,11,미가 2:11,사람이 만일 허망히 행하며 거짓말로 이르기를 내가 포도주와 독주에 대하여 네게 예언하리라 할 것 같으면 그 사람이 이 백성의 선지자가 되리로다
미가,2,13,미가 2:13,길을 여는 자가 그들의 앞서 올라가고 그들은 달려서 성문에 이르러서는 그리로 좇아 나갈 것이며 그들의 왕이 앞서 행하며 여호와께서 선두로 행하시리라
미가,3,1,미가 3:1,내가 또 이르노니 야곱의 두령들과 이스라엘 족속의 치리자들아 청컨대 들으라 공의는 너희의 알 것이 아니냐 ?
미가,3,2,미가 3:2,너희가 선을 미워하고 악을 좋아하여 내 백성의 가죽을 벗기고 그 뼈에서 살을 뜯어
미가,3,3,미가 3:3,그들의 살을 먹으며 그 가죽을 벗기며 그 뼈를 꺾어 다지기를 남비와 솥 가운데 담을 고기처럼 하는도다
미가,3,5,미가 3:5,내 백성을 유혹하는 선지자는 이에 물면 평강을 외치나 그 입에 무엇을 채워주지 아니하는 자에게는 전쟁을 준비하는도다 이런 선지자에 대하여 여호와께서 가라사대
미가,3,6,미가 3:6,그러므로 너희가 밤을 만나리니 이상을 보지 못할 것이요 흑암을 만나리니 점 치지 못하리라 하셨나니 이 선지자 위에는 해가 져서 낮이 캄캄할 것이라
미가,3,8,미가 3:8,오직 나는 여호와의 신으로 말미암아 권능과 공의와 재능으로 채움을 얻고 야곱의 허물과 이스라엘의 죄를 그들에게 보이리라
미가,3,9,미가 3:9,야곱 족속의 두령과 이스라엘 족속의 치리자 곧 공의를 미워하고 정직한 것을 굽게 하는 자들아 청컨대 이 말을 들을지어다
미가,3,10,미가 3:10,"시온을 피로, 예루살렘을 죄악으로 건축하는도다"
미가,4,1,미가 4:1,말일에 이르러는 여호와의 전의 산이 산들의 꼭대기에 굳게 서며 작은 산들 위에 뛰어나고 민족들이 그리로 몰려갈 것이라
미가,4,4,미가 4:4,각 사람이 자기 포도나무 아래와 자기 무화과나무 아래 앉을 것이라 그들을 두렵게 할 자가 없으리니 이는 만군의 여호와의 입이 이같이 말씀하셨음이니라
미가,4,5,미가 4:5,만민이 각각 자기의 신의 이름을 빙자하여 행하되 오직 우리는 우리 하나님 여호와의 이름을 빙자하여 영원히 행하리로다
미가,4,6,미가 4:6,여호와께서 말씀하시되 그 날에는 내가 저는 자를 모으며 쫓겨난 자와 내가 환난받게한 자를 모아
미가,4,7,미가 4:7,그 저는 자로 남은 백성이 되게 하며 멀리 쫓겨났던 자로 강한 나라가 되게 하고 나 여호와가 시온산에서 이제부터 영원까지 그들을 치리하리라 하셨나니
미가,4,8,미가 4:8,"너 양떼의 망대요, 딸 시온의 산이여 ! 이전 권능 곧 딸 예루살렘의 나라가 네게로 돌아오리라"
미가,4,9,미가 4:9,이제 네가 어찌하여 부르짖느냐 ? 너희 중에 왕이 없어졌고 네 모사가 죽었으므로 네가 해산하는 여인처럼 고통함이냐 ?
미가,4,12,미가 4:12,그들이 여호와의 뜻을 알지 못하며 그 모략을 깨닫지 못한 것이라 여호와께서 곡식단을 타작마당에 모음 같이 그들을 모으셨나니
미가,4,13,미가 4:13,"딸 시온이여, 일어나서 칠지어다 내가 네 뿔을 철 같게 하며 네 굽을 놋 같게 하리니 네가 여러 백성을 쳐서 깨뜨릴 것이라 내가 그들의 탈취물을 구별하여 여호와께 드리며 그들의 재물을 온 땅의 대주재께 돌리리라"
미가,5,1,미가 5:1,"딸 군대여, 너는 떼를 모을지어다 그들이 우리를 에워쌌으니 막대기로 이스라엘 재판자의 뺨을 치리로다"
미가,5,3,미가 5:3,그러므로 임산한 여인이 해산하기까지 그들을 붙여 두시겠고 그 후에는 그 형제 남은 자가 이스라엘 자손에게로 돌아오리니
미가,5,4,미가 5:4,그가 여호와의 능력과 그 하나님 여호와의 이름의 위엄을 의지하고 서서 그 떼에게 먹여서 그들로 안연히 거하게 할 것이라 이제 그가 창대하여 땅 끝까지 미치리라
미가,5,8,미가 5:8,야곱의 남은 자는 열국 중과 여러 백성 중에 있으리니 그들은 수풀의 짐승 중의 사자 같고 양떼 중의 젊은 사자 같아서 만일 지나간즉 밟고 찢으리니 능히 구원할 자가 없을 것이라
미가,5,9,미가 5:9,네 손이 네 대적 위에 들려서 네 모든 원수를 진멸하기를 바라노라
미가,5,13,미가 5:13,내가 너의 새긴 우상과 주상을 너의 중에서 멸절하리니 네가 네 손으로 만든 것을 다시는 섬기지 아니하리라
미가,5,15,미가 5:15,내가 또 진노와 분한으로 청종치 아니한 나라에 갚으리라 하셨느니라
미가,6,1,미가 6:1,너희는 여호와의 말씀을 들을지어다 내게 이르시기를 너는 일어나서 산 앞에서 쟁변하여 작은 산으로 네 목소리를 듣게 하라 하셨나니
미가,6,3,미가 6:3,이르시기를 내 백성아 내가 무엇을 네게 행하였으며 무엇에 너를 괴롭게 하였느냐 너는 내게 증거하라
미가,6,8,미가 6:8,사람아 주께서 선한 것이 무엇임을 네게 보이셨나니 여호와께서 네게 구하시는 것이 오직 공의를 행하며 인자를 사랑하며 겸손히 네 하나님과 함께 행하는 것이 아니냐
미가,7,7,미가 7:7,오직 나는 여호와를 우러러보며 나를 구원하시는 하나님을 바라보나니 하나님이 나를 들으시리로다
미가,7,8,미가 7:8,나의 대적이여 나로 인하여 기뻐하지 말지어다 나는 엎드러질지라도 일어날 것이요 어두운 데 앉을지라도 여호와께서 나의 빛이되실 것임이로다
미가,7,11,미가 7:11,네 성벽을 건축하는 날 곧 그 날에는 지경이 넓혀질 것이라
미가,7,14,미가 7:14,원컨대 주는 주의 지팡이로 주의 백성 곧 갈멜 속 삼림에 홀로 거하는 주의 기업의 떼를 먹이시되 그들을 옛날 같이 바산과 길르앗에서 먹이옵소서
미가,7,18,미가 7:18,주와 같은 신이 어디 있으리이까 주께서는 죄악을 사유하시며 그 기업의 남은 자의 허물을 넘기시며 인애를 기뻐하심으로 노를 항상 품지 아니하시나이다
미가,7,19,미가 7:19,다시 우리를 긍휼히 여기셔서 우리의 죄악을 발로 밟으시고 우리의 모든 죄를 깊은 바다에 던지시리이다
나훔,1,7,나훔 1:7,여호와는 선하시며 환난 날에 산성이시라 그는 자기에게 의뢰하는 자들을 아시느니라
나훔,1,13,나훔 1:13,이제 네게 지운 그의 멍에를 내가 깨뜨리고 너의 결박을 끊으리라
나훔,1,15,나훔 1:15,볼지어다 아름다운 소식을 보하고 화평을 전하는 자의 발이 산 위에 있도다 유다야 네 절기를 지키고 네 서원을 갚을지어다 악인이 진멸되었으니 그가 다시는 네 가운데로 통행하지 아니하리로다
나훔,2,2,나훔 2:2,여호와께서 야곱의 영광을 회복하시되 이스라엘의 영광 같게 하시나니 이는 약탈자들이 약탈하였고 또 그 포도나무 가지를 없이하였음이라
나훔,2,4,나훔 2:4,그 병거는 거리에 미치게 달리며 대로에서 이리 저리 빨리 가니 그 모양이 횃불 같고 빠르기 번개 같도다
나훔,2,11,나훔 2:11,이제 사자의 굴이 어디뇨 ? 젊은 사자의 먹는 곳이 어디뇨 ? 전에는 수사자 암사자가 그 새끼 사자와 함께 거기서 다니되 그것들을 두렵게 할 자가 없었으며
나훔,3,8,나훔 3:8,네가 어찌 노아몬보다 낫겠느냐 ? 그는 강들 사이에 있으므로 물이 둘렸으니 바다가 성루가 되었고 바다가 성벽이 되었으며
나훔,3,11,나훔 3:11,너도 취한바 되어 숨으리라 너도 대적을 인하여 피난처를 찾아보리라
나훔,3,12,나훔 3:12,너의 모든 산성은 무화과나무의 처음 익은 열매가 흔들기만 하면 먹는 자의 입에 떨어짐과 같으리라
나훔,3,16,나훔 3:16,네가 네 상고를 하늘의 별보다 많게 하였으나 황충이 날개를 펴서 날아감과 같고
나훔,3,17,나훔 3:17,너의 방백은 메뚜기 같고 너의 대장은 큰 메뚜기 떼가 추운 날에는 울타리에 깃들였다가 해가 뜨면 날아감과 같으니 그 있는 곳을 알 수 없도다
하박국,1,1,하박국 1:1,선지자 하박국의 묵시로 받은 경고라
하박국,1,5,하박국 1:5,여호와께서 가라사대 너희는 열국을 보고 또 보고 놀라고 또 놀랄지어다 너희 생전에 내가 한 일을 행할 것이라 혹이 너희에게 고할지라도 너희가 믿지 아니하리라
하박국,2,1,하박국 2:1,내가 내 파수하는 곳에 서며 성루에 서리라 그가 내게 무엇이라 말씀하실는지 기다리고 바라보며 나의 질문에 대하여 어떻게 대답하실는지 보리라 그리하였더니
하박국,2,3,하박국 2:3,이 묵시는 정한 때가 있나니 그 종말이 속히 이르겠고 결코 거짓되지 아니하리라 비록 더딜지라도 기다리라 지체되지 않고 정녕 응하리라
하박국,2,4,하박국 2:4,"보라, 그의 마음은 교만하며 그의 속에서 정직하지 못하니라 그러나 의인은 그 믿음으로 말미암아 살리라 !"
하박국,2,11,하박국 2:11,담에서 돌이 부르짖고 집에서 들보가 응답하리라
하박국,2,13,하박국 2:13,민족들이 불탈 것으로 수고하는 것과 열국이 헛된 일로 곤비하게 되는 것이 만군의 여호와께로서 말미암음이 아니냐 ?
하박국,2,14,하박국 2:14,대저 물이 바다를 덮음 같이 여호와의 영광을 인정하는 것이 세상에 가득하리라
하박국,2,18,하박국 2:18,새긴 우상은 그 새겨 만든 자에게 무엇이 유익하겠느냐 ? 부어 만든 우상은 거짓 스승이라 만든 자가 이 말하지 못하는 우상을 의지하니 무엇이 유익하겠느냐 ?
하박국,2,20,하박국 2:20,오직 여호와는 그 성전에 계시니 온 천하는 그 앞에서 잠잠할지니라 !
하박국,3,1,하박국 3:1,시기오놋에 맞춘바 선지자 하박국의 기도라
하박국,3,2,하박국 3:2,여호와여 ! 내가 주께 대한 소문을 듣고 놀랐나이다 여호와여 ! 주는 주의 일을 이 수년 내에 부흥케 하옵소서 ! 이 수년 내에 나타내시옵소서 ! 진노 중에라도 긍휼을 잊지 마옵소서 !
하박국,3,3,하박국 3:3,하나님이 데만에서부터 오시며 거룩한 자가 바란 산에서부터 오시도다 그 영광이 하늘을 덮었고 그 찬송이 세계에 가득하도다
하박국,3,4,하박국 3:4,그 광명이 햇빛 같고 광선이 그 손에서 나오니 그 권능이 그 속에 감취었도다
하박국,3,8,하박국 3:8,여호와여 ! 주께서 말을 타시며 구원의 병거를 모시오니 하수를 분히 여기심이니이까 ? 강을 노여워 하심이니이까 ? 바다를 대하여 성 내심이니이까 ?
하박국,3,10,하박국 3:10,산들이 주를 보고 흔들리며 창수가 넘치고 바다가 소리를 지르며 손을 높이 들었나이다
하박국,3,11,하박국 3:11,주의 날으는 살의 빛과 주의 번쩍이는 창의 광채로 인하여 해와 달이 그 처소에 멈추었나이다
하박국,3,12,하박국 3:12,주께서 노를 발하사 땅에 돌리셨으며 분을 내사 열국을 밟으셨나이다
하박국,3,13,하박국 3:13,"주께서 주의 백성을 구원하시려고, 기름 받은 자를 구원하시려고 나오사 악인의 집머리를 치시며 그 기초를 끝까지 드러내셨나이다"
하박국,3,14,하박국 3:14,그들이 회리바람처럼 이르러 나를 흩으려 하며 가만히 가난한 자 삼키기를 즐거워하나 오직 주께서 그들의 전사의 머리를 그들의 창으로 찌르셨나이다
하박국,3,15,하박국 3:15,주께서 말을 타시고 바다 곧 큰 물의 파도를 밟으셨나이다
하박국,3,16,하박국 3:16,내가 들었으므로 내 창자가 흔들렸고 그 목소리로 인하여 내 입술이 떨렸도다 무리가 우리를 치러 올라오는 환난 날을 내가 기다리므로 내 뼈에 썩이는 것이 들어 왔으며 내 몸은 내 처소에서 떨리는도다
하박국,3,17,하박국 3:17,"비록 무화과나무가 무성치 못하며, 포도나무에 열매가 없으며, 감람나무에 소출이 없으며, 밭에 식물이 없으며, 우리에 양이 없으며, 외양간에 소가 없을지라도"
하박국,3,18,하박국 3:18,나는 여호와를 인하여 즐거워하며 나의 구원의 하나님을 인하여 기뻐하리로다 !
하박국,3,19,하박국 3:19,주 여호와는 나의 힘이시라 ! 나의 발을 사슴과 같게 하사 나로 나의 높은 곳에 다니게 하시리로다 이 노래는 영장을 위하여 내 수금에 맞춘 것이니라
스바냐,1,2,스바냐 1:2,여호와께서 가라사대 내가 지면에서 모든 것을 진멸하리라
스바냐,1,3,스바냐 1:3,내가 사람과 짐승을 진멸하고 공중의 새와 바다의 고기와 거치게 하는것과 악인들을 아울러 진멸할 것이라 내가 사람을 지면에서 멸절하리라 나 여호와의 말이니라
스바냐,1,6,스바냐 1:6,여호와를 배반하고 좇지 아니한 자와 여호와를 찾지도 아니하며 구하지도 아니한 자를 멸절하리라
스바냐,1,7,스바냐 1:7,주 여호와 앞에서 잠잠할지어다 ! 이는 여호와의 날이 가까왔으므로 여호와가 희생을 준비하고 그 청할 자를 구별하였음이니라
스바냐,1,10,스바냐 1:10,"나 여호와가 말하노라 그 날에 어문에서는 곡성이,제 이 구역에서는 부르짖은 소리가 일어나리라"
스바냐,2,1,스바냐 2:1,"수치를 모르는 백성아 모일지어다, 모일지어다"
스바냐,2,3,스바냐 2:3,여호와의 규례를 지키는 세상의 모든 겸손한 자들아 ! 너희는 여호와를 찾으며 공의와 겸손을 구하라 너희가 혹시 여호와의 분노의 날에 숨김을 얻으리라
스바냐,2,7,스바냐 2:7,그 지경은 유다 족속의 남은 자에게로 돌아갈찌라 그들이 거기서 양떼를 먹이고 저녁에는 아스글론 집들에 누우리니 이는 그들의 하나님 여호와가 그들을 권고하여 그 사로잡힘을 돌이킬 것임이니라
스바냐,2,11,스바냐 2:11,여호와가 그들에게 두렵게 되어서 세상의 모든 신을 쇠진케 하리니 이방의 모든 해변 사람들이 각각 자기 처소에서 여호와께 경배하리라
스바냐,2,14,스바냐 2:14,각양 짐승이 그 가운데 떼로 누울 것이며 창에서 울 것이며 문턱이 적막하리니 백향목으로 지은 것이 벗겨졌음이라
스바냐,3,5,스바냐 3:5,그 중에 거하신 여호와는 의로우사 불의를 행치 아니하시고 아침마다 간단 없이 자기의 공의를 나타내시거늘 불의한 자는 수치를 알지 못하는도다
스바냐,3,10,스바냐 3:10,내게 구하는 백성들 곧 내가 흩은 자의 딸이 구스 하수 건너편에서부터 예물을 가지고 와서 내게 드릴지라
스바냐,3,12,스바냐 3:12,내가 곤고하고 가난한 백성을 너의 중에 남겨 두리니 그들이 여호와의 이름을 의탁하여 보호를 받을지라
스바냐,3,13,스바냐 3:13,이스라엘의 남은 자는 악을 행치 아니하며 거짓을 말하지 아니하며 입에 궤휼한 혀가 없으며 누우나 놀라게 할 자가 없으리라
스바냐,3,14,스바냐 3:14,시온의 딸아 노래할지어다 ! 이스라엘아 기쁘게 부를지어다 ! 예루살렘 딸아 전심으로 기뻐하며 즐거워할지어다 !
스바냐,3,15,스바냐 3:15,여호와가 너의 형벌을 제하였고 너의 원수를 쫓아 내었으며 이스라엘 왕 여호와가 너의 중에 있으니 네가 다시는 화를 당할까 두려워하지 아니할 것이라
스바냐,3,17,스바냐 3:17,너의 하나님 여호와가 너의 가운데 계시니 그는 구원을 베푸실 전능자시라 그가 너로 인하여 기쁨을 이기지 못하여 하시며 너를 잠잠히 사랑하시며 너로 인하여 즐거이 부르며 기뻐하시리라 하리라
스바냐,3,20,스바냐 3:20,내가 그 때에 너희를 이끌고 그 때에 너희를 모을찌라 내가 너희 목전에서 너희 사로잡힘을 돌이킬 때에 너희로 천하 만민 중에서 명성과 칭찬을 얻게 하리라 나 여호와의 말이니라
학개,1,2,학개 1:2,만군의 여호와가 말하여 이르노라 이 백성이 말하기를 여호와의 전을 건축할 시기가 이르지 아니하였다 하느니라
학개,1,3,학개 1:3,여호와의 말씀이 선지자 학개에게 임하여 가라사대
학개,1,4,학개 1:4,이 전이 황무하였거늘 너희가 이 떼에 판벽한 집에 거하는 것이 가하냐
학개,1,5,학개 1:5,그러므로 이제 나 만군의 여호와가 말하노니 너희는 자기의 소위를 살펴 볼지니라
학개,1,6,학개 1:6,너희가 많이 뿌릴지라도 수입이 적으며 먹을지라도 배부르지 못하며 마실지라도 흡족하지 못하며 입어도 따뜻하지 못하며 일군이 삯을 받아도 그것을 구멍 뚫어진 전대에 넣음이 되느니라
학개,1,7,학개 1:7,나 만군의 여호와가 말하노니 너희는 자기의 소위를 살펴 볼지니라
학개,1,8,학개 1:8,너희는 산에 올라가서 나무를 가져다가 전을 건축하라 ! 그리하면 내가 그로 인하여 기뻐하고 또 영광을 얻으리라 나 여호와가 말하였느니라
학개,1,9,학개 1:9,너희가 많은 것을 바랐으나 도리어 적었고 너희가 그것을 집으로 가져갔으나 내가 불어 버렸느니라 나 만군의 여호와가 말하노라 이것이 무슨 연고뇨 내 집은 황무하였으되 너희는 각각 자기의 집에 빨랐음이니라
학개,1,10,학개 1:10,그러므로 너희로 인하여 하늘은 이슬을 그쳤고 땅은 산물을 그쳤으며
학개,1,11,학개 1:11,"내가 한재를 불러 이 땅에, 산에, 곡물에, 새 포도주에, 기름에, 땅의 모든 소산에, 사람에게, 육축에게, 손으로 수고하는 모든 일에 임하게 하였느니라"
학개,2,1,학개 2:1,칠월 곧 그 달 이십 일일에 여호와의 말씀이 선지자 학개에게 임하니라 가라사대
학개,2,3,학개 2:3,너희 중에 남아 있는자 곧 이 전의 이전 영광을 본 자가 누구냐 ? 이제 이것이 너희에게 어떻게 보이느냐 ? 이것이 너희 눈에 보잘 것이 없지 아니하냐 ?
학개,2,6,학개 2:6,나 만군의 여호와가 말하노라 조금 있으면 내가 하늘과 땅과 바다와 육지를 진동시킬 것이요
학개,2,7,학개 2:7,또한 만국을 진동시킬 것이며 만국의 보배가 이르리니 내가 영광으로 이 전에 충만케 하리라 만군의 여호와의 말이니라
학개,2,8,학개 2:8,"은도 내 것이요, 금도 내 것이니라 만군의 여호와의 말이니라"
학개,2,9,학개 2:9,이 전의 나중 영광이 이전 영광보다 크리라 만군의 여호와의 말이니라 내가 이곳에 평강을 주리라 만군의 여호와의 말이니라
학개,2,10,학개 2:10,다리오왕 이년 구월 이십 사일에 여호와의 말씀이 선지자 학개에게 임하니라 가라사대
학개,2,15,학개 2:15,이제 청컨대 너희는 오늘부터 이전 곧 여호와의 전에 돌이 돌위에 첩놓이지 않았던 때를 추억하라
학개,2,16,학개 2:16,그 때에는 이십석 곡식더미에 이른즉 십석 뿐이었고 포도즙 틀에 오십 그릇을 길으려 이른즉 이십 그릇 뿐이었었느니라
학개,2,17,학개 2:17,나 만군의 여호와가 말하노라 내가 너희 손으로 지은 모든 일에 폭풍과 곰팡과 우박으로 쳤으나 너희가 내게로 돌이키지 아니하였었느니라
학개,2,18,학개 2:18,너희는 오늘부터 이전을 추억하여 보라 구월 이십 사일 곧 여호와의 전 지대를 쌓던 날부터 추억하여 보라
학개,2,19,학개 2:19,"곡식 종자가 오히려 창고에 있느냐 ? 포도나무, 무화과나무, 석류나무, 감람나무에 열매가 맺지 못하였었느니라 그러나 오늘부터는 내가 너희에게 복을 주리라 !"
학개,2,20,학개 2:20,그 달 이십 사일에 여호와의 말씀이 다시 학개에게 임하니라 가라사대
학개,2,23,학개 2:23,나 만군의 여호와가 말하노라 그 날에 내가 너를 취하고 너로 인을 삼으리니 이는 내가 너를 택하였음이니라 만군의 여호와의 말이니라
스가랴,1,1,스가랴 1:1,다리오 왕 이년 팔월에 여호와의 말씀이 잇도의 손자 베레갸의 아들 선지자 스가랴에게 임하니라 가라사대
스가랴,1,3,스가랴 1:3,그러므로 너는 무리에게 고하기를 만군의 여호와께서 이처럼 이르시되 너희는 내게로 돌아오라 나 만군의 여호와의 말이니라 그리하면 내가 너희에게로 돌아가리라 나 만군의 여호와의 말이니라
스가랴,1,5,스가랴 1:5,너희 열조가 어디 있느냐 ? 선지자들이 영원히 살겠느냐 ?
스가랴,1,7,스가랴 1:7,다리오 왕 이년 십일월 곧 스밧월 이십사일에 잇도의 손자 베레갸의 아들 선지자 스가랴에게 여호와의 말씀이 임하여 이르시니라
스가랴,1,8,스가랴 1:8,"내가 밤에 보니 사람이 홍마를 타고 골짜기 속 화석류나무 사이에 섰고 그 뒤에는 홍마와, 자마와, 백마가 있기로"
스가랴,1,16,스가랴 1:16,그러므로 여호와가 이처럼 말하노라 내가 긍휼히 여기므로 예루살렘에 돌아왔은즉 내 집이 그 가운데 건축되리니 예루살렘 위에 먹줄이 치어지리라 나 만군의 여호와의 말이니라 하셨다 하라
스가랴,1,17,스가랴 1:17,다시 외쳐 이르기를 만군의 여호와의 말씀에 나의 성읍들이 넘치도록 다시 풍부할 것이라 여호와가 다시 시온을 안위하여 다시 예루살렘을 택하리라 하셨다 하라
스가랴,1,18,스가랴 1:18,내가 눈을 들어 본즉 네 뿔이 보이기로
스가랴,1,20,스가랴 1:20,때에 여호와께서 공장 네 명을 내게 보이시기로
스가랴,2,1,스가랴 2:1,내가 또 눈을 들어 본즉 한 사람이 척량줄을 그 손에 잡았기로
스가랴,2,3,스가랴 2:3,내게 말하는 천사가 나가매 다른 천사가 나와서 그를 맞으며
스가랴,2,5,스가랴 2:5,여호와의 말씀에 네가 그 사면에서 불 성곽이 되며 그 가운데서 영광이 되리라
스가랴,2,6,스가랴 2:6,여호와의 말씀에 내가 너를 하늘의 사방 바람 같이 흩어지게 하였거니와 이제 너희는 북방 땅에서 도망할지니라 나 여호와의 말이니라
스가랴,2,8,스가랴 2:8,만군의 여호와께서 이같이 말씀하시되 너희를 노략한 열국으로 영광을 위하여 나를 보내셨나니 무릇 너희를 범하는 자는 그의 눈동자를 범하는 것이라
스가랴,2,9,스가랴 2:9,내가 손을 그들 위에 움직인즉 그들이 자기를 섬기던 자에게 노략거리가 되리라 하셨나니 너희가 만군의 여호와께서 나를 보내신줄 알리라
스가랴,2,10,스가랴 2:10,여호와의 말씀에 시온의 딸아 노래하고 기뻐하라 이는 내가 임하여 네 가운데 거할 것임이니라
스가랴,2,12,스가랴 2:12,여호와께서 장차 유다를 취하여 거룩한 땅에서 자기 소유를 삼으시고 다시 예루살렘을 택하시리니
스가랴,3,7,스가랴 3:7,만군의 여호와의 말씀에 네가 만일 내 도를 준행하며 내 율례를 지키면 네가 내 집을 다스릴 것이요 내 뜰을 지킬 것이며 내가 또 너로 여기 섰는 자들 중에 왕래케 하리라
스가랴,3,10,스가랴 3:10,만군의 여호와가 말하노라 그 날에 너희가 각각 포도나무와 무화과나무 아래서 서로 초대하리라 하셨느니라
스가랴,4,1,스가랴 4:1,내게 말하던 천사가 다시 와서 나를 깨우니 마치 자는 사람이 깨우임 같더라
스가랴,4,3,스가랴 4:3,그 등대 곁에 두 감람나무가 있는데 하나는 그 주발 우편에 있고 하나는 그 좌편에 있나이다 하고
스가랴,4,7,스가랴 4:7,"큰 산아 네가 무엇이냐 네가 스룹바벨 앞에서 평지가 되리라 그가 머릿돌을 내어 놓을 때에 무리가 외치기를 은총, 은총이 그에게 있을지어다 ! 하리라 하셨고"
스가랴,4,8,스가랴 4:8,여호와의 말씀이 또 내게 임하여 가라사대
스가랴,4,9,스가랴 4:9,스룹바벨의 손이 이 전의 지대를 놓았은즉 그 손이 또한 그것을 마치리라 하셨나니 만군의 여호와께서 나를 너희에게 보내신 줄을 네가 알리라 하셨느니라
스가랴,4,10,스가랴 4:10,작은 일의 날이라고 멸시하는 자가 누구냐 ? 이 일곱은 온 세상에 두루 행하는 여호와의 눈이라 다림줄이 스룹바벨의 손에 있음을 보고 기뻐하리라
스가랴,5,7,스가랴 5:7,이 에바 가운데에는 한 여인이 앉았느니라 하는 동시에 둥근 납한 조각이 들리더라
스가랴,5,9,스가랴 5:9,내가 또 눈을 들어 본즉 두 여인이 나왔는데 학의 날개 같은 날개가 있고 그 날개에 바람이 있더라 그들이 그 에바를 천지 사이에 들었기로
스가랴,6,2,스가랴 6:2,"첫째 병거는 홍마들이, 둘째 병거는 흑마들이"
스가랴,6,3,스가랴 6:3,"세째 병거는 백마들이, 네째 병거는 어룽지고 건장한 말들이 메었는지라"
스가랴,6,6,스가랴 6:6,흑마는 북편 땅으로 나가매 백마의 그 뒤를 따르고 어룽진 말은 남편 땅으로 나가고
스가랴,6,12,스가랴 6:12,고하여 이르기를 만군의 여호와께서 말씀하시되 보라 순이라 이름하는 사람이 자기 곳에서 돌아나서 여호와의 전을 건축하리라
스가랴,6,14,스가랴 6:14,그 면류관은 헬렘과 도비야와 여다야와 스바냐의 아들 헨을 기념하기 위하여 여호와의 전 안에 두라 하시니라
스가랴,6,15,스가랴 6:15,먼데 사람이 와서 여호와의 전을 건축하리니 만국의 여호와께서 나를 너희에게 보내신 줄을 너희가 알리라 너희가 만일 너희 하나님 여호와의 말씀을 청종할진대 이같이 되리라
스가랴,7,1,스가랴 7:1,다리오왕 사년 구월 곧 기슬래월 사일에 여호와의 말씀이 스가랴에게 임하니라
스가랴,7,2,스가랴 7:2,때에 벧엘 사람이 사레셀과 레겜멜렉과 그 종자를 보내어 여호와께 은혜를 구하고
스가랴,7,6,스가랴 7:6,너희의 먹으며 마심이 전혀 자기을 위하여 먹으며 자기를 위하여 마심이 아니냐
스가랴,7,7,스가랴 7:7,여호와가 이전 선지자로 외친 말을 너희가 청종할 것이 아니냐 ? 그 때에는 예루살렘과 사면읍에 백성이 거하여 형통하였고 남방과 평원에도 사람이 거하였었느니라
스가랴,7,9,스가랴 7:9,만군의 여호와가 이미 말하여 이르기를 너희는 진실한 재판을 행하며 피차에 인애와 긍휼을 베풀며
스가랴,7,10,스가랴 7:10,과부와 고아와 나그네와 궁핍한 자를 압제하지 말며 남을 해하려하여 심중에 도모하지 말라 하였으나
스가랴,7,11,스가랴 7:11,청종하기를 싫어하며 등으로 향하며 듣지 아니하려고 귀를 막으며
스가랴,7,12,스가랴 7:12,그 마음을 금강석 같게 하여 율법과 만군의 여호와가 신으로 이전 선지자를 빙자하여 전한 말을 듣지 아니하므로 큰 노가 나 만군의 여호와께로서 나왔도다
스가랴,8,3,스가랴 8:3,나 여호와가 말하노라 내가 시온에 돌아왔은즉 예루살렘 가운데 거하리니 예루살렘은 진리의 성읍이라 일컫겠고 만군의 여호와의 산은 성산이라 일컫게 되리라
스가랴,8,4,스가랴 8:4,만군의 여호와가 말하노라 예루살렘 길거리에 늙은 지아비와 늙은 지어미가 다시 앉을 것이라 다 나이 많으므로 각기 손에 지팡이를 잡을 것이요
스가랴,8,5,스가랴 8:5,그 성읍 거리에 동남과 동녀가 가득하여 거기서 장난하리라
스가랴,8,6,스가랴 8:6,만군의 여호와가 말하노라 이 일이 그 날에 남은 백성의 눈에는 기이하려니와 내 눈에 어찌 기이하겠느냐 만군의 여호와의 말이니라
스가랴,8,7,스가랴 8:7,만군의 여호와가 말하노라 내가 내 백성을 동방에서부터 서방에서부터 구원하여 내고
스가랴,8,8,스가랴 8:8,인도하여다가 예루살렘 가운데 거하게 하리니 그들은 내 백성이 되고 나는 성실과 정의로 그들의 하나님이 되리라
스가랴,8,9,스가랴 8:9,만군의 여호와가 말하노라 만군의 여호와의 집 곧 전을 건축하려고 그 지대를 쌓던 날에 일어난 선지자들의 입의 말을 이 때에 듣는 너희는 손을 견고히 할지어다 !
스가랴,8,11,스가랴 8:11,만군의 여호와가 말하노니 이제는 내가 이 남은 백성을 대하기를 전일과 같이 아니할 것인즉
스가랴,8,13,스가랴 8:13,"유다 족속아, 이스라엘 족속아 너희가 이방 가운데서 저주가 되었었으나 이제는 내가 너희를 구원하여 너희로 축복이 되게 하리니 두려워 말지니라 손을 견고히 할지니라 !"
스가랴,8,15,스가랴 8:15,이제 내가 예루살렘과 유다 족속에게 은혜를 베풀기로 뜻하였나니 너희는 두려워 말지니라
스가랴,8,16,스가랴 8:16,너희가 행할 일은 이러하니라 너희는 각기 이웃으로 더불어 진실을 말하며 너희 성문에서 진실하고 화평한 재판을 베풀고
스가랴,8,17,스가랴 8:17,심중에 서로 해하기를 도모하지 말며 거짓 맹세를 좋아하지 말라 이 모든 일은 나의 미워하는 것임이니라 나 여호와의 말이니라
스가랴,8,19,스가랴 8:19,"만군의 여호와가 말하노라 사월의 금식과, 오월의 금식과, 칠월의 금식이 변하여 유다 족속에게 기쁨과 즐거움과 희락의 절기가 되리니 오직 너희는 진실과 화평을 사랑할지니라 !"
스가랴,8,20,스가랴 8:20,만군의 여호와가 말하노라 그 후에 여러 백성과 많은 성읍의 거민이 올 것이라
스가랴,8,21,스가랴 8:21,이 성읍 거민이 저 성읍에 가서 이르기를 우리가 속히 가서 만군의 여호와를 찾고 여호와께 은혜를 구하자 할 것이면 나도 가겠노라 하겠으며
스가랴,8,22,스가랴 8:22,많은 백성과 강대한 나라들이 예루살렘으로 와서 만군의 여호와를 찾고 여호와께 은혜를 구하리라
스가랴,8,23,스가랴 8:23,만군의 여호와가 말하노라 그 날에는 방언이 다른 열국 백성 열명이 유다 사람 하나의 옷자락을 잡을 것이라 곧 잡고 말하기를 하나님이 너희와 함께하심을 들었나니 우리가 너희와 함께 가려 하노라 하리라 하시니라
스가랴,9,7,스가랴 9:7,그 입에서 그 피를 그 잇사이에서 그 가증한 것을 제하리니 그도 남아서 우리 하나님께로 돌아와서 유다의 한 두목 같이 되겠고 에그론은 여부스 사람 같이 되리라
스가랴,9,8,스가랴 9:8,내가 내 집을 둘러 진을 쳐서 적군을 막아 거기 왕래하지 못하게 할 것이라 포학한 자가 다시는 그 지경으로 지나지 못하리니 이는 내가 눈으로 친히 봄이니라
스가랴,9,9,스가랴 9:9,시온의 딸아 크게 기뻐할지어다 ! 예루살렘의 딸아 즐거이 부를지어다 ! 보라 네 왕이 네게 임하나니 그는 공의로우며 구원을 베풀며 겸손하여서 나귀를 타나니 나귀의 작은 것 곧 나귀새끼니라
스가랴,9,10,스가랴 9:10,내가 에브라임의 병거와 예루살렘의 말을 끊겠고 전쟁하는 활도 끊으리니 그가 이방 사람에게 화평을 전할 것이요 그의 정권은 바다에서 바다까지 이르고 유브라데 강에서 땅 끝까지 이르리라
스가랴,9,11,스가랴 9:11,또 너로 말할진대 네 언약의 피를 인하여 내가 너의 갇힌 자들을 물 없는 구덩이에서 놓았나니
스가랴,9,12,스가랴 9:12,소망을 품은 갇혔던 자들아 너희는 보장으로 돌아올지니라 내가 오늘날도 이르노라 내가 배나 네게 갚을 것이라
스가랴,10,1,스가랴 10:1,봄비 때에 여호와 곧 번개를 내는 여호와께 비를 구하라 무리에게 소낙비를 내려서 밭의 채소를 각 사람에게 주리라
스가랴,10,7,스가랴 10:7,에브라임이 용사 같아서 포도주를 마심 같이 마음이 즐거울 것이요 그 자손은 보고 기뻐하며 여호와를 인하여 마음에 즐거워하리라
스가랴,10,8,스가랴 10:8,내가 그들을 향하여 휘파람 불어 모을 것은 내가 그들을 구속하였음이라 그들이 전에 번성하던 것 같이 번성하리라
스가랴,10,9,스가랴 10:9,내가 그들을 열방에 뿌리려니와 그들이 원방에서 나를 기억하고 그들의 자녀와 함께 다 생존하여 돌아올지라
스가랴,10,12,스가랴 10:12,내가 그들로 나 여호와를 의지하여 견고케 하리니 그들이 내 이름을 받들어 왕래하리라 나 여호와의 말이니라
스가랴,11,11,스가랴 11:11,당일에 곧 폐하매 내게 청종하던 가련한 양들은 이것이 여호와의 말씀이었던줄 안지라
스가랴,11,13,스가랴 11:13,여호와께서 내게 이르시되 그들이 나를 헤아린바 그 준가를 토기장이에게 던지라 하시기로 내가 곧 그 은 삼십을 여호와의 전에서 토기장이에게 던지고
스가랴,12,1,스가랴 12:1,이스라엘에 관한 여호와의 말씀의 경고라 여호와 곧 하늘을 펴시며 땅의 터를 세우시며 사람 안에 심령을 지으신 자가 가라사대
스가랴,12,5,스가랴 12:5,유다의 두목들이 심중에 이르기를 예루살렘 거민이 그들의 하나님 만군의 여호와로 말미암아 힘을 얻었다 할지라
스가랴,12,14,스가랴 12:14,"모든 남은 족속도 각기 따로 하고, 그 아내들이 따로 하리라"
스가랴,13,2,스가랴 13:2,만군의 여호와가 말하노라 그 날에 내가 못하게 할 것이며 거짓선지자와 더러운 사귀를 이 땅에서 떠나게 할 것이라
스가랴,13,5,스가랴 13:5,말하기를 나는 선지자가 아니요 나는 농부라 내가 어려서부터 사람의 종이 되었노라 할 것이요
스가랴,13,6,스가랴 13:6,혹이 그에게 묻기를 네 두팔 사이에 상처는 어찜이냐 하면 대답하기를 이는 나의 친구의 집에서 받은 상처라 하리라
스가랴,13,9,스가랴 13:9,내가 그 삼분지 일을 불 가운데 던져 은같이 연단하며 금 같이 시험할 것이라 그들이 내 이름을 부르리니 내가 들을 것이며 나는 말하기를 이는 내 백성이라 할 것이요 그들은 말하기를 여호와는 내 하나님이시라 하리라
스가랴,14,1,스가랴 14:1,여호와의 날이 이르리라 그 날에 네 재물이 약탈되어 너의 중에서 나누이리라
스가랴,14,6,스가랴 14:6,그 날에는 빛이 없겠고 광명한 자들이 떠날 것이라
스가랴,14,7,스가랴 14:7,여호와의 아시는 한 날이 있으리니 낮도 아니요 밤도 아니라 어두워 갈 때에 빛이 있으리로다
스가랴,14,10,스가랴 14:10,온 땅이 아라바 같이 되되 게바에서 예루살렘 남편 림몬까지 미칠 것이며 예루살렘이 높이 들려 그 본처에 있으리니 베냐민 문에서부터 첫문 자리와 성 모퉁이 문까지 또 하나넬 망대에서부터 왕의 포도주 짜는 곳까지라
스가랴,14,11,스가랴 14:11,사람이 그 가운데 거하며 다시는 저주가 있지 아니하리니 예루살렘이 안연히 서리로다
스가랴,14,14,스가랴 14:14,유다도 예루살렘에서 싸우리니 이 때에 사면에 있는 열국의 보화 곧 금 은과 의복이 심히 많이 모여질 것이요
스가랴,14,20,스가랴 14:20,그 날에는 말 방울에까지 여호와께 성결이라 기록될 것이라 여호와의 전에 모든 솥이 제단 앞 주발과 다름이 없을 것이니
말라기,1,1,말라기 1:1,여호와께서 말라기로 이스라엘에게 말씀하신 경고라
말라기,1,2,말라기 1:2,여호와께서 가라사대 내가 너희를 사랑하였노라 하나 너희는 이르기를 주께서 어떻게 우리를 사랑하셨나이까 하는도다 나 여호와가 말하노라 에서는 야곱의 형이 아니냐 ? 그러나 내가 야곱을 사랑하였고
말라기,1,5,말라기 1:5,너희는 목도하고 이르기를 여호와께서는 이스라엘 지경 밖에서 크시다 하리라
말라기,1,7,말라기 1:7,너희가 더러운 떡을 나의 단에 드리고도 말하기를 우리가 어떻게 주를 더럽게 하였나이까 하는도다 이는 너희가 주의 상은 경멸히 여길 것이라 말함을 인함이니라
말라기,1,8,말라기 1:8,"만군의 여호와가 이르노라 ! 너희가 눈 먼 희생으로 드리는 것이 어찌 악하지 아니하며 저는 것, 병든 것으로 드리는 것이 어찌 악하지 아니하냐 ? 이제 그것을 너희 총독에게 드려보라 그가 너를기뻐하겠느냐 ? 너를 가납하겠느냐 ?"
말라기,1,9,말라기 1:9,만군의 여호와가 이르노라 ! 너희는 나 하나님께 은혜를 구하기를 우리를 긍휼히 여기소서 하여 보라 너희가 이같이 행하였으니 내가 너희 중 하나인들 받겠느냐
말라기,1,11,말라기 1:11,만군의 여호와가 이르노라 ! 해 뜨는 곳에서부터 해 지는 곳까지의 이방 민족 중에서 내 이름이 크게 될 것이라 각처에서 내 이름을 위하여 분향하며 깨끗한 제물을 드리리니 이는 내 이름이 이방 민족 중에서 크게 될 것임이니라
말라기,2,4,말라기 2:4,만군의 여호와가 이르노라 내가 이 명령을 너희에게 내린 것은 레위와 세운 나의 언약이 항상 있게 하려 함인 줄을 너희가 알리라
말라기,2,5,말라기 2:5,레위와 세운 나의 언약은 생명과 평강의 언약이라 내가 이것으로 그에게 준 것은 그로 경외하게 하려 함이라 그가 나를 경외하고 내 이름을 두려워하였으며
말라기,2,6,말라기 2:6,그 입에는 진리의 법이 있었고 그 입술에는 불의함이 없었으며 그가 화평과 정직한 중에서 나와 동행하며 많은 사람을 돌이켜 죄악에서 떠나게 하였느니라
말라기,2,10,말라기 2:10,우리는 한 아버지를 가지지 아니하였느냐 ? 한 하나님의 지으신 바가 아니냐 어찌하여 우리 각 사람이 자기 형제에게 궤사를 행하여 우리 열조의 언약을 욕되게 하느냐 ?
말라기,2,13,말라기 2:13,너희가 이런 일도 행하나니 곧 눈물과 울음과 탄식으로 여호와의 단을 가리우게 하도다 그러므로 여호와께서 다시는 너희의 헌물을 돌아보지도 아니하시며 그것을 너희 손에서 기꺼이 받지도 아니하시거늘
말라기,2,14,말라기 2:14,너희는 이르기를 어찜이니까 하는도다 이는 너와 너의 어려서 취한 아내 사이에 여호와께서 일찌기 증거하셨음을 인함이니라 그는 네 짝이요 너와 맹약한 아내로되 네가 그에게 궤사를 행하도다
말라기,2,15,말라기 2:15,여호와는 영이 유여하실지라도 오직 하나를 짓지 아니하셨느냐 ? 어찌하여 하나만 지으셨느냐 ? 이는 경건한 자손을 얻고자 하심이니라 그러므로 네 심령을 삼가 지켜 어려서 취한 아내에게 궤사를 행치 말지니라
말라기,3,1,말라기 3:1,만군의 여호와가 이르노라 보라 ! 내가 내 사자를 보내리니 그가 내 앞에서 길을 예비할 것이요 또 너희의 구하는 바 주가 홀연히 그 전에 임하리니 곧 너희의 사모하는 바 언약의 사자가 임할 것이라
말라기,3,3,말라기 3:3,"그가 은을 연단하여 깨끗케 하는 자 같이 앉아서 레위 자손을 깨끗케 하되 금, 은 같이 그들을 연단하리니 그들이 의로운 제물을 나 여호와께 드릴 것이라"
말라기,3,5,말라기 3:5,내가 심판하러 너희에게 임할 것이라 술수하는 자에게와 거짓 맹세하는 자에게와 품군의 삯에 대하여 억울케 하며 과부와 고아를 압제하며 나그네를 억울케 하며 나를 경외치 아니하는 자들에게 속히 증거하리라 만군의 여호와가 말하였느니라
말라기,3,6,말라기 3:6,나 여호와는 변역지 아니하나니 그러므로 야곱의 자손들아 ! 너희가 소멸되지 아니하느니라
말라기,3,7,말라기 3:7,만군의 여호와가 이르노라 ! 너희 열조의 날로부터 너희가 나의 규례를 떠나 지키지 아니하였도다 그런즉 내게로 돌아오라 그리하면 나도 너희에게로 돌아가리라 하였더니 너희가 이르기를 우리가 어떻게 하여야 돌아가리이까 하도다
말라기,3,9,말라기 3:9,너희 곧 온 나라가 나의 것을 도적질하였으므로 너희가 저주를 받았느니라
말라기,3,11,말라기 3:11,만군의 여호와가 이르노라 ! 내가 너희를 위하여 황충을 금하여 너희 토지 소산을 멸하지 않게 하며 너희 밭에 포도나무의 과실로 기한 전에 떨어지지 않게 하리니
말라기,3,12,말라기 3:12,너희 땅이 아름다와지므로 열방이 너희를 복되다 하리라 만군의 여호와의 말이니라
말라기,3,13,말라기 3:13,여호와가 이르노라 ! 너희가 완악한 말로 나를 대적하고도 이르기를 우리가 무슨 말로 주를 대적하였나이까 ? 하는도다
말라기,3,15,말라기 3:15,지금 우리는 교만한 자가 복되다 하며 악을 행하는 자가 창성하며 하나님을 시험하는 자가 화를 면한다 하노라 함이니라
말라기,3,17,말라기 3:17,만군의 여호와가 이르노라 내가 나의 정한 날에 그들로 나의 특별한 소유를 삼을 것이요 또 사람이 자기를 섬기는 아들을 아낌 같이 내가 그들을 아끼리니
말라기,4,1,말라기 4:1,만군의 여호와가 이르노라 보라 극렬한 풀무불 같은 날이 이르리니 교만한 자와 악을 행하는 자는 다 초개 같을 것이라 그 이르는 날이 그들을 살라 그 뿌리와 가지를 남기지 아니할 것이로되
말라기,4,2,말라기 4:2,내 이름을 경외하는 너희에게는 의로운 해가 떠올라서 치료하는 광선을 발하리니 너희가 나가서 외양간에서 나온 송아지 같이 뛰리라
말라기,4,3,말라기 4:3,또 너희가 악인을 밟을 것이니 그들이 나의 정한 날에 너희 발바닥 밑에 재와 같으리라 만군의 여호와의 말이니라
마태복음,1,3,마태복음 1:3,"유다는 다말에게서 베레스와 세라를 낳고, 베레스는 헤스론을 낳고, 헤스론은 람을 낳고"
마태복음,1,4,마태복음 1:4,"람은 아미나답을 낳고, 아미나답은 나손을 낳고, 나손은 살몬을 낳고"
마태복음,1,21,마태복음 1:21,아들을 낳으리니 이름을 예수라 하라 이는 그가 자기 백성을 저희 죄에서 구원할 자이심이라' 하니라
마태복음,1,22,마태복음 1:22,이 모든 일의 된 것은 주께서 선지자로 하신 말씀을 이루려 하심이니 가라사대
마태복음,1,23,마태복음 1:23,보라 ! 처녀가 잉태하여 아들을 낳을 것이요 그 이름은 임마누엘이라 하리라 하셨으니 이를 `번역한즉 하나님이 우리와 함께 계시다'함이라
마태복음,1,25,마태복음 1:25,아들을 낳기까지 동침치 아니하더니 낳으매 이름을 예수라 하니라
마태복음,2,2,마태복음 2:2,`유대인의 왕으로 나신 이가 어디계시뇨 ? 우리가 동방에서 그의 별을 보고 그에게 경배하러 왔노라' 하니
마태복음,2,9,마태복음 2:9,박사들이 왕의 말을 듣고 갈새 동방에서 보던 그 별이 문득 앞서 인도하여 가다가 아기 있는 곳 위에 머물러 섰는지라
마태복음,2,11,마태복음 2:11,집에 들어가 아기와 그 모친 마리아의 함께 있는 것을 보고 엎드려 아기께 경배하고 보배합을 열어 황금과 유향과 몰약을 예물로 드리니라
마태복음,2,18,마태복음 2:18,라마에서 슬퍼하며 크게 통곡하는 소리가 들리니 라헬이 그 자식을 위하여 애곡하는 것이라 그가 자식이 없으므로 위로 받기를 거절하였도다 함이 이루어졌느니라
마태복음,2,20,마태복음 2:20,`일어나 아기와 그 모친을 데리고 이스라엘 땅으로 가라 아기의 목숨을 찾던 자들이 죽었느니라' 하시니
마태복음,3,2,마태복음 3:2,`회개하라 ! 천국이 가까왔느니라' 하였으니
마태복음,3,8,마태복음 3:8,그러므로 회개에 합당한 열매를 맺고
마태복음,3,10,마태복음 3:10,이미 도끼가 나무 뿌리에 놓였으니 좋은 열매 맺지 아니하는 나무마다 찍혀 불에 던지우리라
마태복음,3,11,마태복음 3:11,나는 너희로 회개케 하기 위하여 물로 세례를 주거니와 내 뒤에 오시는 이는 나보다 능력이 많으시니 나는 그의 신을 들기도 감당치 못하겠노라 그는 성령과 불로 너희에게 세례를 주실 것이요
마태복음,3,12,마태복음 3:12,손에 키를 들고 자기의 타작 마당을 정하게 하사 알곡은 모아 곡간에 들이고 쭉정이는 꺼지지 않는 불에 태우시리라'
마태복음,3,16,마태복음 3:16,예수께서 세례를 받으시고 곧 물에서 올라오실새 하늘이 열리고 하나님의 성령이 비둘기같이 내려 자기 위에 임하심을 보시더니
마태복음,3,17,마태복음 3:17,하늘로서 소리가 있어 말씀하시되 `이는 내 사랑하는 아들이요 내 기뻐하는 자라' 하시니라
마태복음,4,2,마태복음 4:2,사십 일을 밤낮으로 금식하신 후에 주리신지라
마태복음,4,7,마태복음 4:7,예수께서 이르시되 또 기록되었으되 주 너의 하나님을 시험치 말라 하였느니라 하신대
마태복음,4,8,마태복음 4:8,마귀가 또 그를 데리고 지극히 높은 산으로 가서 천하 만국과 그 영광을 보여
마태복음,4,16,마태복음 4:16,흑암에 앉은 백성이 큰 빛을 보았고 사망의 땅과 그늘에 앉은 자들에게 빛이 비취었도다 하였느니라
마태복음,4,19,마태복음 4:19,말씀하시되 나를 따라 오너라 ! 내가 너희로 사람을 낚는 어부가 되게 하리라 하시니
마태복음,4,20,마태복음 4:20,저희가 곧 그물을 버려 두고 예수를 좇으니라
마태복음,4,21,마태복음 4:21,거기서 더 가시다가 다른 두 형제 곧 세베대의 아들 야고보와 그 형제 요한이 그 부친 세베대와 한가지로 배에서 그물 깁는 것을 보시고 부르시니
마태복음,4,22,마태복음 4:22,저희가 곧 배와 부친을 버려두고 예수를 좇으니라
마태복음,5,1,마태복음 5:1,예수께서 무리를 보시고 산에 올라가 앉으시니 제자들이 나아온지라
마태복음,5,2,마태복음 5:2,입을 열어 가르쳐 가라사대
마태복음,5,3,마태복음 5:3,심령이 가난한 자는 복이 있나니 천국이 저희 것임이요
마태복음,5,4,마태복음 5:4,애통하는 자는 복이 있나니 저희가 위로를 받을 것임이요
마태복음,5,5,마태복음 5:5,온유한 자는 복이 있나니 저희가 땅을 기업으로 받을 것임이요
마태복음,5,6,마태복음 5:6,의에 주리고 목마른 자는 복이 있나니 저희가 배부를 것임이요
마태복음,5,7,마태복음 5:7,긍휼히 여기는 자는 복이 있나니 저희가 긍휼히 여김을 받을 것임이요
마태복음,5,8,마태복음 5:8,마음이 청결한 자는 복이 있나니 저희가 하나님을 볼 것임이요
마태복음,5,9,마태복음 5:9,화평케 하는 자는 복이 있나니 저희가 하나님의 아들이라 일컬음을 받을 것임이요
마태복음,5,10,마태복음 5:10,의를 위하여 핍박을 받은 자는 복이 있나니 천국이 저희 것임이라
마태복음,5,11,마태복음 5:11,나를 인하여 너희를 욕하고 핍박하고 거짓으로 너희를 거스려 모든 악한 말을 할 때에는 너희에게 복이 있나니
마태복음,5,12,마태복음 5:12,기뻐하고 즐거워하라 ! 하늘에서 너희의 상이 큼이라 너희 전에 있던 선지자들을 이같이 핍박하였느니라
마태복음,5,13,마태복음 5:13,너희는 세상의 소금이니 소금이 만일 그 맛을 잃으면 무엇으로 짜게 하리요 후에는 아무 쓸데 없어 다만 밖에 버리워 사람에게 밟힐 뿐이니라
마태복음,5,14,마태복음 5:14,너희는 세상의 빛이라 ! 산 위에 있는 동네가 숨기우지 못할 것이요
마태복음,5,15,마태복음 5:15,사람이 등불을 켜서 말 아래 두지 아니하고 등경 위에 두나니 이러므로 집안 모든 사람에게 비취느니라
마태복음,5,17,마태복음 5:17,내가 율법이나 선지자나 폐하러 온 줄로 생각지 말라 폐하러 온 것이 아니요 완전케 하려 함이로다
마태복음,5,18,마태복음 5:18,진실로 너희에게 이르노니 천지가 없어지기 전에는 율법의 일점 일획이라도 반드시 없어지지 아니하고 다 이루리라
마태복음,5,19,마태복음 5:19,그러므로 누구든지 이 계명 중에 지극히 작은 것 하나라도 버리고 또 그같이 사람을 가르치는 자는 천국에서 지극히 작다 일컬음을 받을 것이요 누구든지 이를 행하며 가르치는 자는 천국에서 크다 일컬음을 받으리라
마태복음,5,20,마태복음 5:20,내가 너희에게 이르노니 너희 의가 서기관과 바리새인보다 더 낫지 못하면 결단코 천국에 들어가지 못하리라
마태복음,5,21,마태복음 5:21,옛 사람에게 말한 바 살인치 말라 누구든지 살인하면 심판을 받게 되리라 하였다는 것을 너희가 들었으나
마태복음,5,23,마태복음 5:23,그러므로 예물을 제단에 드리다가 거기서 네 형제에게 원망들을 만한 일이 있는 줄 생각나거든
마태복음,5,24,마태복음 5:24,예물을 제단 앞에 두고 먼저 가서 형제와 화목하고 그 후에 와서 예물을 드리라
마태복음,5,27,마태복음 5:27,또 간음치 말라 하였다는 것을 너희가 들었으나
마태복음,5,31,마태복음 5:31,또 일렀으되 누구든지 아내를 버리거든 이혼증서를 줄 것이라 하였으나
마태복음,5,33,마태복음 5:33,또 옛 사람에게 말한 바 헛 맹세를 하지 말고 네 맹세한 것을 주께 지키라 하였다는 것을 너희가 들었으나
마태복음,5,34,마태복음 5:34,나는 너희에게 이르노니 도무지 맹세하지 말지니 하늘로도 말라 이는 하나님의 보좌임이요
마태복음,5,35,마태복음 5:35,땅으로도 말라 이는 하나님의 발등상임이요 예루살렘으로도 말라 이는 큰 임금의 성임이요
마태복음,5,36,마태복음 5:36,네 머리로도 말라 이는 네가 한 터럭도 희고 검게 할 수 없음이라
마태복음,5,37,마태복음 5:37,"오직 너희 말은 옳다 옳다,아니라 아니라 하라 이에서 지나는 것은 악으로 좇아 나느니라"
마태복음,5,38,마태복음 5:38,"또 눈은 눈으로, 이는 이로 갚으라 하였다는 것을 너희가 들었으나"
마태복음,5,39,마태복음 5:39,나는 너희에게 이르노니 악한 자를 대적지 말라 누구든지 네 오른편 뺨을 치거든 왼편도 돌려 대며
마태복음,5,41,마태복음 5:41,또 누구든지 너로 억지로 오리를 가게 하거든 그 사람과 십리를 동행하고
마태복음,5,42,마태복음 5:42,네게 구하는 자에게 주며 네게 꾸고자 하는 자에게 거절하지 말라
마태복음,5,43,마태복음 5:43,또 네 이웃을 사랑하고 네 원수를 미워하라 하였다는 것을 너희가 들었으나
마태복음,5,44,마태복음 5:44,나는 너희에게 이르노니 너희 원수를 사랑하며 너희를 핍박하는 자를 위하여 기도하라
마태복음,5,46,마태복음 5:46,너희가 너희를 사랑하는 자를 사랑하면 무슨 상이 있으리요 세리도 이같이 아니하느냐
마태복음,5,47,마태복음 5:47,또 너희가 너희 형제에게만 문안하면 남보다 더 하는 것이 무엇이냐 이방인들도 이같이 아니하느냐
마태복음,5,48,마태복음 5:48,그러므로 하늘에 계신 너희 아버지의 온전하심과 같이 너희도 온전하라
마태복음,6,1,마태복음 6:1,사람에게 보이려고 그들 앞에서 너희 의를 행치 않도록 주의하라 그렇지 아니하면 하늘에 계신 너희 아버지께 상을 얻지 못하느니라
마태복음,6,2,마태복음 6:2,그러므로 구제할 때에 외식하는 자가 사람에게 영광을 얻으려고 회당과 거리에서 하는 것같이 너희 앞에 나팔을 불지 말라 진실로 너희에게 이르노니 저희는 자기 상을 이미 받았느니라
마태복음,6,3,마태복음 6:3,너는 구제할 때에 오른손의 하는 것을 왼손이 모르게 하여
마태복음,6,4,마태복음 6:4,네 구제함이 은밀하게 하라 은밀한 중에 보시는 너의 아버지가 갚으시리라
마태복음,6,5,마태복음 6:5,또 너희가 기도할 때에 외식하는 자와 같이 되지 말라 저희는 사람에게 보이려고 회당과 큰 거리 어귀에 서서 기도하기를 좋아하느니라 내가 진실로 너희에게 이르노니 저희는 자기 상을 이미 받았느니라
마태복음,6,6,마태복음 6:6,너는 기도할 때에 네 골방에 들어가 문을 닫고 은밀한 중에 계신 네 아버지께 기도하라 은밀한 중에 보시는 네 아버지께서 갚으시리라
마태복음,6,7,마태복음 6:7,또 기도할 때에 이방인과 같이 중언부언하지 말라 저희는 말을 많이 하여야 들으실 줄 생각하느니라
마태복음,6,8,마태복음 6:8,그러므로 저희를 본받지 말라 구하기 전에 너희에게 있어야 할 것을 하나님 너희 아버지께서 아시느니라
마태복음,6,9,마태복음 6:9,그러므로 너희는 이렇게 기도하라 하늘에 계신 우리 아버지여 ! 이름이 거룩히 여김을 받으시오며
마태복음,6,10,마태복음 6:10,나라이 임하옵시며 뜻이 하늘에서 이룬 것같이 땅에서도 이루어지이다
마태복음,6,11,마태복음 6:11,오늘날 우리에게 일용할 양식을 주옵시고
마태복음,6,12,마태복음 6:12,우리가 우리에게 죄 지은 자를 사하여 준 것 같이 우리 죄를 사하여 주옵시고
마태복음,6,13,마태복음 6:13,우리를 시험에 들게 하지 마옵시고 다만 악에서 구하옵소서
마태복음,6,15,마태복음 6:15,너희가 사람의 과실을 용서하지 아니하면 너희 아버지께서도 너희 과실을 용서하지 아니하시리라
마태복음,6,16,마태복음 6:16,금식할 때에 너희는 외식하는 자들과 같이 슬픈 기색을 내지 말라 저희는 금식하는 것을 사람에게 보이려고 얼굴을 흉하게 하느니라 내가 진실로 너희에게 이르노니 저희는 자기 상을 이미 받았느니라
마태복음,6,19,마태복음 6:19,너희를 위하여 보물을 땅에 쌓아 두지 말라 거기는 좀과 동록이 해하며 동록이 구멍을 뚫고 도적질하느니라
마태복음,6,20,마태복음 6:20,오직 ! 너희를 위하여 보물을 하늘에 쌓아 두라 저기는 좀이나 동록이 해하지 못하며 도적이 구멍을 뚫지도 못하고 도적질도 못하느니라
마태복음,6,21,마태복음 6:21,네 보물 있는 그 곳에는 네 마음도 있느니라 !
마태복음,6,22,마태복음 6:22,눈은 몸의 등불이니 그러므로 네 눈이 성하면 온 몸이 밝을 것이요
마태복음,6,24,마태복음 6:24,한사람이 두 주인을 섬기지 못 할 것이니 혹 이를 미워하며 저를 사랑하거나 혹 이를 중히 여기며 저를 경히 여김이라 너희가 하나님과 재물을 겸하여 섬기지 못하느니라
마태복음,6,25,마태복음 6:25,그러므로 내가 너희에게 이르노니 목숨을 위하여 무엇을 먹을까 ? 무엇을 마실까 ? 몸을 위하여 무엇을 입을까 ? 염려하지 말라 목숨이 음식보다 중하지 아니하며 몸이 의복보다 중하지 아니하냐
마태복음,6,26,마태복음 6:26,공중의 새를 보라 심지도 않고 거두지도 않고 창고에 모아 들이지도 아니하되 너희 천부께서 기르시나니 너희는 이것들보다 귀하지 아니하냐 ?
마태복음,6,27,마태복음 6:27,너희 중에 누가 염려함으로 그 키를 한 자나 더할 수 있느냐 ?
마태복음,6,28,마태복음 6:28,또 너희가 어찌 의복을 위하여 염려하느냐 들의 백합화가 어떻게 자라는가 생각하여 보아라 수고도 아니하고 길쌈도 아니하느니라
마태복음,6,30,마태복음 6:30,오늘 있다가 내일 아궁이에 던지우는 들풀도 하나님이 이렇게 입히시거든 하물며 너희일까보냐 믿음이 적은 자들아 !
마태복음,6,31,마태복음 6:31,그러므로 염려하여 이르기를 무엇을 먹을까 ? 무엇을 마실까 ? 무엇을 입을까 ? 하지 말라
마태복음,6,33,마태복음 6:33,너희는 먼저 그의 나라와 그의 의를 구하라 ! 그리하면 이 모든 것을 너희에게 더하시리라
마태복음,7,1,마태복음 7:1,비판을 받지 아니하려거든 비판하지 말라
마태복음,7,2,마태복음 7:2,너희의 비판하는 그 비판으로 너희가 비판을 받을 것이요 너희의 헤아리는 그 헤아림으로 너희가 헤아림을 받을 것이니라
마태복음,7,3,마태복음 7:3,어찌하여 형제의 눈 속에 있는 티는 보고 네 눈 속에 있는 들보는 깨닫지 못하느냐 ?
마태복음,7,4,마태복음 7:4,보라 네 눈 속에 들보가 있는데 어찌하여 형제에게 말하기를 나로 네 눈 속에 있는 티를 빼게 하라 하겠느냐 ?
마태복음,7,5,마태복음 7:5,외식하는 자여 ! 먼저 네 눈 속에서 들보를 빼어라 그 후에야 밝히 보고 형제의 눈 속에서 티를 빼리라
마태복음,7,7,마태복음 7:7,구하라 ! 그러면 너희에게 주실 것이요 찾으라 ! 그러면 찾을 것이요 문을 두드리라 ! 그러면 너희에게 열릴 것이니
마태복음,7,8,마태복음 7:8,구하는 이마다 얻을 것이요 찾는 이가 찾을 것이요 두드리는 이에게 열릴 것이니라
마태복음,7,9,마태복음 7:9,너희 중에 누가 아들이 떡을 달라 하면 돌을 주며
마태복음,7,10,마태복음 7:10,생선을 달라 하면 뱀을 줄 사람이 있겠느냐
마태복음,7,11,마태복음 7:11,너희가 악한 자라도 좋은 것으로 자식에게 줄 줄 알거든 하물며 하늘에 계신 너희 아버지께서 구하는 자에게 좋은 것으로 주시지 않겠느냐 ?
마태복음,7,12,마태복음 7:12,그러므로 무엇이든지 남에게 대접을 받고자 하는대로 너희도 남을 대접하라 이것이 율법이요 선지자니라
마태복음,7,17,마태복음 7:17,이와 같이 좋은 나무마다 아름다운 열매를 맺고 못된 나무가 나쁜 열매를 맺나니
마태복음,7,18,마태복음 7:18,좋은 나무가 나쁜 열매를 맺을 수 없고 못된 나무가 아름다운 열매를 맺을 수 없느니라
마태복음,7,24,마태복음 7:24,그러므로 누구든지 나의 이 말을 듣고 행하는 자는 그 집을 반석위에 지은 지혜로운 사람 같으리니
마태복음,7,25,마태복음 7:25,비가 내리고 창수가 나고 바람이 불어 그 집에 부딪히되 무너지지 아니하나니 이는 주초를 반석 위에 놓은 연고요
마태복음,7,26,마태복음 7:26,나의 이 말을 듣고 행치 아니하는 자는 그 집을 모래 위에 지은 어리석은 사람 같으리니
마태복음,7,28,마태복음 7:28,예수께서 이 말씀을 마치시매 무리들이 그 가르치심에 놀래니
마태복음,8,1,마태복음 8:1,예수께서 산에서 내려오시니 허다한 무리가 좇으니라
마태복음,8,3,마태복음 8:3,예수께서 손을 내밀어 저에게 대시며 가라사대 내가 원하노니 깨끗함을 받으라 ! 하신대 즉시 그의 문둥병이 깨끗하여진지라
마태복음,8,7,마태복음 8:7,가라사대 내가 가서 고쳐주리라
마태복음,8,9,마태복음 8:9,나도 남의 수하에 있는 사람이요 내 아래도 군사가 있으니 이더러 가라 하면 가고 저더러 오라 하면 오고 내 종더러 이것을 하라 하면 하나이다'
마태복음,8,10,마태복음 8:10,예수께서 들으시고 기이히 여겨 좇는 자들에게 이르시되 내가 진실로 너희에게 이르노니 이스라엘 중 아무에게서도 이만한 믿음을 만나보지 못하였노라
마태복음,8,13,마태복음 8:13,예수께서 백부장에게 이르시되 가라 ! 네 믿은대로 될지어다 ! 하시니 그 시로 하인이 나으니라
마태복음,8,15,마태복음 8:15,그의 손을 만지시니 열병이 떠나가고 여인이 일어나서 예수께 수종들더라
마태복음,8,16,마태복음 8:16,저물매 사람들이 귀신 들린 자를 많이 데리고 예수께 오거늘 예수께서 말씀으로 귀신들을 쫓아 내시고 병든 자를 다 고치시니
마태복음,8,18,마태복음 8:18,예수께서 무리가 자기를 에워쌈을 보시고 저편으로 건너 가기를 명하시니라
마태복음,8,19,마태복음 8:19,한 서기관이 나아와 예수께 말씀하되 `선생님이여 ! 어디로 가시든지 저는 좇으리이다'
마태복음,8,22,마태복음 8:22,예수께서 가라사대 죽은 자들로 저희 죽은 자를 장사하게 하고 너는 나를 좇으라 ! 하시니라
마태복음,8,23,마태복음 8:23,배에 오르시매 제자들이 좇았더니
마태복음,8,24,마태복음 8:24,바다에 큰 놀이 일어나 물결이 배에 덮이게 되었으되 예수는 주무시는지라
마태복음,8,26,마태복음 8:26,예수께서 이르시되 어찌하여 무서워하느냐 ? 믿음이 적은 자들아 ! 하시고 곧 일어나사 바람과 바다를 꾸짖으신대 아주 잔잔하게 되거늘
마태복음,8,30,마태복음 8:30,마침 멀리서 많은 돼지 떼가 먹고 있는지라
마태복음,8,33,마태복음 8:33,치던 자들이 달아나 시내에 들어가 이 모든 일과 귀신들린 자의 일을 고하니
마태복음,9,1,마태복음 9:1,예수께서 배에 오르사 건너가 본 동네에 이르시니
마태복음,9,2,마태복음 9:2,침상에 누운 중풍병자를 사람들이 데리고 오거늘 예수께서 저희의 믿음을 보시고 중풍병자에게 이르시되 소자야 안심하라 네 죄사함을 받았느니라 !
마태복음,9,4,마태복음 9:4,예수께서 그 생각을 아시고 가라사대 너희가 어찌하여 마음에 악한 생각을 하느냐 ?
마태복음,9,5,마태복음 9:5,네 죄 사함을 받았느니라 하는 말과 일어나 걸어가라 하는 말이 어느 것이 쉽겠느냐 ?
마태복음,9,6,마태복음 9:6,그러나 인자가 세상에서 죄를 사하는 권세가 있는 줄을 너희로 알게 하려 하노라 하시고 중풍병자에게 말씀하시되 일어나 네 침상을 가지고 집으로 가라 ! 하시니
마태복음,9,8,마태복음 9:8,무리가 보고 두려워하며 이런 권세를 사람에게 주신 하나님께 영광을 돌리니라
마태복음,9,9,마태복음 9:9,예수께서 거기서 떠나 지나가시다가 마태라 하는 사람이 세관에 앉은 것을 보시고 이르시되 나를 좇으라 ! 하시니 일어나 좇으니라
마태복음,9,10,마태복음 9:10,예수께서 마태의 집에서 앉아 음식을 잡수실 때에 많은 세리와 죄인들이 와서 예수와 그 제자들과 함께 앉았더니
마태복음,9,12,마태복음 9:12,예수께서 들으시고 이르시되 건강한 자에게는 의원이 쓸데 없고 병든 자에게라야 쓸데 있느니라
마태복음,9,13,마태복음 9:13,너희는 가서 내가 긍휼을 원하고 제사를 원치 아니하노라 하신 뜻이 무엇인지 배우라 내가 의인을 부르러 온 것이 아니요 죄인을 부르러 왔노라 하시니라
마태복음,9,15,마태복음 9:15,예수께서 저희에게 이르시되 혼인집 손님들이 신랑과 함께 있을 동안에 슬퍼할 수 있느뇨 그러나 신랑을 빼앗길 날이 이르리니 그 때에는 금식할 것이니라
마태복음,9,16,마태복음 9:16,생베 조각을 낡은 옷에 붙이는 자가 없나니 이는 기운 것이 그 옷을 당기어 해어짐이 더하게 됨이요
마태복음,9,17,마태복음 9:17,새 포도주를 낡은 가죽 부대에 넣지 아니하나니 그렇게 하면 부대가 터져 포도주도 쏟아지고 부대도 버리게 됨이라 새 포도주는 새 부대에 넣어야 둘이 다 보전되느니라
마태복음,9,19,마태복음 9:19,예수께서 일어나 따라 가시매 제자들도 가더니
마태복음,9,20,마태복음 9:20,열 두 해를 혈루증으로 앓는 여자가 예수의 뒤로 와서 그 겉옷가를 만지니
마태복음,9,22,마태복음 9:22,예수께서 돌이켜 그를 보시며 가라사대 딸아 안심하라 네 믿음이 너를 구원하였다 ! 하시니 여자가 그 시로 구원을 받으니라
마태복음,9,23,마태복음 9:23,예수께서 그 직원의 집에 가사 피리 부는 자들과 훤화하는 무리를 보시고
마태복음,9,24,마태복음 9:24,가라사대 물러가라 이 소녀가 죽은 것이 아니라 잔다 하시니 저들이 비웃더라
마태복음,9,25,마태복음 9:25,무리를 내어 보낸 후에 예수께서 들어가사 소녀의 손을 잡으시매 일어나는지라
마태복음,9,26,마태복음 9:26,그 소문이 그 온 땅에 퍼지더라
마태복음,9,30,마태복음 9:30,그 눈들이 밝아진지라 예수께서 엄히 경계하시되 삼가 아무에게도 알게 하지 말라 하셨으나
마태복음,9,31,마태복음 9:31,저희가 나가서 예수의 소문을 그 온 땅에 전파하니라
마태복음,9,35,마태복음 9:35,예수께서 모든 성과 촌에 두루 다니사 저희 회당에서 가르치시며 천국복음을 전파하시며 모든 병과 모든 약한 것을 고치시니라
마태복음,9,36,마태복음 9:36,무리를 보시고 민망히 여기시니 이는 저희가 목자 없는 양과 같이 고생하며 유리함이라
마태복음,9,38,마태복음 9:38,그러므로 추수하는 주인에게 청하여 추수할 일군들을 보내어 주소서 하라 하시니라
마태복음,10,1,마태복음 10:1,예수께서 그 열 두 제자를 부르사 더러운 귀신을 쫓아내며 모든 병과 모든 약한 것을 고치는 권능을 주시니라
마태복음,10,6,마태복음 10:6,차라리 이스라엘 집의 잃어버린 양에게로 가라
마태복음,10,9,마태복음 10:9,너희 전대에 금이나 은이나 동이나 가지지 말고
마태복음,10,10,마태복음 10:10,여행을 위하여 주머니나 두 벌 옷이나 신이나 지팡이를 가지지 말라 이는 일군이 저 먹을 것 받는 것이 마땅함이니라
마태복음,10,11,마태복음 10:11,아무 성이나 촌에 들어가든지 그 중에 합당한 자를 찾아내어 너희 떠나기까지 거기서 머물라
마태복음,10,12,마태복음 10:12,또 그 집에 들어가면서 평안하기를 빌라
마태복음,10,13,마태복음 10:13,그 집이 이에 합당하면 너희 빈 평안이 거기 임할 것이요 만일 합당치 아니하면 그 평안이 너희에게 돌아올 것이니라
마태복음,10,14,마태복음 10:14,누구든지 너희를 영접도 아니하고 너희 말을 듣지도 아니하거든 그 집이나 성에서 나가 너희 발의 먼지를 떨어 버리라
마태복음,10,16,마태복음 10:16,보라 내가 너희를 보냄이 양을 이리 가운데 보냄과 같도다 그러므로 너희는 뱀같이 지혜롭고 비둘기같이 순결하라
마태복음,10,17,마태복음 10:17,사람들을 삼가라 저희가 너희를 공회에 넘겨 주겠고 저희 회당에서 채찍질하리라
마태복음,10,18,마태복음 10:18,또 너희가 나를 인하여 총독들과 임금들 앞에 끌려 가리니 이는 저희와 이방인들에게 증거가 되게 하려 하심이라
마태복음,10,19,마태복음 10:19,너희를 넘겨 줄 때에 어떻게 또는 무엇을 말할까 염려치 말라 그때에 무슨 말할 것을 주시리니
마태복음,10,20,마태복음 10:20,말하는 이는 너희가 아니라 너희 속에서 말씀하시는 자 곧 너희 아버지의 성령이시니라
마태복음,10,21,마태복음 10:21,장차 형제가 형제를 아비가 자식을 죽는 데 내어주며 자식들이 부모를 대적하여 죽게 하리라
마태복음,10,22,마태복음 10:22,또 너희가 내 이름을 인하여 모든 사람에게 미움을 받을 것이나 나중까지 견디는 자는 구원을 얻으리라
마태복음,10,23,마태복음 10:23,이 동네에서 너희를 핍박하거든 저 동네로 피하라 내가 진실로 너희에게 이르노니 이스라엘의 모든 동네를 다 다니지 못하여서 인자가 오리라
마태복음,10,24,마태복음 10:24,제자가 그 선생보다 또는 종이 그 상전보다 높지 못하나니
마태복음,10,25,마태복음 10:25,제자가 그 선생 같고 종이 그 상전 같으면 족하도다 집 주인을 바알세불이라 하였거든 하물며 그 집 사람들이랴
마태복음,10,27,마태복음 10:27,내가 너희에게 어두운 데서 이르는 것을 광명한 데서 말하며 너희가 귓속으로 듣는 것을 집 위에서 전파하라
마태복음,10,28,마태복음 10:28,몸은 죽여도 영혼은 능히 죽이지 못하는 자들을 두려워하지 말고 오직 몸과 영혼을 능히 지옥에 멸하시는 자를 두려워하라 !
마태복음,10,29,마태복음 10:29,참새 두 마리가 한 앗사리온에 팔리는 것이 아니냐 그러나 너희 아버지께서 허락지 아니하시면 그 하나라도 땅에 떨어지지 아니하리라
마태복음,10,30,마태복음 10:30,너희에게는 머리털까지 다 세신바 되었나니
마태복음,10,31,마태복음 10:31,두려워하지 말라 너희는 많은 참새보다 귀하니라
마태복음,10,32,마태복음 10:32,누구든지 사람 앞에서 나를 시인하면 나도 하늘에 계신 내 아버지 앞에서 저를 시인할 것이요
마태복음,10,39,마태복음 10:39,자기 목숨을 얻는 자는 잃을 것이요 나를 위하여 자기 목숨을 잃는 자는 얻으리라
마태복음,10,40,마태복음 10:40,너희를 영접하는 자는 나를 영접하는 것이요 나를 영접하는 자는 나 보내신 이를 영접하는 것이니라
마태복음,10,41,마태복음 10:41,선지자의 이름으로 선지자를 영접하는 자는 선지자의 상을 받을 것이요 의인의 이름으로 의인을 영접하는 자는 의인의 상을 받을 것이요
마태복음,10,42,마태복음 10:42,또 누구든지 제자의 이름으로 이 소자 중 하나에게 냉수 한 그릇이라도 주는 자는 내가 진실로 너희에게 이르노니 그 사람이 결단코 상을 잃지 아니하리라 하시니라
마태복음,11,1,마태복음 11:1,예수께서 열 두 제자에게 명하시기를 마치시고 이에 저희 여러 동네에서 가르치시며 전도하시려고 거기를 떠나 가시니라
마태복음,11,2,마태복음 11:2,요한이 옥에서 그리스도의 하신 일을 듣고 제자들을 보내어
마태복음,11,6,마태복음 11:6,누구든지 나를 인하여 실족하지 아니하는 자는 복이 있도다 하시니라
마태복음,11,7,마태복음 11:7,저희가 떠나매 예수께서 무리에게 요한에 대하여 말씀하시되 너희가 무엇을 보려고 광야에 나갔더냐 ? 바람에 흔들리는 갈대냐 ?
마태복음,11,8,마태복음 11:8,그러면 너희가 무엇을 보려고 나갔더냐 ? 부드러운 옷 입은 사람이냐 ? 부드러운 옷을 입은 자들은 왕궁에 있느니라
마태복음,11,9,마태복음 11:9,"그러면 너희가 어찌하여 나갔더냐 ? 선지자를 보려더냐 ? 옳다, 내가 너희에게 이르노니 선지자보다도 나은 자니라"
마태복음,11,10,마태복음 11:10,기록된바 보라 내가 내 사자를 네 앞에 보내노니 저가 네 길을 네 앞에 예비하리라 하신 것이 이 사람에 대한 말씀이니라
마태복음,11,11,마태복음 11:11,내가 진실로 너희에게 말하노니 여자가 낳은 자 중에 세례 요한보다 큰 이가 일어남이 없도다 그러나 천국에서는 극히 작은 자라도 저보다 크니라
마태복음,11,13,마태복음 11:13,모든 선지자와 및 율법의 예언한 것이 요한까지니
마태복음,11,15,마태복음 11:15,귀 있는 자는 들을지어다
마태복음,11,16,마태복음 11:16,이 세대를 무엇으로 비유할꼬 비유컨대 아이들이 장터에 앉아 제 동무를 불러
마태복음,11,18,마태복음 11:18,요한이 와서 먹지도 않고 마시지도 아니하매 저희가 말하기를 귀신이 들렸다 하더니
마태복음,11,19,마태복음 11:19,인자는 와서 먹고 마시매 말하기를 보라 먹기를 탐하고 포도주를 즐기는 사람이요 세리와 죄인의 친구로다 하니 지혜는 그 행한 일로 인하여 옳다 함을 얻느니라
마태복음,11,21,마태복음 11:21,화가 있을진저 고라신아 ! 화가 있을진저 벳새다야 ! 너희에게서 행한 모든 권능을 두로와 시돈에서 행하였더면 저희가 벌써 베옷을 입고 재에 앉아 회개하였으리라
마태복음,11,22,마태복음 11:22,내가 너희에게 이르노니 심판날에 두로와 시돈이 너희보다 견디기 쉬우리라
마태복음,11,26,마태복음 11:26,옳소이다 이렇게 된 것이 아버지의 뜻이니이다
마태복음,11,27,마태복음 11:27,내 아버지께서 모든 것을 내게 주셨으니 아버지 외에는 아들을 아는 자가 없고 아들과 또 아들의 소원대로 계시를 받는 자 외에는 아버지를 아는 자가 없느니라
마태복음,11,28,마태복음 11:28,수고하고 무거운 짐진 자들아 ! 다 내게로 오라 내가 너희를 쉬게 하리라
마태복음,11,29,마태복음 11:29,나는 마음이 온유하고 겸손하니 나의 멍에를 메고 내게 배우라 그러면 너희 마음이 쉼을 얻으리니
마태복음,12,6,마태복음 12:6,내가 너희에게 이르노니 성전보다 더 큰 이가 여기 있느니라 !
마태복음,12,7,마태복음 12:7,나는 자비를 원하고 제사를 원치 아니하노라 하신 뜻을 너희가 알았더면 무죄한 자를 죄로 정치 아니하였으리라
마태복음,12,8,마태복음 12:8,인자는 안식일의 주인이니라 ! 하시니라
마태복음,12,9,마태복음 12:9,거기를 떠나 저희 회당에 들어가시니
마태복음,12,11,마태복음 12:11,예수께서 가라사대 너희 중에 어느 사람이 양 한 마리가 있어 안식일에 구덩이에 빠졌으면 붙잡아 내지 않겠느냐 ?
마태복음,12,12,마태복음 12:12,사람이 양보다 얼마나 더 귀하냐 그러므로 안식일에 선을 행하는 것이 옳으니라 하시고
마태복음,12,14,마태복음 12:14,바리새인들이 나가서 어떻게 하여 예수를 죽일꼬 의논하거늘
마태복음,12,15,마태복음 12:15,예수께서 아시고 거기를 떠나가시니 사람이 많이 좇는지라 예수께서 저희 병을 다 고치시고
마태복음,12,16,마태복음 12:16,자기를 나타내지 말라 경계하셨으니
마태복음,12,18,마태복음 12:18,보라 나의 택한 종 곧 내 마음에 기뻐하는 바 나의 사랑하는 자로다 내가 내 성령을 줄 터이니 그가 심판을 이방에 알게 하리라
마태복음,12,20,마태복음 12:20,상한 갈대를 꺾지 아니하며 꺼져가는 심지를 끄지 아니하기를 심판하여 이길 때까지 하리니
마태복음,12,21,마태복음 12:21,또한 이방들이 그 이름을 바라리라 함을 이루려 하심이니라
마태복음,12,25,마태복음 12:25,예수께서 저희 생각을 아시고 가라사대 스스로 분쟁하는 나라마다 황폐하여질 것이요 스스로 분쟁하는 동네나 집마다 서지 못하리라
마태복음,12,26,마태복음 12:26,사단이 만일 사단을 쫓아 내면 스스로 분쟁하는 것이니 그리하고야 저의 나라가 어떻게 서겠느냐
마태복음,12,27,마태복음 12:27,또 내가 바알세불을 힘입어 귀신을 쫓아 내면 너희 아들들은 누구를 힘입어 쫓아 내느냐 그러므로 저희가 너희 재판관이 되리라
마태복음,12,28,마태복음 12:28,그러나 내가 하나님의 성령을 힘입어 귀신을 쫓아 내는 것이면 하나님의 나라가 이미 너희에게 임하였느니라
마태복음,12,29,마태복음 12:29,사람이 먼저 강한 자를 결박하지 않고야 어떻게 그 강한 자의 집에 들어가 그 세간을 늑탈하겠느냐 결박한 후에야 그 집을 늑탈하리라
마태복음,12,30,마태복음 12:30,나와 함께 아니하는 자는 나를 반대하는 자요 나와 함께 모으지 아니하는 자는 헤치는 자니라
마태복음,12,31,마태복음 12:31,그러므로 내가 너희에게 이르노니 사람의 모든 죄와 훼방은 사하심을 얻되 성령을 훼방하는 것은 사하심을 얻지 못하겠고
마태복음,12,32,마태복음 12:32,또 누구든지 말로 인자를 거역하면 사하심을 얻되 누구든지 말로 성령을 거역하면 이 세상과 오는 세상에도 사하심을 얻지 못하리라
마태복음,12,33,마태복음 12:33,나무도 좋고 실과도 좋다 하든지 나무도 좋지 않고 실과도 좋지 않다 하든지 하라 그 실과로 나무를 아느니라
마태복음,12,34,마태복음 12:34,독사의 자식들아 ! 너희는 악하니 어떻게 선한 말을 할 수 있느냐 ? 이는 마음에 가득한 것을 입으로 말함이라
마태복음,12,35,마태복음 12:35,선한 사람은 그 쌓은 선에서 선한 것을 내고 악한 사람은 그 쌓은 악에서 악한 것을 내느니라
마태복음,12,40,마태복음 12:40,요나가 밤낮 사흘을 큰 물고기 뱃속에 있었던 것같이 인자도 밤낮 사흘을 땅 속에 있으리라
마태복음,12,43,마태복음 12:43,더러운 귀신이 사람에게서 나갔을 때에 물 없는 곳으로 다니며 쉬기를 구하되 얻지 못하고
마태복음,12,46,마태복음 12:46,예수께서 무리에게 말씀 하실 때에 그 모친과 동생들이 예수께 말하려고 밖에 섰더니
마태복음,12,49,마태복음 12:49,손을 내밀어 제자들을 가리켜 가라사대 나의 모친과 나의 동생들을 보라
마태복음,13,2,마태복음 13:2,큰 무리가 그에게로 모여 들거늘 예수께서 배에 올라가 앉으시고 온 무리는 해변에 섰더니
마태복음,13,3,마태복음 13:3,예수께서 비유로 여러가지를 저희에게 말씀하여 가라사대 씨를 뿌리는 자가 뿌리러 나가서
마태복음,13,4,마태복음 13:4,뿌릴새 더러는 길 가에 떨어지매 새들이 와서 먹어버렸고
마태복음,13,5,마태복음 13:5,더러는 흙이 얇은 돌밭에 떨어지매 흙이 깊지 아니하므로 곧 싹이 나오나
마태복음,13,6,마태복음 13:6,해가 돋은 후에 타져서 뿌리가 없으므로 말랐고
마태복음,13,7,마태복음 13:7,더러는 가시떨기 위에 떨어지매 가시가 자라서 기운을 막았고
마태복음,13,8,마태복음 13:8,"더러는 좋은 땅에 떨어지매 혹 백 배, 혹 육십 배, 혹 삼십 배의 결실을 하였느니라"
마태복음,13,9,마태복음 13:9,귀 있는 자는 들으라 하시니라
마태복음,13,12,마태복음 13:12,무릇 있는 자는 받아 넉넉하게 되되 무릇 없는 자는 그 있는 것도 빼앗기리라
마태복음,13,13,마태복음 13:13,그러므로 내가 저희에게 비유로 말하기는 저희가 보아도 보지 못하며 들어도 듣지 못하며 깨닫지 못함이니라
마태복음,13,14,마태복음 13:14,이사야의 예언이 저희에게 이루었으니 일렀으되 너희가 듣기는 들어도 깨닫지 못할 것이요 보기는 보아도 알지 못하리라
마태복음,13,15,마태복음 13:15,이 백성들의 마음이 완악하여져서 그 귀는 듣기에 둔하고 눈은 감았으니 이는 눈으로 보고 귀로 듣고 마음으로 깨달아 돌이켜 내게 고침을 받을까 두려워 함이라 하였느니라
마태복음,13,16,마태복음 13:16,그러나 너희 눈은 봄으로 너희 귀는 들음으로 복이 있도다
마태복음,13,17,마태복음 13:17,내가 진실로 너희에게 이르노니 많은 선지자와 의인이 너희 보는 것들을 보고자 하여도 보지 못하였고 너희 듣는 것들을 듣고자 하여도 듣지 못하였느니라
마태복음,13,19,마태복음 13:19,아무나 천국 말씀을 듣고 깨닫지 못할 때는 악한 자가 와서 그 마음에 뿌리는 것을 빼앗나니 이는 곧 길가에 뿌리운 자요
마태복음,13,20,마태복음 13:20,돌밭에 뿌리웠다는 것은 말씀을 듣고 즉시 기쁨으로 받되
마태복음,13,21,마태복음 13:21,그 속에 뿌리가 없어 잠시 견디다가 말씀을 인하여 환난이나 핍박이 일어나는 때에는 곧 넘어지는 자요
마태복음,13,22,마태복음 13:22,가시떨기에 뿌리웠다는 것은 말씀을 들으나 세상의 염려와 재리의 유혹에 말씀이 막혀 결실치 못하는 자요
마태복음,13,24,마태복음 13:24,예수께서 그들 앞에 또 비유를 베풀어 가라사대 천국은 좋은 씨를 제 밭에 뿌린 사람과 같으니
마태복음,13,25,마태복음 13:25,사람들이 잘 때에 그 원수가 와서 곡식 가운데 가라지를 덧뿌리고 갔더니
마태복음,13,26,마태복음 13:26,싹이 나고 결실할 때에 가라지도 보이거늘
마태복음,13,30,마태복음 13:30,둘 다 추수 때까지 함께 자라게 두어라 추수 때에 내가 추숫군들에게 말하기를 가라지는 먼저 거두어 불사르게 단으로 묶고 곡식은 모아 내 곳간에 넣으라 하리라
마태복음,13,31,마태복음 13:31,또 비유를 베풀어 가라사대 천국은 마치 사람이 자기 밭에 갖다 심은 겨자씨 한 알 같으니
마태복음,13,33,마태복음 13:33,또 비유로 말씀하시되 천국은 마치 여자가 가루 서 말 속에 갖다 넣어 전부 부풀게 한 누룩과 같으니라
마태복음,13,34,마태복음 13:34,예수께서 이 모든 것을 무리에게 비유로 말씀하시고 비유가 아니면 아무 것도 말씀하지 아니하셨으니
마태복음,13,44,마태복음 13:44,천국은 마치 밭에 감추인 보화와 같으니 사람이 이를 발견한 후 숨겨두고 기뻐하여 돌아가서 자기의 소유를 다 팔아 그 밭을 샀느니라
마태복음,13,45,마태복음 13:45,또 천국은 마치 좋은 진주를 구하는 장사와 같으니
마태복음,13,46,마태복음 13:46,극히 값진 진주 하나를 만나매 가서 자기의 소유를 다 팔아 그 진주를 샀느니라
마태복음,13,47,마태복음 13:47,또 천국은 마치 바다에 치고 각종 물고기를 모는 그물과 같으니
마태복음,13,48,마태복음 13:48,그물에 가득하매 물 가로 끌어 내고 앉아서 좋은 것은 그릇에 담고 못된 것은 내어 버리느니라
마태복음,13,52,마태복음 13:52,예수께서 가라사대 그러므로 천국의 제자된 서기관마다 마치 새 것과 옛 것을 그 곳간에서 내어 오는 집 주인과 같으니라
마태복음,13,53,마태복음 13:53,예수께서 이 모든 비유를 마치신 후에 거기를 떠나서
마태복음,13,56,마태복음 13:56,그 누이들은 다 우리와 함께 있지 아니하냐 ? 그런즉 이 사람의 이 모든 것이 어디서 났느뇨' 하고
마태복음,13,57,마태복음 13:57,예수를 배척한지라 예수께서 저희에게 말씀하시되 선지자가 자기 고향과 자기 집 외에서는 존경을 받지 않음이 없느니라 하시고
마태복음,13,58,마태복음 13:58,저희의 믿지 않음을 인하여 거기서 많은 능력을 행치 아니하시니라
마태복음,14,12,마태복음 14:12,요한의 제자들이 와서 시체를 가져다가 장사하고 가서 예수께 고하니라
마태복음,14,13,마태복음 14:13,예수께서 들으시고 배를 타고 떠나사 따로 빈 들에 가시니 무리가 듣고 여러 고을로부터 걸어서 좇아간지라
마태복음,14,14,마태복음 14:14,예수께서 나오사 큰 무리를 보시고 불쌍히 여기사 그 중에 있는 병인을 고쳐 주시니라
마태복음,14,16,마태복음 14:16,예수께서 가라사대 갈 것 없다 너희가 먹을 것을 주라
마태복음,14,18,마태복음 14:18,가라사대 그것을 내게 가져오라 하시고
마태복음,14,19,마태복음 14:19,무리를 명하여 잔디 위에 앉히시고 떡 다섯개와 물고기 두 마리를 가지사 하늘을 우러러 축사하시고 떡을 떼어 제자들에게 주시매 제자들이 무리에게 주니
마태복음,14,20,마태복음 14:20,다 배불리 먹고 남은 조각을 열 두 바구니에 차게 거두었으며
마태복음,14,22,마태복음 14:22,예수께서 즉시 제자들을 재촉하사 자기가 무리를 보내는 동안에 배를 타고 앞서 건너편으로 가게 하시고
마태복음,14,23,마태복음 14:23,무리를 보내신 후에 기도하러 따로 산에 올라가시다 저물매 거기 혼자 계시더니
마태복음,14,25,마태복음 14:25,밤 사경에 예수께서 바다 위로 걸어서 제자들에게 오시니
마태복음,14,26,마태복음 14:26,제자들이 그 바다 위로 걸어 오심을 보고 놀라 유령이라 하며 무서워하여 소리지르거늘
마태복음,14,27,마태복음 14:27,예수께서 즉시 일러 가라사대 안심하라 내니 두려워 말라 !
마태복음,14,31,마태복음 14:31,예수께서 즉시 손을 내밀어 저를 붙잡으시며 가라사대 믿음이 적은 자여 ! 왜 의심하였느냐 ? 하시고
마태복음,14,32,마태복음 14:32,배에 함께 오르매 바람이 그치는지라
마태복음,14,35,마태복음 14:35,그 곳 사람들이 예수신 줄을 알고 그 근방에 두루 통지하여 모든 병든 자를 예수께 데리고 와서
마태복음,14,36,마태복음 14:36,다만 예수의 옷가에라도 손을 대게 하시기를 간구하니 손을 대는 자는 다 나음을 얻으니라
마태복음,15,2,마태복음 15:2,`당신의 제자들이 어찌하여 장로들의 유전을 범하나이까 떡 먹을 때에 손을 씻지 아니하나이다'
마태복음,15,6,마태복음 15:6,그 부모를 공경할 것이 없다 하여 너희 유전으로 하나님의 말씀을 폐하는도다
마태복음,15,7,마태복음 15:7,외식하는 자들아 이사야가 너희에게 대하여 잘 예언하였도다 일렀으되
마태복음,15,8,마태복음 15:8,이 백성이 입술로는 나를 존경하되 마음은 내게서 멀도다
마태복음,15,9,마태복음 15:9,사람의 계명으로 교훈을 삼아 가르치니 나를 헛되이 경배하는도다 하였느니라 하시고
마태복음,15,10,마태복음 15:10,무리를 불러 이르시되 듣고 깨달으라
마태복음,15,11,마태복음 15:11,입에 들어가는 것이 사람을 더럽게 하는 것이 아니라 입에서 나오는 그것이 사람을 더럽게 하는 것이니라
마태복음,15,16,마태복음 15:16,예수께서 가라사대 너희도 아직까지 깨달음이 없느냐 ?
마태복음,15,17,마태복음 15:17,입으로 들어가는 모든 것은 배로 들어가서 뒤로 내어버려지는 줄을 알지 못하느냐
마태복음,15,18,마태복음 15:18,입에서 나오는 것들은 마음에서 나오나니 이것이야말로 사람을 더럽게 하느니라
마태복음,15,20,마태복음 15:20,이런 것들이 사람을 더럽게 하는 것이요 씻지 않은 손으로 먹는 것은 사람을 더럽게 하지 못하느니라
마태복음,15,21,마태복음 15:21,예수께서 거기서 나가사 두로와 시돈 지방으로 들어가시니
마태복음,15,32,마태복음 15:32,예수께서 제자들을 불러 가라사대 내가 무리를 불쌍히 여기노라 저희가 나와 함께 있은지 이미 사흘이매 먹을 것이 없도다 길에서 기진할까 하여 굶겨 보내지 못하겠노라
마태복음,15,35,마태복음 15:35,예수께서 무리를 명하여 땅에 앉게 하시고
마태복음,15,36,마태복음 15:36,떡 일곱 개와 그 생선을 가지사 축사하시고 떼어 제자들에게 주시니 제자들이 무리에게 주매
마태복음,15,37,마태복음 15:37,다 배불리 먹고 남은 조각을 일곱 광주리에 차게 거두었으며
마태복음,15,39,마태복음 15:39,예수께서 무리를 흩어 보내시고 배에 오르사 마가단 지경에 가시니라
마태복음,16,1,마태복음 16:1,바리새인과 사두개인들이 와서 예수를 시험하여 하늘로서 오는 표적 보이기를 청하니
마태복음,16,3,마태복음 16:3,아침에 하늘이 붉고 흐리면 오늘은 날이 궂겠다 하나니 너희가 천기는 분별할 줄 알면서 시대의 표적은 분별할 수 없느냐 ?
마태복음,16,4,마태복음 16:4,악하고 음란한 세대가 표적을 구하나 요나의 표적 밖에는 보여줄 표적이 없느니라 하시고 저희를 떠나가시다
마태복음,16,5,마태복음 16:5,제자들이 건너편으로 갈새 떡 가져가기를 잊었더니
마태복음,16,6,마태복음 16:6,예수께서 이르시되 삼가 바리새인과 사두개인들의 누룩을 주의하라 하신대
마태복음,16,8,마태복음 16:8,예수께서 아시고 가라사대 믿음이 적은 자들아 ! 어찌 떡이 없음으로 서로 의논하느냐 ?
마태복음,16,9,마태복음 16:9,너희가 아직도 깨닫지 못하느냐 ? 떡 다섯 개로 오천 명을 먹이고 주운 것이 몇 바구니며
마태복음,16,10,마태복음 16:10,떡 일곱 개로 사천 명을 먹이고 주운 것이 몇 광주리이던 것을 기억지 못하느냐 ?
마태복음,16,11,마태복음 16:11,어찌 내 말한 것이 떡에 관함이 아닌 줄을 깨닫지 못하느냐 오직 바리새인과 사두개인들의 누룩을 주의하라 하시니
마태복음,16,12,마태복음 16:12,그제야 제자들이 떡의 누룩이 아니요 바리새인과 사두개인들의 교훈을 삼가라고 말씀하신 줄을 깨달으니라
마태복음,16,15,마태복음 16:15,가라사대 너희는 나를 누구라 하느냐 ?
마태복음,16,19,마태복음 16:19,내가 천국 열쇠를 네게 주리니 네가 땅에서 무엇이든지 매면 하늘에서도 매일 것이요 네가 땅에서 무엇이든지 풀면 하늘에서도 풀리리라 하시고
마태복음,16,25,마태복음 16:25,누구든지 제 목숨을 구원코자 하면 잃을 것이요 누구든지 나를 위하여 제 목숨을 잃으면 찾으리라
마태복음,16,26,마태복음 16:26,사람이 만일 온 천하를 얻고도 제 목숨을 잃으면 무엇이 유익하리요 사람이 무엇을 주고 제 목숨을 바꾸겠느냐
마태복음,16,27,마태복음 16:27,인자가 아버지의 영광으로 그 천사들과 함께 오리니 그 때에 각 사람의 행한 대로 갚으리라
마태복음,16,28,마태복음 16:28,진실로 너희에게 이르노니 여기 섰는 사람 중에 죽기 전에 인자가 그 왕권을 가지고 오는 것을 볼 자들도 있느니라
마태복음,17,2,마태복음 17:2,저희 앞에서 변형되사 그 얼굴이 해같이 빛나며 옷이 빛과 같이 희어졌더라
마태복음,17,6,마태복음 17:6,제자들이 듣고 엎드리어 심히 두려워하니
마태복음,17,7,마태복음 17:7,예수께서 나아가 저희에게 손을 대시며 가라사대 일어나라 두려워 말라 하신대
마태복음,17,9,마태복음 17:9,저희가 산에서 내려올 때에 예수께서 명하여 가라사대 인자가 죽은 자 가운데서 살아나기 전에는 본 것을 아무에게도 이르지 말라 하시니
마태복음,17,13,마태복음 17:13,그제야 제자들이 예수의 말씀하신 것이 세례 요한인 줄을 깨달으니라
마태복음,17,15,마태복음 17:15,`주여 ! 내 아들을 불쌍히 여기소서 저가 간질로 심히 고생하여 자주 불에도 넘어지며 물에도 넘어지는지라
마태복음,17,16,마태복음 17:16,내가 주의 제자들에게 데리고 왔으나 능히 고치지 못하더이다'
마태복음,17,20,마태복음 17:20,가라사대 너희 믿음이 적은 연고니라 진실로 너희에게 이르노니 너희가 만일 믿음이 한 겨자씨만큼만 있으면 이 산을 명하여 여기서 저기로 옮기라 하여도 옮길 것이요 또 너희가 못할 것이 없으리라
마태복음,17,27,마태복음 17:27,그러나 우리가 저희로 오해케 하지 않기 위하여 네가 바다에 가서 낚시를 던져 먼저 오르는 고기를 가져 입을 열면 돈 한 세겔을 얻을 것이니 가져다가 나와 너를 위하여 주라 하시니라
마태복음,18,2,마태복음 18:2,예수께서 한 어린 아이를 불러 저희 가운데 세우시고
마태복음,18,3,마태복음 18:3,가라사대 진실로 너희에게 이르노니 너희가 돌이켜 어린 아이들과 같이 되지 아니하면 결단코 천국에 들어가지 못하리라
마태복음,18,4,마태복음 18:4,그러므로 누구든지 이 어린 아이와 같이 자기를 낮추는 그이가 천국에서 큰 자니라
마태복음,18,5,마태복음 18:5,또 누구든지 내 이름으로 이런 어린 아이 하나를 영접하면 곧 나를 영접함이니
마태복음,18,6,마태복음 18:6,누구든지 나를 믿는 이 소자 중 하나를 실족케 하면 차라리 연자 맷돌을 그 목에 달리우고 깊은 바다에 빠뜨리우는 것이 나으리라
마태복음,18,7,마태복음 18:7,실족케 하는 일들이 있음을 인하여 세상에 화가 있도다 실족케 하는 일이 없을 수는 없으나 실족케 하는 그 사람에게는 화가 있도다
마태복음,18,9,마태복음 18:9,만일 네 눈이 너를 범죄케 하거든 빼어 내버리라 한 눈으로 영생에 들어가는 것이 두 눈을 가지고 지옥불에 던지우는 것보다 나으니라
마태복음,18,10,마태복음 18:10,삼가 이 소자 중에 하나도 업신 여기지 말라 너희에게 말하노니 저희 천사들이 하늘에서 하늘에 계신 내 아버지의 얼굴을 항상 뵈옵느니라
마태복음,18,12,마태복음 18:12,너희 생각에는 어떻겠느뇨 만일 어떤 사람이 양 일백 마리가 있는데 그 중에 하나가 길을 잃었으면 그 아흔아홉 마리를 산에 두고 가서 길 잃은 양을 찾지 않겠느냐
마태복음,18,13,마태복음 18:13,진실로 너희에게 이르노니 만일 찾으면 길을 잃지 아니한 아흔아홉 마리보다 이것을 더 기뻐하리라
마태복음,18,14,마태복음 18:14,이와 같이 이 소자 중에 하나라도 잃어지는 것은 하늘에 계신 너희 아버지의 뜻이 아니니라
마태복음,18,15,마태복음 18:15,네 형제가 죄를 범하거든 가서 너와 그 사람과만 상대하여 권고하라 만일 들으면 네가 네 형제를 얻은 것이요
마태복음,18,16,마태복음 18:16,만일 듣지 않거든 한두 사람을 데리고 가서 두세 증인의 입으로 말마다 증참케 하라
마태복음,18,17,마태복음 18:17,만일 그들의 말도 듣지 않거든 교회에 말하고 교회의 말도 듣지 않거든 이방인과 세리와 같이 여기라
마태복음,18,18,마태복음 18:18,진실로 너희에게 이르노니 무엇이든지 너희가 땅에서 매면 하늘에서도 매일 것이요 무엇이든지 땅에서 풀면 하늘에서도 풀리리라
마태복음,18,19,마태복음 18:19,진실로 다시 너희에게 이르노니 너희 중에 두 사람이 땅에서 합심하여 무엇이든지 구하면 하늘에 계신 내 아버지께서 저희를 위하여 이루게 하시리라
마태복음,18,20,마태복음 18:20,두세 사람이 내 이름으로 모인 곳에는 나도 그들 중에 있느니라
마태복음,18,22,마태복음 18:22,예수께서 가라사대 네게 이르노니 일곱 번뿐 아니라 일흔 번씩 일곱 번이라도 할지니라
마태복음,18,24,마태복음 18:24,회계할 때에 일만 달란트 빚진 자 하나를 데려오매
마태복음,18,27,마태복음 18:27,그 종의 주인이 불쌍히 여겨 놓아 보내며 그 빚을 탕감하여 주었더니
마태복음,18,31,마태복음 18:31,그 동관들이 그것을 보고 심히 민망하여 주인에게 가서 그 일을 다 고하니
마태복음,18,33,마태복음 18:33,내가 너를 불쌍히 여김과 같이 너도 네 동관을 불쌍히 여김이 마땅치 아니하냐 하고
마태복음,19,2,마태복음 19:2,큰 무리가 좇거늘 예수께서 거기서 저희 병을 고치시더라
마태복음,19,5,마태복음 19:5,말씀하시기를 이러므로 사람이 그 부모를 떠나서 아내에게 합하여 그 둘이 한 몸이 될지니라 하신 것을 읽지 못하였느냐 ?
마태복음,19,6,마태복음 19:6,이러한즉 이제 둘이 아니요 한 몸이니 그러므로 하나님이 짝지어 주신 것을 사람이 나누지 못할지니라 ! 하시니
마태복음,19,11,마태복음 19:11,예수께서 가라사대 사람마다 이 말을 받지 못하고 오직 타고난 자라야 할지니라
마태복음,19,12,마태복음 19:12,어미의 태로부터 된 고자도 있고 사람이 만든 고자도 있고 천국을 위하여 스스로 된 고자도 있도다 이 말을 받을만한 자는 받을지어다
마태복음,19,13,마태복음 19:13,때에 사람들이 예수의 안수하고 기도하심을 바라고 어린 아이들을 데리고 오매 제자들이 꾸짖거늘
마태복음,19,14,마태복음 19:14,예수께서 가라사대 어린 아이들을 용납하고 내게 오는 것을 금하지 말라 천국이 이런 자의 것이니라 하시고
마태복음,19,15,마태복음 19:15,저희 위에 안수하시고 거기서 떠나시니라
마태복음,19,17,마태복음 19:17,예수께서 가라사대 어찌하여 선한 일을 내게 묻느냐 ? 선한 이는 오직 한 분이시니라 ! 네가 생명에 들어 가려면 계명들을 지키라
마태복음,19,19,마태복음 19:19,"네 부모를 공경하라, 네 이웃을 네 몸과 같이 사랑하라 하신 것이니라"
마태복음,19,21,마태복음 19:21,예수께서 가라사대 네가 온전하고자 할진대 가서 네 소유를 팔아 가난한 자들을 주라 그리하면 하늘에서 보화가 네게 있으리라 그리고 와서 나를 좇으라 하시니
마태복음,19,22,마태복음 19:22,그 청년이 재물이 많으므로 이 말씀을 듣고 근심하며 가니라
마태복음,19,23,마태복음 19:23,예수께서 제자들에게 이르시되 내가 진실로 너희에게 이르노니 부자는 천국에 들어가기가 어려우니라
마태복음,19,24,마태복음 19:24,다시 너희에게 말하노니 약대가 바늘귀로 들어가는 것이 부자가 하나님의 나라에 들어가는 것보다 쉬우니라 하신대
마태복음,19,26,마태복음 19:26,예수께서 저희를 보시며 가라사대 사람으로는 할 수 없으되 하나님으로서는 다 할 수 있느니라
마태복음,19,28,마태복음 19:28,예수께서 가라사대 내가 진실로 너희에게 이르노니 세상이 새롭게 되어 인자가 자기 영광의 보좌에 앉을 때에 나를 좇는 너희도 열 두 보좌에 앉아 이스라엘 열 두 지파를 심판하리라
마태복음,19,29,마태복음 19:29,또 내 이름을 위하여 집이나 형제나 자매나 부모나 자식이나 전토를 버린 자마다 여러 배를 받고 또 영생을 상속하리라
마태복음,19,30,마태복음 19:30,그러나 먼저 된 자로서 나중 되고 나중 된 자로서 먼저 될 자가 많으니라
마태복음,20,1,마태복음 20:1,천국은 마치 품군을 얻어 포도원에 들여 보내려고 이른 아침에 나간 집 주인과 같으니
마태복음,20,3,마태복음 20:3,또 제 삼시에 나가 보니 장터에 놀고 섰는 사람들이 또 있는지라
마태복음,20,5,마태복음 20:5,제 육시와 제 구시에 또 나가 그와 같이 하고
마태복음,20,6,마태복음 20:6,제 십일 시에도 나가 보니 섰는 사람들이 또 있는지라
마태복음,20,9,마태복음 20:9,제 십일 시에 온 자들이 와서 한 데나리온씩을 받거늘
마태복음,20,10,마태복음 20:10,먼저 온 자들이 와서 더 받을 줄 알았더니 저희도 한 데나리온씩 받은지라
마태복음,20,12,마태복음 20:12,나중 온 이 사람들은 한 시간만 일하였거늘 저희를 종일 수고와 더위를 견딘 우리와 같게 하였나이다
마태복음,20,14,마태복음 20:14,네 것이나 가지고 가라 나중 온 이 사람에게 너와 같이 주는 것이 내 뜻이니라
마태복음,20,15,마태복음 20:15,내 것을 가지고 내 뜻대로 할 것이 아니냐 내가 선하므로 네가 악하게 보느냐
마태복음,20,16,마태복음 20:16,이와 같이 나중 된 자로서 먼저 되고 먼저 된 자로서 나중 되리라
마태복음,20,23,마태복음 20:23,가라사대 너희가 과연 내 잔을 마시려니와 내 좌우편에 앉는 것은 나의 줄 것이 아니라 내 아버지께서 누구를 위하여 예비하셨든지 그들이 얻을 것이니라
마태복음,20,24,마태복음 20:24,열 제자가 듣고 그 두 형제에 대하여 분히 여기거늘
마태복음,20,26,마태복음 20:26,너희 중에는 그렇지 아니하니 너희 중에 누구든지 크고자 하는 자는 너희를 섬기는 자가 되고
마태복음,20,27,마태복음 20:27,너희 중에 누구든지 으뜸이 되고자 하는 자는 너희 종이 되어야 하리라
마태복음,20,28,마태복음 20:28,인자가 온 것은 섬김을 받으려 함이 아니라 도리어 섬기려 하고 자기 목숨을 많은 사람의 대속물로 주려 함이니라
마태복음,20,29,마태복음 20:29,저희가 여리고에서 떠나갈 때에 큰 무리가 예수를 좇더라
마태복음,20,32,마태복음 20:32,예수께서 머물러 서서 저희를 불러
마태복음,20,34,마태복음 20:34,예수께서 민망히 여기사 저희 눈을 만지시니 곧 보게 되어 저희가 예수를 좇으니라
마태복음,21,1,마태복음 21:1,저희가 예루살렘에 가까이 와서 감람산 벳바게에 이르렀을 때에 예수께서 두 제자를 보내시며
마태복음,21,2,마태복음 21:2,이르시되 너희 맞은편 마을로 가라 곧 매인 나귀와 나귀 새끼가 함께 있는 것을 보리니 풀어 내게로 끌고 오너라
마태복음,21,3,마태복음 21:3,만일 누가 무슨 말을 하거든 주가 쓰시겠다 ! 하라 그리하면 즉시 보내리라 하시니
마태복음,21,5,마태복음 21:5,시온 딸에게 이르기를 네 왕이 네게 임하나니 그는 겸손하여 나귀 곧 멍에 메는 짐승의 새끼를 탔도다 하라 하였느니라
마태복음,21,6,마태복음 21:6,제자들이 가서 예수의 명하신대로 하여
마태복음,21,7,마태복음 21:7,나귀와 나귀 새끼를 끌고 와서 자기들의 겉옷을 그 위에 얹으매 예수께서 그 위에 타시니
마태복음,21,8,마태복음 21:8,무리의 대부분은 그 겉옷을 길에 펴며 다른 이는 나무가지를 베어 길에 펴고
마태복음,21,17,마태복음 21:17,그들을 떠나 성 밖으로 베다니에 가서 거기서 유하시니라
마태복음,21,18,마태복음 21:18,이른 아침에 성으로 들어오실 때에 시장하신지라
마태복음,21,22,마태복음 21:22,너희가 기도할 때에 무엇이든지 믿고 구하는 것은 다 받으리라 ! 하시니라
마태복음,21,24,마태복음 21:24,예수께서 대답하시되 나도 한 말을 너희에게 물으리니 너희가 대답하면 나도 무슨 권세로 이런 일을 하는지 이르리라
마태복음,21,26,마태복음 21:26,만일 사람에게로서라 하면 모든 사람이 요한을 선지자로 여기니 백성이 무섭다' 하여
마태복음,21,32,마태복음 21:32,요한이 의의 도로 너희에게 왔거늘 너희는 저를 믿지 아니하였으되 세리와 창기는 믿었으며 너희는 이것을 보고도 종시 뉘우쳐 믿지 아니하였도다
마태복음,21,33,마태복음 21:33,다시 한 비유를 들으라 한 집 주인이 포도원을 만들고 산울로 두르고 거기 즙 짜는 구유를 파고 망대를 짓고 농부들에게 세로 주고 타국에 갔더니
마태복음,21,34,마태복음 21:34,실과 때가 가까우매 그 실과를 받으려고 자기 종들을 농부들에게 보내니
마태복음,21,40,마태복음 21:40,그러면 포도원 주인이 올 때에 이 농부들을 어떻게 하겠느뇨 ?
마태복음,21,42,마태복음 21:42,예수께서 가라사대 너희가 성경에 건축자들의 버린 돌이 모퉁이의 머릿돌이 되었나니 이것은 주로 말미암아 된 것이요 우리 눈에 기이하도다 함을 읽어 본 일이 없느냐
마태복음,22,2,마태복음 22:2,천국은 마치 자기 아들을 위하여 혼인 잔치를 베푼 어떤 임금과 같으니
마태복음,22,3,마태복음 22:3,그 종들을 보내어 그 청한 사람들을 혼인 잔치에 오라 하였더니 오기를 싫어하거늘
마태복음,22,9,마태복음 22:9,사거리 길에 가서 사람을 만나는대로 혼인 잔치에 청하여 오너라 한대
마태복음,22,10,마태복음 22:10,종들이 길에 나가 악한 자나 선한 자나 만나는대로 모두 데려오니 혼인 자리에 손이 가득한지라
마태복음,22,11,마태복음 22:11,임금이 손을 보러 들어올새 거기서 예복을 입지 않은 한사람을 보고
마태복음,22,14,마태복음 22:14,청함을 받은 자는 많되 택함을 입은 자는 적으니라
마태복음,22,17,마태복음 22:17,그러면 당신의 생각에는 어떠한지 우리에게 이르소서 가이사에게 세를 바치는 것이 가하니이까 불가하니이까' 한대
마태복음,22,18,마태복음 22:18,예수께서 저희의 악함을 아시고 가라사대 외식하는 자들아 어찌하여 나를 시험하느냐 ?
마태복음,22,19,마태복음 22:19,셋돈을 내게 보이라 하시니 데나리온 하나를 가져 왔거늘
마태복음,22,20,마태복음 22:20,예수께서 말씀하시되 이 형상과 이 글이 뉘 것이냐 ?
마태복음,22,22,마태복음 22:22,저희가 이 말씀을 듣고 기이히 여겨 예수를 떠나가니라
마태복음,22,25,마태복음 22:25,우리 중에 칠 형제가 있었는데 맏이 장가들었다가 죽어 후사가 없으므로 그의 아내를 그 동생에게 끼쳐두고
마태복음,22,26,마태복음 22:26,그 둘째와 세째로 일곱째까지 그렇게 하다가
마태복음,22,27,마태복음 22:27,최후에 그 여자도 죽었나이다
마태복음,22,30,마태복음 22:30,부활 때에는 장가도 아니가고 시집도 아니가고 하늘에 있는 천사들과 같으니라
마태복음,22,31,마태복음 22:31,죽은 자의 부활을 의논할진대 하나님이 너희에게 말씀하신 바
마태복음,22,33,마태복음 22:33,무리가 듣고 그의 가르치심에 놀라더라
마태복음,22,34,마태복음 22:34,예수께서 사두개인들로 대답할 수 없게 하셨다 함을 바리새인들이 듣고 모였는데
마태복음,22,36,마태복음 22:36,`선생님이여 율법 중에 어느 계명이 크니이까 ?'
마태복음,22,37,마태복음 22:37,예수께서 가라사대 네 마음을 다하고 목숨을 다하고 뜻을 다하여 주 너의 하나님을 사랑하라 하셨으니
마태복음,22,38,마태복음 22:38,이것이 크고 첫째 되는 계명이요
마태복음,22,39,마태복음 22:39,둘째는 그와 같으니 네 이웃을 네 몸과 같이 사랑하라 하셨으니
마태복음,22,40,마태복음 22:40,이 두 계명이 온 율법과 선지자의 강령이니라
마태복음,22,44,마태복음 22:44,주께서 내 주께 이르시되 내가 네 원수를 네 발 아래 둘 때까지 내 우편에 앉았으라 하셨도다 하였느냐
마태복음,22,46,마태복음 22:46,한 말도 능히 대답하는 자가 없고 그 날부터 감히 그에게 묻는 자도 없더라
마태복음,23,5,마태복음 23:5,저희 모든 행위를 사람에게 보이고자 하여 하나니 곧 그 차는 경문을 넓게 하며 옷술을 크게 하고
마태복음,23,7,마태복음 23:7,시장에서 문안 받는 것과 사람에게 랍비라 칭함을 받는 것을 좋아하느니라
마태복음,23,8,마태복음 23:8,그러나 너희는 랍비라 칭함을 받지 말라 너희 선생은 하나이요 너희는 다 형제니라
마태복음,23,9,마태복음 23:9,땅에 있는 자를 아비라 하지 말라 너희 아버지는 하나이시니 곧 하늘에 계신 자시니라
마태복음,23,10,마태복음 23:10,또한 지도자라 칭함을 받지 말라 너희 지도자는 하나이니 곧 그리스도니라
마태복음,23,11,마태복음 23:11,너희 중에 큰 자는 너희를 섬기는 자가 되어야 하리라
마태복음,23,12,마태복음 23:12,누구든지 자기를 높이는 자는 낮아지고 누구든지 자기를 낮추는 자는 높아지리라
마태복음,23,13,마태복음 23:13,화 있을진저 ! 외식하는 서기관들과 바리새인들이여 너희는 천국 문을 사람들 앞에서 닫고 너희도 들어가지 않고 들어가려 하는 자도 들어가지 못하게 하는도다
마태복음,23,15,마태복음 23:15,화 있을진저 ! 외식하는 서기관들과 바리새인들이여 너희는 교인 하나를 얻기 위하여 바다와 육지를 두루 다니다가 생기면 너희보다 배나 더 지옥 자식이 되게 하는도다
마태복음,23,20,마태복음 23:20,그러므로 제단으로 맹세하는 자는 제단과 그 위에 있는 모든 것으로 맹세함이요
마태복음,23,21,마태복음 23:21,또 성전으로 맹세하는 자는 성전과 그 안에 계신 이로 맹세함이요
마태복음,23,22,마태복음 23:22,또 하늘로 맹세하는 자는 하나님의 보좌와 그 위에 앉으신 이로 맹세함이니라
마태복음,23,25,마태복음 23:25,화 있을진저 ! 외식하는 서기관들과 바리새인들이여 잔과 대접의 겉은 깨끗이 하되 그 안에는 탐욕과 방탕으로 가득하게 하는도다
마태복음,23,27,마태복음 23:27,화 있을진저 ! 외식하는 서기관들과 바리새인들이여 회칠한 무덤 같으니 겉으로는 아름답게 보이나 그 안에는 죽은 사람의 뼈와 모든 더러운 것이 가득하도다
마태복음,23,28,마태복음 23:28,이와같이 너희도 겉으로는 사람에게 옳게 보이되 안으로는 외식과 불법이 가득하도다
마태복음,23,30,마태복음 23:30,만일 우리가 조상 때에 있었더면 우리는 저희가 선지자의 피를 흘리는데 참예하지 아니하였으리라 하니
마태복음,23,31,마태복음 23:31,그러면 너희가 선지자를 죽인 자의 자손됨을 스스로 증거함이로다
마태복음,23,37,마태복음 23:37,예루살렘아 ! 예루살렘아 ! 선지자들을 죽이고 네게 파송된 자들을 돌로 치는 자여 암탉이 그 새끼를 날개 아래 모음같이 내가 네 자녀를 모으려 한 일이 몇번이냐 그러나 너희가 원치 아니하였도다
마태복음,23,39,마태복음 23:39,내가 너희에게 이르노니 이제부터 너희는 찬송하리로다 주의 이름으로 오시는이여 할 때까지 나를 보지 못하리라 하시니라
마태복음,24,1,마태복음 24:1,예수께서 성전에서 나와서 가실 때에 제자들이 성전 건물들을 가리켜 보이려고 나아오니
마태복음,24,6,마태복음 24:6,난리와 난리 소문을 듣겠으나 너희는 삼가 두려워 말라 이런 일이 있어야 하되 끝은 아직 아니니라
마태복음,24,7,마태복음 24:7,"민족이 민족을, 나라가 나라를 대적하여 일어나겠고 처처에 기근과 지진이 있으리니"
마태복음,24,8,마태복음 24:8,이 모든 것이 재난의 시작이니라
마태복음,24,11,마태복음 24:11,거짓 선지자가 많이 일어나 많은 사람을 미혹하게 하겠으며
마태복음,24,12,마태복음 24:12,불법이 성하므로 많은 사람의 사랑이 식어지리라
마태복음,24,13,마태복음 24:13,그러나 끝까지 견디는 자는 구원을 얻으리라
마태복음,24,14,마태복음 24:14,이 천국 복음이 모든 민족에게 증거되기 위하여 온 세상에 전파되리니 그제야 끝이 오리라
마태복음,24,17,마태복음 24:17,지붕 위에 있는 자는 집안에 있는 물건을 가질러 내려 가지 말며
마태복음,24,18,마태복음 24:18,밭에 있는 자는 겉옷을 가질러 뒤로 돌이키지 말지어다
마태복음,24,20,마태복음 24:20,너희의 도망하는 일이 겨울에나 안식일에 되지 않도록 기도하라
마태복음,24,25,마태복음 24:25,보라 내가 너희에게 미리 말하였노라
마태복음,24,27,마태복음 24:27,번개가 동편에서 나서 서편까지 번쩍임같이 인자의 임함도 그러하리라
마태복음,24,32,마태복음 24:32,무화과나무의 비유를 배우라 그 가지가 연하여지고 잎사귀를 내면 여름이 가까운 줄을 아나니
마태복음,24,33,마태복음 24:33,이와 같이 너희도 이 모든 일을 보거든 인자가 가까이 곧 문앞에 이른 줄 알라
마태복음,24,34,마태복음 24:34,내가 진실로 너희에게 말하노니 이 세대가 지나가기 전에 이 일이 다 이루리라
마태복음,24,35,마태복음 24:35,천지는 없어지겠으나 내 말은 없어지지 아니하리라
마태복음,24,36,마태복음 24:36,"그러나 그 날과 그 때는 아무도 모르나니 하늘의 천사들도,아들도 모르고 오직 아버지만 아시느니라"
마태복음,24,38,마태복음 24:38,홍수 전에 노아가 방주에 들어가던 날까지 사람들이 먹고 마시고 장가 들고 시집 가고 있으면서
마태복음,24,41,마태복음 24:41,두 여자가 매를 갈고 있으매 하나는 데려감을 당하고 하나는 버려둠을 당할 것이니라
마태복음,24,42,마태복음 24:42,그러므로 깨어 있으라 ! 어느 날에 너희 주가 임할는지
마태복음,24,45,마태복음 24:45,충성되고 지혜 있는 종이 되어 주인에게 그 집 사람들을 맡아 때를 따라 양식을 나눠 줄 자가 누구뇨
마태복음,24,46,마태복음 24:46,주인이 올 때에 그 종의 이렇게 하는 것을 보면 그 종이 복이 있으리로다
마태복음,24,47,마태복음 24:47,내가 진실로 너희에게 이르노니 주인이 그 모든 소유를 저에게 맡기리라
마태복음,25,2,마태복음 25:2,그 중에 다섯은 미련하고 다섯은 슬기 있는지라
마태복음,25,3,마태복음 25:3,미련한 자들은 등을 가지되 기름을 가지지 아니하고
마태복음,25,4,마태복음 25:4,슬기 있는 자들은 그릇에 기름을 담아 등과 함께 가져갔더니
마태복음,25,5,마태복음 25:5,신랑이 더디 오므로 다 졸며 잘새
마태복음,25,6,마태복음 25:6,밤 중에 소리가 나되 보라 신랑이로다 맞으러 나오라 하매
마태복음,25,14,마태복음 25:14,또 어떤 사람이 타국에 갈제 그 종들을 불러 자기 소유를 맡김과 같으니
마태복음,25,15,마태복음 25:15,"각각 그 재능대로 하나에게는 금 다섯 달란트를, 하나에게는 두 달란트를, 하나에게는 한 달란트를 주고 떠났더니"
마태복음,25,17,마태복음 25:17,두 달란트를 받은 자도 그같이 하여 또 두 달란트를 남겼으되
마태복음,25,18,마태복음 25:18,한 달란트 받은 자는 가서 땅을 파고 그 주인의 돈을 감추어 두었더니
마태복음,25,19,마태복음 25:19,오랜 후에 그 종들의 주인이 돌아와 저희와 회계할새
마태복음,25,25,마태복음 25:25,두려워하여 나가서 당신의 달란트를 땅에 감추어 두었나이다 보소서 당신의 것을 받으셨나이다
마태복음,25,27,마태복음 25:27,그러면 네가 마땅히 내 돈을 취리하는 자들에게나 두었다가 나로 돌아와서 내 본전과 변리를 받게 할 것이니라 하고
마태복음,25,29,마태복음 25:29,무릇 있는 자는 받아 풍족하게 되고 없는 자는 그 있는 것까지 빼앗기리라
마태복음,25,31,마태복음 25:31,인자가 자기 영광으로 모든 천사와 함께 올 때에 자기 영광의 보좌에 앉으리니
마태복음,25,32,마태복음 25:32,모든 민족을 그 앞에 모으고 각각 분별하기를 목자가 양과 염소를 분별 하는것 같이 하여
마태복음,25,33,마태복음 25:33,양은 그 오른편에 염소는 왼편에 두리라
마태복음,25,35,마태복음 25:35,내가 주릴 때에 너희가 먹을 것을 주었고 목마를 때에 마시게 하였고 나그네 되었을 때에 영접하였고
마태복음,25,36,마태복음 25:36,"벗었을 때에 옷을 입혔고, 병들었을 때에 돌아보았고, 옥에 갇혔을 때에 와서 보았느니라"
마태복음,25,38,마태복음 25:38,어느 때에 나그네 되신 것을 보고 영접하였으며 벗으신 것을 보고 옷 입혔나이까 ?
마태복음,25,39,마태복음 25:39,어느 때에 병드신 것이나 옥에 갇히신 것을 보고 가서 뵈었나이까 ? 하리니
마태복음,25,42,마태복음 25:42,내가 주릴 때에 너희가 먹을 것을 주지 아니하였고 목마를 때에 마시게 하지 아니하였고
마태복음,25,43,마태복음 25:43,나그네 되었을 때에 영접하지 아니하였고 벗었을 때에 옷 입히지 아니하였고 병들었을 때와 옥에 갇혔을 때에 돌아보지 아니하였느니라 하시니
마태복음,26,7,마태복음 26:7,한 여자가 매우 귀한 향유 한 옥합을 가지고 나아와서 식사하시는 예수의 머리에 부으니
마태복음,26,9,마태복음 26:9,이것을 많은 값에 팔아 가난한 자들에게 줄 수 있었겠도다' 하거늘
마태복음,26,10,마태복음 26:10,예수께서 아시고 저희에게 이르시되 너희가 어찌하여 이 여자를 괴롭게 하느냐 저가 내게 좋은 일을 하였느니라
마태복음,26,11,마태복음 26:11,가난한 자들은 항상 너희와 함께 있거니와 나는 항상 함께 있지 아니하리라
마태복음,26,12,마태복음 26:12,이 여자가 내 몸에 이 향유를 부은 것은 내 장사를 위하여 함이니라
마태복음,26,13,마태복음 26:13,내가 진실로 너희에게 이르노니 온 천하에 어디서든지 이 복음이 전파되는 곳에는 이 여자의 행한 일도 말하여 저를 기념하리라 하시니라
마태복음,26,20,마태복음 26:20,저물 때에 예수께서 열 두 제자와 함께 앉으셨더니
마태복음,26,26,마태복음 26:26,저희가 먹을 때에 예수께서 떡을 가지사 축복하시고 떼어 제자들을 주시며 가라사대 받아 먹으라 이것이 내 몸이니라 하시고
마태복음,26,27,마태복음 26:27,또 잔을 가지사 사례하시고 저희에게 주시며 가라사대 너희가 다 이것을 마시라
마태복음,26,28,마태복음 26:28,이것은 죄 사함을 얻게 하려고 많은 사람을 위하여 흘리는 바 나의 피 곧 언약의 피니라
마태복음,26,29,마태복음 26:29,그러나 너희에게 이르노니 내가 포도나무에서 난 것을 이제부터 내 아버지의 나라에서 새 것으로 너희와 함께 마시는 날까지 마시지 아니하리라 하시니라
마태복음,26,39,마태복음 26:39,조금 나아가사 얼굴을 땅에 대시고 엎드려 기도하여 가라사대 내 아버지여 ! 만일 할만하시거든 이 잔을 내게서 지나가게 하옵소서 그러나 나의 원대로 마옵시고 아버지의 원대로 하옵소서 ! 하시고
마태복음,26,41,마태복음 26:41,시험에 들지 않게 깨어 있어 기도하라 ! 마음에는 원이로되 육신이 약하도다 하시고
마태복음,26,42,마태복음 26:42,다시 두 번째 나아가 기도하여 가라사대 내 아버지여 ! 만일 내가 마시지 않고는 이 잔이 내게서 지나갈 수 없거든 아버지의 원대로 되기를 원하나이다 하시고
마태복음,26,43,마태복음 26:43,다시 오사 보신즉 저희가 자니 이는 저희 눈이 피곤함일러라
마태복음,26,44,마태복음 26:44,또 저희를 두시고 나아가 세 번째 동일한 말씀으로 기도하신 후
마태복음,26,46,마태복음 26:46,일어나라 함께 가자 보라 나를 파는 자가 가까이 왔느니라
마태복음,26,50,마태복음 26:50,예수께서 가라사대 친구여 ! 네가 무엇을 하려고 왔는지 행하라 하신대 이에 저희가 나아와 예수께 손을 대어 잡는지라
마태복음,26,53,마태복음 26:53,너는 내가 내 아버지께 구하여 지금 열 두 영 더 되는 천사를 보내시게 할 수 없는 줄로 아느냐 ?
마태복음,26,56,마태복음 26:56,그러나 이렇게 된 것은 다 선지자들의 글을 이루려 함이니라 하시더라 이에 제자들이 다 예수를 버리고 도망하니라
마태복음,26,60,마태복음 26:60,거짓 증인이 많이 왔으나 얻지 못하더니 후에 두 사람이 와서
마태복음,26,64,마태복음 26:64,예수께서 가라사대 네가 말하였느니라 그러나 내가 너희에게 이르노니 이 후에 인자가 권능의 우편에 앉은 것과 하늘 구름을 타고 오는 것을 너희가 보리라 하시니
마태복음,27,7,마태복음 27:7,의논한 후 이것으로 토기장이의 밭을 사서 나그네의 묘지를 삼았으니
마태복음,27,14,마태복음 27:14,한 마디도 대답지 아니하시니 총독이 심히 기이히 여기더라
마태복음,27,15,마태복음 27:15,명절을 당하면 총독이 무리의 소원대로 죄수 하나를 놓아 주는 전례가 있더니
마태복음,27,32,마태복음 27:32,나가다가 시몬이란 구레네 사람을 만나매 그를 억지로 같이 가게 하여 예수의 십자가를 지웠더라
마태복음,27,33,마태복음 27:33,골고다 즉 해골의 곳이라는 곳에 이르러
마태복음,27,36,마태복음 27:36,거기 앉아 지키더라
마태복음,27,37,마태복음 27:37,그 머리 위에 이는 유대인의 왕 예수라 쓴 죄패를 붙였더라
마태복음,27,45,마태복음 27:45,제 육시로부터 온 땅에 어두움이 임하여 제 구시까지 계속하더니
마태복음,27,48,마태복음 27:48,그 중에 한사람이 곧 달려가서 해융을 가지고 신 포도주를 머금게 하여 갈대에 꿰어 마시우거늘
마태복음,27,53,마태복음 27:53,예수의 부활 후에 저희가 무덤에서 나와서 거룩한 성에 들어가 많은 사람에게 보이니라
마태복음,27,60,마태복음 27:60,바위 속에 판 자기 새 무덤에 넣어두고 큰 돌을 굴려 무덤 문에 놓고 가니
마태복음,28,1,마태복음 28:1,안식일이 다하여 가고 안식 후 첫날이 되려는 미명에 막달라 마리아와 다른 마리아가 무덤을 보려고 왔더니
마태복음,28,2,마태복음 28:2,큰 지진이 나며 주의 천사가 하늘로서 내려와 돌을 굴려 내고 그 위에 앉았는데
마태복음,28,3,마태복음 28:3,그 형상이 번개 같고 그 옷은 눈같이 희거늘
마태복음,28,8,마태복음 28:8,그 여자들이 무서움과 큰 기쁨으로 무덤을 빨리 떠나 제자들에게 알게하려고 달음질할새
마태복음,28,9,마태복음 28:9,예수께서 저희를 만나 가라사대 평안하뇨 ? 하시거늘 여자들이 나아가 그 발을 붙잡고 경배하니
마태복음,28,18,마태복음 28:18,예수께서 나아와 일러 가라사대 하늘과 땅의 모든 권세를 내게 주셨으니
마태복음,28,19,마태복음 28:19,그러므로 너희는 가서 모든 족속으로 제자를 삼아 아버지와 아들과 성령의 이름으로 세례를 주고
마태복음,28,20,마태복음 28:20,내가 너희에게 분부한 모든 것을 가르쳐 지키게 하라 볼지어다 ! 내가 세상 끝날까지 너희와 항상 함께 있으리라 ! 하시니라
마가복음,1,1,마가복음 1:1,하나님의 아들 예수 그리스도 복음의 시작이라
마가복음,1,2,마가복음 1:2,선지자 이사야의 글에 보라 내가 내 사자를 네 앞에 보내노니 저가 네 길을 예비하리라
마가복음,1,4,마가복음 1:4,세례요한이 이르러 광야에서 죄 사함을 받게하는 회개의 세례를 전파하니
마가복음,1,6,마가복음 1:6,요한은 약대털을 입고 허리에 가죽띠를 띠고 메뚜기와 석청을 먹더라
마가복음,1,8,마가복음 1:8,나는 너희에게 물로 세례 주었거니와 그는 성령으로 너희에게 세례를 주시리라'
마가복음,1,11,마가복음 1:11,하늘로서 소리가 나기를 `너는 내 사랑하는 아들이라 내가 너를 기뻐 하노라' 하시니라
마가복음,1,12,마가복음 1:12,성령이 곧 예수를 광야로 몰아 내신지라
마가복음,1,13,마가복음 1:13,광야에서 사십일을 계셔서 사단에게 시험을 받으시며 들짐승과 함께 계시니 천사들이 수종들더라
마가복음,1,17,마가복음 1:17,예수께서 가라사대 `나를 따라 오너라 내가 너희로 사람을 낚는 어부가 되게 하리라' 하시니
마가복음,1,19,마가복음 1:19,조금 더 가시다가 세베대의 아들 야고보와 그 형제 요한을 보시니 저희도 배에 있어 그물을 깁는데
마가복음,1,22,마가복음 1:22,뭇사람이 그의 교훈에 놀라니 이는 그 가르치시는 것이 권세 있는 자와 같고 서기관들과 같지 아니함일러라
마가복음,1,25,마가복음 1:25,예수께서 꾸짖어 가라사대 `잠잠하고 그사람에게서 나오라 !' 하시니
마가복음,1,26,마가복음 1:26,더러운 귀신이 그사람으로 경련을 일으키게 하고 큰소리를 지르며 나오는지라
마가복음,1,29,마가복음 1:29,회당에서 나와 곧 야고보와 요한과 함께 시몬과 안드레의 집에 들어 가시니
마가복음,1,30,마가복음 1:30,시몬의 장모가 열병으로 누웠는지라 사람들이 곧 그의 일로 예수께 여짜온대
마가복음,1,31,마가복음 1:31,나아가사 그 손을 잡아 일으키시니 열병이 떠나고 여자가 저희에게 수종드니라
마가복음,1,32,마가복음 1:32,저물어 해 질때에 모든 병자와 귀신들린 자를 예수께 데려오니
마가복음,1,33,마가복음 1:33,온 동네가 문 앞에 모였더라
마가복음,1,34,마가복음 1:34,예수께서 각색 병든 많은 사람을 고치시며 많은 귀신을 내어 쫓으시되 귀신이 자기를 알므로 그 말하는 것을 허락지 아니하시니
마가복음,1,35,마가복음 1:35,새벽 오히려 미명에 예수께서 일어나 나가 한적한 곳으로 가사 거기서 기도하시더니
마가복음,1,36,마가복음 1:36,시몬과 및 그와 함께 있는 자들이 예수의 뒤를 따라가
마가복음,1,38,마가복음 1:38,이르시되 `우리가 다른 가까운 마을들로 가자 거기서도 전도하리니 내가 이를 위하여 왔노라' 하시고
마가복음,1,41,마가복음 1:41,예수께서 민망히 여기사 손을 내밀어 저에게 대시며 가라사대 `내가 원하노니 깨끗함을 받으라 !' 하신대
마가복음,1,43,마가복음 1:43,엄히 경계하사 곧 보내시며
마가복음,1,45,마가복음 1:45,그러나 그 사람이 나가서 이 일을 많이 전파하여 널리 퍼지게 하니 그러므로 예수께서 다시는 드러나게 동네에 들어가지 못하시고 오직 바깥 한적한 곳에 계셨으나 사방에서 그에게로 나아오더라
마가복음,2,2,마가복음 2:2,많은 사람이 모여서 문 앞에라도 용신할 수 없게 되었는데 예수께서 저희에게 도를 말씀하시더니
마가복음,2,3,마가복음 2:3,사람들이 한 중풍병자를 네 사람에게 메워 가지고 예수께로 올새
마가복음,2,4,마가복음 2:4,무리를 인하여 예수께 데려갈 수 없으므로 그 계신 곳의 지붕을 뜯어 구멍을 내고 중풍병자의 누운 상을 달아내리니
마가복음,2,5,마가복음 2:5,예수께서 저희의 믿음을 보시고 중풍환자에게 이르시되 `소자야 네 죄사함을 받았느니라' 하시니
마가복음,2,7,마가복음 2:7,`이 사람이 어찌 이렇게 말하는가 참람하도다 오직 하나님 한 분외에는 누가 능히 죄를 사하겠느냐 ?'
마가복음,2,8,마가복음 2:8,저희가 속으로 이렇게 의논하는 줄을 예수께서 곧 중심에 아시고 이르시되 `어찌하여 이것을 마음에 의논하느냐 ?
마가복음,2,9,마가복음 2:9,중풍병자에게 네 죄 사함을 받았느니라 하는 말과 일어나 네 상을 가지고 걸어가라 하는 말이 어느 것이 쉽겠느냐 ?
마가복음,2,11,마가복음 2:11,`내가 네게 이르노니 일어나 네 상을 가지고 집으로 가라 !' 하시니
마가복음,2,13,마가복음 2:13,예수께서 다시 바닷가에 나가시매 무리가 다 나아왔거늘 예수께서 저희를 가르치시니라
마가복음,2,14,마가복음 2:14,또 지나가시다가 알패오의 아들 레위가 세관에 앉아 있는것을 보시고 저에게 이르시되 `나를 좇으라 !' 하시니 일어나 좇으니라
마가복음,2,15,마가복음 2:15,그의 집에 앉아 잡수실때에 많은 세리와 죄인들이 예수와 그 제자들과 함께 앉았으니 이는 저희가 많이 있어서 예수를 좇음이러라
마가복음,2,17,마가복음 2:17,예수께서 들으시고 저희에게 이르시되 `건강한 자에게는 의원이 쓸데없고 병든 자에게라야 쓸데 있느니라 내가 의원을 부르러 온것이 아니요 죄인을 부르러 왔노라' 하시니라
마가복음,2,19,마가복음 2:19,예수께서 저희에게 이르시되 `혼인집 손님들이 신랑과 함께 있을때에 금식할 수 있느냐 신랑과 함께 있을 동안에는 금식할 수 없나니
마가복음,2,20,마가복음 2:20,그러나 신랑을 빼앗길 날이 이르리니 그 날에는 금식할 것이니라
마가복음,2,21,마가복음 2:21,생베 조각을 낡은 옷에 붙이는 자가 없나니 만일 그렇게 하면 기운 새것이 낡은 그것을 당기어 해어짐이 더하게 되느니라
마가복음,2,22,마가복음 2:22,새 포도주를 낡은 가죽부대에 넣는 자가 없나니 만일 그렇게 하면 새 포도주가 부대를 터뜨려 포도주와 부대를 버리게 되리라 오직 새 포도주는 새 부대에 넣느니라' 하시니라
마가복음,2,27,마가복음 2:27,또 가라사대 안식일은 사람을 위하여 있는 것이요 사람이 안식일을 위하여 있는 것이 아니니
마가복음,3,1,마가복음 3:1,예수께서 다시 회당에 들어가시니 한편 손 마른 사람이 거기 있는지라
마가복음,3,2,마가복음 3:2,사람들이 예수를 송사하려 하여 안식일에 그 사람을 고치시는가 엿보거늘
마가복음,3,3,마가복음 3:3,예수께서 손 마른 사람에게 이르시되 `한가운데 일어서라 !' 하시고
마가복음,3,4,마가복음 3:4,저희에게 이르시되 `안식일에 선을 행하는 것과 악을 행하는 것 생명을 구하는 것과 죽이는 것 어느 것이 옳으냐 ?' 하시니 저희가 잠잠하거늘
마가복음,3,9,마가복음 3:9,예수께서 무리의 에워싸 미는 것을 면키 위하여 작은 배를 등대하도록 제자들에게 명하셨으니
마가복음,3,12,마가복음 3:12,예수께서 자기를 나타내지 말라고 많이 경계하시니라
마가복음,3,13,마가복음 3:13,또 산에 오르사 자기의 원하는 자들을 부르시니 나아온지라
마가복음,3,15,마가복음 3:15,귀신을 내어쫓는 권세도 있게 하려 하심이러라
마가복음,3,20,마가복음 3:20,집에 들어가시니 무리가 다시 모이므로 식사할 겨를도 없는지라
마가복음,3,21,마가복음 3:21,예수의 친속들이 듣고 붙들러 나오니 이는 그가 미쳤다 함일러라
마가복음,3,22,마가복음 3:22,예루살렘에서 내려온 서기관들은 저가 바알세불을 지폈다 하며 또 귀신의 왕을 힘입어 귀신을 쫓아낸다 하니
마가복음,3,23,마가복음 3:23,예수께서 저희를 불러다가 비유로 말씀하시되 `사단이 어찌 사단을 쫓아낼 수 있느냐 ?
마가복음,3,24,마가복음 3:24,또 만일 나라가 스스로 분쟁하면 그 나라가 설 수 없고
마가복음,3,25,마가복음 3:25,만일 집이 스스로 분쟁하면 그 집이 설 수 없고
마가복음,3,26,마가복음 3:26,만일 사단이 자기를 거스려 일어나 분쟁하면 설 수 없고 이에 망하느니라
마가복음,3,27,마가복음 3:27,사람이 먼저 강한 자를 결박지 않고는 그 강한 자의 집에 들어가 세간을 늑탈치 못하리니 결박한 후에야 그 집을 늑탈하리라
마가복음,3,28,마가복음 3:28,내가 진실로 너희에게 이르노니 사람의 모든 죄와 무릇 훼방하는 훼방은 사하심을 얻되
마가복음,3,31,마가복음 3:31,때에 예수의 모친과 동생들이 와서 밖에 서서 사람을 보내어 예수를 부르니
마가복음,3,33,마가복음 3:33,대답하시되 `누가 내 모친이며 동생들이냐 ?' 하시고
마가복음,3,34,마가복음 3:34,둘러 앉은 자들을 둘러 보시며 가라사대 `내 모친과 내 동생들을 보라
마가복음,3,35,마가복음 3:35,누구든지 하나님의 뜻대로 하는 자는 내 형제요 자매요 모친이니라'
마가복음,4,3,마가복음 4:3,`들으라 씨를 뿌리는 자가 뿌리러 나가서
마가복음,4,4,마가복음 4:4,뿌릴새 더러는 길 가에 떨어지매 새들이 와서 먹어 버렸고
마가복음,4,5,마가복음 4:5,더러는 흙이 얇은 돌밭에 떨어지매 흙이 깊지 아니하므로 곧 싹이 나오나
마가복음,4,6,마가복음 4:6,해가 돋은 후에 터져서 뿌리가 없으므로 말랐고
마가복음,4,7,마가복음 4:7,더러는 가시떨기에 떨어지매 가시가 자라 기운을 막으므로 결실치 못하였고
마가복음,4,8,마가복음 4:8,더러는 좋은 땅에 떨어지매 자라 무성하여 결실하였으니 삼십배와 육십배와 백배가 되었느니라' 하시고
마가복음,4,9,마가복음 4:9,또 이르시되 `들을 귀 있는 자는 들으라' 하시니라
마가복음,4,10,마가복음 4:10,예수께서 홀로 계실 때에 함께한 사람들이 열 두 제자로 더불어 그 비유를 묻자오니
마가복음,4,11,마가복음 4:11,이르시되 `하나님 나라의 비밀을 너희에게는 주었으나 외인에게는 모든 것을 비유로 하나니
마가복음,4,13,마가복음 4:13,또 가라사대 `너희가 이 비유를 알지 못할진대 어떻게 모든 비유를 알겠느뇨?
마가복음,4,14,마가복음 4:14,뿌리는 자는 말씀을 뿌리는 것이다
마가복음,4,16,마가복음 4:16,또 이와 같이 돌밭에 뿌리웠다는 것은 이들이니 곧 말씀을 들을 때에 즉시 기쁨으로 받으나
마가복음,4,17,마가복음 4:17,그 속에 뿌리가 없어 잠간 견디다가 말씀을 인하여 환난이나 핍박이 일어나는 때에는 곧 넘어지는 자요
마가복음,4,18,마가복음 4:18,또 어떤이는 가시떨기에 뿌리우는 자니 이들은 말씀을 듣되
마가복음,4,19,마가복음 4:19,세상의 염려와 재리의 유혹과 기타 욕심이 들어와 말씀을 막아 결실치 못하게 되는 자요
마가복음,4,20,마가복음 4:20,좋은 땅에 뿌리웠다는 것은 곧 말씀을 듣고 받아 삼십배와 육십배와 백배의 결실을 하는 자니라'
마가복음,4,21,마가복음 4:21,또 저희에게 이르시되 `사람이 등불을 가져오는 것은 말 아래나 평상 아래나 두려함이냐 등경 위에 두려함이 아니냐
마가복음,4,22,마가복음 4:22,드러내려 하지 않고는 숨긴 것이 없고 나타내려 하지 않고는 감추인 것이 없느니라
마가복음,4,23,마가복음 4:23,들을 귀 있는 자는 들으라'
마가복음,4,24,마가복음 4:24,또 가라사대 `너희가 무엇을 듣는가 스스로 삼가라 너희의 헤아리는 그 헤아림으로 너희가 헤아림을 받을것이요 또 더 받으리니
마가복음,4,25,마가복음 4:25,있는자는 받을것이요 없는 자는 그 있는 것까지 빼앗기리라'
마가복음,4,26,마가복음 4:26,또 가라사대 `하나님의 나라는 사람이 씨를 땅에 뿌림과 같으니
마가복음,4,29,마가복음 4:29,열매가 익으면 곧 낫을 대나니 이는 추수 때가 이르렀음이니라'
마가복음,4,30,마가복음 4:30,또 가라사대 `우리가 하나님의 나라를 어떻게 비하며 또 무슨 비유로 나타낼꼬
마가복음,4,31,마가복음 4:31,겨자씨 한 알과 같으니 땅에 심길 때에는 땅 위의 모든 씨보다 작은 것이로되
마가복음,4,32,마가복음 4:32,심긴 후에는 자라서 모든 나물보다 커지며 큰 가지를 내니 공중의 새들이 그 그늘에 깃들일 만큼 되느니라'
마가복음,4,35,마가복음 4:35,그날 저물 때에 제자들에게 이르시되 `우리가 저편으로 건너가자' 하시니
마가복음,4,36,마가복음 4:36,저희가 무리를 떠나 예수를 배에 계신 그대로 모시고 가매 다른 배들도 함께 하더니
마가복음,4,39,마가복음 4:39,예수께서 깨어 바람을 꾸짖으시며 바다더러 이르시되 `잠잠하라 ! 고요하라 !' 하시니 바람이 그치고 아주 잔잔하여지더라
마가복음,5,1,마가복음 5:1,예수께서 바다 건너편 거라사인의 지방에 이르러
마가복음,5,11,마가복음 5:11,마침 거기 돼지의 큰 떼가 산 곁에서 먹고 있는지라
마가복음,5,14,마가복음 5:14,치던 자들이 도망하여 읍내와 촌에 고하니 사람들이 그 어떻게 된 것을 보러 와서
마가복음,5,18,마가복음 5:18,예수께서 배에 오르실 때에 귀신 들렸던 사람이 함께 있기를 간구하였으나
마가복음,5,19,마가복음 5:19,허락지 아니하시고 저에게 이르시되 `집으로 돌아가 주께서 네게 어떻게 큰 일을 행하사 너를 불쌍히 여기신 것을 네 친속에게 고하라' 하신대
마가복음,5,20,마가복음 5:20,그가 가서 예수께서 자기에게 어떻게 큰 일 행하신 것을 데가볼리에 전파하니 모든 사람이 기이히 여기더라
마가복음,5,21,마가복음 5:21,예수께서 배를 타시고 다시 저편으로 건너가시매 큰 무리가 그에게로 모이거늘 이에 바닷가에 계시더니
마가복음,5,22,마가복음 5:22,회당장 중 하나인 야이로라 하는 이가 와서 예수를 보고 발 아래 엎드리어
마가복음,5,25,마가복음 5:25,열 두 해를 혈루증으로 앓는 한 여자가 있어
마가복음,5,26,마가복음 5:26,많은 의원에게 많은 괴로움을 받았고 있던 것도 다 허비하였으되 아무 효험이 없고 도리어 더 중하여졌던 차에
마가복음,5,27,마가복음 5:27,예수의 소문을 듣고 무리 가운데 섞여 뒤로 와서 그의 옷에 손을 대니
마가복음,5,30,마가복음 5:30,예수께서 그 능력이 자기에게서 나간 줄을 곧 스스로 아시고 무리 가운데서 돌이켜 말씀하시되 `누가 내 옷에 손을 대었느냐 ?' 하시니
마가복음,5,32,마가복음 5:32,예수께서 이 일 행한 여자를 보려고 둘러 보시니
마가복음,5,33,마가복음 5:33,여자가 제게 이루어진 일을 알고 두려워하여 떨며 와서 그 앞에 엎드려 모든 사실을 여짜온대
마가복음,5,34,마가복음 5:34,예수께서 가라사대 `딸아 네 믿음이 너를 구원하였으니 평안히 가라 ! 네 병에서 놓여 건강할지어다 !'
마가복음,5,36,마가복음 5:36,예수께서 그 하는 말을 곁에서 들으시고 회당장에게 이르시되 `두려워 말고 믿기만 하라 !' 하시고
마가복음,5,38,마가복음 5:38,회당장의 집에 함께 가사 훤화함과 사람들의 울며 심히 통곡함을 보시고
마가복음,5,39,마가복음 5:39,들어가서 저희에게 이르시되 `너희가 어찌하여 훤화하며 우느냐 ? 이 아이가 죽은 것이 아니라 잔다' 하시니
마가복음,5,40,마가복음 5:40,저희가 비웃더라 예수께서 저희를 다 내어보내신 후에 아이의 부모와 또 자기와 함께 한 자들을 데리시고 아이 있는 곳에 들어가사
마가복음,5,41,마가복음 5:41,그 아이의 손을 잡고 가라사대 `달리다굼 !' 하시니 번역하면 곧 소녀야 내가 네게 말하노니 일어나라 하심이라
마가복음,5,42,마가복음 5:42,소녀가 곧 일어나서 걸으니 나이 열 두살이라 사람들이 곧 크게 놀라고 놀라거늘
마가복음,5,43,마가복음 5:43,예수께서 이 일을 아무도 알지 못하게 하라고 저희를 많이 경계하시고 이에 소녀에게 먹을 것을 주라 하시니라
마가복음,6,1,마가복음 6:1,예수께서 거기를 떠나사 고향으로 가시니 제자들도 좇으니라
마가복음,6,4,마가복음 6:4,예수께서 저희에게 이르시되 `선지자가 자기 고향과 자기 친척과 자기집 외에서는 존경을 받지 않음이 없느니라' 하시며
마가복음,6,5,마가복음 6:5,거기서는 아무 권능도 행하실 수 없어 다만 소수의 병인에게 안수하여 고치실 뿐이었고
마가복음,6,6,마가복음 6:6,저희의 믿지 않음을 이상히 여기셨더라 이에 모든 촌에 두루 다니시며 가르치시더라
마가복음,6,7,마가복음 6:7,열 두 제자를 부르사 둘씩 둘씩 보내시며 더러운 귀신을 제어하는 권세를 주시고
마가복음,6,8,마가복음 6:8,명하시되 `여행을 위하여 지팡이 외에는 양식이나 주머니나 전대의 돈이나 아무 것도 가지지 말며
마가복음,6,9,마가복음 6:9,신만 신고 두 벌 옷도 입지 말라' 하시고
마가복음,6,10,마가복음 6:10,또 가라사대 `어디서든 뉘 집에 들어가거든 그 곳을 떠나기까지 거기 유하라
마가복음,6,12,마가복음 6:12,제자들이 나가서 회개하라 전파하고
마가복음,6,13,마가복음 6:13,많은 귀신을 쫓아내며 많은 병인에게 기름을 발라 고치더라
마가복음,6,23,마가복음 6:23,또 맹세하되 `무엇이든지 네가 내게 구하면 내 나라의 절반까지라도 주리라' 하거늘
마가복음,6,30,마가복음 6:30,사도들이 예수께 모여 자기들의 행한 것과 가르친 것을 낱낱이 고하니
마가복음,6,31,마가복음 6:31,이르시되 `너희는 따로 한적한 곳에 와서 잠간 쉬어라' 하시니 이는 오고 가는 사람이 많아 음식 먹을 겨를도 없음이라
마가복음,6,33,마가복음 6:33,그 가는 것을 보고 많은 사람이 저희인 줄 안지라 모든 고을로부터 도보로 그 곳에 달려와 저희보다 먼저 갔더라
마가복음,6,34,마가복음 6:34,예수께서 나오사 큰 무리를 보시고 그 목자 없는 양 같음을 인하여 불쌍히 여기사 이에 여러 가지로 가르치시더라
마가복음,6,36,마가복음 6:36,무리를 보내어 두루 촌과 마을로 가서 무엇을 사 먹게 하옵소서'
마가복음,6,39,마가복음 6:39,제자들을 명하사 그 모든 사람으로 떼를 지어 푸른 잔디 위에 앉게 하시니
마가복음,6,40,마가복음 6:40,떼로 혹 백씩 혹 오십씩 앉은지라
마가복음,6,41,마가복음 6:41,예수께서 떡 다섯개와 물고기 두 마리를 가지사 하늘을 우러러 축사하시고 떡을 떼어 제자들에게 주어 사람들 앞에 놓게 하시고 또 물고기 두 마리도 모든 사람에게 나누어 주시매
마가복음,6,42,마가복음 6:42,다 배불리 먹고
마가복음,6,43,마가복음 6:43,남은 떡 조각과 물고기를 열 두 바구니에 차게 거두었으며
마가복음,6,45,마가복음 6:45,예수께서 즉시 제자들을 재촉하사 자기가 무리를 보내는 동안에 배타고 앞서 건너편 벳새다로 가게 하시고
마가복음,6,46,마가복음 6:46,무리를 작별하신 후에 기도하러 산으로 가시다
마가복음,6,47,마가복음 6:47,저물매 배는 바다 가운데 있고 예수는 홀로 뭍에 계시다가
마가복음,6,48,마가복음 6:48,바람이 거스리므로 제자들의 괴로이 노 젓는 것을 보시고 밤 사경 즈음에 바다 위로 걸어서 저희에게 오사 지나가려고 하시매
마가복음,6,49,마가복음 6:49,제자들이 그의 바다 위로 걸어 오심을 보고 유령인가 하여 소리 지르니
마가복음,6,50,마가복음 6:50,저희가 다 예수를 보고 놀람이라 이에 예수께서 곧 더불어 말씀하여 가라사대 `안심하라 ! 내니 두려워 말라 !' 하시고
마가복음,6,51,마가복음 6:51,배에 올라 저희에게 가시니 바람이 그치는지라 제자들이 마음에 심히 놀라니
마가복음,6,53,마가복음 6:53,건너가 게네사렛 땅에 이르러 대고
마가복음,6,54,마가복음 6:54,배에서 내리니 사람들이 곧 예수신 줄을 알고
마가복음,6,55,마가복음 6:55,그 온 지방으로 달려 돌아 다니며 예수께서 어디 계시단 말을 듣는대로 병든 자를 침상채로 메고 나아오니
마가복음,6,56,마가복음 6:56,아무데나 예수께서 들어가시는 마을이나 도시나 촌에서 병자를 시장에 두고 예수의 옷가에라도 손을 대게 하시기를 간구하니 손을 대는 자는 다 성함을 얻으니라
마가복음,7,1,마가복음 7:1,바리새인들과 또 서기관 중 몇이 예루살렘에서 와서 예수께 모였다가
마가복음,7,4,마가복음 7:4,또 시장에서 돌아와서는 물을 뿌리지 않으면 먹지 아니하며 그 외에도 여러가지를 지키어 오는 것이 있으니 잔과 주발과 놋그릇을 씻음이러라
마가복음,7,12,마가복음 7:12,제 아비나 어미에게 다시 아무것이라도 하여 드리기를 허하지 아니하여
마가복음,7,13,마가복음 7:13,너희의 전한 유전으로 하나님의 말씀을 폐하며 또 이같은 일을 많이 행하느니라' 하시고
마가복음,7,14,마가복음 7:14,무리를 다시 불러 이르시되 `너희는 다 내 말을 듣고 깨달으라
마가복음,7,16,마가복음 7:16,사람 안에서 나오는 것이 사람을 더럽게 하는 것이니라' 하시고
마가복음,7,17,마가복음 7:17,무리를 떠나 집으로 들어가시니 제자들이 그 비유를 묻자온대
마가복음,7,18,마가복음 7:18,예수께서 이르시되 `너희도 이렇게 깨달음이 없느냐 ? 무엇이든지 밖에서 들어가는 것이 능히 사람을 더럽게 하지 못함을 알지 못하느냐 ?
마가복음,7,20,마가복음 7:20,또 가라사대 `사람에게서 나오는 그것이 사람을 더럽게 하느니라
마가복음,7,24,마가복음 7:24,예수께서 일어나사 거기를 떠나 두로 지경으로 가서 한 집에 들어가 아무도 모르게 하시려하나 숨길 수 없더라
마가복음,7,26,마가복음 7:26,그 여자는 헬라인이요 수로보니게 족속이라 자기 딸에게서 귀신 쫓아 주시기를 간구하거늘
마가복음,7,29,마가복음 7:29,예수께서 가라사대 `이 말을 하였으니 돌아가라 귀신이 네 딸에게서 나갔느니라' 하시매
마가복음,7,30,마가복음 7:30,여자가 집에 돌아가 본즉 아이가 침상에 누웠고 귀신이 나갔더라
마가복음,7,32,마가복음 7:32,사람들이 귀먹고 어눌한 자를 데리고 예수께 나아와 안수하여 주시기를 간구하거늘
마가복음,7,33,마가복음 7:33,예수께서 그 사람을 따로 데리고 무리를 떠나사 손가락을 그의 양 귀에 넣고 침뱉아 그의 혀에 손을 대시며
마가복음,7,34,마가복음 7:34,하늘을 우러러 탄식하시며 그에게 이르시되 `에바다 !' 하시니 이는 열리라는 뜻이라
마가복음,7,36,마가복음 7:36,예수께서 저희에게 경계하사 `아무에게라도 이르지 말라' 하시되 경계하실수록 저희가 더욱 널리 전파하니
마가복음,8,2,마가복음 8:2,`내가 무리를 불쌍히 여기노라 저희가 나와 함께 있은 지 이미 사흘이매 먹을 것이 없도다
마가복음,8,3,마가복음 8:3,만일 내가 저희를 굶겨 집으로 보내면 길에서 기진하리라 그 중에는 멀리서 온 사람도 있느니라'
마가복음,8,6,마가복음 8:6,예수께서 무리를 명하사 땅에 앉게 하시고 떡 일곱 개를 가지사 축사하시고 떼어 제자들에게 주어 그 앞에 놓게 하시니 제자들이 무리 앞에 놓더라
마가복음,8,7,마가복음 8:7,또 작은 생선 두어 마리가 있는지라 이에 축복하시고 명하사 이것도 그 앞에 놓게 하시니
마가복음,8,8,마가복음 8:8,배불리 먹고 남은 조각 일곱 광주리를 거두었으며
마가복음,8,9,마가복음 8:9,사람은 약 사천 명이었더라 예수께서 저희를 흩어 보내시고
마가복음,8,11,마가복음 8:11,바리새인들이 나와서 예수께 힐난하며 그를 시험하여 하늘로서 오는 표적을 구하거늘
마가복음,8,12,마가복음 8:12,예수께서 마음 속에 깊이 탄식하시며 가라사대 `어찌하여 이 세대가 표적을 구하느냐 ? 내가 진실로 너희에게 이르노니 이 세대에게 표적을 주시지 아니하리라' 하시고
마가복음,8,13,마가복음 8:13,저희를 떠나 다시 배에 올라 건너편으로 가시니라
마가복음,8,14,마가복음 8:14,제자들이 떡 가져 오기를 잊었으매 배에 떡 한 개밖에 저희에게 없더라
마가복음,8,16,마가복음 8:16,제자들이 서로 의논하기를 `이는 우리에게 떡이 없음이로다' 하거늘
마가복음,8,17,마가복음 8:17,예수께서 아시고 이르시되 `너희가 어찌 떡이 없음으로 의논하느냐 ? 아직도 알지 못하며 깨닫지 못하느냐 ? 너희 마음이 둔하냐 ?
마가복음,8,18,마가복음 8:18,너희가 눈이 있어도 보지 못하며 귀가 있어도 듣지 못하느냐 ? 또 기억지 못하느냐 ?
마가복음,8,21,마가복음 8:21,가라사대 `아직도 깨닫지 못하느냐 ?' 하시니라
마가복음,8,26,마가복음 8:26,예수께서 그 사람을 집으로 보내시며 가라사대 `마을에도 들어가지 말라' 하시니라
마가복음,8,34,마가복음 8:34,무리와 제자들을 불러 이르시되 `아무든지 나를 따라 오려거든 자기를 부인하고 자기 십자가를 지고 나를 좇을 것이니라
마가복음,8,35,마가복음 8:35,누구든지 제 목숨을 구원코자 하면 잃을 것이요 누구든지 나와 복음을 위하여 제 목숨을 잃으면 구원하리라
마가복음,8,36,마가복음 8:36,사람이 만일 온 천하를 얻고도 제 목숨을 잃으면 무엇이 유익하리요
마가복음,8,37,마가복음 8:37,사람이 무엇을 주고 제 목숨을 바꾸겠느냐 ?
마가복음,9,1,마가복음 9:1,또 저희에게 이르시되 내가 진실로 너희에게 이르노니 여기 섰는 사람 중에 죽기 전에 하나님의 나라가 권능으로 임하는 것을 볼 자들도 있느니라 하시니라
마가복음,9,3,마가복음 9:3,그 옷이 광채가 나며 세상에서 빨래하는 자가 그렇게 희게 할 수 없을 만큼 심히 희어졌더라
마가복음,9,7,마가복음 9:7,마침 구름이 와서 저희를 덮으며 구름 속에서 소리가 나되 이는 내 사랑하는 아들이니 너희는 저의 말을 들으라 하는지라
마가복음,9,9,마가복음 9:9,저희가 산에서 내려올 때에 예수께서 경계하시되 인자가 죽은 자 가운데서 살아날 때까지는 본 것을 아무에게도 이르지 말라 하시니
마가복음,9,15,마가복음 9:15,온 무리가 곧 예수를 보고 심히 놀라며 달려와 문안하거늘
마가복음,9,16,마가복음 9:16,예수께서 물으시되 너희가 무엇을 저희와 변론하느냐
마가복음,9,18,마가복음 9:18,귀신이 어디서든지 저를 잡으면 거꾸러져 거품을 흘리며 이를 갈며 그리고 파리하여 가는지라 내가 선생의 제자들에게 내어쫓아 달라 하였으나 저희가 능히 하지 못하더이다
마가복음,9,22,마가복음 9:22,귀신이 저를 죽이려고 불과 물에 자주 던졌나이다 그러나 무엇을 하실 수 있거든 우리를 불쌍히 여기사 도와 주옵소서
마가복음,9,23,마가복음 9:23,예수께서 이르시되 할 수 있거든이 무슨 말이냐 믿는 자에게는 능치 못할 일이 없느니라 하시니
마가복음,9,26,마가복음 9:26,귀신이 소리지르며 아이로 심히 경련을 일으키게 하고 나가니 그 아이가 죽은 것 같이 되어 많은 사람이 말하기를 죽었다 하나
마가복음,9,27,마가복음 9:27,예수께서 그 손을 잡아 일으키시니 이에 일어서니라
마가복음,9,28,마가복음 9:28,집에 들어가시매 제자들이 종용히 묻자오되 우리는 어찌하여 능히 그 귀신을 쫓아내지 못하였나이까
마가복음,9,29,마가복음 9:29,이르시되 기도 외에 다른 것으로는 이런 유가 나갈 수 없느니라 하시니라
마가복음,9,35,마가복음 9:35,예수께서 앉으사 열두 제자를 불러서 이르시되 아무든지 첫째가 되고자 하면 뭇사람의 끝이 되며 뭇사람을 섬기는 자가 되어야 하리라 하시고
마가복음,9,37,마가복음 9:37,누구든지 내 이름으로 이런 어린 아이 하나를 영접하면 곧 나를 영접함이요 누구든지 나를 영접하면 나를 영접함이 아니요 나를 보내신 이를 영접함이니라
마가복음,9,39,마가복음 9:39,예수께서 가라사대 금하지 말라 내 이름을 의탁하여 능한 일을 행하고 즉시로 나를 비방할 자가 없느니라
마가복음,9,40,마가복음 9:40,우리를 반대하지 않는 자는 우리를 위하는 자니라
마가복음,9,41,마가복음 9:41,누구든지 너희를 그리스도에게 속한 자라 하여 물 한 그릇을 주면 내가 진실로 너희에게 이르노니 저가 결단코 상을 잃지 않으리라
마가복음,9,49,마가복음 9:49,사람마다 불로서 소금 치듯함을 받으리라
마가복음,9,50,마가복음 9:50,소금은 좋은 것이로되 만일 소금이 그 맛을 잃으면 무엇으로 이를 짜게 하리요 너희 속에 소금을 두고 서로 화목하라 하시니라
마가복음,10,6,마가복음 10:6,창조시로부터 저희를 남자와 여자로 만드셨으니
마가복음,10,8,마가복음 10:8,그 둘이 한 몸이 될지니라 이러한즉 이제 둘이 아니요 한 몸이니
마가복음,10,10,마가복음 10:10,집에서 제자들이 다시 이일을 묻자온대
마가복음,10,13,마가복음 10:13,사람들이 예수의 만져주심을 바라고 어린 아이들을 데리고 오매 제자들이 꾸짖거늘
마가복음,10,14,마가복음 10:14,예수께서 보시고 분히 여겨 이르시되 `어린 아이들의 내게 오는 것을 용납하고 금하지 말라 하나님의 나라가 이런 자의 것이니라
마가복음,10,15,마가복음 10:15,내가 진실로 너희에게 이르노니 누구든지 하나님의 나라를 어린 아이와 같이 받들지 않는 자는 결단코 들어가지 못하리라' 하시고
마가복음,10,16,마가복음 10:16,그 어린 아이들을 안고 저희 위에 안수하시고 축복하시니라
마가복음,10,17,마가복음 10:17,"예수께서 길에 나가실새 한사람이 달려와서 꿇어 앉아 묻자오되 `선한 선생님이여, 내가 무엇을 하여야 영생을 얻으리이까 ?'"
마가복음,10,18,마가복음 10:18,예수께서 이르시되 `네가 어찌하여 나를 선하다 일컫느냐 ? 하나님 한 분 외에는 선한 이가 없느니라
마가복음,10,19,마가복음 10:19,"네가 계명을 아나니 살인하지 말라, 간음하지 말라, 도적질하지 말라, 거짓 증거하지 말라, 속여 취하지 말라, 네 부모를 공경하라 하였느니라'"
마가복음,10,21,마가복음 10:21,예수께서 그를 보시고 사랑하여 가라사대 `네게 오히려 한 가지 부족한 것이 있으니 가서 네 있는 것을 다 팔아 가난한 자들을 주라 그리하면 하늘에서 보화가 네게 있으리라 그리고 와서 나를 좇으라 !' 하시니
마가복음,10,23,마가복음 10:23,예수께서 둘러 보시고 제자들에게 이르시되 `재물이 있는 자는 하나님의 나라에 들어가기가 심히 어렵도다' 하시니
마가복음,10,25,마가복음 10:25,약대가 바늘귀로 나가는 것이 부자가 하나님의 나라에 들어가는 것보다 쉬우니라 하신대
마가복음,10,27,마가복음 10:27,예수께서 저희를 보시며 가라사대 `사람으로는 할 수 없으되 하나님으로는 그렇지 아니하니 하나님으로서는 다 하실 수 있느니라 !'
마가복음,10,29,마가복음 10:29,"예수께서 가라사대 `내가 진실로 너희에게 이르노니 나와 및 복음을 위하여 집이나, 형제나, 자매나, 어미나, 아비나, 자식이나, 전토를 버린 자는"
마가복음,10,31,마가복음 10:31,그러나 먼저 된 자로서 나중 되고 나중 된 자로서 먼저 될 자가 많으니라'
마가복음,10,32,마가복음 10:32,예루살렘으로 올라가는 길에 예수께서 제자들 앞에 서서 가시는데 저희가 놀라고 좇는 자들은 두려워하더라 이에 다시 열 두 제자를 데리시고 자기의 당할 일을 일러 가라사대
마가복음,10,36,마가복음 10:36,이르시되 `너희에게 무엇을 하여 주기를 원하느냐 ?'
마가복음,10,38,마가복음 10:38,예수께서 가라사대 `너희 구하는 것을 너희가 알지 못하는도다 너희가 나의 마시는 잔을 마시며 나의 받는 세례를 받을 수 있느냐 ?'
마가복음,10,40,마가복음 10:40,내 좌우편에 앉는 것은 나의 줄 것이 아니라 누구를 위하여 예비되었든지 그들이 얻을 것이니라'
마가복음,10,41,마가복음 10:41,열 제자가 듣고 야고보와 요한에 대하여 분히 여기거늘
마가복음,10,43,마가복음 10:43,너희 중에는 그렇지 아니하니 너희 중에 누구든지 크고자 하는 자는 너희를 섬기는 자가 되고
마가복음,10,44,마가복음 10:44,너희 중에 누구든지 으뜸이 되고자 하는 자는 모든 사람의 종이 되어야 하리라
마가복음,10,45,마가복음 10:45,인자의 온 것은 섬김을 받으려 함이 아니라 도리어 섬기려 하고 자기 목숨을 많은 사람의 대속물로 주려 함이니라'
마가복음,10,52,마가복음 10:52,"예수께서 이르시되 `가라, 네 믿음이 너를 구원하였느니라 !' 하시니 저가 곧 보게 되어 예수를 길에서 좇으니라"
마가복음,11,1,마가복음 11:1,저희가 예루살렘에 가까이 와서 감람 산 벳바게와 베다니에 이르렀을 때에 예수께서 제자 중 둘을 보내시며
마가복음,11,2,마가복음 11:2,이르시되 너희 맞은편 마을로 가라 그리로 들어가면 곧 아직 아무 사람도 타 보지 않은 나귀 새끼의 매여 있는 것을 보리니 풀어 끌고 오너라
마가복음,11,3,마가복음 11:3,만일 누가 너희에게 왜 이리 하느냐 묻거든 주가 쓰시겠다 하라 그리하면 즉시 이리로 보내리라 하시니
마가복음,11,4,마가복음 11:4,제자들이 가서 본즉 나귀 새끼가 문 앞 거리에 매여 있는지라 그것을 푸니
마가복음,11,6,마가복음 11:6,제자들이 예수의 이르신 대로 말한대 이에 허락하는지라
마가복음,11,7,마가복음 11:7,나귀 새끼를 예수께로 끌고 와서 자기들의 겉옷을 그 위에 걸쳐두매 예수께서 타시니
마가복음,11,8,마가복음 11:8,많은 사람은 자기 겉옷과 다른 이들은 밭에서 벤 나무가지를 길에 펴며
마가복음,11,9,마가복음 11:9,앞에서 가고 뒤에서 따르는 자들이 소리지르되 호산나 찬송하리로다 주의 이름으로 오시는 이여
마가복음,11,11,마가복음 11:11,예수께서 예루살렘에 이르러 성전에 들어가사 모든 것을 둘러보시고 때가 이미 저물매 열두 제자를 데리시고 베다니에 나가시다
마가복음,11,12,마가복음 11:12,이튿날 저희가 베다니에서 나왔을 때에 예수께서 시장하신지라
마가복음,11,13,마가복음 11:13,멀리서 잎사귀 있는 한 무화과나무를 보시고 혹 그 나무에 무엇이 있을까 하여 가셨더니 가서 보신즉 잎사귀 외에 아무 것도 없더라 이는 무화과의 때가 아님이라
마가복음,11,16,마가복음 11:16,아무나 기구를 가지고 성전 안으로 지나다님을 허치 아니하시고
마가복음,11,19,마가복음 11:19,매양 저물매 저희가 성 밖으로 나가더라
마가복음,11,23,마가복음 11:23,내가 진실로 너희에게 이르노니 누구든지 이 산더러 들리어 바다에 던지우라 하며 그 말하는 것이 이룰 줄 믿고 마음에 의심치 아니하면 그대로 되리라
마가복음,11,24,마가복음 11:24,그러므로 내가 너희에게 말하노니 무엇이든지 기도하고 구하는 것은 받은 줄로 믿으라 그리하면 너희에게 그대로 되리라
마가복음,11,25,마가복음 11:25,서서 기도할 때에 아무에게나 혐의가 있거든 용서하라 그리하여야 하늘에 계신 너희 아버지도 너희 허물을 사하여 주시리라 하셨더라
마가복음,11,29,마가복음 11:29,예수께서 가라사대 나도 한 말을 너희에게 물으리니 대답하라 그리하면 나도 무슨 권세로 이런 일을 하는지 이르리라
마가복음,11,30,마가복음 11:30,요한의 침례가 하늘로서냐 사람에게로서냐 내게 대답하라
마가복음,11,32,마가복음 11:32,그러면 사람에게로서라 할까 하였으나 모든 사람이 요한을 참 선지자로 여기므로 저희가 백성을 무서워하는지라
마가복음,12,1,마가복음 12:1,예수께서 비유로 저희에게 말씀하시되 `한사람이 포도원을 만들고 산울로 두르고 즙 짜는 구유 자리를 파고 망대를 짓고 농부들에게 세로 주고 타국에 갔더니
마가복음,12,2,마가복음 12:2,때가 이르매 농부들에게 포도원 소출 얼마를 받으려고 한 종을 보내니
마가복음,12,10,마가복음 12:10,너희가 성경에 건축자들의 버린 돌이 모퉁이의 머릿돌이 되었나니
마가복음,12,12,마가복음 12:12,저희가 예수의 이 비유는 자기들을 가리켜 말씀하심인 줄 알고 잡고자 하되 무리를 두려워하여 예수를 버려두고 가니라
마가복음,12,15,마가복음 12:15,우리가 바치리이까 ? 말리이까 ?'한대 예수께서 그 외식함을 아시고 이르시되 `어찌하여 나를 시험하느냐 ? 데나리온 하나를 가져다가 내게 보이라' 하시니
마가복음,12,20,마가복음 12:20,칠 형제가 있었는데 맏이 아내를 취하였다가 후사가 없이 죽고
마가복음,12,21,마가복음 12:21,둘째도 그 여자를 취하였다가 후사가 없이 죽고 세째도 그렇게 하여
마가복음,12,22,마가복음 12:22,일곱이 다 후사가 없었고 최후에 여자도 죽었나이다
마가복음,12,23,마가복음 12:23,일곱사람이 다 그를 아내로 취하였으니 부활을 당하여 저희가 살아날 때에 그 중에 뉘 아내가 되리이까 ?'
마가복음,12,24,마가복음 12:24,예수께서 가라사대 `너희가 성경도 하나님의 능력도 알지 못하므로 오해함이 아니냐 ?
마가복음,12,25,마가복음 12:25,사람이 죽은 자 가운데서 살아날 때에는 장가도 아니가고 시집도 아니가고 하늘에 있는 천사들과 같으니라
마가복음,12,27,마가복음 12:27,하나님은 죽은 자의 하나님이 아니요 산 자의 하나님이시라 너희가 크게 오해하였도다' 하시니라
마가복음,12,29,마가복음 12:29,"예수께서 대답하시되 `첫째는 이것이니 이스라엘아 ! 들으라 주, 곧 우리 하나님은 유일한 주시라"
마가복음,12,30,마가복음 12:30,네 마음을 다하고 목숨을 다하고 뜻을 다하고 힘을 다하여 주 너의 하나님을 사랑하라 하신 것이라
마가복음,12,31,마가복음 12:31,둘째는 이것이니 네 이웃을 네몸과 같이 사랑하라 하신 것이라 이에서 더 큰 계명이 없느니라'
마가복음,12,34,마가복음 12:34,예수께서 그 지혜 있게 대답함을 보시고 이르시되 `네가 하나님의 나라에 멀지 않도다' 하시니 그 후에 감히 묻는 자가 없더라
마가복음,12,41,마가복음 12:41,예수께서 연보궤를 대하여 앉으사 무리의 연보 궤에 돈 넣는 것을 보실새 여러 부자는 많이 넣는데
마가복음,12,42,마가복음 12:42,한 가난한 과부는 와서 두 렙돈 곧 한 고드란트를 넣는지라
마가복음,12,43,마가복음 12:43,예수께서 제자들을 불러다가 이르시되 `내가 진실로 너희에게 이르노니 이 가난한 과부는 연보 궤에 넣는 모든 사람보다 많이 넣었도다
마가복음,12,44,마가복음 12:44,저희는 다 그 풍족한 중에서 넣었거니와 이 과부는 그 구차한 중에서 자기 모든 소유 곧 생활비 전부를 넣었느니라' 하셨더라
마가복음,13,4,마가복음 13:4,`우리에게 이르소서 어느 때에 이런 일이 있겠사오며 이 모든 일이 이루려 할 때에 무슨 징조가 있사오리이까 ?'
마가복음,13,5,마가복음 13:5,예수께서 이르시되 `너희가 사람의 미혹을 받지 않도록 주의하라
마가복음,13,7,마가복음 13:7,난리와 난리 소문을 들을 때에 두려워 말라 이런 일이 있어야 하되 끝은 아직 아니니라
마가복음,13,8,마가복음 13:8,민족이 민족을 나라가 나라를 대적하여 일어나겠고 처처에 지진이 있으며 기근이 있으리니 이는 재난의 시작이니라
마가복음,13,9,마가복음 13:9,너희는 스스로 조심하라 사람들이 너희를 공회에 넘겨주겠고 너희를 회당에서 매질하겠으며 나를 인하여 너희가 관장들과 임금들 앞에 서리니 이는 저희에게 증거되려 함이라
마가복음,13,10,마가복음 13:10,또 복음이 먼저 만국에 전파되어야 할 것이니라
마가복음,13,11,마가복음 13:11,사람들이 너희를 끌어다가 넘겨줄 때에 무슨 말을 할까 미리 염려치 말고 무엇이든지 그 시에 너희에게 주시는 그 말을 하라 말하는 이는 너희가 아니요 성령이시니라
마가복음,13,12,마가복음 13:12,형제가 형제를 아비가 자식을 죽는데 내어주며 자식들이 부모를 대적하여 죽게 하리라
마가복음,13,13,마가복음 13:13,또 너희가 내 이름을 인하여 모든 사람에게 미움을 받을 것이나 나중까지 견디는 자는 구원을 얻으리라
마가복음,13,14,마가복음 13:14,멸망의 가증한 것이 서지 못할 곳에 선 것을 보거든 그 때에 유대에 있는 자들은 산으로 도망할지어다
마가복음,13,15,마가복음 13:15,지붕 위에 있는 자는 내려가지도 말고 집에 있는 무엇을 가지러 들어가지도 말며
마가복음,13,16,마가복음 13:16,밭에 있는 자는 겉옷을 가지러 뒤로 돌이키지 말지어다
마가복음,13,17,마가복음 13:17,그 날에는 아이 밴 자들과 젖먹이는 자들에게 화가 있으리로다
마가복음,13,18,마가복음 13:18,이 일이 겨울에 나지 않도록 기도하라
마가복음,13,20,마가복음 13:20,만일 주께서 그날들을 감하지 아니하셨더면 모든 육체가 구원을 얻지 못할 것이어늘 자기의 택하신 백성을 위하여 그 날들을 감하셨느니라
마가복음,13,22,마가복음 13:22,거짓 그리스도들과 거짓 선지자들이 일어나서 이적과 기사를 행하여 할 수만 있으면 택하신 백성을 미혹케 하려 하리라
마가복음,13,23,마가복음 13:23,너희는 삼가라 내가 모든 일을 너희에게 미리 말하였노라
마가복음,13,25,마가복음 13:25,별들이 하늘에서 떨어지며 하늘에 있는 권능들이 흔들리리라
마가복음,13,27,마가복음 13:27,또 그 때에 저가 천사들을 보내어 자기 택하신 자들을 땅 끝으로 부터 하늘 끝까지 사방에서 모으리라
마가복음,13,28,마가복음 13:28,무화과나무의 비유를 배우라 그 가지가 연하여지고 잎사귀를 내면 여름이 가까운 줄을 아나니
마가복음,13,29,마가복음 13:29,이와 같이 너희가 이런 일이 나는 것을 보거든 인자가 가까이 곧 문앞에 이른 줄을 알라
마가복음,13,30,마가복음 13:30,내가 진실로 너희에게 말하노니 이 세대가 지나가기 전에 이 일이 다 이루리라
마가복음,13,31,마가복음 13:31,천지는 없어지겠으나 내 말은 없어지지 아니하리라
마가복음,13,32,마가복음 13:32,그러나 그 날과 그 때는 아무도 모르나니 하늘에 있는 천사들도 아들도 모르고 아버지만 아시느니라
마가복음,13,33,마가복음 13:33,주의하라 깨어 있으라 그 때가 언제인지 알지 못함이니라
마가복음,13,34,마가복음 13:34,가령 사람이 집을 떠나 타국으로 갈 때에 그 종들에게 권한을 주어 각각 사무를 맡기며 문지기에게 깨어 있으라 명함과 같으니
마가복음,13,35,마가복음 13:35,"그러므로 깨어 있으라 집 주인이 언제 올는지 혹 저물 때엘는지, 밤중엘는지, 닭 울 때엘는지, 새벽엘는지, 너희가 알지 못함이라"
마가복음,13,37,마가복음 13:37,깨어 있으라 내가 너희에게 하는 이 말이 모든 사람에게 하는 말이니라' 하시니라
마가복음,14,5,마가복음 14:5,이 향유를 삼백 데나리온 이상에 팔아 가난한 자들에게 줄 수 있었겠도다' 하며 그 여자를 책망하는지라
마가복음,14,6,마가복음 14:6,예수께서 가라사대 `가만 두어라 너희가 어찌하여 저를 괴롭게 하느냐 저가 내게 좋은 일을 하였느니라
마가복음,14,7,마가복음 14:7,가난한 자들은 항상 너희와 함께 있으니 아무 때라도 원하는 대로 도울 수 있거니와 나는 너희와 항상 함께 있지 아니하리라
마가복음,14,9,마가복음 14:9,내가 진실로 너희에게 이르노니 온 천하에 어디서든지 복음이 전파되는 곳에는 이 여자의 행한 일도 말하여 저를 기념하리라' 하시니라
마가복음,14,13,마가복음 14:13,예수께서 제자 중에 둘을 보내시며 가라사대 `성내로 들어가라 그리하면 물 한 동이를 가지고 가는 사람을 만나리니 그를 따라 가서
마가복음,14,17,마가복음 14:17,저물매 그 열 둘을 데리시고 와서
마가복음,14,18,마가복음 14:18,다 앉아 먹을 때에 예수께서 가라사대 `내가 진실로 너희에게 이르노니 너희 중에 한사람 곧 나와 함께 먹는 자가 나를 팔리라' 하신대
마가복음,14,20,마가복음 14:20,이르시되 `열 둘 중 하나 곧 나와 함께 그릇에 손을 넣는 자니라
마가복음,14,22,마가복음 14:22,저희가 먹을 때에 예수께서 떡을 가지사 축복하시고 떼어 제자들에게 주시며 가라사대 `받으라 이것이 내 몸이니라' 하시고
마가복음,14,23,마가복음 14:23,또 잔을 가지사 사례하시고 저희에게 주시니 다 이를 마시매
마가복음,14,24,마가복음 14:24,가라사대 `이것은 많은 사람을 위하여 흘리는바 나의 피 곧 언약의 피니라
마가복음,14,25,마가복음 14:25,진실로 너희에게 이르노니 내가 포도나무에서 난 것을 하나님 나라에서 새 것으로 마시는 날까지 다시 마시지 아니하리라' 하시니라
마가복음,14,32,마가복음 14:32,저희가 겟세마네라 하는 곳에 이르매 예수께서 제자들에게 이르시되 나의 기도할 동안에 너희는 여기 앉았으라 하시고
마가복음,14,36,마가복음 14:36,"가라사대 `아바, 아버지여 ! 아버지께는 모든 것이 가능하오니 이 잔을 내게서 옮기시옵소서 그러나 나의 원대로 마옵시고 아버지의 원대로 하옵소서' 하시고"
마가복음,14,38,마가복음 14:38,시험에 들지 않게 깨어 있어 기도하라 ! 마음에는 원이로되 육신이 약하도다' 하시고
마가복음,14,39,마가복음 14:39,다시 나아가 동일한 말씀으로 기도하시고
마가복음,14,42,마가복음 14:42,일어나라 함께 가자 보라 나를 파는 자가 가까이 왔느니라'
마가복음,14,59,마가복음 14:59,오히려 그 증거도 서로 합하지 않더라
마가복음,14,62,마가복음 14:62,예수께서 이르시되 `내가 그니라 ! 인자가 권능자의 우편에 앉은 것과 하늘 구름을 타고 오는 것을 너희가 보리라' 하시니
마가복음,15,6,마가복음 15:6,명절을 당하면 백성의 구하는 대로 죄수 하나를 놓아 주는 전례가 있더니
마가복음,15,8,마가복음 15:8,무리가 나아가서 전례대로 하여주기를 구한대
마가복음,15,16,마가복음 15:16,군병들이 예수를 끌고 브라이도리온이라는 뜰 안으로 들어가서 온 군대를 모으고
마가복음,15,21,마가복음 15:21,마침 알렉산더와 루포의 아비인 구레네 사람 시몬이 시골로서 와서 지나가는데 저희가 그를 억지로 같이 가게 하여 예수의 십자가를 지우고
마가복음,15,23,마가복음 15:23,몰약을 탄 포도주를 주었으나 예수께서 받지 아니하시니라
마가복음,15,26,마가복음 15:26,그 위에 있는 죄패에 유대인의 왕이라 썼고
마가복음,15,40,마가복음 15:40,멀리서 바라보는 여자들도 있는데 그 중에 막달라 마리아와 또 작은 야고보와 요세의 어머니 마리아와 또 살로메가 있었으니
마가복음,15,42,마가복음 15:42,이 날은 예비일 곧 안식일 전날이므로 저물었을 때에
마가복음,15,47,마가복음 15:47,때에 막달라 마리아와 요세의 어머니 마리아가 예수 둔 곳을 보더라
마가복음,16,1,마가복음 16:1,안식일이 지나매 막달라 마리아와 야고보의 어머니 마리아와 또 살로메가 가서 예수께 바르기 위하여 향품을 사다 두었다가
마가복음,16,2,마가복음 16:2,안식 후 첫날 매우 일찌기 해 돋은 때에 그 무덤으로 가며
마가복음,16,4,마가복음 16:4,눈을 들어 본즉 돌이 벌써 굴려졌으니 그 돌이 심히 크더라
마가복음,16,5,마가복음 16:5,무덤에 들어가서 흰 옷을 입은 한 청년이 우편에 앉은 것을 보고 놀라매
마가복음,16,9,마가복음 16:9,(예수께서 안식 후 첫날 이른 아침에 살아나신 후 전에 일곱 귀신을 쫓아 내어 주신 막달라 마리아에게 먼저 보이시니
마가복음,16,10,마가복음 16:10,마리아가 가서 예수와 함께 하던 사람들의 슬퍼하며 울고 있는 중에 이 일을 고하매
마가복음,16,11,마가복음 16:11,그들은 예수의 살으셨다는 것과 마리아에게 보이셨다는 것을 듣고도 믿지 아니하니라
마가복음,16,12,마가복음 16:12,그 후에 저희 중 두사람이 걸어서 시골로 갈 때에 예수께서 다른 모양으로 저희에게 나타나시니
마가복음,16,13,마가복음 16:13,두사람이 가서 남은 제자들에게 고하였으되 역시 믿지 아니하니라
마가복음,16,14,마가복음 16:14,그 후에 열 한 제자가 음식 먹을 때에 예수께서 저희에게 나타나사 저희의 믿음 없는 것과 마음이 완악한 것을 꾸짖으시니 이는 자기의 살아난 것을 본 자들의 말을 믿지 아니함일러라
마가복음,16,15,마가복음 16:15,또 가라사대 `너희는 온 천하에 다니며 만민에게 복음을 전파하라
마가복음,16,16,마가복음 16:16,믿고 세례를 받는 사람은 구원을 얻을 것이요 믿지 않는 사람은 정죄를 받으리라
마가복음,16,19,마가복음 16:19,주 예수께서 말씀을 마치신 후에 하늘로 올리우사 하나님 우편에 앉으시니라
마가복음,16,20,마가복음 16:20,제자들이 나가 두루 전파할새 주께서 함께 역사하사 그 따르는 표적으로 말씀을 확실히 증거하시니라)
누가복음,1,1,누가복음 1:1,우리 중에 이루어진 사실에 대하여
누가복음,1,2,누가복음 1:2,처음부터 말씀의 목격자 되고 일군 된 자들의 전하여 준 그대로 내력을 저술하려고 붓을 든 사람이 많은지라
누가복음,1,3,누가복음 1:3,그 모든 일을 근원부터 자세히 미루어 살핀 나도 데오빌로 각하에게 차례대로 써 보내는 것이 좋은 줄 알았노니
누가복음,1,10,누가복음 1:10,모든 백성은 그 분향하는 시간에 밖에서 기도하더니
누가복음,1,11,누가복음 1:11,주의 사자가 저에게 나타나 향단 우편에 선지라
누가복음,1,12,누가복음 1:12,사가랴가 보고 놀라며 무서워하니
누가복음,1,14,누가복음 1:14,너도 기뻐하고 즐거워할 것이요 많은 사람도 그의 남을 기뻐하리니
누가복음,1,16,누가복음 1:16,이스라엘 자손을 주 곧 저희 하나님께로 많이 돌아오게 하겠음이니라
누가복음,1,21,누가복음 1:21,백성들이 사가랴를 기다리며 그의 성소 안에서 지체함을 기이히 여기더니
누가복음,1,23,누가복음 1:23,그 직무의 날이 다 되매 집으로 돌아가니라
누가복음,1,29,누가복음 1:29,처녀가 그 말을 듣고 놀라 이런 인사가 어찌함인고 생각하매
누가복음,1,31,누가복음 1:31,보라 네가 수태하여 아들을 낳으리니 그 이름을 예수라 하라
누가복음,1,33,누가복음 1:33,영원히 야곱의 집에 왕노릇하실 것이며 그 나라가 무궁하리라'
누가복음,1,37,누가복음 1:37,대저 하나님의 모든 말씀은 능치 못하심이 없느니라 !'
누가복음,1,39,누가복음 1:39,이 때에 마리아가 일어나 빨리 산중에 가서 유대 한 동네에 이르러
누가복음,1,43,누가복음 1:43,내 주의 모친이 내게 나아오니 이 어찌 된 일인고
누가복음,1,44,누가복음 1:44,보라 네 문안하는 소리가 내 귀에 들릴 때에 아이가 내 복중에서 기쁨으로 뛰놀았도다
누가복음,1,45,누가복음 1:45,믿은 여자에게 복이 있도다 주께서 그에게 하신 말씀이 반드시 이루리라'
누가복음,1,47,누가복음 1:47,`내 마음이 하나님 내 구주를 기뻐하였음은
누가복음,1,49,누가복음 1:49,능하신 이가 큰 일을 내게 행하셨으니 그 이름이 거룩하시며
누가복음,1,50,누가복음 1:50,긍휼하심이 두려워하는 자에게 대대로 이르는도다
누가복음,1,52,누가복음 1:52,권세있는 자를 그 위에서 내리치셨으며 비천한 자를 높이셨고
누가복음,1,53,누가복음 1:53,주리는 자를 좋은 것으로 배불리셨으며 부자를 공수로 보내셨도다
누가복음,1,56,누가복음 1:56,마리아가 석 달쯤 함께 있다가 집으로 돌아 가니라
누가복음,1,65,누가복음 1:65,그 근처에 사는 자가 다 두려워하고 이 모든 말이 온 유대 산중에 두루 퍼지매
누가복음,1,68,누가복음 1:68,`찬송하리로다 주 이스라엘의 하나님이여 그 백성을 돌아보사 속량하시며
누가복음,1,70,누가복음 1:70,이것은 주께서 예로부터 거룩한 선지자의 입으로 말씀하신 바와 같이
누가복음,1,71,누가복음 1:71,우리 원수에게서와 우리를 미워하는 모든 자의 손에서 구원하시는 구원이라
누가복음,1,72,누가복음 1:72,우리 조상을 긍휼히 여기시며 그 거룩한 언약을 기억하셨으니
누가복음,1,74,누가복음 1:74,우리로 원수의 손에서 건지심을 입고
누가복음,1,75,누가복음 1:75,종신토록 주의 앞에서 성결과 의로 두려움이 없이 섬기게 하리라 하셨도다
누가복음,1,76,누가복음 1:76,이 아이여 네가 지극히 높으신 이의 선지자라 일컬음을 받고 주앞에 앞서 가서 그 길을 예비하여
누가복음,1,77,누가복음 1:77,주의 백성에게 그 죄 사함으로 말미암는 구원을 알게 하리니
누가복음,1,79,누가복음 1:79,어두움과 죽음의 그늘에 앉은 자에게 비취고 우리 발을 평강의 길로 인도하시리로다' 하니라
누가복음,1,80,누가복음 1:80,아이가 자라며 심령이 강하여지며 이스라엘에게 나타나는 날까지 빈 들에 있으니라
누가복음,2,1,누가복음 2:1,이때에 가이사 아구스도가 영을 내려 천하로 다 호적하라 하였으니
누가복음,2,2,누가복음 2:2,이 호적은 구레뇨가 수리아 총독 되었을때에 첫번 한 것이라
누가복음,2,3,누가복음 2:3,모든 사람이 호적하러 각각 고향으로 돌아가매
누가복음,2,6,누가복음 2:6,거기 있을 그 때에 해산할 날이 차서
누가복음,2,7,누가복음 2:7,맏아들을 낳아 강보로 싸서 구유에 뉘었으니 이는 사관에 있을 곳이 없음이러라
누가복음,2,8,누가복음 2:8,그 지경에 목자들이 밖에서 밤에 자기 양떼를 지키더니
누가복음,2,9,누가복음 2:9,주의 사자가 곁에 서고 주의 영광이 저희를 두루 비취매 크게 무서워 하는지라
누가복음,2,12,누가복음 2:12,너희가 가서 강보에 싸여 구유에 누인 아기를 보리니 이것이 너희에게 표적이니라' 하더니
누가복음,2,14,누가복음 2:14,`지극히 높은 곳에서는 하나님께 영광이요 땅에서는 기뻐하심을 입은 사람들 중에 평화로다' 하니라
누가복음,2,17,누가복음 2:17,보고 천사가 자기들에게 이 아기에 대하여 말한 것을 고하니
누가복음,2,18,누가복음 2:18,듣는 자가 다 목자의 말하는 일을 기이히 여기되
누가복음,2,19,누가복음 2:19,마리아는 이 모든 말을 마음에 지키어 생각하니라
누가복음,2,20,누가복음 2:20,목자가 자기들에게 이르던 바와 같이 듣고 본 그 모든 것을 인하여 하나님께 영광을 돌리고 찬송하며 돌아가니라
누가복음,2,25,누가복음 2:25,예루살렘에 시므온이라 하는 사람이 있으니 이 사람이 의롭고 경건하여 이스라엘의 위로를 기다리는 자라 성령이 그 위에 계시더라
누가복음,2,26,누가복음 2:26,저가 주의 그리스도를 보기 전에 죽지 아니하리라 하는 성령의 지시를 받았더니
누가복음,2,27,누가복음 2:27,성령의 감동으로 성전에 들어가매 마침 부모가 율법의 전례대로 행하고자 하여 그 아기 예수를 데리고 오는지라
누가복음,2,29,누가복음 2:29,`주재여 이제는 말씀하신 대로 종을 평안히 놓아 주시는도다
누가복음,2,30,누가복음 2:30,내 눈이 주의 구원을 보았사오니
누가복음,2,32,누가복음 2:32,이방을 비추는 빛이요 주의 백성 이스라엘의 영광이니이다' 하니
누가복음,2,33,누가복음 2:33,그 부모가 그 아기에 대한 말들을 기이히 여기더라
누가복음,2,36,누가복음 2:36,또 아셀 지파 바누엘의 딸 안나라 하는 선지자가 있어 나이 매우 늙었더라 그가 출가한 후 일곱 해 동안 남편과 함께 살다가
누가복음,2,37,누가복음 2:37,과부 된 지 팔십사년이라 이 사람이 성전을 떠나지 아니하고 주야에 금식하며 기도함으로 섬기더니
누가복음,2,38,누가복음 2:38,마침 이 때에 나아와서 하나님께 감사하고 예루살렘의 구속됨을 바라는 모든 사람에게 이 아기에 대하여 말하니라
누가복음,2,42,누가복음 2:42,예수께서 열 두 살 될 때에 저희가 이 절기의 전례를 좇아 올라 갔다가
누가복음,2,43,누가복음 2:43,그 날들을 마치고 돌아갈 때에 아이 예수는 예루살렘에 머무셨더라 그 부모는 이를 알지 못하고
누가복음,2,44,누가복음 2:44,동행 중에 있는 줄로 생각하고 하룻길을 간 후 친족과 아는 자 중에서 찾되
누가복음,2,45,누가복음 2:45,만나지 못하매 찾으면서 예루살렘에 돌아갔더니
누가복음,2,46,누가복음 2:46,사흘 후에 성전에서 만난즉 그가 선생들 중에 앉으사 저희에게 듣기도 하시며 묻기도 하시니
누가복음,2,47,누가복음 2:47,듣는 자가 다 그 지혜와 대답을 기이히 여기더라
누가복음,2,49,누가복음 2:49,예수께서 가라사대 `어찌하여 나를 찾으셨나이까 ? 내가 내 아버지 집에 있어야 될 줄을 알지 못하셨나이까 ?' 하시니
누가복음,2,52,누가복음 2:52,예수는 그 지혜와 그 키가 자라가며 하나님과 사람에게 더 사랑스러워 가시더라
누가복음,3,5,누가복음 3:5,모든 골짜기가 메워지고 모든 산과 작은 산이 낮아지고 굽은 것이 곧아지고 험한 길이 평탄하여 질 것이요
누가복음,3,6,누가복음 3:6,모든 육체가 하나님의 구원하심을 보리라 함과 같으니라
누가복음,3,15,누가복음 3:15,백성들이 바라고 기다리므로 모든 사람들이 요한을 혹 그리스도신가 심중에 의논하니
누가복음,3,18,누가복음 3:18,또 기타 여러가지로 권하여 백성에게 좋은 소식을 전하였으나
누가복음,3,21,누가복음 3:21,백성이 다 세례를 받을새 예수도 세례를 받으시고 기도하실 때에 하늘이 열리며
누가복음,3,22,누가복음 3:22,성령이 형체로 비둘기같이 그의 위에 강림하시더니 하늘로서 소리가 나기를 `너는 내 사랑하는 아들이라 내가 너를 기뻐하노라' 하시니라
누가복음,4,4,누가복음 4:4,예수께서 대답하시되 `기록하기를 사람이 떡으로만 살 것이 아니라 하였느니라'
누가복음,4,10,누가복음 4:10,기록하였으되 하나님이 너를 위하여 그 사자들을 명하사 너를 지키게 하시리라 하였고
누가복음,4,11,누가복음 4:11,또한 저희가 손으로 너를 받들어 네 발이 돌에 부딪히지 않게 하시리라 하였느니라'
누가복음,4,15,누가복음 4:15,친히 그 여러 회당에서 가르치시매 뭇 사람에게 칭송을 받으시더라
누가복음,4,17,누가복음 4:17,선지자 이사야의 글을 드리거늘 책을 펴서 이렇게 기록한 데를 찾으시니 곧
누가복음,4,18,누가복음 4:18,주의 성령이 내게 임하셨으니 이는 가난한 자에게 복음을 전하게 하시려고 내게 기름을 부으시고 나를 보내사 포로된 자에게 자유를 눈먼 자에게 다시보게 함을 전파하며 눌린 자를 자유케 하고
누가복음,4,20,누가복음 4:20,책을 덮어 그 맡은 자에게 주시고 앉으시니 회당에 있는 자들이 다 주목하여 보더라
누가복음,4,24,누가복음 4:24,또 가라사대 `내가 진실로 너희에게 이르노니 선지자가 고향에서 환영을 받는 자가 없느니라
누가복음,4,30,누가복음 4:30,예수께서 저희 가운데로 지나서 가시니라
누가복음,4,35,누가복음 4:35,예수께서 꾸짖어 가라사대 `잠잠하고 그 사람에게서 나오라' 하시니 귀신이 그 사람을 무리 중에 넘어 뜨리고 나오되 그 사람은 상하지 아니한지라
누가복음,4,38,누가복음 4:38,예수께서 일어나 회당에서 나가사 시몬의 집에 들어가시니 시몬의 장모가 중한 열병에 붙들린지라 사람이 저를 위하여 예수께 구하니
누가복음,4,39,누가복음 4:39,예수께서 가까이 서서 열병을 꾸짖으신대 병이 떠나고 여자가 곧 일어나 저희에게 수종드니라
누가복음,4,40,누가복음 4:40,해 질 적에 각색 병으로 앓는 자 있는 사람들이 다 병인을 데리고 나아오매 예수께서 일일이 그 위에 손을 얹으사 고치시니
누가복음,4,42,누가복음 4:42,날이 밝으매 예수께서 나오사 한적한 곳에 가시니 무리가 찾다가 만나서 자기들에게 떠나시지 못하게 만류하려 하매
누가복음,4,43,누가복음 4:43,예수께서 이르시되 `내가 다른 동네에서도 하나님의 나라 복음을 전하여야 하리니 나는 이 일로 보내심을 입었노라' 하시고
누가복음,5,1,누가복음 5:1,무리가 옹위하여 하나님의 말씀을 들을새 예수는 게네사렛 호숫가에 서서
누가복음,5,2,누가복음 5:2,호숫가에 두 배가 있는 것을 보시니 어부들은 배에서 나와서 그물을 씻는지라
누가복음,5,3,누가복음 5:3,예수께서 한 배에 오르시니 그 배는 시몬의 배라 육지에서 조금 떼기를 청하시고 앉으사 배에서 무리를 가르치시더니
누가복음,5,4,누가복음 5:4,말씀을 마치시고 시몬에게 이르시되 `깊은 데로 가서 그물을 내려 고기를 잡으라'
누가복음,5,6,누가복음 5:6,그리한즉 고기를 에운 것이 심히 많아 그물이 찢어지는지라
누가복음,5,10,누가복음 5:10,세베대의 아들로서 시몬의 동업자인 야고보와 요한도 놀랐음이라 예수께서 시몬에게 일러 가라사대 `무서워 말라 이제 후로는 네가 사람을 취하리라' 하시니
누가복음,5,11,누가복음 5:11,저희가 배들을 육지에 대고 모든 것을 버려두고 예수를 좇으니라
누가복음,5,13,누가복음 5:13,예수께서 손을 내밀어 저에게 대시며 가라사대 `내가 원하노니 깨끗함을 받으라 !' 하신대 문둥병이 곧 떠나니라
누가복음,5,15,누가복음 5:15,예수의 소문이 더욱 퍼지매 허다한 무리가 말씀도 듣고 자기 병도 나음을 얻고자 하여 모여 오되
누가복음,5,16,누가복음 5:16,예수는 물러가사 한적한 곳에서 기도하시니라
누가복음,5,18,누가복음 5:18,한 중풍병자를 사람들이 침상에 메고 와서 예수 앞에 들여 놓고자 하였으나
누가복음,5,19,누가복음 5:19,무리 때문에 메고 들어갈 길을 얻지 못한지라 지붕에 올라가 기와를 벗기고 병자를 침상채 무리 가운데로 예수 앞에 달아 내리니
누가복음,5,20,누가복음 5:20,예수께서 저희 믿음을 보시고 이르시되 `이 사람아 네 죄 사함을 받았느니라' 하시니
누가복음,5,23,누가복음 5:23,제 죄 사함을 받았느니라 하는 말과 일어나 걸어 가라 하는 말이 어느 것이 쉽겠느냐 ?
누가복음,5,24,누가복음 5:24,그러나 인자가 땅에서 죄를 사하는 권세가 있는 줄을 너희로 알게 하리라' 하시고 중풍병자에게 말씀하시되 `내가 네게 이르노니 일어나 네 침상을 가지고 집으로 가라' 하시매
누가복음,5,25,누가복음 5:25,그 사람이 저희 앞에서 곧 일어나 누웠던 것을 가지고 하나님께 영광을 돌리며 자기 집으로 돌아가니
누가복음,5,27,누가복음 5:27,그 후에 나가사 레위라 하는 세리가 세관에 앉은 것을 보시고 `나를 좇으라 !' 하시니
누가복음,5,29,누가복음 5:29,레위가 예수를 위하여 자기 집에서 큰 잔치를 하니 세리와 다른 사람이 많이 함께 앉았는지라
누가복음,5,32,누가복음 5:32,내가 의인을 부르러 온 것이 아니요 죄인을 불러 회개시키러 왔노라'
누가복음,5,34,누가복음 5:34,예수께서 저희에게 이르시되 `혼인집 손님들이 신랑과 함께 있을 때에 너희가 그 손님으로 금식하게 할 수 있느뇨 ?
누가복음,5,35,누가복음 5:35,그러나 그 날에 이르러 저희가 신랑을 빼앗기리니 그 날에는 금식할 것이니라'
누가복음,5,36,누가복음 5:36,또 비유하여 이르시되 `새 옷에서 한 조각을 찢어 낡은 옷에 붙이는 자가 없나니 만일 그렇게 하면 새 옷을 찢을 뿐이요 또 새 옷에서 찢은 조각이 낡은 것에 합하지 아니하리라
누가복음,5,37,누가복음 5:37,새 포도주를 낡은 가죽 부대에 넣는 자가 없나니 만일 그렇게 하면 새 포도주가 부대를 터뜨려 포도주가 쏟아지고 부대도 버리게 되리라
누가복음,5,38,누가복음 5:38,새 포도주는 새 부대에 넣어야 할 것이니라
누가복음,5,39,누가복음 5:39,묵은 포도주를 마시고 새 것을 원하는 자가 없나니 이는 묵은 것이 좋다 함이니라'
누가복음,6,6,누가복음 6:6,또 다른 안식일에 예수께서 회당에 들어가사 가르치실새 거기 오른손 마른 사람이 있는지라
누가복음,6,7,누가복음 6:7,서기관과 바리새인들이 예수를 송사할 빙거를 찾으려 하여 안식일에 병 고치시는가 엿보니
누가복음,6,8,누가복음 6:8,예수께서 저희 생각을 아시고 손마른 사람에게 이르시되 `일어나 한가운데 서라' 하시니 저가 일어나 서거늘
누가복음,6,9,누가복음 6:9,예수께서 저희에게 이르시되 `내가 너희에게 묻노니 안식일에 선을 행하는 것과 악을 행하는 것 생명을 구하는 것과 멸하는 것 어느 것이 옳으냐 ?' 하시며
누가복음,6,10,누가복음 6:10,무리를 둘러 보시고 그 사람에게 이르시되 `네 손을 내밀라' 하시니 저가 그리하매 그 손이 회복된지라
누가복음,6,11,누가복음 6:11,저희는 분기가 가득하여 예수를 어떻게 처치할 것을 서로 의논하니라
누가복음,6,12,누가복음 6:12,이 때에 예수께서 기도하시러 산으로 가사 밤이 맞도록 하나님께 기도하시고
누가복음,6,13,누가복음 6:13,밝으매 그 제자들을 부르사 그 중에서 열 둘을 택하여 사도라 칭하셨으니
누가복음,6,18,누가복음 6:18,더러운 귀신에게 고난 받는 자들도 고침을 얻은지라
누가복음,6,19,누가복음 6:19,온 무리가 예수를 만지려고 힘쓰니 이는 능력이 예수께로 나서 모든 사람을 낫게 함이러라
누가복음,6,20,누가복음 6:20,예수께서 눈을 들어 제자들을 보시고 가라사대 `가난한 자는 복이 있나니 하나님의 나라가 너희 것임이요
누가복음,6,21,누가복음 6:21,이제 주린 자는 복이 있나니 너희가 배부름을 얻을 것임이요 이제 우는 자는 복이 있나니 너희가 웃을 것임이요
누가복음,6,22,누가복음 6:22,인자를 인하여 사람들이 너희를 미워하며 멀리하고 욕하고 너희 이름을 악하다 하여 버릴 때에는 너희에게 복이 있도다
누가복음,6,24,누가복음 6:24,그러나 화 있을진저 너희 부요한 자여 너희는 너희의 위로를 이미 받았도다
누가복음,6,25,누가복음 6:25,화 있을진저 너희 이제 배부른 자여 너희는 주리리로다 화 있을진저 너희 이제 웃는 자여 너희가 애통하며 울리로다
누가복음,6,26,누가복음 6:26,모든 사람이 너희를 칭찬하면 화가 있도다 저희 조상들이 거짓 선지자들에게 이와 같이 하였느니라
누가복음,6,28,누가복음 6:28,너희를 저주하는 자를 위하여 축복하며 너희를 모욕하는 자를 위하여 기도하라
누가복음,6,29,누가복음 6:29,네 이 뺨을 치는 자에게 저 뺨도 돌려 대며 네 겉옷을 빼앗는 자에게 속옷도 금하지 말라
누가복음,6,30,누가복음 6:30,무릇 네게 구하는 자에게 주며 네 것을 가져가는 자에게 다시 달라 하지 말며
누가복음,6,31,누가복음 6:31,남에게 대접을 받고자 하는 대로 너희도 남을 대접하라
누가복음,6,32,누가복음 6:32,너희가 만일 너희를 사랑하는자를 사랑하면 칭찬 받을 것이 무엇이뇨 죄인들도 사랑하는 자를 사랑하느니라
누가복음,6,33,누가복음 6:33,너희가 만일 선대하는 자를 선대하면 칭찬 받을 것이 무엇이뇨 죄인들도 이렇게 하느니라
누가복음,6,34,누가복음 6:34,너희가 받기를 바라고 사람들에게 빌리면 칭찬 받을 것이 무엇이뇨 죄인들도 의수히 받고자 하여 죄인에게 빌리느니라
누가복음,6,35,누가복음 6:35,오직 너희는 원수를 사랑하고 선대하며 아무 것도 바라지 말고 빌리라 그리하면 너희 상이 클 것이요 또 지극히 높으신 이의 아들이 되리니 그는 은혜를 모르는 자와 악한 자에게도 인자로우시니라
누가복음,6,36,누가복음 6:36,너희 아버지의 자비하심같이 너희도 자비하라
누가복음,6,37,누가복음 6:37,비판치 말라 그리하면 너희가 비판을 받지 않을 것이요 정죄하지말라 그리하면 너희가 정죄를 받지 않을 것이요 용서하라 그리하면 너희가 용서를 받을 것이요
누가복음,6,38,누가복음 6:38,주라 그리하면 너희에게 줄 것이니 곧 후히 되어 누르고 흔들어 넘치도록 하여 너희에게 안겨 주리라 너희의 헤아리는 그 헤아림으로 너희도 헤아림을 도로 받을 것이니라'
누가복음,6,40,누가복음 6:40,제자가 그 선생보다 높지 못하나 무릇 온전케 된 자는 그 선생과 같으리라
누가복음,6,41,누가복음 6:41,어찌하여 형제의 눈 속에 있는 티는 보고 네 눈 속에 있는 들보는 깨닫지 못하느냐 ?
누가복음,6,43,누가복음 6:43,못된 열매 맺는 좋은 나무가 없고 또 좋은 열매 맺는 못된 나무가 없느니라
누가복음,6,44,누가복음 6:44,"나무는 각각 그 열매로 아나니 가시나무에서 무화과를, 또는 찔레에서 포도를 따지 못하느니라"
누가복음,6,45,누가복음 6:45,선한 사람은 마음의 쌓은 선에서 선을 내고 악한 자는 그 쌓은 악에서 악을 내나니 이는 마음에 가득한 것을 입으로 말함이니라
누가복음,6,46,누가복음 6:46,"너희는 나를 불러 주여, 주여 하면서도 어찌하여 나의 말하는 것을 행치 아니하느냐 ?"
누가복음,6,47,누가복음 6:47,내게 나아와 내 말을 듣고 행하는 자마다 누구와 같은 것을 너희에게 보이리라
누가복음,7,2,누가복음 7:2,어떤 백부장의 사랑하는 종이 병들어 죽게 되었더니
누가복음,7,3,누가복음 7:3,예수의 소문을 듣고 유대인의 장로 몇을 보내어 오셔서 그 종을 구원 하시기를 청한지라
누가복음,7,7,누가복음 7:7,그러므로 내가 주께 나아가기도 감당치 못할 줄을 알았나이다 말씀만 하사 내 하인을 낫게 하소서
누가복음,7,8,누가복음 7:8,저도 남의 수하에 든 사람이요 제 아래에도 군병이 있으니 이더러 가라 하면 가고 저더러 오라 하면 오고 제 종더러 이것을 하라 하면 하나이다'
누가복음,7,10,누가복음 7:10,보내었던 사람들이 집으로 돌아가 보매 종이 이미 강건하여졌더라
누가복음,7,11,누가복음 7:11,그 후에 예수께서 나인이란 성으로 가실새 제자와 허다한 무리가 동행하더니
누가복음,7,12,누가복음 7:12,성문에 가까이 오실 때에 사람들이 한 죽은 자를 메고 나오니 이는 그 어미의 독자요 어미는 과부라 그 성의 많은 사람도 그와 함께 나오거늘
누가복음,7,13,누가복음 7:13,주께서 과부를 보시고 불쌍히 여기사 `울지 말라' 하시고
누가복음,7,14,누가복음 7:14,"가까이 오사 그 관에 손을 대시니 멘 자들이 서는지라 예수께서 가라사대 `청년아, 내가 네게 말하노니 일어나라 ! 하시매"
누가복음,7,15,누가복음 7:15,죽었던 자가 일어앉고 말도 하거늘 예수께서 그를 어미에게 주신대
누가복음,7,17,누가복음 7:17,예수께 대한 이 소문이 온 유대와 사방에 두루 퍼지니라
누가복음,7,18,누가복음 7:18,요한의 제자들이 이 모든 일을 그에게 고하니
누가복음,7,23,누가복음 7:23,누구든지 나를 인하여 실족치 아니하는 자는 복이 있도다' 하시니라
누가복음,7,24,누가복음 7:24,요한의 보낸 자가 떠난 후에 예수께서 무리에게 요한에 대하여 말씀하시되 `너희가 무엇을 보려고 광야에 나갔더냐 ? 바람에 흔들리는 갈대냐 ?
누가복음,7,25,누가복음 7:25,그러면 너희가 무엇을 보려고 나갔더냐 ? 부드러운 옷 입은 사람이냐 ? 보라 화려한 옷 입고 사치하게 지내는 자는 왕궁에 있느니라
누가복음,7,26,누가복음 7:26,"그러면 너희가 무엇을 보려고 나갔더냐 ? 선지자냐 ? 옳다, 내가 너희에게 이르노니 선지자보다도 나은 자니라"
누가복음,7,27,누가복음 7:27,기록된 바 보라 내가 내 사자를 네 앞에 보내노니 그가 네 앞에서 네 길을 예비하리라 한 것이 이 사람에 대한 말씀이라
누가복음,7,28,누가복음 7:28,내가 너희에게 말하노니 여자가 낳은 자 중에 요한보다 큰 이가 없도다 그러나 하나님의 나라에서는 극히 작은 자라도 저보다 크니라' 하시니
누가복음,7,30,누가복음 7:30,오직 바리새인과 율법사들은 그 세례를 받지 아니한지라 스스로 하나님의 뜻을 저버리니다
누가복음,7,31,누가복음 7:31,또 가라사대 `이 세대의 사람을 무엇으로 비유할꼬 무엇과 같은고
누가복음,7,33,누가복음 7:33,세례 요한이 와서 떡도 먹지 아니하며 포도주도 마시지 아니하매 너희 말이 귀신이 들렸다 하더니
누가복음,7,34,누가복음 7:34,인자는 와서 먹고 마시매 너희 말이 보라 먹기를 탐하고 포도주를 즐기는 사람이요 세리와 죄인의 친구로다 하니
누가복음,7,35,누가복음 7:35,지혜는 자기의 모든 자녀로 인하여 옳다 함을 얻느니라'
누가복음,7,36,누가복음 7:36,한 바리새인이 예수께 자기와 함께 잡수기를 청하니 이에 바리새인의 집에 들어가 앉으셨을 때에
누가복음,7,37,누가복음 7:37,그 동네에 죄인인 한 여자가 있어 예수께서 바리새인의 집에 앉으셨음을 알고 향유 담은 옥합을 가지고 와서
누가복음,7,38,누가복음 7:38,예수의 뒤로 그 발 곁에 서서 울며 눈물로 그 발을 적시고 자기 머리털로 씻고 그 발에 입맞추고 향유를 부으니
누가복음,7,41,누가복음 7:41,가라사대 `빚 주는 사람에게 빚진 자가 둘이 있어 하나는 오백 데나리온을 졌고 하나는 오십 데나리온을 졌는데
누가복음,7,42,누가복음 7:42,갚을 것이 없으므로 둘 다 탕감하여 주었으니 둘 중에 누가 저를 더 사랑하겠느냐 ?'
누가복음,7,44,누가복음 7:44,여자를 돌아보시며 시몬에게 이르시되 `이 여자를 보느냐 ? 내가 네 집에 들어오매 너는 내게 발 씻을 물도 주지 아니하였으되 이 여자는 눈물로 내 발을 적시고 그 머리털로 씻었으며
누가복음,7,45,누가복음 7:45,너는 내게 입맞추지 아니하였으되 저는 내가 들어올 때로부터 내 발에 입맞추기를 그치지 아니하였으며
누가복음,7,46,누가복음 7:46,너는 내 머리에 감람유도 붓지 아니하였으되 저는 향유를 내 발에 부었느니라
누가복음,7,50,누가복음 7:50,예수께서 여자에게 이르시되 `네 믿음이 너를 구원하였으니 평안히 가라 !' 하시니라
누가복음,8,1,누가복음 8:1,이후에 예수께서 각 성과 촌에 두루 다니시며 하나님의 나라를 반포하시며 그 복음을 전하실새 열 두 제자가 함께 하였고
누가복음,8,5,누가복음 8:5,`씨를 뿌리는 자가 그 씨를 뿌리러 나가서 뿌릴새 더러는 길 가에 떨어지매 밟히며 공중의 새들이 먹어버렸고
누가복음,8,6,누가복음 8:6,더러는 바위 위에 떨어지매 났다가 습기가 없으므로 말랐고
누가복음,8,7,누가복음 8:7,더러는 가시 떨기 속에 떨어지매 가시가 함께 자라서 기운을 막았고
누가복음,8,8,누가복음 8:8,더러는 좋은 땅에 떨어지매 나서 백 배의 결실을 하였느니라' 이 말씀을 하시고 외치시되 `들을 귀 있는 자는 들을지어다 !'
누가복음,8,10,누가복음 8:10,가라사대 `하나님 나라의 비밀을 아는 것이 너희에게는 허락되었으나 다른 사람에게는 비유로 하나니 이는 저희로 보아도 보지 못하고 들어도 깨닫지 못하게 하려 함이니라
누가복음,8,11,누가복음 8:11,이 비유는 이러하니라 씨는 하나님의 말씀이요
누가복음,8,13,누가복음 8:13,바위 위에 있다는 것은 말씀을 들을 때에 기쁨으로 받으나 뿌리가 없어 잠간 믿다가 시험을 받을 때에 배반하는 자요
누가복음,8,14,누가복음 8:14,가시떨기에 떨어졌다는 것은 말씀을 들은 자니 지내는 중 이생의 염려와 재리와 일락에 기운이 막혀 온전히 결실치 못하는 자요
누가복음,8,15,누가복음 8:15,좋은 땅에 있다는 것은 착하고 좋은 마음으로 말씀을 듣고 지키어 인내로 결실하는 자니라
누가복음,8,16,누가복음 8:16,누구든지 등불을 켜서 그릇으로 덮거나 평상 아래 두지 아니하고 등경 위에 두나니 이는 들어가는 자들로 그 빛을 보게 하려 함이라
누가복음,8,17,누가복음 8:17,숨은 것이 장차 드러나지 아니 할 것이 없고 감추인 것이 장차 알려지고 나타나지 않을 것이 없느니라
누가복음,8,18,누가복음 8:18,그러므로 너희가 어떻게 듣는가 스스로 삼가라 누구든지 있는 자는 받겠고 없는 자는 그 있는 줄로 아는 것까지 빼앗기리라' 하시니라
누가복음,8,19,누가복음 8:19,예수의 모친과 그 동생들이 왔으나 무리를 인하여 가까이하지 못하니
누가복음,8,22,누가복음 8:22,하루는 제자들과 함께 배에 오르사 저희에게 이르시되 `호수 저편으로 건너가자' 하시매 이에 떠나
누가복음,8,23,누가복음 8:23,행선할 때에 예수께서 잠이 드셨더니 마침 광풍이 호수로 내리치매 배에 물이 가득하게 되어 위태한지라
누가복음,8,34,누가복음 8:34,치던 자들이 그 된 것을 보고 도망하여 성내와 촌에 고하니
누가복음,8,35,누가복음 8:35,사람들이 그 된 것을 보러 나와서 예수께 이르러 귀신 나간 사람이 옷을 입고 정신이 온전하여 예수의 발 아래 앉은 것을 보고 두려워하거늘
누가복음,8,36,누가복음 8:36,귀신들렸던 자의 어떻게 구원 받은 것을 본 자들이 저희에게 이르매
누가복음,8,37,누가복음 8:37,거라사인의 땅 근방 모든 백성이 크게 두려워하여 떠나가시기를 구하더라 예수께서 배에 올라 돌아가실새
누가복음,8,38,누가복음 8:38,귀신나간 사람이 함께 있기를 구하였으나 예수께서 저를 보내시며 가라사대
누가복음,8,39,누가복음 8:39,`집으로 돌아가 하나님이 네게 어떻게 큰 일 행하신 것을 일일이 고하라' 하시니 저가 가서 예수께서 자기에게 어떻게 큰 일 하신 것을 온 성내에 전파하니라
누가복음,8,40,누가복음 8:40,예수께서 돌아오시매 무리가 환영하니 이는 다 기다렸음이러라
누가복음,8,44,누가복음 8:44,예수의 뒤로 와서 그 옷 가에 손을 대니 혈루증이 즉시 그쳤더라
누가복음,8,46,누가복음 8:46,예수께서 가라사대 `내게 손을 댄 자가 있도다 이는 내게서 능력이 나간 줄 앎이로다' 하신대
누가복음,8,47,누가복음 8:47,여자가 스스로 숨기지 못할 줄을 알고 떨며 나아와 엎드리어 그 손댄 연고와 곧 나은 것을 모든 사람 앞에서 고하니
누가복음,8,50,누가복음 8:50,예수께서 들으시고 가라사대 `두려워 말고 믿기만 하라 ! 그리하면 딸이 구원을 얻으리라' 하시고
누가복음,8,54,누가복음 8:54,예수께서 아이의 손을 잡고 불러 가라사대 `아이야 일어나라 !' 하시니
누가복음,8,55,누가복음 8:55,그 영이 돌아와 아이가 곧 일어나거늘 예수께서 `먹을 것을 주라' 명하신대
누가복음,8,56,누가복음 8:56,그 부모가 놀라는지라 예수께서 경계하사 `이 일을 아무에게도 말하지 말라' 하시니라
누가복음,9,1,누가복음 9:1,예수께서 열 두 제자를 불러 모으사 모든 귀신을 제어하며 병을 고치는 능력과 권세를 주시고
누가복음,9,2,누가복음 9:2,하나님의 나라를 전파하며 앓는 자를 고치게 하려고 내어 보내시며
누가복음,9,3,누가복음 9:3,이르시되 `여행을 위하여 아무것도 가지지 말라 지팡이나 주머니나 양식이나 돈이나 두벌 옷을 가지지 말며
누가복음,9,4,누가복음 9:4,어느 집에 들어가든지 거기서 유하다가 거기서 떠나라
누가복음,9,6,누가복음 9:6,제자들이 나가 각 촌에 두루 행하여 처처에 복음을 전하며 병을 고치더라
누가복음,9,10,누가복음 9:10,사도들이 돌아와 자기들의 모든 행한 것을 예수께 고한대 데리시고 따로 벳새다라는 고을로 떠나 가셨으나
누가복음,9,11,누가복음 9:11,무리가 알고 따라왔거늘 예수께서 저희를 영접하사 하나님 나라의 일을 이야기하시며 병 고칠 자들은 고치시더라
누가복음,9,15,누가복음 9:15,제자들이 이렇게 하여 다 앉힌 후
누가복음,9,16,누가복음 9:16,예수께서 떡 다섯 개와 물고기 두 마리를 가지사 하늘을 우러러 축사 하시고 떼어 제자들에게 주어 무리 앞에 놓게 하시니
누가복음,9,17,누가복음 9:17,먹고 다 배불렀더라 그 남은 조각 열 두 바구니를 거두니라
누가복음,9,18,누가복음 9:18,예수께서 따로 기도하실 때에 제자들이 주와 함께 있더니 물어 가라사대 `무리가 나를 누구라고 하느냐 ?'
누가복음,9,21,누가복음 9:21,경계하사 `이 말을 아무에게도 이르지 말라' 명하시고
누가복음,9,24,누가복음 9:24,누구든지 제 목숨을 구원코자 하면 잃을 것이요 누구든지 나를 위하여 제 목숨을 잃으면 구원하리라
누가복음,9,25,누가복음 9:25,사람이 만일 온 천하를 얻고도 자기를 잃든지 빼앗기든지 하면 무엇이 유익하리요
누가복음,9,26,누가복음 9:26,누구든지 나와 내 말을 부끄러워하면 인자도 자기와 아버지와 거룩한 천사들의 영광으로 올 때에 그 사람을 부끄러워하리라
누가복음,9,27,누가복음 9:27,내가 참으로 너희에게 이르노니 여기 섰는 사람 중에 죽기 전에 하나님의 나라를 볼 자들도 있느니라'
누가복음,9,29,누가복음 9:29,기도하실 때에 용모가 변화되고 그 옷이 희어져 광채가 나더라
누가복음,9,31,누가복음 9:31,영광 중에 나타나서 장차 예수께서 예루살렘에서 별세하실 것을 말씀할새
누가복음,9,34,누가복음 9:34,이 말 할 즈음에 구름이 와서 저희를 덮는지라 구름 속으로 들어갈 때에 저희가 무서워하더니
누가복음,9,36,누가복음 9:36,소리가 그치매 오직 예수만 보이시더라 제자들이 잠잠하여 그 본 것을 무엇이든지 그 때에는 아무에게도 이르지 아니하니라
누가복음,9,37,누가복음 9:37,이튿날 산에서 내려 오시니 큰 무리가 맞을새
누가복음,9,39,누가복음 9:39,귀신이 저를 잡아 졸지에 부르짖게 하고 경련을 일으켜 거품을 흘리게 하며 심히 상하게 하고야 겨우 떠나가나이다
누가복음,9,40,누가복음 9:40,당신의 제자들에게 내어 쫓아 주기를 구하였으나 저희가 능히 못하더이다'
누가복음,9,42,누가복음 9:42,올 때에 귀신이 거꾸러뜨리고 심한 경련을 일으키게 하는지라 예수께서 더러운 귀신을 꾸짖으시고 아이를 낫게 하사 그 아비에게 도로 주시니
누가복음,9,46,누가복음 9:46,제자 중에서 누가 크냐 하는 변론이 일어나니
누가복음,9,47,누가복음 9:47,예수께서 그 마음에 변론하는 것을 아시고 어린 아이 하나를 데려다가 자기 곁에 세우시고
누가복음,9,48,누가복음 9:48,저희에게 이르시되 `누구든지 내 이름으로 이 어린 아이를 영접하면 곧 나를 영접함이요 또 누구든지 나를 영접하면 곧 나 보내신 이를 영접함이라 너희 모든 사람 중에 가장 작은 그이가 큰 자니라'
누가복음,9,50,누가복음 9:50,예수께서 가라사대 `금하지 말라 너희를 반대하지 않는 자는 너희를 위하는 자니라' 하시니라
누가복음,9,51,누가복음 9:51,예수께서 승천하실 기약이 차 가매 예루살렘을 향하여 올라가기로 굳게 결심하시고
누가복음,9,55,누가복음 9:55,예수께서 돌아보시며 꾸짖으시고
누가복음,9,56,누가복음 9:56,함께 다른 촌으로 가시니라
누가복음,9,58,누가복음 9:58,예수께서 가라사대 `여우도 굴이 있고 공중의 새도 집이 있으되 인자는 머리 둘 곳이 없도다' 하시고
누가복음,10,1,누가복음 10:1,이후에 주께서 달리 칠십 인을 세우사 친히 가시려는 각동 각처로 둘씩 앞서 보내시며
누가복음,10,2,누가복음 10:2,이르시되 `추수할 것은 많되 일군이 적으니 그러므로 추수하는 주인에게 청하여 추수할 일군들을 보내어 주소서 하라
누가복음,10,4,누가복음 10:4,전대나 주머니나 신을 가지지 말며 길에서 아무에게도 문안하지말며
누가복음,10,6,누가복음 10:6,만일 평안을 받을 사람이 거기 있으면 너희 빈 평안이 그에게 머물것이요 그렇지 않으면 너희에게로 돌아 오리라
누가복음,10,7,누가복음 10:7,그 집에 유하며 주는 것을 먹고 마시라 일군이 그 삯을 얻는 것이 마땅하니라 이 집에서 저 집으로 옮기지 말라
누가복음,10,8,누가복음 10:8,어느 동네에 들어가든지 너희를 영접하거든 너희 앞에 차려 놓는 것을 먹고
누가복음,10,9,누가복음 10:9,거기 있는 병자들을 고치고 또 말하기를 하나님의 나라가 너희에게 가까이 왔다 하라
누가복음,10,16,누가복음 10:16,너희 말을 듣는 자는 곧 내 말을 듣는 것이요 너희를 저버리는 자는 곧 나를 저버리는 것이요 나를 저버리는 자는 나 보내신 이를 저버리는 것이라' 하시니라
누가복음,10,18,누가복음 10:18,예수께서 이르시되 `사단이 하늘로서 번개같이 떨어지는 것을 내가 보았노라
누가복음,10,19,누가복음 10:19,내가 너희에게 뱀과 전갈을 밟으며 원수의 모든 능력을 제어할 권세를 주었으니 너희를 해할 자가 결단코 없으리라
누가복음,10,20,누가복음 10:20,그러나 귀신들이 너희에게 항복하는 것으로 기뻐하지 말고 너희 이름이 하늘에 기록된 것으로 기뻐하라' 하시니라
누가복음,10,21,누가복음 10:21,이 때에 예수께서 성령으로 기뻐하사 가라사대 `천지의 주재이신 아버지여 이것을 지혜롭고 슬기 있는 자들에게는 숨기시고 어린 아이들에게는 나타내심을 감사하나이다 옳소이다 이렇게 된 것이 아버지의 뜻이니이다
누가복음,10,22,누가복음 10:22,내 아버지께서 모든 것을 내게 주셨으니 아버지 외에는 아들이 누군지 아는 자가 없고 아들과 또 아들의 소원대로 계시를 받는 자 외에는 아버지가 누군지 아는 자가 없나이다' 하시고
누가복음,10,23,누가복음 10:23,제자들을 돌아보시며 종용히 이르시되 `너희의 보는 것을 보는 눈은 복이 있도다
누가복음,10,24,누가복음 10:24,내가 너희에게 말하노니 많은 선지자와 임금이 너희 보는 바를 보고자 하였으되 보지 못하였으며 너희 듣는 바를 듣고자 하였으되 듣지 못하였느니라'
누가복음,10,26,누가복음 10:26,예수께서 이르시되 `율법에 무엇이라 기록되었으며 네가 어떻게 읽느냐 ?'
누가복음,10,28,누가복음 10:28,예수께서 이르시되 `네 대답이 옳도다 이를 행하라 그러면 살리라 !' 하시니
누가복음,10,34,누가복음 10:34,가까이 가서 기름과 포도주를 그 상처에 붓고 싸매고 자기 짐승에 태워 주막으로 데리고 가서 돌보아 주고
누가복음,10,36,누가복음 10:36,네 의견에는 이 세 사람 중에 누가 강도 만난 자의 이웃이 되겠느냐 ?'
누가복음,10,39,누가복음 10:39,그에게 마리아라 하는 동생이 있어 주의 발 아래 앉아 그의 말씀을 듣더니
누가복음,10,42,누가복음 10:42,그러나 몇 가지만 하든지 혹 한가지만이라도 족하니라 마리아는 이 좋은 편을 택하였으니 빼앗기지 아니하리라' 하시니라
누가복음,11,2,누가복음 11:2,예수께서 이르시되 `너희는 기도할 때에 이렇게 하라 아버지여 이름이 거룩히 여김을 받으시오며 나라이 임하옵시며
누가복음,11,3,누가복음 11:3,우리에게 날마다 일용할 양식을 주옵시고
누가복음,11,4,누가복음 11:4,우리가 우리에게 죄 지은 모든 사람을 용서하오니 우리 죄도 사하여 주옵시고 우리를 시험에 들게 하지 마옵소서 하라'
누가복음,11,5,누가복음 11:5,또 이르시되 `너희 중에 누가 벗이 있는데 밤중에 그에게 가서 말하기를 벗이여 떡 세 덩이를 내게 빌리라
누가복음,11,6,누가복음 11:6,내 벗이 여행 중에 내게 왔으나 내가 먹일 것이 없노라 하면
누가복음,11,8,누가복음 11:8,내가 너희에게 말하노니 비록 벗됨을 인하여서는 일어나 주지 아니할지라도 그 강청함을 인하여 일어나 그 소용대로 주리라
누가복음,11,9,누가복음 11:9,내가 또 너희에게 이르노니 구하라 그러면 너희에게 주실 것이요 찾으라 그러면 찾을 것이요 문을 두드리라 그러면 너희에게 열릴 것이니
누가복음,11,10,누가복음 11:10,구하는 이마다 받을 것이요 찾는 이가 찾을 것이요 두드리는 이에게 열릴 것이니라
누가복음,11,11,누가복음 11:11,너희 중에 아비 된 자 누가 아들이 생선을 달라 하면 생선 대신에 뱀을 주며
누가복음,11,12,누가복음 11:12,알을 달라 하면 전갈을 주겠느냐 ?
누가복음,11,13,누가복음 11:13,너희가 악할지라도 좋은 것을 자식에게 줄 줄 알거든 하물며 너희 천부께서 구하는 자에게 성령을 주시지 않겠느냐 ?' 하시니라
누가복음,11,15,누가복음 11:15,그 중에 더러는 말하기를 `저가 귀신의 왕 바알세불을 힘입어 귀신을 쫓아낸다' 하고
누가복음,11,16,누가복음 11:16,또 더러는 예수를 시험하여 하늘로서 오는 표적을 구하니
누가복음,11,17,누가복음 11:17,예수께서 저희 생각을 아시고 이르시되 `스스로 분쟁하는 나라마다 황폐하여지며 스스로 분쟁하는 집은 무너지느니라
누가복음,11,18,누가복음 11:18,너희 말이 내가 바알세불을 힘입어 귀신을 쫓아 낸다 하니 만일 사단이 스스로 분쟁하면 저의 나라가 어떻게 서겠느냐 ?
누가복음,11,19,누가복음 11:19,내가 바알세불을 힘입어 귀신을 쫓아내면 너희 아들들은 누구를 힘입어 쫓아내느냐 그러므로 저희가 너희 재판장이 되리라
누가복음,11,20,누가복음 11:20,그러나 내가 만일 하나님의 손을 힘입어 귀신을 쫓아내는 것이면 하나님의 나라가 이미 너희에게 임하였느니라
누가복음,11,22,누가복음 11:22,더 강한 자가 와서 저를 이길 때에는 저의 믿던 무장을 빼앗고 저의 재물을 나누느니라
누가복음,11,23,누가복음 11:23,나와 함께 아니하는 자는 나를 반대하는 자요 나와 함께 모으지 아니하는 자는 헤치는 자니라
누가복음,11,28,누가복음 11:28,예수께서 가라사대 `오히려 하나님의 말씀을 듣고 지키는 자가 복이 있느니라' 하시니라
누가복음,11,33,누가복음 11:33,누구든지 등불을 켜서 움 속에나 말 아래 두지 아니하고 등경 위에 두나니 이는 들어가는 자로 그 빛을 보게 하려 함이니라
누가복음,11,34,누가복음 11:34,네 몸의 등불은 눈이라 네 눈이 성하면 온 몸이 밝을 것이요 만일 나쁘면 네 몸도 어두우리라
누가복음,11,35,누가복음 11:35,그러므로 네 속에 있는 빛이 어둡지 아니한가 보라
누가복음,11,36,누가복음 11:36,네 온 몸이 밝아 조금도 어두운 데가 없으면 등불의 광선이 너를 비출 때와 같이 온전히 밝으리라' 하시니라
누가복음,11,37,누가복음 11:37,예수께서 말씀하실 때에 한 바리새인이 자기와 함께 점심 잡수시기를 청하므로 들어가 앉으셨더니
누가복음,11,38,누가복음 11:38,잡수시기 전에 손 씻지 아니하심을 이 바리새인이 보고 이상히 여기는지라
누가복음,11,40,누가복음 11:40,어리석은 자들아 밖을 만드신 이가 속도 만들지 아니하셨느냐 ?
누가복음,11,41,누가복음 11:41,오직 그 안에 있는 것으로 구제하라 그리하면 모든 것이 너희에게 깨끗하리라
누가복음,11,53,누가복음 11:53,거기서 나오실 때에 서기관과 바리새인들이 맹렬히 달라붙어 여러가지 일로 힐문하고
누가복음,11,54,누가복음 11:54,그 입에서 나오는 것을 잡고자 하여 목을 지키더라
누가복음,12,1,누가복음 12:1,그 동안에 무리 수만 명이 모여 서로 밟힐 만큼 되었더니 예수께서 먼저 제자들에게 말씀하여 가라사대 `바리새인들의 누룩 곧 외식을 주의하라
누가복음,12,2,누가복음 12:2,감추인 것이 드러나지 않을 것이 없고 숨은 것이 알려지지 않을 것이 없나니
누가복음,12,4,누가복음 12:4,내가 내 친구 너희에게 말하노니 몸을 죽이고 그 후에는 능히 더 못하는 자들을 두려워하지 말라
누가복음,12,6,누가복음 12:6,참새 다섯이 앗사리온 둘에 팔리는 것이 아니냐 ? 그러나 하나님 앞에는 그 하나라도 잊어버리시는 바 되지 아니하는도다
누가복음,12,7,누가복음 12:7,너희에게는 오히려 머리털까지도 다 세신 바 되었나니 두려워하지 말라 너희는 많은 참새보다 귀하니라
누가복음,12,8,누가복음 12:8,내가 또한 너희에게 말하노니 누구든지 사람 앞에서 나를 시인하면 인자도 하나님의 사자들 앞에서 저를 시인할 것이요
누가복음,12,11,누가복음 12:11,사람이 너희를 회당과 정사 잡은 이와 권세 있는 이 앞에 끌고 가거든 어떻게 무엇으로 대답하며 무엇으로 말할 것을 염려치 말라
누가복음,12,12,누가복음 12:12,마땅히 할 말을 성령이 곧 그 때에 너희에게 가르치시리라' 하시니라
누가복음,12,14,누가복음 12:14,"이르시되 `이 사람아, 누가 나를 너희의 재판장이나 물건 나누는 자로 세웠느냐 ?' 하시고"
누가복음,12,15,누가복음 12:15,저희에게 이르시되 `삼가 모든 탐심을 물리치라 ! 사람의 생명이 그 소유의 넉넉한데 있지 아니하니라 하시고
누가복음,12,16,누가복음 12:16,또 비유로 저희에게 일러 가라사대 한 부자가 그 밭에 소출이 풍성하매
누가복음,12,21,누가복음 12:21,자기를 위하여 재물을 쌓아 두고 하나님께 대하여 부요치 못한 자가 이와 같으니라'
누가복음,12,22,누가복음 12:22,또 제자들에게 이르시되 그러므로 내가 너희에게 이르노니 `너희 목숨을 위하여 무엇을 먹을까 ? 몸을 위하여 무엇을 입을까 ? 염려하지 말라
누가복음,12,23,누가복음 12:23,목숨이 음식보다 중하고 몸이 의복보다 중하니라
누가복음,12,24,누가복음 12:24,까마귀를 생각하라 심지도 아니하고 거두지도 아니하며 골방도 없고 창고도 없으되 하나님이 기르시나니 너희는 새보다 얼마나 더 귀하냐 ?
누가복음,12,25,누가복음 12:25,또 너희 중에 누가 염려함으로 그 키를 한 자나 더할 수 있느냐 ?
누가복음,12,28,누가복음 12:28,오늘 있다가 내일 아궁이에 던지우는 들풀도 하나님이 이렇게 입히시거든 하물며 너희일까보냐 믿음이 적은 자들아
누가복음,12,29,누가복음 12:29,너희는 무엇을 먹을까 ? 무엇을 마실까 ? 하여 구하지 말며 근심하지도 말라
누가복음,12,30,누가복음 12:30,이 모든 것은 세상 백성들이 구하는 것이라 너희 아버지께서 이런 것이 너희에게 있어야 될 줄을 아시느니라
누가복음,12,31,누가복음 12:31,오직 너희는 그의 나라를 구하라 그리하면 이런 것을 너희에게 더하시리라
누가복음,12,32,누가복음 12:32,적은 무리여 무서워 말라 너희 아버지께서 그 나라를 너희에게 주시기를 기뻐하시느니라
누가복음,12,33,누가복음 12:33,너희 소유를 팔아 구제하여 낡아지지 아니하는 주머니를 만들라 곧 하늘에 둔 바 다함이 없는 보물이니 거기는 도적도 가까이 하는 일이 없고 좀도 먹는 일이 없느니라
누가복음,12,34,누가복음 12:34,너희 보물 있는 곳에는 너희 마음도 있으리라
누가복음,12,35,누가복음 12:35,허리에 띠를 띠고 등불을 켜고 서 있으라
누가복음,12,36,누가복음 12:36,너희는 마치 그 주인이 혼인 집에서 돌아와 문을 두드리면 곧 열어주려고 기다리는 사람과 같이 되라
누가복음,12,37,누가복음 12:37,주인이 와서 깨어 있는 것을 보면 그 종들은 복이 있으리로다 내가 진실로 너희에게 이르노니 주인이 띠를 띠고 그 종들을 자리에 앉히고 나아와 수종하리라
누가복음,12,38,누가복음 12:38,주인이 혹 이경에나 혹 삼경에 이르러서도 종들의 이같이 하는 것을 보면 그 종들은 복이 있으리로다
누가복음,12,39,누가복음 12:39,너희도 아는 바니 집 주인이 만일 도적이 어느 때에 이를 줄 알았더면 그 집을 뚫지 못하게 하였으리라
누가복음,12,42,누가복음 12:42,주께서 가라사대 `지혜있고 진실한 청지기가 되어 주인에게 그 집종들을 맡아 때를 따라 양식을 나누어 줄 자가 누구냐
누가복음,12,43,누가복음 12:43,주인이 이를 때에 그 종의 이렇게 하는 것을 보면 그 종이 복이 있으리로다
누가복음,12,44,누가복음 12:44,내가 참으로 너희에게 이르노니 주인이 그 모든 소유를 저에게 맡기리라
누가복음,12,54,누가복음 12:54,또 무리에게 이르시되 `너희가 구름이 서에서 일어남을 보면 곧 말하기를 소나기가 오리라 하나니 과연 그러하고
누가복음,12,55,누가복음 12:55,남풍이 붊을 보면 말하기를 심히 더우리라 하나니 과연 그러하니라
누가복음,12,57,누가복음 12:57,또 어찌하여 옳은 것을 스스로 판단치 아니하느냐 ?
누가복음,13,10,누가복음 13:10,안식일에 한 회당에서 가르치실 때에
누가복음,13,12,누가복음 13:12,"예수께서 보시고 불러 이르시되 `여자여, 네가 네 병에서 놓였다' 하시고"
누가복음,13,13,누가복음 13:13,안수하시매 여자가 곧 펴고 하나님께 영광을 돌리는지라
누가복음,13,17,누가복음 13:17,예수께서 이 말씀을 하시매 모든 반대하는 자들은 부끄러워하고 온 무리는 그 하시는 모든 영광스러운 일을 기뻐하니라
누가복음,13,18,누가복음 13:18,그러므로 가라사대 `하나님의 나라가 무엇과 같을꼬 내가 무엇으로 비할꼬
누가복음,13,19,누가복음 13:19,마치 사람이 자기 채전에 갖다 심은 겨자씨 한 알 같으니 자라 나무가 되어 공중의 새들이 그 가지에 깃들였느니라'
누가복음,13,20,누가복음 13:20,또 가라사대 `내가 하나님의 나라를 무엇으로 비할꼬
누가복음,13,21,누가복음 13:21,마치 여자가 가루 서 말 속에 갖다 넣어 전부 부풀게 한 누룩과 같으니라' 하셨더라
누가복음,13,22,누가복음 13:22,예수께서 각 성 각 촌으로 다니사 가르치시며 예루살렘으로 여행하시더니
누가복음,13,29,누가복음 13:29,사람들이 동서 남북으로부터 와서 하나님의 나라 잔치에 참여하리니
누가복음,13,33,누가복음 13:33,그러나 오늘과 내일과 모레는 내가 갈 길을 가야 하리니 선지자가 예루살렘 밖에서는 죽는 법이 없느니라
누가복음,14,2,누가복음 14:2,주의 앞에 고창병 든 한 사람이 있는지라
누가복음,14,4,누가복음 14:4,저희가 잠잠하거늘 예수께서 그 사람을 데려다가 고쳐 보내시고
누가복음,14,5,누가복음 14:5,또 저희에게 이르시되 `너희 중에 누가 그 아들이나 소나 우물에 빠졌으면 안식일에라도 곧 끌어내지 않겠느냐 ?' 하시니
누가복음,14,7,누가복음 14:7,청함을 받은 사람들의 상좌 택함을 보시고 저희에게 비유로 말씀하여 가라사대
누가복음,14,8,누가복음 14:8,`네가 누구에게나 혼인 잔치에 청함을 받았을 때에 상좌에 앉지 말라 그렇지 않으면 너보다 더 높은 사람이 청함을 받은 경우에
누가복음,14,9,누가복음 14:9,너와 저를 청한 자가 와서 너더러 이 사람에게 자리를 내어 주라 하리니 그 때에 네가 부끄러워 말석으로 가게 되리라
누가복음,14,10,누가복음 14:10,청함을 받았을 때에 차라리 가서 말석에 앉으라 그러면 너를 청한자가 와서 너더러 벗이여 올라 앉으라 하리니 그 때에야 함께 앉은 모든 사람 앞에 영광이 있으리라
누가복음,14,11,누가복음 14:11,무릇 자기를 높이는 자는 낮아지고 자기를 낮추는 자는 높아지리라
누가복음,14,12,누가복음 14:12,또 자기를 청한 자에게 이르시되 네가 점심이나 저녁이나 베풀거든 벗이나 형제나 친척이나 부한 이웃을 청하지 말라 두렵건대 그 사람들이 너를 도로 청하여 네게 갚음이 될까 하라
누가복음,14,16,누가복음 14:16,이르시되 `어떤 사람이 큰 잔치를 배설하고 많은 사람을 청하였더니
누가복음,14,28,누가복음 14:28,너희 중에 누가 망대를 세우고자 할진대 자기의 가진 것이 준공하기까지에 족할는지 먼저 앉아 그 비용을 예산하지 아니하겠느냐
누가복음,14,29,누가복음 14:29,그렇게 아니하여 그 기초만 쌓고 능히 이루지 못하면 보는 자가 다 비웃어
누가복음,14,31,누가복음 14:31,또 어느 임금이 다른 임금과 싸우러 갈 때에 먼저 앉아 일만으로서 저 이만을 가지고 오는 자를 대적할 수 있을까 헤아리지 아니하겠느냐
누가복음,14,32,누가복음 14:32,만일 못할터이면 저가 아직 멀리 있을 동안에 사신을 보내어 화친을 청할지니라
누가복음,14,34,누가복음 14:34,소금이 좋은 것이나 소금도 만일 그 맛을 잃었으면 무엇으로 짜게 하리요
누가복음,14,35,누가복음 14:35,땅에도 거름에도 쓸데 없어 내어버리느니라 들을 귀가 있는 자는 들을지어다 !' 하시니라
누가복음,15,1,누가복음 15:1,모든 세리와 죄인들이 말씀을 들으러 가까이 나아오니
누가복음,15,4,누가복음 15:4,`너희 중에 어느 사람이 양 일백 마리가 있는데 그 중에 하나를 잃으면 아흔 아홉 마리를 들에 두고 그 잃은 것을 찾도록 찾아 다니지 아니하느냐
누가복음,15,5,누가복음 15:5,또 찾은즉 즐거워 어깨에 메고
누가복음,15,7,누가복음 15:7,내가 너희에게 이르노니 이와 같이 죄인 하나가 회개하면 하늘에서는 회개할 것 없는 의인 아흔 아홉을 인하여 기뻐하는 것보다 더하리라
누가복음,15,8,누가복음 15:8,어느 여자가 열 드라크마가 있는데 하나를 잃으면 등불을 켜고 집을 쓸며 찾도록 부지런히 찾지 아니하겠느냐
누가복음,15,10,누가복음 15:10,내가 너희에게 이르노니 이와 같이 죄인 하나가 회개하면 하나님의 사자들 앞에 기쁨이 되느니라
누가복음,15,11,누가복음 15:11,또 가라사대 어떤 사람이 두 아들이 있는데
누가복음,15,13,누가복음 15:13,그 후 며칠이 못되어 둘째 아들이 재산을 다 모아 가지고 먼 나라에 가 거기서 허랑방탕하여 그 재산을 허비하더니
누가복음,15,14,누가복음 15:14,다 없이한 후 그 나라에 크게 흉년이 들어 저가 비로소 궁핍한지라
누가복음,15,15,누가복음 15:15,가서 그 나라 백성 중 하나에게 붙여 사니 그가 저를 들로 보내어 돼지를 치게 하였는데
누가복음,15,16,누가복음 15:16,저가 돼지 먹는 쥐엄 열매로 배을 채우고자 하되 주는 자가 없는지라
누가복음,15,18,누가복음 15:18,내가 일어나 아버지께 가서 이르기를 아버지여 내가 하늘과 아버지께 죄를 얻었사오니
누가복음,15,19,누가복음 15:19,지금부터는 아버지의 아들이라 일컬음을 감당치 못하겠나이다 나를 품군의 하나로 보소서 하리라 하고
누가복음,15,23,누가복음 15:23,그리고 살진 송아지를 끌어다가 잡으라 우리가 먹고 즐기자
누가복음,15,25,누가복음 15:25,맏아들은 밭에 있다가 돌아와 집에 가까왔을 때에 풍류와 춤추는 소리를 듣고
누가복음,15,26,누가복음 15:26,한 종을 불러 이 무슨 일인가 물은대
누가복음,15,30,누가복음 15:30,아버지의 살림을 창기와 함께 먹어버린 이 아들이 돌아오매 이를 위하여 살진 송아지를 잡으셨나이다
누가복음,15,32,누가복음 15:32,이 네 동생은 죽었다가 살았으며 내가 잃었다가 얻었기로 우리가 즐거워하고 기뻐하는 것이 마땅하다' 하니라
누가복음,16,1,누가복음 16:1,또한 제자들에게 이르시되 `어떤 부자에게 청지기가 있는데 그가 주인의 소유를 허비한다는 말이 그 주인에게 들린지라
누가복음,16,4,누가복음 16:4,내가 할 일을 알았도다 이렇게 하면 직분을 빼앗긴 후에 저희가 나를 자기 집으로 영접하리라 하고
누가복음,16,8,누가복음 16:8,주인이 옳지 않은 청지기가 일을 지혜 있게 하였으므로 칭찬하였으니 이 세대의 아들들이 자기 시대에 있어서는 빛의 아들들보다 더 지혜로움이니라
누가복음,16,9,누가복음 16:9,내가 너희에게 말하노니 불의의 재물로 친구를 사귀라 ! 그리하면 없어질 때에 저희가 영원한 처소로 너희를 영접하리라
누가복음,16,10,누가복음 16:10,지극히 작은 것에 충성된 자는 큰 것에도 충성되고 지극히 작은 것에 불의한 자는 큰 것에도 불의하니라
누가복음,16,11,누가복음 16:11,너희가 만일 불의한 재물에 충성치 아니하면 누가 참된 것으로 너희에게 맡기겠느냐 ?
누가복음,16,12,누가복음 16:12,너희가 만일 남의 것에 충성치 아니하면 누가 너희의 것을 너희에게 주겠느냐 ?
누가복음,16,13,누가복음 16:13,집 하인이 두 주인을 섬길 수 없나니 혹 이를 미워하고 저를 사랑하거나 혹 이를 중히 여기고 저를 경히 여길 것임이니라 너희가 하나님과 재물을 겸하여 섬길 수 없느니라'
누가복음,16,14,누가복음 16:14,바리새인들은 돈을 좋아하는 자라 이 모든 것을 듣고 비웃거늘
누가복음,16,16,누가복음 16:16,율법과 선지자는 요한의 때까지요 그 후부터는 하나님 나라의 복음이 전파되어 사람마다 그리로 침입 하느니라
누가복음,16,17,누가복음 16:17,그러나 율법의 한 획이 떨어짐 보다 천지의 없어짐이 쉬우리라
누가복음,16,19,누가복음 16:19,한 부자가 있어 자색 옷과 고운 베옷을 입고 날마다 호화로이 연락하는데
누가복음,17,3,누가복음 17:3,너희는 스스로 조심하라 만일 네 형제가 죄를 범하거든 경계하고 회개하거든 용서하라
누가복음,17,6,누가복음 17:6,주께서 가라사대 너희에게 겨자씨 한 알만한 믿음이 있었더면 이 뽕나무더러 뿌리가 뽑혀 바다에 심기우라 하였을 것이요 그것이 너희에게 순종하였으리라
누가복음,17,7,누가복음 17:7,너희 중에 뉘게 밭을 갈거나 양을 치거나 하는 종이 있어 밭에서 돌아오면 저더러 곧 와 앉아서 먹으라 할 자가 있느냐
누가복음,17,8,누가복음 17:8,도리어 저더러 내 먹을 것을 예비하고 띠를 띠고 나의 먹고 마시는 동안에 수종들고 너는 그 후에 먹고 마시라 하지 않겠느냐
누가복음,17,9,누가복음 17:9,명한 대로 하였다고 종에게 사례하겠느냐
누가복음,17,10,누가복음 17:10,이와 같이 너희도 명령받은 것을 행한 후에 이르기를 우리는 무익한 종이라 우리의 하여야 할 일을 한 것뿐이라 할지니라
누가복음,17,12,누가복음 17:12,한 촌에 들어가시니 문둥병자 열 명이 예수를 만나 멀리 서서
누가복음,17,18,누가복음 17:18,이 이방인 외에는 하나님께 영광을 돌리러 돌아온 자가 없느냐 하시고
누가복음,17,21,누가복음 17:21,또 여기 있다 저기 있다고도 못하리니 하나님의 나라는 너희 안에 있느니라
누가복음,17,22,누가복음 17:22,또 제자들에게 이르시되 때가 이르리니 너희가 인자의 날 하루를 보고자 하되 보지 못하리라
누가복음,17,24,누가복음 17:24,번개가 하늘 아래 이 편에서 번뜻하여 하늘 아래 저 편까지 비췸 같이 인자도 자기 날에 그러하리라
누가복음,17,28,누가복음 17:28,또 롯의 때와 같으리니 사람들이 먹고 마시고 사고 팔고 심고 집을 짓더니
누가복음,17,30,누가복음 17:30,인자의 나타나는 날에도 이러하리라
누가복음,17,33,누가복음 17:33,무릇 자기 목숨을 보존하고자 하는 자는 잃을 것이요 잃는 자는 살리리라
누가복음,17,34,누가복음 17:34,내가 너희에게 이르노니 그 밤에 두 남자가 한 자리에 누워 있으매 하나는 데려감을 당하고 하나는 버려둠을 당할 것이요
누가복음,17,35,누가복음 17:35,두 여자가 함께 매를 갈고 있으매 하나는 데려감을 당하고 하나는 버려둠을 당할 것이니라
누가복음,18,1,누가복음 18:1,항상 기도하고 낙망치 말아야 될 것을 저희에게 비유로 하여
누가복음,18,2,누가복음 18:2,가라사대 `어떤 도시에 하나님을 두려워 아니하고 사람을 무시하는 한 재판관이 있는데
누가복음,18,4,누가복음 18:4,그가 얼마 동안 듣지 아니하다가 후에 속으로 생각하되 내가 하나님을 두려워 아니하고 사람을 무시하나
누가복음,18,5,누가복음 18:5,이 과부가 나를 번거롭게 하니 내가 그 원한을 풀어 주리라 그렇지 않으면 늘 와서 나를 괴롭게 하리라 하였느니라'
누가복음,18,6,누가복음 18:6,주께서 또 가라사대 `불의한 재판관의 말한 것을 들으라
누가복음,18,7,누가복음 18:7,하물며 하나님께서 그 밤낮 부르짖는 택하신 자들의 원한을 풀어 주지 아니하시겠느냐 저희에게 오래 참으시겠느냐
누가복음,18,8,누가복음 18:8,내가 너희에게 이르노니 속히 그 원한을 풀어 주시리라 그러나 인자가 올 때에 세상에서 믿음을 보겠느냐 하시니라
누가복음,18,10,누가복음 18:10,두 사람이 기도하러 성전에 올라가니 하나는 바리새인이요 하나는 세리라
누가복음,18,14,누가복음 18:14,내가 너희에게 이르노니 이 사람이 저보다 의롭다 하심을 받고 집에 내려 갔느니라 무릇 자기를 높이는 자는 낮아지고 자기를 낮추는 자는 높아지리라' 하시니라
누가복음,18,15,누가복음 18:15,사람들이 예수의 만져주심을 바라고 자기 어린 아기를 데리고 오매 제자들이 보고 꾸짖거늘
누가복음,18,16,누가복음 18:16,예수께서 그 어린 아이들을 불러 가까이 하시고 이르시되 `어린 아이들이 내게 오는 것을 용납하고 금하지 말라 하나님의 나라가 이런 자의 것이니라
누가복음,18,17,누가복음 18:17,내가 진실로 너희에게 이르노니 누구든지 하나님의 나라를 어린 아이와 같이 받들지 않는 자는 결단코 들어가지 못하리라' 하시니라
누가복음,18,19,누가복음 18:19,예수께서 이르시되 `네가 어찌하여 나를 선하다 일컫느냐 ? 하나님 한분 외에는 선한 이가 없느니라
누가복음,18,20,누가복음 18:20,"네가 계명을 아나니 간음하지 말라, 살인하지 말라, 도적질하지 말라, 거짓 증거하지 말라, 네 부모를 공경하라 하였느니라'"
누가복음,18,22,누가복음 18:22,예수께서 이 말을 들으시고 이르시되 `네가 오히려 한 가지 부족한 것이 있으니 네게 있는 것을 다 팔아 가난한 자들을 나눠 주라 그리하면 하늘에서 보화가 네게 있으리라 그리고 와서 나를 좇으라' 하시니
누가복음,18,24,누가복음 18:24,예수께서 저를 보시고 가라사대 `재산이 있는 자는 하나님의 나라에 들어가기가 어떻게 어려운지
누가복음,18,25,누가복음 18:25,약대가 바늘귀로 들어가는 것이 부자가 하나님의 나라에 들어가는 것보다 쉬우니라' 하신대
누가복음,18,27,누가복음 18:27,가라사대 `무릇 사람의 할 수 없는 것을 하나님은 하실 수 있느니라 !'
누가복음,18,29,누가복음 18:29,이르시되 `내가 진실로 너희에게 이르노니 하나님의 나라를 위하여 집이나 아내나 형제나 부모나 자녀를 버린 자는
누가복음,18,30,누가복음 18:30,금세에 있어 여러 배를 받고 내세에 영생을 받지 못할 자가 없느니라' 하시니라
누가복음,18,31,누가복음 18:31,"예수께서 열 두 제자를 데리시고 이르시되 `보라, 우리가 예루살렘으로 올라가노니 선지자들로 기록된 모든 것이 인자에게 응하리라"
누가복음,18,32,누가복음 18:32,인자가 이방인들에게 넘기워 희롱을 받고 능욕을 받고 침 뱉음을 받겠으며
누가복음,18,36,누가복음 18:36,무리의 지남을 듣고 `이 무슨 일이냐 ?'고 물은대
누가복음,18,40,누가복음 18:40,예수께서 머물러 서서 명하여 `데려오라' 하셨더니 저가 가까이 오매 물어 가라사대
누가복음,18,42,누가복음 18:42,"예수께서 저에게 이르시되 `보아라, 네 믿음이 너를 구원하였느니라' 하시매"
누가복음,19,1,누가복음 19:1,예수께서 여리고로 들어 지나가시더라
누가복음,19,2,누가복음 19:2,삭개오라 이름하는 자가 있으니 세리장이요 또한 부자라
누가복음,19,3,누가복음 19:3,저가 예수께서 어떠한 사람인가 하여 보고자 하되 키가 작고 사람이 많아 할 수 없어
누가복음,19,4,누가복음 19:4,앞으로 달려가 보기 위하여 뽕나무에 올라가니 이는 예수께서 그리로 지나가시게 됨이러라
누가복음,19,5,누가복음 19:5,"예수께서 그 곳에 이르사 우러러 보시고 이르시되 `삭개오야, 속히 내려오라 내가 오늘 네 집에 유하여야 하겠다' 하시니"
누가복음,19,6,누가복음 19:6,급히 내려와 즐거워하며 영접하거늘
누가복음,19,10,누가복음 19:10,인자의 온 것은 잃어버린 자를 찾아 구원하려 함이니라'
누가복음,19,11,누가복음 19:11,저희가 이 말씀을 듣고 있을 때에 비유를 더하여 말씀하시니 이는 자기가 예루살렘에 가까이 오셨고 저희는 하나님의 나라가 당장에 나타날 줄로 생각함이러라
누가복음,19,12,누가복음 19:12,가라사대 `어떤 귀인이 왕위를 받아 가지고 오려고 먼 나라로 갈때에
누가복음,19,15,누가복음 19:15,귀인이 왕위를 받아 가지고 돌아와서 은 준 종들의 각각 어떻게 장사한 것을 알고자 하여 저희를 부르니
누가복음,19,23,누가복음 19:23,그러면 어찌하여 내 은을 은행에 두지 아니하였느냐 그리하였으면 내가 와서 그 변리까지 찾았으리라 하고
누가복음,19,28,누가복음 19:28,예수께서 이 말씀을 하시고 예루살렘을 향하여 앞서서 가시더라
누가복음,19,29,누가복음 19:29,감람원이라는 산의 벳바게와 베다니에 가까이 왔을 때에 제자 중 둘을 보내시며
누가복음,19,30,누가복음 19:30,이르시되 `너희 맞은편 마을로 가라 그리로 들어가면 아직 아무 사람도 타 보지 않은 나귀 새끼의 매여 있는 것을 보리니 풀어 끌고 오너라
누가복음,19,32,누가복음 19:32,보내심을 받은 자들이 가서 그 말씀하신 대로 만난지라
누가복음,19,35,누가복음 19:35,그것을 예수께로 끌고 와서 자기들의 겉옷을 나귀 새끼 위에 걸쳐 놓고 예수를 태우니
누가복음,19,36,누가복음 19:36,가실 때에 저희가 자기의 겉옷을 길에 펴더라
누가복음,19,37,누가복음 19:37,이미 감람산에서 내려가는 편까지 가까이 오시매 제자의 온 무리가 자기의 본 바 모든 능한 일을 인하여 기뻐하며 큰 소리로 하나님을 찬양하여
누가복음,19,41,누가복음 19:41,가까이 오사 성을 보시고 우시며
누가복음,19,42,누가복음 19:42,가라사대 `너도 오늘날 평화에 관한 일을 알았더면 좋을 뻔하였거니와 지금 네 눈에 숨기웠도다
누가복음,20,4,누가복음 20:4,요한의 세례가 하늘로서냐 ? 사람에게로서냐 ?'
누가복음,20,6,누가복음 20:6,만일 사람에게로서라 하면 백성이 요한을 선지자로 인정하니 저희가 다 우리를 돌로 칠 것이라' 하고
누가복음,20,8,누가복음 20:8,예수께서 이르시되 `나도 무슨 권세로 이런 일을 하는지 너희에게 이르지 아니하리라' 하시니라
누가복음,20,9,누가복음 20:9,이 비유로 백성에게 말씀하시되 `한 사람이 포도원을 만들어 농부들에게 세로 주고 타국에 가서 오래 있다가
누가복음,20,17,누가복음 20:17,저희를 보시며 가라사대 그러면 기록된 바 건축자들의 버린 돌이 모퉁이의 머릿돌이 되었느니라 함이 어찜이뇨
누가복음,20,22,누가복음 20:22,우리가 가이사에게 세를 바치는 것이 가하니이까 ? 불가하니이까 ?' 하니
누가복음,20,23,누가복음 20:23,예수께서 그 간계를 아시고 가라사대
누가복음,20,25,누가복음 20:25,가라사대 `그런즉 가이사의 것은 가이사에게 하나님의 것은 하나님께 바치라' 하시니
누가복음,20,27,누가복음 20:27,부활이 없다 주장하는 사두개인 중 어떤 이들이 와서
누가복음,20,29,누가복음 20:29,그런데 칠 형제가 있었는데 맏이 아내를 취하였다가 자식이 없이 죽고
누가복음,20,30,누가복음 20:30,그 둘째와 세째가 저를 취하고
누가복음,20,31,누가복음 20:31,일곱이 다 그와 같이 자식이 없이 죽고
누가복음,20,32,누가복음 20:32,그 후에 여자도 죽었나이다
누가복음,20,33,누가복음 20:33,일곱이 다 저를 아내로 취하였으니 부활 때에 그 중에 뉘 아내가 되리이까 ?'
누가복음,20,34,누가복음 20:34,예수께서 이르시되 `이 세상의 자녀들은 장가도 가고 시집도 가되
누가복음,20,35,누가복음 20:35,저 세상과 및 죽은 자 가운데서 부활함을 얻기에 합당히 여김을 입은 자들은 장가가고 시집가는 일이 없으며
누가복음,20,36,누가복음 20:36,저희는 다시 죽을 수도 없나니 이는 천사와 동등이요 부활의 자녀로서 하나님의 자녀임이니라
누가복음,20,38,누가복음 20:38,하나님은 죽은 자의 하나님이 아니요 산 자의 하나님이시라 하나님에게는 모든 사람이 살았느니라' 하시니
누가복음,20,43,누가복음 20:43,내가 네 원수를 네 발의 발등상으로 둘 때까지 내 우편에 앉았으라 하셨도다 하였느니라
누가복음,20,46,누가복음 20:46,`긴 옷을 입고 다니는 것을 원하며 시장에서 문안 받는 것과 회당의 상좌와 잔치의 상석을 좋아하는 서기관들을 삼가라
누가복음,21,1,누가복음 21:1,예수께서 눈을 들어 부자들이 연보 궤에 헌금 넣는 것을 보시고
누가복음,21,2,누가복음 21:2,또 어떤 가난한 과부의 두 렙돈 넣는 것을 보시고
누가복음,21,3,누가복음 21:3,가라사대 `내가 참으로 너희에게 말하노니 이 가난한 과부가 모든 사람 보다 많이 넣었도다
누가복음,21,4,누가복음 21:4,저들은 그 풍족한 중에서 헌금을 넣었거니와 이 과부는 그 구차한 중에서 자기의 있는 바 생활비 전부를 넣었느니라' 하시니라
누가복음,21,5,누가복음 21:5,어떤 사람들이 성전을 가리켜 그 미석과 헌물로 꾸민 것을 말하매 예수께서 가라사대
누가복음,21,13,누가복음 21:13,이 일이 도리어 너희에게 증거가 되리라
누가복음,21,14,누가복음 21:14,그러므로 너희는 변명할 것을 미리 연구치 않기로 결심하라
누가복음,21,15,누가복음 21:15,내가 너희의 모든 대적이 능히 대항하거나 변박할 수 없는 구재와 지혜를 너희에게 주리라
누가복음,21,18,누가복음 21:18,너희 머리털 하나도 상치 아니하리라
누가복음,21,19,누가복음 21:19,너희의 인내로 너희 영혼을 얻으리라 !
누가복음,21,30,누가복음 21:30,싹이 나면 너희가 보고 여름이 가까운 줄을 자연히 아나니
누가복음,21,31,누가복음 21:31,이와 같이 너희가 이런 일이 나는 것을 보거든 하나님의 나라가 가까운 줄을 알라
누가복음,21,32,누가복음 21:32,내가 진실로 너희에게 말하노니 이 세대가 지나가기 전에 모든 일이 다 이루리라
누가복음,21,33,누가복음 21:33,천지는 없어지겠으나 내 말은 없어지지 아니하리라
누가복음,21,37,누가복음 21:37,예수께서 낮이면 성전에서 가르치시고 밤이면 나가 감람원이라 하는 산에서 쉬시니
누가복음,21,38,누가복음 21:38,모든 백성이 그 말씀을 들으려고 이른 아침에 성전에 나아가더라
누가복음,22,10,누가복음 22:10,이르시되 `보라 너희가 성내로 들어가면 물 한 동이를 가지고 가는 사람을 만나리니 그의 들어가는 집으로 따라 들어가서
누가복음,22,14,누가복음 22:14,때가 이르매 예수께서 사도들과 함께 앉으사
누가복음,22,18,누가복음 22:18,내가 너희에게 이르노니 내가 이제부터 하나님의 나라가 임할 때까지 포도나무에서 난 것을 다시 마시지 아니하리라' 하시고
누가복음,22,19,누가복음 22:19,또 떡을 가져 사례하시고 떼어 저희에게 주시며 가라사대 `이것은 너희를 위하여 주는 내 몸이라 너희가 이를 행하여 나를 기념하라 !' 하시고
누가복음,22,20,누가복음 22:20,저녁 먹은 후에 잔도 이와 같이 하여 가라사대 `이 잔은 내 피로 세우는 새 언약이니 곧 너희를 위하여 붓는 것이라
누가복음,22,24,누가복음 22:24,또 저희 사이에 그 중 누가 크냐 하는 다툼이 난지라
누가복음,22,25,누가복음 22:25,예수께서 이르시되 `이방인의 임금들은 저희를 주관하며 그 집권자들은 은인이라 칭함을 받으나
누가복음,22,26,누가복음 22:26,너희는 그렇지 않을지니 너희 중에 큰 자는 젊은 자와 같고 두목은 섬기는 자와 같을지니라
누가복음,22,27,누가복음 22:27,앉아서 먹는 자가 크냐 ? 섬기는 자가 크냐 ? 앉아 먹는 자가 아니냐 ? 그러나 나는 섬기는 자로 너희 중에 있노라
누가복음,22,28,누가복음 22:28,너희는 나의 모든 시험 중에 항상 나와 함께 한 자들인즉
누가복음,22,29,누가복음 22:29,내 아버지께서 나라를 내게 맡기신 것같이 나도 너희에게 맡겨
누가복음,22,30,누가복음 22:30,너희로 내 나라에 있어 내 상에서 먹고 마시며 또는 보좌에 앉아 이스라엘 열 두 지파를 다스리게 하려 하노라
누가복음,22,32,누가복음 22:32,그러나 내가 너를 위하여 네 믿음이 떨어지지 않기를 기도하였노니 너는 돌이킨 후에 네 형제를 굳게 하라'
누가복음,22,37,누가복음 22:37,내가 너희에게 말하노니 기록된 바 저는 불법자의 동류로 여김을 받았다 한 말이 내게 이루어져야 하리니 내게 관한 일이 이루어 감이니라'
누가복음,22,39,누가복음 22:39,예수께서 나가사 습관을 좇아 감람산에 가시매 제자들도 좇았더니
누가복음,22,40,누가복음 22:40,그 곳에 이르러 저희에게 이르시되 `시험에 들지 않기를 기도하라 !' 하시고
누가복음,22,41,누가복음 22:41,저희를 떠나 돌 던질 만큼 가서 무릎을 꿇고 기도하여
누가복음,22,42,누가복음 22:42,가라사대 `아버지여 만일 아버지의 뜻이어든 이 잔을 내게서 옮기시옵소서 그러나 내 원대로 마옵시고 아버지의 원대로 되기를 원하나이다' 하시니
누가복음,22,43,누가복음 22:43,사자가 하늘로부터 예수께 나타나 힘을 돕더라
누가복음,22,45,누가복음 22:45,기도 후에 일어나 제자들에게 가서 슬픔을 인하여 잠든 것을 보시고
누가복음,22,46,누가복음 22:46,이르시되 `어찌하여 자느냐 시험에 들지 않게 일어나 기도하라 !' 하시니라
누가복음,22,62,누가복음 22:62,밖에 나가서 심히 통곡하니라
누가복음,22,68,누가복음 22:68,내가 물어도 너희가 대답지 아니할 것이니라
누가복음,22,69,누가복음 22:69,그러나 이제 후로는 인자가 하나님의 권능의 우편에 앉아 있으리라' 하시니
누가복음,23,9,누가복음 23:9,여러 말로 물으나 아무 말도 대답지 아니하시니
누가복음,23,27,누가복음 23:27,또 백성과 및 그를 위하여 가슴을 치며 슬피 우는 여자의 큰 무리가 따라 오는지라
누가복음,23,41,누가복음 23:41,우리는 우리의 행한 일에 상당한 보응을 받는 것이니 이에 당연하거니와 이 사람의 행한 것은 옳지 않은 것이 없느니라 하고
누가복음,23,43,누가복음 23:43,예수께서 이르시되 내가 진실로 네게 이르노니 오늘 네가 나와 함께 낙원에 있으리라 하시니라
누가복음,23,51,누가복음 23:51,그는 유대인의 동네 아리마대 사람이요 하나님의 나라를 기다리는 자러니
누가복음,23,56,누가복음 23:56,돌아가 향품과 향유를 예비하더라 계명을 좇아 안식일에 쉬더라
누가복음,24,1,누가복음 24:1,안식 후 첫날 새벽에 이 여자들이 그 예비한 향품을 가지고 무덤에 가서
누가복음,24,2,누가복음 24:2,돌이 무덤에서 굴려 옮기운 것을 보고
누가복음,24,4,누가복음 24:4,이를 인하여 근심할 때에 문득 찬란한 옷을 입은 두 사람이 곁에 섰는지라
누가복음,24,7,누가복음 24:7,이르시기를 인자가 죄인의 손에 넘기워 십자가에 못박히고 제 삼일에 다시 살아나야 하리라 하셨느니라' 한대
누가복음,24,8,누가복음 24:8,저희가 예수의 말씀을 기억하고
누가복음,24,9,누가복음 24:9,무덤에서 돌아가 이 모든 것을 열 한 사도와 모든 다른 이에게 고하니
누가복음,24,11,누가복음 24:11,사도들은 저희 말이 허탄한듯이 뵈어 믿지 아니하나
누가복음,24,15,누가복음 24:15,저희가 서로 이야기하며 문의 할 때에 예수께서 가까이 이르러 저희와 동행하시나
누가복음,24,16,누가복음 24:16,저희의 눈이 가리워져서 그인줄 알아보지 못하거늘
누가복음,24,17,누가복음 24:17,예수께서 이르시되 `너희가 길가면서 서로 주고 받고 하는 이야기가 무엇이냐 ?' 하시니 두 사람이 슬픈 빛을 띠고 머물러 서더라
누가복음,24,21,누가복음 24:21,우리는 이 사람이 이스라엘을 구속할 자라고 바랐노라 이뿐 아니라 이 일이 된 지가 사흘째요
누가복음,24,22,누가복음 24:22,또한 우리 중에 어떤 여자들이 우리로 놀라게 하였으니 이는 저희가 새벽에 무덤에 갔다가
누가복음,24,24,누가복음 24:24,또 우리와 함께 한 자 중에 두어 사람이 무덤에 가 과연 여자들의 말한 바와 같음을 보았으나 예수는 보지 못하였느니라' 하거늘
누가복음,24,26,누가복음 24:26,그리스도가 이런 고난을 받고 자기의 영광에 들어가야 할 것이 아니냐 ?' 하시고
누가복음,24,28,누가복음 24:28,저희의 가는 촌에 가까이 가매 예수는 더 가려 하는 것같이 하시니
누가복음,24,30,누가복음 24:30,저희와 함께 음식 잡수실 때에 떡을 가지사 축사하시고 떼어 저희에게 주시매
누가복음,24,31,누가복음 24:31,저희 눈이 밝아져 그인 줄 알아 보더니 예수는 저희에게 보이지 아니하시는지라
누가복음,24,34,누가복음 24:34,말하기를 주께서 과연 살아나시고 시몬에게 나타나셨다 하는지라
누가복음,24,36,누가복음 24:36,이 말을 할 때에 예수께서 친히 그 가운데 서서 가라사대 `너희에게 평강이 있을지어다 !' 하시니
누가복음,24,38,누가복음 24:38,예수께서 가라사대 `어찌하여 두려워하며 어찌하여 마음에 의심이 일어나느냐 ?
누가복음,24,39,누가복음 24:39,내 손과 발을 보고 나인줄 알라 또 나를 만져보라 영은 살과 뼈가 없으되 너희 보는 바와 같이 나는 있느니라'
누가복음,24,40,누가복음 24:40,이 말씀을 하시고 손과 발을 보이시나
누가복음,24,43,누가복음 24:43,받으사 그 앞에서 잡수시더라
누가복음,24,47,누가복음 24:47,또 그의 이름으로 죄 사함을 얻게 하는 회개가 예루살렘으로부터 시작하여 모든 족속에게 전파될 것이 기록되었으니
누가복음,24,48,누가복음 24:48,너희는 이 모든 일의 증인이라 !
누가복음,24,49,누가복음 24:49,볼지어다 내가 내 아버지의 약속하신 것을 너희에게 보내리니 너희는 위로부터 능력을 입히울 때까지 이 성에 유하라' 하시니라
누가복음,24,50,누가복음 24:50,예수께서 저희를 데리고 베다니 앞까지 나가사 손을 들어 저희에게 축복하시더니
누가복음,24,51,누가복음 24:51,축복하실 때에 저희를 떠나 시니
누가복음,24,53,누가복음 24:53,늘 성전에 있어 하나님을 찬송하니라
요한복음,1,1,요한복음 1:1,태초에 말씀이 계시니라 이 말씀이 하나님과 함께 계셨으니 이 말씀은 곧 하나님이시니라
요한복음,1,2,요한복음 1:2,그가 태초에 하나님과 함께 계셨고
요한복음,1,3,요한복음 1:3,만물이 그로 말미암아 지은 바 되었으니 지은 것이 하나도 그가 없이는 된 것이 없느니라
요한복음,1,4,요한복음 1:4,그 안에 생명이 있었으니 이 생명은 사람들의 빛이라
요한복음,1,6,요한복음 1:6,하나님께로서 보내심을 받은 사람이 났으니 이름은 요한이라
요한복음,1,8,요한복음 1:8,그는 이 빛이 아니요 이 빛에 대하여 증거하러 온 자라
요한복음,1,9,요한복음 1:9,참 빛 곧 세상에 와서 각 사람에게 비취는 빛이 있었나니
요한복음,1,11,요한복음 1:11,자기 땅에 오매 자기 백성이 영접지 아니하였으나
요한복음,1,12,요한복음 1:12,영접하는 자 곧 그 이름을 믿는 자들에게는 하나님의 자녀가 되는 권세를 주셨으니
요한복음,1,16,요한복음 1:16,우리가 다 그의 충만한 데서 받으니 은혜 위에 은혜러라
요한복음,1,18,요한복음 1:18,본래 하나님을 본 사람이 없으되 아버지 품 속에 있는 독생하신 하나님이 나타내셨느니라
요한복음,1,20,요한복음 1:20,요한이 드러내어 말하고 숨기지 아니하니 드러내어 하는 말이 `나는 그리스도가 아니라' 한대
요한복음,1,24,요한복음 1:24,저희는 바리새인들에게서 보낸자라
요한복음,1,30,요한복음 1:30,내가 전에 말하기를 내 뒤에 오는 사람이 있는데 나보다 앞선 것은 그가 나보다 먼저 계심이라 한 것이 이 사람을 가리킴이라
요한복음,1,31,요한복음 1:31,나도 그를 알지 못하였으나 내가 와서 물로 세례를 주는 것은 그를 이스라엘에게 나타내려 함이라' 하니라
요한복음,1,33,요한복음 1:33,나도 그를 알지 못하였으나 나를 보내어 물로 세례를 주라 하신 그 이가 나에게 말씀하시되 성령이 내려서 누구 위에든지 머무는 것을 보거든 그가 곧 성령으로 세례를 주는 이인줄 알라 하셨기에
요한복음,1,34,요한복음 1:34,내가 보고 그가 하나님의 아들이심을 증거하였노라' 하니라
요한복음,1,35,요한복음 1:35,또 이튿날 요한이 자기 제자중 두 사람과 함께 섰다가
요한복음,1,37,요한복음 1:37,두 제자가 그의 말을 듣고 예수를 좇거늘
요한복음,1,42,요한복음 1:42,데리고 예수께로 오니 예수께서 보시고 가라사대 `네가 요한의 아들 시몬이니 장차 게바라 하리라' 하시니라
요한복음,1,47,요한복음 1:47,"예수께서 나다나엘이 자기에게 오는 것을 보시고 그를 가리켜 가라사대 `보라, 이는 참 이스라엘 사람이라 그 속에 간사한 것이 없도다'"
요한복음,1,51,요한복음 1:51,또 가라사대 진실로 진실로 너희에게 이르노니 하늘이 열리고 하나님의 사자들이 인자 위에 오르락 내리락 하는 것을 보리라' 하시니라
요한복음,2,2,요한복음 2:2,예수와 그 제자들도 혼인에 청함을 받았더니
요한복음,2,4,요한복음 2:4,"예수께서 가라사대 `여자여, 나와 무슨 상관이 있나이까 ? 내 때가 아직 이르지 못하였나이다'"
요한복음,2,6,요한복음 2:6,거기 유대인의 결례를 따라 두 세 통 드는 돌항아리 여섯이 놓였는지라
요한복음,2,7,요한복음 2:7,예수께서 저희에게 이르시되 항아리에 물을 채우라 하신즉 아구까지 채우니
요한복음,2,8,요한복음 2:8,이제는 떠서 연회장에게 갖다 주라 하시매 갖다 주었더니
요한복음,2,9,요한복음 2:9,연회장은 물로 된 포도주를 맛보고 어디서 났는지 알지 못하되 물떠온 하인들은 알더라 연회장이 신랑을 불러
요한복음,2,14,요한복음 2:14,성전 안에서 소와 양과 비둘기 파는 사람들과 돈 바꾸는 사람들의 앉은 것을 보시고
요한복음,2,16,요한복음 2:16,비둘기 파는 사람들에게 이르시되 `이것을 여기서 가져가라 내 아버지의 집으로 장사하는 집을 만들지 말라' 하시니
요한복음,2,21,요한복음 2:21,그러나 예수는 성전된 자기 육체를 가리켜 말씀하신 것이라
요한복음,2,24,요한복음 2:24,예수는 그 몸을 저희에게 의탁지 아니하셨으니 이는 친히 모든 사람을 아심이요
요한복음,2,25,요한복음 2:25,또 친히 사람의 속에 있는 것을 아시므로 사람에 대하여 아무의 증거도 받으실 필요가 없음이니라
요한복음,3,1,요한복음 3:1,바리새인 중에 니고데모라 하는 사람이 있으니 유대인의 관원이라
요한복음,3,5,요한복음 3:5,예수께서 대답하시되 `진실로 진실로 네게 이르노니 사람이 물과 성령으로 나지 아니하면 하나님 나라에 들어갈 수 없느니라
요한복음,3,6,요한복음 3:6,육으로 난 것은 육이요 성령으로 난 것은 영이니
요한복음,3,7,요한복음 3:7,내가 네게 거듭나야 하겠다 하는 말을 기이히 여기지 말라
요한복음,3,8,요한복음 3:8,바람이 임의로 불매 네가 그 소리를 들어도 어디서 오며 어디로 가는지 알지 못하나니 성령으로 난 사람은 다 이러하니라'
요한복음,3,10,요한복음 3:10,예수께서 가라사대 `너는 이스라엘의 선생으로서 이러한 일을 알지 못하느냐 ?
요한복음,3,11,요한복음 3:11,진실로 진실로 네게 이르노니 우리 아는 것을 말하고 본 것을 증거하노라 그러나 너희가 우리 증거를 받지 아니하는도다
요한복음,3,12,요한복음 3:12,내가 땅의 일을 말하여도 너희가 믿지 아니하거든 하물며 하늘 일을 말하면 어떻게 믿겠느냐 ?
요한복음,3,13,요한복음 3:13,하늘에서 내려온 자 곧 인자 외에는 하늘에 올라간 자가 없느니라
요한복음,3,16,요한복음 3:16,하나님이 세상을 이처럼 사랑하사 독생자를 주셨으니 이는 저를 믿는 자마다 멸망치 않고 영생을 얻게 하려 하심이니라
요한복음,3,17,요한복음 3:17,하나님이 그 아들을 세상에 보내신 것은 세상을 심판하려 하심이 아니요 저로 말미암아 세상이 구원을 받게 하려 하심이라
요한복음,3,21,요한복음 3:21,진리를 쫓는 자는 빛으로 오나니 이는 그 행위가 하나님 안에서 행한 것임을 나타내려 함이라' 하시니라
요한복음,3,22,요한복음 3:22,이 후에 예수께서 제자들과 유대땅으로 가서 거기 함께 유하시며 세례를 주시더라
요한복음,3,23,요한복음 3:23,요한도 살렘 가까운 애논에서 세례를 주니 거기 물들이 많음이라 사람들이 와서 세례를 받더라
요한복음,3,28,요한복음 3:28,나의 말한바 나는 그리스도가 아니요 그의 앞에 보내심을 받은 자라고 한 것을 증거할자는 너희니라
요한복음,3,29,요한복음 3:29,신부를 취하는 자는 신랑이 나서서 신랑의 음성을 듣는 친구가 크게 기뻐하나니 나는 이러한 기쁨이 충만 하였노라
요한복음,3,30,요한복음 3:30,그는 흥하여야 하겠고 나는 쇠하여야 하리라' 하니라
요한복음,3,31,요한복음 3:31,`위로부터 오시는 이는 만물위에 계시고 땅에서 난 이는 땅에 속하여 땅에 속한 것을 말하느니라 하늘로서 오시는 이는 만물 위에 계시나니
요한복음,3,33,요한복음 3:33,그의 증거를 받는이는 하나님을 참되시다 하여 인쳤느니라
요한복음,3,34,요한복음 3:34,하나님의 보내신 이는 하나님의 말씀을 하나니 이는 하나님이 성령을 한량없이 주심이니라
요한복음,3,35,요한복음 3:35,아버지께서 아들을 사랑하사 만물을 다 그 손에 주셨으니
요한복음,4,1,요한복음 4:1,예수의 제자를 삼고 세례를 주는 것이 요한보다 많다 하는 말을 바리새인들이 들은 줄을 주께서 아신지라
요한복음,4,12,요한복음 4:12,우리 조상 야곱이 이 우물을 우리에게 주었고 또 여기서 자기와 자기 아들들과 짐승이 다 먹었으니 당신이 야곱보다 더 크니이까 ?'
요한복음,4,14,요한복음 4:14,내가 주는 물을 먹는 자는 영원히 목마르지 아니하리니 나의 주는 물은 그 속에서 영생하도록 솟아나는 샘물이 되리라'
요한복음,4,16,요한복음 4:16,가라사대 `가서 네 남편을 불러오라'
요한복음,4,20,요한복음 4:20,우리 조상들은 이 산에서 예배하였는데 당신들의 말은 예배 할 곳이 예루살렘에 있다 하더이다'
요한복음,4,21,요한복음 4:21,"예수께서 가라사대 `여자여, 내말을 믿으라 ! 이 산에서도 말고 예루살렘에서도 말고 너희가 아버지께 예배할 때가 이르리라"
요한복음,4,22,요한복음 4:22,너희는 알지 못하는 것을 예배하고 우리는 아는 것을 예배하노니 이는 구원이 유대인에게서 남이니라
요한복음,4,23,요한복음 4:23,아버지께 참으로 예배하는 자들은 신령과 진정으로 예배할 때가 오나니 곧 이 때라 아버지께서는 이렇게 자기에게 예배하는 자들을 찾으시느니라
요한복음,4,24,요한복음 4:24,하나님은 영이시니 예배하는 자가 신령과 진정으로 예배할지니라'
요한복음,4,26,요한복음 4:26,예수께서 이르시되 `네게 말하는 내가 그로라 !' 하시니라
요한복음,4,27,요한복음 4:27,이 때에 제자들이 돌아와서 예수께서 여자와 말씀하시는 것을 이상히 여겼으나 무엇을 구하시나이까 ? 어찌하여 저와 말씀하시나이까 ? 묻는 이가 없더라
요한복음,4,29,요한복음 4:29,`나의 행한 모든 일을 내게 말한 사람을 와 보라 ! 이는 그리스도가 아니냐 ?' 하니
요한복음,4,30,요한복음 4:30,저희가 동네에서 나와 예수께로 오더라
요한복음,4,32,요한복음 4:32,가라사대 `내게는 너희가 알지 못하는 먹을 양식이 있느니라'
요한복음,4,34,요한복음 4:34,예수께서 이르시되 `나의 양식은 나를 보내신 이의 뜻을 행하며 그의 일을 온전히 이루는 이것이니라
요한복음,4,35,요한복음 4:35,너희가 넉 달이 지나야 추수할 때가 이르겠다 하지 아니하느냐 ? 내가 너희에게 이르노니 눈을 들어 밭을 보라 희어져 추수하게 되었도다
요한복음,4,36,요한복음 4:36,거두는 자가 이미 삯도 받고 영생에 이르는 열매를 모으나니 이는 뿌리는 자와 거두는 자가 함께 즐거워 하게 하려 함이니라
요한복음,4,38,요한복음 4:38,내가 너희로 노력지 아니한 것을 거두러 보내었노니 다른 사람들은 노력하였고 너희는 그들의 노력한 것에 참예하였느니라'
요한복음,4,41,요한복음 4:41,예수의 말씀을 인하여 믿는 자가 더욱 많아
요한복음,4,44,요한복음 4:44,친히 증거하시기를 `선지자가 고향에서는 높임을 받지 못한다' 하시고
요한복음,4,48,요한복음 4:48,예수께서 가라사대 `너희는 표적과 기사를 보지 못하면 도무지 믿지 아니하리라'
요한복음,4,50,요한복음 4:50,"예수께서 가라사대 `가라, 네 아들이 살았다' 하신대 그 사람이 예수의 하신 말씀을 믿고 가더니"
요한복음,4,51,요한복음 4:51,내려가는 길에서 그 종들이 오다가 만나서 아이가 살았다 하거늘
요한복음,4,52,요한복음 4:52,그 낫기 시작한 때를 물은즉 어제 제 칠시에 열기가 떨어졌나이다 하는지라
요한복음,4,53,요한복음 4:53,아비가 예수께서 네 아들이 살았다 말씀하신 그 때인 줄 알고 자기와 그 온 집안이 다 믿으니라
요한복음,5,1,요한복음 5:1,그 후에 유대인의 명절이 있어 예수께서 예루살렘에 올라가시니라
요한복음,5,2,요한복음 5:2,예루살렘에 있는 양문 곁에 히브리 말로 베데스다라 하는 못이 있는데 거기 행각 다섯이 있고
요한복음,5,6,요한복음 5:6,예수께서 그 누운 것을 보시고 병이 벌써 오랜 줄 아시고 이르시되 네가 낫고자 하느냐 ?
요한복음,5,8,요한복음 5:8,예수께서 가라사대 `일어나 네 자리를 들고 걸어가라' 하시니
요한복음,5,9,요한복음 5:9,그 사람이 곧 나아서 자리를 들고 걸어가니라 이 날은 안식일이니
요한복음,5,13,요한복음 5:13,고침을 받은 사람이 그가 누구신지 알지 못하니 이는 거기 사람이 많으므로 예수께서 이미 피하셨음이라
요한복음,5,14,요한복음 5:14,"그 후에 예수께서 성전에서 그 사람을 만나 이르시되 `보라, 네가 나았으니 더 심한 것이 생기지 않게 다시는 죄를 범치 말라' 하시니"
요한복음,5,15,요한복음 5:15,그 사람이 유대인들에게 가서 자기를 고친 이는 예수라 하니라
요한복음,5,17,요한복음 5:17,예수께서 저희에게 이르시되 `내 아버지께서 이제까지 일하시니 나도 일한다' 하시매
요한복음,5,19,요한복음 5:19,그러므로 예수께서 저희에게 이르시되 `내가 진실로 진실로 너희에게 이르노니 아들이 아버지의 하시는 일을 보지 않고는 아무 것도 스스로 할 수 없나니 아버지께서 행하시는 그것을 아들도 그와 같이 행하느니라
요한복음,5,20,요한복음 5:20,아버지께서 아들을 사랑하사 자기의 행하시는 것을 다 아들에게 보이시고 또 그보다 더 큰 일을 보이사 너희로 기이히 여기게 하시리라
요한복음,5,21,요한복음 5:21,아버지께서 죽은 자들을 일으켜 살리심같이 아들도 자기의 원하는 자들을 살리느니라
요한복음,5,24,요한복음 5:24,내가 진실로 진실로 너희에게 이르노니 내 말을 듣고 또 나 보내신 이를 믿는 자는 영생을 얻었고 심판에 이르지 아니하나니 사망에서 생명으로 옮겼느니라
요한복음,5,25,요한복음 5:25,진실로 진실로 너희에게 이르노니 죽은 자들이 하나님의 아들의 음성을 들을 때가 오나니 곧 이 때라 듣는 자는 살아나리라
요한복음,5,26,요한복음 5:26,아버지께서 자기 속에 생명이 있음같이 아들에게도 생명을 주어 그 속에 있게 하셨고
요한복음,5,28,요한복음 5:28,이를 기이히 여기지 말라 무덤 속에 있는 자가 다 그의 음성을 들을 때가 오나니
요한복음,5,30,요한복음 5:30,내가 아무 것도 스스로 할 수 없노라 듣는대로 심판하노니 나는 나의 원대로 하려 하지않고 나를 보내신 이의 원대로 하려는고로 내 심판은 의로우니라
요한복음,5,32,요한복음 5:32,나를 위하여 증거하시는 이가 따로 있으니 나를 위하여 증거하시는 그 증거가 참인 줄 아노라
요한복음,5,33,요한복음 5:33,너희가 요한에게 사람을 보내매 요한이 진리에 대하여 증거하였느니라
요한복음,5,34,요한복음 5:34,그러나 나는 사람에게서 증거를 취하지 아니하노라 다만 이 말을 하는 것은 너희로 구원을 얻게 하려 함이니라
요한복음,5,36,요한복음 5:36,내게는 요한의 증거보다 더 큰 증거가 있으니 아버지께서 내게 주사 이루게 하시는 역사 곧 나의 하는 그 역사가 아버지께서 나를 보내신 것을 나를 위하여 증거하는 것이요
요한복음,5,37,요한복음 5:37,또한 나를 보내신 아버지께서 친히 나를 위하여 증거하셨느니라 너희는 아무 때에도 그 음성을 듣지 못하였고 그 형용을 보지 못하였으며
요한복음,5,38,요한복음 5:38,그 말씀이 너희 속에 거하지 아니하니 이는 그의 보내신 자를 믿지 아니함이니라
요한복음,5,39,요한복음 5:39,너희가 성경에서 영생을 얻는 줄 생각하고 성경을 상고하거니와 이 성경이 곧 내게 대하여 증거하는 것이로다
요한복음,5,40,요한복음 5:40,그러나 너희가 영생을 얻기 위하여 내게 오기를 원하지 아니하는도다
요한복음,5,41,요한복음 5:41,나는 사람에게 영광을 취하지 아니하노라
요한복음,6,2,요한복음 6:2,큰 무리가 따르니 이는 병인들에게 행하시는 표적을 봄이러라
요한복음,6,3,요한복음 6:3,예수께서 산에 오르사 제자들과 함께 거기 앉으시니
요한복음,6,5,요한복음 6:5,예수께서 눈을 들어 큰 무리가 자기에게로 오는 것을 보시고 빌립에게 이르시되 `우리가 어디서 떡을 사서 이 사람들로 먹게 하겠느냐 ?' 하시니
요한복음,6,6,요한복음 6:6,이렇게 말씀하심은 친히 어떻게 하실 것을 아시고 빌립을 시험코자 하심이라
요한복음,6,9,요한복음 6:9,`여기 한 아이가 있어 보리떡 다섯개와 물고기 두 마리를 가졌나이다 그러나 그것이 이 많은 사람에게 얼마나 되겠삽나이까 ?'
요한복음,6,10,요한복음 6:10,예수께서 가라사대 `이 사람들로 앉게 하라' 하신대 그 곳에 잔디가 많은지라 사람들이 앉으니 수효가 오천쯤 되더라
요한복음,6,11,요한복음 6:11,예수께서 떡을 가져 축사하신 후에 앉은 자들에게 나눠 주시고 고기도 그렇게 저희의 원대로 주시다
요한복음,6,12,요한복음 6:12,저희가 배부른 후에 예수께서 제자들에게 이르시되 `남은 조각을 거두고 버리는 것이 없게 하라' 하시므로
요한복음,6,15,요한복음 6:15,그러므로 예수께서 저희가 와서 자기를 억지로 잡아 임금 삼으려는 줄을 아시고 다시 혼자 산으로 떠나 가시니라
요한복음,6,16,요한복음 6:16,저물매 제자들이 바다에 내려가서
요한복음,6,18,요한복음 6:18,큰 바람이 불어 파도가 일어나더라
요한복음,6,19,요한복음 6:19,제자들이 노를 저어 십여리쯤 가다가 예수께서 바다 위로 걸어 배에 가까이 오심을 보고 두려워하거늘
요한복음,6,20,요한복음 6:20,가라사대 `내니 두려워 말라 !' 하신대
요한복음,6,22,요한복음 6:22,이튿날 바다 건너편에 섰는 무리가 배 한 척밖에 다른 배가 거기 없는 것과 또 어제 예수께서 제자들과 함께 그 배에 오르지 아니하시고 제자들만 가는 것을 보았더니
요한복음,6,25,요한복음 6:25,"바다 건너편에서 만나 `랍비여, 어느 때에 여기 오셨나이까 ?' 하니"
요한복음,6,27,요한복음 6:27,썩는 양식을 위하여 일하지 말고 영생하도록 있는 양식을 위하여 하라 이 양식은 인자가 너희에게 주리니 인자는 아버지 하나님의 인치신 자니라'
요한복음,6,31,요한복음 6:31,기록된 바 하늘에서 저희에게 떡을 주어 먹게 하였다 함과 같이 우리 조상들은 광야에서 만나를 먹었나이다'
요한복음,6,33,요한복음 6:33,하나님의 떡은 하늘에서 내려 세상에게 생명을 주는 것이니라'
요한복음,6,35,요한복음 6:35,예수께서 가라사대 `내가 곧 생명의 떡이니 내게 오는 자는 결코 주리지 아니할 터이요 나를 믿는 자는 영원히 목마르지 아니하리라
요한복음,6,36,요한복음 6:36,그러나 내가 너희더러 이르기를 너희는 나를 보고도 믿지 아니하는도다 하였느니라
요한복음,6,37,요한복음 6:37,아버지께서 내게 주시는 자는 다 내게로 올 것이요 내게 오는 자는 내가 결코 내어 쫓지 아니하리라
요한복음,6,38,요한복음 6:38,내가 하늘로서 내려온 것은 내 뜻을 행하려 함이 아니요
요한복음,6,39,요한복음 6:39,나를 보내신 이의 뜻을 행하려 함이니라 나를 보내신 이의 뜻은 내게 주신 자 중에 내가 하나도 잃어 버리지 아니하고 마지막 날에 다시 살리는 이것이니라
요한복음,6,40,요한복음 6:40,내 아버지의 뜻은 아들을 보고 믿는 자마다 영생을 얻는 이것이니 마지막 날에 내가 이를 다시 살리리라' 하시니라
요한복음,6,41,요한복음 6:41,자기가 하늘로서 내려온 떡이라 하시므로 유대인들이 예수께 대하여 수군거려
요한복음,6,44,요한복음 6:44,나를 보내신 아버지께서 이끌지 아니하면 아무라도 내게 올 수 없으니 오는 그를 내가 마지막 날에 다시 살리리라
요한복음,6,45,요한복음 6:45,선지자의 글에 저희가 다 하나님의 가르치심을 받으리라 기록되었은즉 아버지께 듣고 배운 사람마다 내게로 오느니라
요한복음,6,47,요한복음 6:47,진실로 진실로 너희에게 이르노니 믿는 자는 영생을 가졌나니
요한복음,6,48,요한복음 6:48,내가 곧 생명의 떡이로다
요한복음,6,51,요한복음 6:51,나는 하늘로서 내려온 산 떡이니 사람이 이 떡을 먹으면 영생하리라 나의 줄 떡은 곧 세상의 생명을 위한 내 살이로라' 하시니라
요한복음,6,53,요한복음 6:53,예수께서 이르시되 `내가 진실로 진실로 너희에게 이르노니 인자의 살을 먹지 아니하고 인자의 피를 마시지 아니하면 너희 속에 생명이 없느니라
요한복음,6,54,요한복음 6:54,내 살을 먹고 내 피를 마시는 자는 영생을 가졌고 마지막 날에 내가 그를 다시 살리리니
요한복음,6,55,요한복음 6:55,내 살은 참된 양식이요 내 피는 참된 음료로다
요한복음,6,56,요한복음 6:56,내 살을 먹고 내 피를 마시는 자는 내 안에 거하고 나도 그 안에 거하나니
요한복음,6,57,요한복음 6:57,살아 계신 아버지께서 나를 보내시매 내가 아버지로 인하여 사는 것같이 나를 먹는 그 사람도 나로 인하여 살리라
요한복음,6,58,요한복음 6:58,이것은 하늘로서 내려온 떡이니 조상들이 먹고도 죽은 그것과 같지 아니하여 이 떡을 먹는 자는 영원히 살리라'
요한복음,6,61,요한복음 6:61,예수께서 스스로 제자들이 이 말씀에 대하여 수군거리는 줄 아시고 가라사대 `이 말이 너희에게 걸림이 되느냐 ?
요한복음,6,62,요한복음 6:62,그러면 너희가 인자의 이전 있던 곳으로 올라가는 것을 볼 것 같으면 어찌 하려느냐 ?
요한복음,6,63,요한복음 6:63,살리는 것은 영이니 육은 무익하니라 내가 너희에게 이른 말이 영이요 생명이라
요한복음,6,65,요한복음 6:65,또 가라사대 `이러하므로 전에 너희에게 말하기를 내 아버지께서 오게 하여 주지 아니하시면 누구든지 내게 올 수 없다 하였노라' 하시니라
요한복음,6,67,요한복음 6:67,예수께서 열 두 제자에게 이르시되 `너희도 가려느냐 ?'
요한복음,6,69,요한복음 6:69,우리가 주는 하나님의 거룩하신 자신줄 믿고 알았삽나이다'
요한복음,7,4,요한복음 7:4,스스로 나타나기를 구하면서 묻혀서 일하는 사람이 없나니 이 일을 행하려 하거든 자신을 세상에 나타내소서' 하니
요한복음,7,6,요한복음 7:6,예수께서 가라사대 `내 때는 아직 이르지 아니 하였거니와 너희 때는 늘 준비되어 있느니라
요한복음,7,8,요한복음 7:8,너희는 명절에 올라가라 나는 내 때가 아직 차지 못하였으니 이 명절에 아직 올라가지 아니하노라'
요한복음,7,10,요한복음 7:10,그 형제들이 명절에 올라간후 자기도 올라가시되 나타내지 않고 비밀히 하시니라
요한복음,7,11,요한복음 7:11,명절 중에 유대인들이 예수를 찾으면서 `그가 어디 있느냐 ?' 하고
요한복음,7,12,요한복음 7:12,예수께 대하여 무리 중에서 수군거림이 많아 혹은 좋은 사람이라 하며 혹은 아니라 무리를 미혹하게 한다 하나
요한복음,7,14,요한복음 7:14,이미 명절의 중간이 되어 예수께서 성전에 올라가사 가르치시니
요한복음,7,17,요한복음 7:17,사람이 하나님의 뜻을 행하려 하면 이 교훈이 하나님께로서 왔는지 내가 스스로 말함인지 알리라
요한복음,7,18,요한복음 7:18,스스로 말하는 자는 자기 영광만 구하되 보내신 이의 영광을 구하는 자는 참되니 그 속에 불의가 없느니라
요한복음,7,24,요한복음 7:24,외모로 판단하지 말고 공의의 판단으로 판단하라' 하시니라
요한복음,7,27,요한복음 7:27,그러나 우리는 이 사람이 어디서 왔는지 아노라 그리스도께서 오실 때에는 어디서 오시는지 아는 자가 없으리라' 하는지라
요한복음,7,28,요한복음 7:28,예수께서 성전에서 가르치시며 외쳐 가라사대 `너희가 나를 알고 내가 어디서 온 것도 알거니와 내가 스스로 온 것이 아니로라 나를 보내신이는 참이시니 너희는 그를 알지 못하나
요한복음,7,29,요한복음 7:29,나는 아노니 이는 내가 그에게서 났고 그가 나를 보내셨음이니라' 하신대
요한복음,7,30,요한복음 7:30,저희가 예수를 잡고자 하나 손을 대는 자가 없으니 이는 그의 때가 아직 이르지 아니하였음이러라
요한복음,7,33,요한복음 7:33,예수께서 이르시되 `내가 너희와 함께 조금 더 있다가 나를 보내신 이에게로 돌아가겠노라
요한복음,7,34,요한복음 7:34,너희가 나를 찾아도 만나지 못할 터이요 나 있는 곳에 오지도 못하리라' 하신대
요한복음,7,36,요한복음 7:36,나를 찾아도 만나지 못할 터이요 나 있는 곳에 오지도 못하리라 한 이 말이 무슨 말이냐 ?' 하니라
요한복음,7,37,요한복음 7:37,명절 끝날 곧 큰날에 예수께서 서서 외쳐 가라사대 `누구든지 목마르거든 내게로 와서 마시라
요한복음,7,38,요한복음 7:38,나를 믿는 자는 성경에 이름과 같이 그 배에서 생수의 강이 흘러나리라 하시니
요한복음,7,43,요한복음 7:43,예수를 인하여 무리 중에서 쟁론이 되니
요한복음,7,48,요한복음 7:48,당국자들이나 바리새인 중에 그를 믿는 이가 있느냐 ?
요한복음,7,51,요한복음 7:51,`우리 율법은 사람의 말을 듣고 그 행한 것을 알기 전에 판결하느냐 ?'
요한복음,7,53,요한복음 7:53,(다 각각 집으로 돌아가고
요한복음,8,1,요한복음 8:1,예수는 감람산으로 가시다
요한복음,8,2,요한복음 8:2,아침에 다시 성전으로 들어오시니 백성이 다 나오는 지라 앉으사 저희를 가르치시더니
요한복음,8,6,요한복음 8:6,저희가 이렇게 말함은 고소할 조건을 얻고자 하여 예수를 시험함이러라 예수께서 몸을 굽히사 손가락으로 땅에 쓰시니
요한복음,8,8,요한복음 8:8,다시 몸을 굽히사 손가락으로 땅에 쓰시니
요한복음,8,10,요한복음 8:10,"예수께서 일어나사 여자 외에 아무도 없는 것을 보시고 이르시되 여자여, 너를 고소하던 그들이 어디 있느냐 ? 너를 정죄한 자가 없느냐 ?"
요한복음,8,12,요한복음 8:12,예수께서 또 일러 가라사대 `나는 세상의 빛이니 나를 따르는 자는 어두움에 다니지 아니하고 생명의 빛을 얻으리라'
요한복음,8,15,요한복음 8:15,너희는 육체를 따라 판단하나 나는 아무도 판단치 아니하노라
요한복음,8,16,요한복음 8:16,만일 내가 판단하여도 내 판단이 참되니 이는 내가 혼자 있는 것이 아니요 나를 보내신 이가 나와 함께 계심이라
요한복음,8,17,요한복음 8:17,너희 율법에도 두 사람의 증거가 참되다 기록하였으니
요한복음,8,18,요한복음 8:18,내가 나를 위하여 증거하는 자가 되고 나를 보내신 아버지도 나를 위하여 증거하시느니라'
요한복음,8,20,요한복음 8:20,이 말씀은 성전에서 가르치실 때에 연보 궤 앞에서 하셨으나 잡는 사람이 없으니 이는 그의 때가 아직 이르지 아니하였음이러라
요한복음,8,23,요한복음 8:23,예수께서 가라사대 `너희는 아래서 났고 나는 위에서 났으며 너희는 이 세상에 속하였고 나는 이 세상에 속하지 아니하였느니라
요한복음,8,29,요한복음 8:29,나를 보내신 이가 나와 함께 하시도다 내가 항상 그의 기뻐하시는 일을 행하므로 나를 혼자 두지 아니하셨느니라'
요한복음,8,30,요한복음 8:30,이 말씀을 하시매 많은 사람이 믿더라
요한복음,8,31,요한복음 8:31,그러므로 예수께서 자기를 믿은 유대인들에게 이르시되 `너희가 내 말에 거하면 참 내 제자가 되고
요한복음,8,32,요한복음 8:32,진리를 알지니 진리가 너희를 자유케 하리라 !'
요한복음,8,34,요한복음 8:34,예수께서 대답하시되 `진실로 진실로 너희에게 이르노니 죄를 범하는 자마다 죄의 종이라
요한복음,8,35,요한복음 8:35,종은 영원히 집에 거하지 못하되 아들은 영원히 거하나니
요한복음,8,36,요한복음 8:36,그러므로 아들이 너희를 자유케 하면 너희가 참으로 자유하리라
요한복음,8,38,요한복음 8:38,나는 내 아버지에게서 본 것을 말하고 너희는 너희 아비에게서 들은 것을 행하느니라'
요한복음,8,42,요한복음 8:42,예수께서 가라사대 `하나님이 너희 아버지였으면 너희가 나를 사랑하였으리니 이는 내가 하나님께로 나서 왔음이라 나는 스스로 온 것이 아니요 아버지께서 나를 보내신 것이니라
요한복음,8,43,요한복음 8:43,어찌하여 내 말을 깨닫지 못하느냐 ? 이는 내 말을 들을 줄 알지 못함이로다
요한복음,8,45,요한복음 8:45,내가 진리를 말하므로 너희가 나를 믿지 아니하는도다
요한복음,8,46,요한복음 8:46,너희 중에 누가 나를 죄로 책잡겠느냐 ? 내가 진리를 말하매 어찌하여 나를 믿지 아니하느냐 ?
요한복음,8,47,요한복음 8:47,하나님께 속한 자는 하나님의 말씀을 듣나니 너희가 듣지 아니함은 하나님께 속하지 아니하였음이로다'
요한복음,8,49,요한복음 8:49,예수께서 대답하시되 `나는 귀신 들린 것이 아니라 오직 내 아버지를 공경함이어늘 너희가 나를 무시하는도다
요한복음,8,50,요한복음 8:50,나는 내 영광을 구치 아니하나 구하고 판단하시는 이가 계시니라
요한복음,8,51,요한복음 8:51,진실로 진실로 너희에게 이르노니 사람이 내 말을 지키면 죽음을 영원히 보지 아니하리라'
요한복음,8,54,요한복음 8:54,예수께서 대답하시되 `내가 내게 영광을 돌리면 내 영광이 아무 것도 아니어니와 내게 영광을 돌리시는 이는 내 아버지시니 곧 너희가 너희 하나님이라 칭하는 그이시라
요한복음,8,55,요한복음 8:55,너희는 그를 알지 못하되 나는 아노니 만일 내가 알지 못한다 하면 나도 너희같이 거짓말장이가 되리라 나는 그를 알고 또 그의 말씀을 지키노라
요한복음,9,3,요한복음 9:3,예수께서 대답하시되 `이 사람이나 그 부모가 죄를 범한 것이 아니라 그에게서 하나님의 하시는 일을 나타내고자 하심이니라
요한복음,9,4,요한복음 9:4,때가 아직 낮이매 나를 보내신 이의 일을 우리가 하여야 하리라 밤이 오리니 그 때는 아무도 일할 수 없느니라
요한복음,9,5,요한복음 9:5,내가 세상에 있는 동안에는 세상의 빛이로라'
요한복음,9,6,요한복음 9:6,이 말씀을 하시고 땅에 침을 뱉아 진흙을 이겨 그의 눈에 바르시고
요한복음,9,7,요한복음 9:7,이르시되 `실로암 못에 가서 씻으라 !' 하시니 이에 가서 씻고 밝은 눈으로 왔더라
요한복음,9,9,요한복음 9:9,혹은 그 사람이라 하며 혹은 아니라 그와 비슷하다 하거늘 제 말은 내가 그로라 하니
요한복음,9,14,요한복음 9:14,예수께서 진흙을 이겨 눈을 뜨게 하신 날은 안식일이라
요한복음,9,21,요한복음 9:21,그러나 지금 어떻게 되어 보는지 또는 누가 그 눈을 뜨게 하였는지 우리는 알지 못하나이다 저에게 물어 보시오 저가 장성하였으니 자기 일을 말하리이다'
요한복음,9,22,요한복음 9:22,그 부모가 이렇게 말한 것은 이미 유대인들이 누구든지 예수를 그리스도로 시인하는 자는 출교하기로 결의하였으므로 저희를 무서워함이러라
요한복음,9,31,요한복음 9:31,하나님이 죄인을 듣지 아니하시고 경건하여 그의 뜻대로 행하는 자는 들으시는 줄을 우리가 아나이다
요한복음,9,33,요한복음 9:33,이 사람이 하나님께로부터 오지 아니하였으면 아무 일도 할 수 없으리이다'
요한복음,9,35,요한복음 9:35,예수께서 저희가 그 사람을 쫓아냈다 하는 말을 들으셨더니 그를 만나사 가라사대 `네가 인자를 믿느냐 ?'
요한복음,9,37,요한복음 9:37,예수께서 가라사대 `네가 그를 보았거니와 지금 너와 말하는 자가 그이니라 !'
요한복음,10,1,요한복음 10:1,내가 진실로 진실로 너희에게 이르노니 양의 우리에 문으로 들어가지 아니하고 다른데로 넘어가는 자는 절도며 강도요
요한복음,10,2,요한복음 10:2,문으로 들어가는 이가 양의 목자라
요한복음,10,3,요한복음 10:3,문지기는 그를 위하여 문을 열고 양은 그의 음성을 듣나니 그가 자기 양의 이름을 각각 불러 인도하여 내느니라
요한복음,10,4,요한복음 10:4,자기 양을 다 내어 놓은 후에 앞서 가면 양들이 그의 음성을 아는고로 따라 오되
요한복음,10,5,요한복음 10:5,타인의 음성은 알지 못하는고로 타인을 따르지 아니하고 도리어 도망하느니라'
요한복음,10,6,요한복음 10:6,예수께서 이 비유로 저희에게 말씀하셨으나 저희는 그 하신 말씀이 무엇인지 알지 못하니라
요한복음,10,7,요한복음 10:7,그러므로 예수께서 다시 이르시되 `내가 진실로 진실로 너희에게 말하노니 나는 양의 문이라
요한복음,10,8,요한복음 10:8,나보다 먼저 온 자는 다 절도요 강도니 양들이 듣지 아니하였느니라
요한복음,10,9,요한복음 10:9,내가 문이니 누구든지 나로 말미암아 들어가면 구원을 얻고 또는 들어가며 나오며 꼴을 얻으리라
요한복음,10,13,요한복음 10:13,달아나는 것은 저가 삯군인 까닭에 양을 돌아보지 아니함이나
요한복음,10,14,요한복음 10:14,나는 선한 목자라 ! 내가 내 양을 알고 양도 나를 아는 것이
요한복음,10,15,요한복음 10:15,아버지께서 나를 아시고 내가 아버지를 아는 것 같으니 나는 양을 위하여 목숨을 버리노라
요한복음,10,16,요한복음 10:16,또 이 우리에 들지 아니한 다른 양들이 내게 있어 내가 인도하여야 할 터이니 저희도 내 음성을 듣고 한 무리가 되어 한 목자에게 있으리라
요한복음,10,17,요한복음 10:17,아버지께서 나를 사랑하시는 것은 내가 다시 목숨을 얻기 위하여 목숨을 버림이라
요한복음,10,18,요한복음 10:18,이를 내게서 빼앗는 자가 있는 것이 아니라 내가 스스로 버리노라 나는 버릴 권세도 있고 다시 얻을 권세도 있으니 이 계명은 내 아버지에게서 받았노라' 하시니라
요한복음,10,19,요한복음 10:19,이 말씀을 인하여 유대인 중에 다시 분쟁이 일어나니
요한복음,10,22,요한복음 10:22,예루살렘에 수전절이 이르니 때는 겨울이라
요한복음,10,25,요한복음 10:25,예수께서 대답하시되 `내가 너희에게 말하였으되 믿지 아니하는도다 내가 내 아버지의 이름으로 행하는 일들이 나를 증거하는 것이어늘
요한복음,10,26,요한복음 10:26,너희가 내 양이 아니므로 믿지 아니하는도다
요한복음,10,27,요한복음 10:27,내 양은 내 음성을 들으며 나는 저희를 알며 저희는 나를 따르느니라
요한복음,10,28,요한복음 10:28,내가 저희에게 영생을 주노니 영원히 멸망치 아니할 터이요 또 저희를 내 손에서 빼앗을 자가 없느니라
요한복음,10,29,요한복음 10:29,저희를 주신 내 아버지는 만유보다 크시매 아무도 아버지 손에서 빼앗을 수 없느니라 !
요한복음,10,30,요한복음 10:30,나와 아버지는 하나이니라' 하신대
요한복음,10,32,요한복음 10:32,예수께서 대답하시되 `내가 아버지께로 말미암아 여러 가지 선한 일을 너희에게 보였거늘 그 중에 어떤 일로 나를 돌로 치려 하느냐 ?'
요한복음,10,34,요한복음 10:34,예수께서 가라사대 `너희 율법에 기록한바 내가 너희를 신이라 하였노라 하지 아니하였느냐
요한복음,10,35,요한복음 10:35,성경은 폐하지 못하나니 하나님의 말씀을 받은 사람들을 신이라 하셨거든
요한복음,10,36,요한복음 10:36,하물며 아버지께서 거룩하게 하사 세상에 보내신 자가 나는 하나님 아들이라 하는 것으로 너희가 어찌 참람하다 하느냐 ?
요한복음,10,38,요한복음 10:38,내가 행하거든 나를 믿지 아니할지라도 그 일은 믿으라 ! 그러면 너희가 아버지께서 내 안에 계시고 내가 아버지 안에 있음을 깨달아 알리라' 하신대
요한복음,10,42,요한복음 10:42,그리하여 거기서 많은 사람이 예수를 믿으니라
요한복음,11,7,요한복음 11:7,그 후에 제자들에게 이르시되 `유대로 다시 가자' 하시니
요한복음,11,9,요한복음 11:9,예수께서 대답하시되 `낮이 열 두시가 아니냐 ? 사람이 낮에 다니면 이 세상의 빛을 보므로 실족하지 아니하고
요한복음,11,10,요한복음 11:10,밤에 다니면 빛이 그 사람 안에 없는고로 실족하느니라'
요한복음,11,13,요한복음 11:13,예수는 그의 죽음을 가리켜 말씀하신 것이나 저희는 잠들어 쉬는 것을 가리켜 말씀하심인줄 생각하는지라
요한복음,11,15,요한복음 11:15,내가 거기 있지 아니한 것을 너희를 위하여 기뻐하노니 이는 너희로 믿게 하려 함이라 그러나 그에게로 가자' 하신대
요한복음,11,18,요한복음 11:18,베다니는 예루살렘에서 가깝기가 한 오 리쯤 되매
요한복음,11,22,요한복음 11:22,그러나 나는 이제라도 주께서 무엇이든지 하나님께 구하시는 것을 하나님이 주실 줄을 아나이다'
요한복음,11,23,요한복음 11:23,예수께서 가라사대 `네 오라비가 다시 살리라'
요한복음,11,25,요한복음 11:25,예수께서 가라사대 `나는 부활이요 생명이니 나를 믿는 자는 죽어도 살겠고
요한복음,11,26,요한복음 11:26,무릇 살아서 나를 믿는 자는 영원히 죽지 아니하리니 이것을 네가 믿느냐 ?'
요한복음,11,29,요한복음 11:29,마리아가 이 말을 듣고 급히 일어나 예수께 나아가매
요한복음,11,31,요한복음 11:31,마리아와 함께 집에 있어 위로하던 유대인들은 그의 급히 일어나 나가는 것을 보고 곡하러 무덤에 가는 줄로 생각하고 따라가더니
요한복음,11,33,요한복음 11:33,예수께서 그의 우는 것과 또 함께 온 유대인들의 우는 것을 보시고 심령에 통분히 여기시고 민망히 여기사
요한복음,11,35,요한복음 11:35,예수께서 눈물을 흘리시더라
요한복음,11,40,요한복음 11:40,예수께서 가라사대 `내 말이 네가 믿으면 하나님의 영광을 보리라 하지 아니하였느냐 ?' 하신대
요한복음,11,41,요한복음 11:41,돌을 옮겨 놓으니 예수께서 눈을 들어 우러러 보시고 가라사대 아버지여 내 말을 들으신 것을 감사하나이다
요한복음,11,42,요한복음 11:42,항상 내 말을 들으시는 줄을 내가 알았나이다 그러나 이 말씀 하옵는 것은 둘러선 무리를 위함이니 곧 아버지께서 나를 보내신 것을 저희로 믿게 하려 함이니이다'
요한복음,11,44,요한복음 11:44,죽은 자가 수족을 베로 동인 채로 나오는데 그 얼굴은 수건에 싸였더라 예수께서 가라사대 `풀어 놓아 다니게 하라' 하시니라
요한복음,11,45,요한복음 11:45,마리아에게 와서 예수의 하신 일을 본 많은 유대인이 저를 믿었으나
요한복음,11,46,요한복음 11:46,그 중에 어떤 자는 바리새인들에게 가서 예수의 하신 일을 고하니라
요한복음,11,48,요한복음 11:48,만일 저를 이대로 두면 모든 사람이 저를 믿을 것이요 그리고 로마인들이 와서 우리 땅과 민족을 빼앗아 가리라' 하니
요한복음,11,50,요한복음 11:50,한 사람이 백성을 위하여 죽어서 온 민족이 망하지 않게 되는 것이 너희에게 유익한 줄을 생각지 아니하는도다' 하였으니
요한복음,11,52,요한복음 11:52,또 그 민족만 위할 뿐 아니라 흩어진 하나님의 자녀를 모아 하나가 되게 하기 위하여 죽으실 것을 미리 말함이러라
요한복음,11,54,요한복음 11:54,그러므로 예수께서 다시 유대인 가운데 드러나게 다니지 아니하시고 여기를 떠나 빈 들 가까운 곳인 에브라임이라는 동리에 가서 제자들과 함께 거기 유하시니라
요한복음,12,5,요한복음 12:5,`이 향유를 어찌하여 삼백 데나리온에 팔아 가난한 자들에게 주지 아니하였느냐 ?' 하니
요한복음,12,7,요한복음 12:7,예수께서 가라사대 `저를 가만두어 나의 장사할 날을 위하여 이를 두게 하라
요한복음,12,8,요한복음 12:8,가난한 자들은 항상 너희와 함께 있거니와 나는 항상 있지 아니하리라' 하시니라
요한복음,12,12,요한복음 12:12,그 이튿날에는 명절에 온 큰 무리가 예수께서 예루살렘으로 오신다 함을 듣고
요한복음,12,14,요한복음 12:14,예수는 한 어린 나귀를 만나서 타시니
요한복음,12,16,요한복음 12:16,제자들은 처음에 이 일을 깨닫지 못하였다가 예수께서 영광을 얻으신 후에야 이것이 예수께 대하여 기록된 것임과 사람들이 예수께 이같이 한 것인 줄 생각났더라
요한복음,12,20,요한복음 12:20,명절에 예배하러 올라온 사람 중에 헬라인 몇이 있는데
요한복음,12,22,요한복음 12:22,빌립이 안드레에게 가서 말하고 안드레와 빌립이 예수께 가서 여짜온대
요한복음,12,24,요한복음 12:24,내가 진실로 진실로 너희에게 이르노니 한 알의 밀이 땅에 떨어져 죽지 아니하면 한 알 그대로 있고 죽으면 많은 열매를 맺느니라
요한복음,12,26,요한복음 12:26,사람이 나를 섬기려면 나를 따르라 ! 나 있는 곳에 나를 섬기는 자도 거기 있으리니 사람이 나를 섬기면 내 아버지께서 저를 귀히 여기시리라
요한복음,12,29,요한복음 12:29,곁에 서서 들은 무리는 우뢰가 울었다고도 하며 또 어떤 이들은 천사가 저에게 말하였다고도 하니
요한복음,12,32,요한복음 12:32,내가 땅에서 들리면 모든 사람을 내게로 이끌겠노라' 하시니
요한복음,12,35,요한복음 12:35,예수께서 가라사대 `아직 잠시 동안 빛이 너희 중에 있으니 빛이 있을 동안에 다녀 어두움에 붙잡히지 않게 하라 어두움에 다니는자는 그 가는 바를 알지 못하느니라
요한복음,12,36,요한복음 12:36,너희에게 아직 빛이 있을 동안에 빛을 믿으라 ! 그리하면 빛의 아들이 되리라' 예수께서 이 말씀을 하시고 저희를 떠나가서 숨으시니라
요한복음,12,37,요한복음 12:37,이렇게 많은 표적을 저희 앞에서 행하셨으나 저를 믿지 아니하니
요한복음,12,41,요한복음 12:41,이사야가 이렇게 말한 것은 주의 영광을 보고 주를 가리켜 말한 것이라
요한복음,12,42,요한복음 12:42,그러나 관원 중에도 저를 믿는 자가 많되 바리새인들을 인하여 드러나게 말하지 못하니 이는 출회를 당할까 두려워함이라
요한복음,12,45,요한복음 12:45,나를 보는 자는 나를 보내신 이를 보는 것이니라
요한복음,12,46,요한복음 12:46,나는 빛으로 세상에 왔나니 무릇 나를 믿는 자로 어두움에 거하지 않게 하려 함이로라
요한복음,12,47,요한복음 12:47,사람이 내 말을 듣고 지키지 아니할지라도 내가 저를 심판하지 아니하노라 내가 온 것은 세상을 심판하려 함이 아니요 세상을 구원하려 함이로라
요한복음,12,49,요한복음 12:49,내가 내 자의로 말한 것이 아니요 나를 보내신 아버지께서 나의 말할 것과 이를 것을 친히 명령하여 주셨으니
요한복음,12,50,요한복음 12:50,나는 그의 명령이 영생인줄 아노라 그러므로 나의 이르는 것은 내 아버지께서 내게 말씀하신 그대로 이르노라' 하시니라
요한복음,13,3,요한복음 13:3,저녁 먹는 중 예수는 아버지께서 모든 것을 자기 손에 맡기신 것과 또 자기가 하나님께로부터 오셨다가 하나님께로 돌아가실 것을 아시고
요한복음,13,4,요한복음 13:4,저녁 잡수시던 자리에서 일어나 겉옷을 벗고 수건을 가져다가 허리에 두르시고
요한복음,13,10,요한복음 13:10,예수께서 가라사대 `이미 목욕한 자는 발밖에 씻을 필요가 없느니라 온 몸이 깨끗하니라 너희가 깨끗하나 다는 아니니라 하시니
요한복음,13,12,요한복음 13:12,저희 발을 씻기신 후에 옷을 입으시고 다시 앉아 저희에게 이르시되 내가 너희에게 행한 것을 너희가 아느냐 ?
요한복음,13,13,요한복음 13:13,너희가 나를 선생이라 또는 주라 하니 너희 말이 옳도다 내가 그러하다
요한복음,13,14,요한복음 13:14,내가 주와 또는 선생이 되어 너희 발을 씻겼으니 너희도 서로 발을 씻기는 것이 옳으니라
요한복음,13,15,요한복음 13:15,내가 너희에게 행한 것같이 너희도 행하게 하려 하여 본을 보였노라
요한복음,13,16,요한복음 13:16,내가 진실로 진실로 너희에게 이르노니 종이 상전보다 크지 못하고 보냄을 받은 자가 보낸 자보다 크지 못하니
요한복음,13,17,요한복음 13:17,너희가 이것을 알고 행하면 복이 있으리라 !
요한복음,13,19,요한복음 13:19,지금부터 일이 이루기 전에 미리 너희에게 이름은 일이 이룰 때에 내가 그인줄 너희로 믿게 하려 함이로라
요한복음,13,20,요한복음 13:20,내가 진실로 진실로 너희에게 이르노니 나의 보낸 자를 영접하는 자는 나를 영접하는 것이요 나를 영접하는 자는 나를 보내신 이를 영접하는 것이니라
요한복음,13,23,요한복음 13:23,예수의 제자 중 하나 곧 그의 사랑하시는 자가 예수의 품에 의지하여 누웠는지라
요한복음,13,28,요한복음 13:28,이 말씀을 무슨 뜻으로 하셨는지 그 앉은 자 중에 아는 이가 없고
요한복음,13,30,요한복음 13:30,유다가 그 조각을 받고 곧 나가니 밤이러라
요한복음,13,31,요한복음 13:31,저가 나간 후에 예수께서 가라사대 `지금 인자가 영광을 얻었고 하나님도 인자를 인하여 영광을 얻으셨도다
요한복음,13,32,요한복음 13:32,만일 하나님이 저로 인하여 영광을 얻으셨으면 하나님도 자기로 인하여 저에게 영광을 주시리니 곧 주시리라
요한복음,13,33,요한복음 13:33,소자들아 내가 아직 잠시 너희와 함께 있겠노라 너희가 나를 찾을터이나 그러나 일찍 내가 유대인들에게 너희는 나의 가는 곳에 올 수 없다고 말한 것과 같이 지금 너희에게도 이르노라
요한복음,13,34,요한복음 13:34,새 계명을 너희에게 주노니 서로 사랑하라 ! 내가 너희를 사랑한 것같이 너희도 서로 사랑하라
요한복음,13,35,요한복음 13:35,너희가 서로 사랑하면 이로써 모든 사람이 너희가 내 제자인줄 알리라'
요한복음,14,1,요한복음 14:1,너희는 마음에 근심하지 말라 하나님을 믿으니 또 나를 믿으라
요한복음,14,2,요한복음 14:2,내 아버지 집에 거할 곳이 많도다 그렇지 않으면 너희에게 일렀으리라 내가 너희를 위하여 처소를 예비하러 가노니
요한복음,14,3,요한복음 14:3,가서 너희를 위하여 처소를 예비하면 내가 다시 와서 너희를 내게로 영접하여 나 있는 곳에 너희도 있게하리라
요한복음,14,4,요한복음 14:4,내가 가는 곳에 그 길을 너희가 알리라'
요한복음,14,6,요한복음 14:6,예수께서 가라사대 `내가 곧 길이요 ! 진리요 ! 생명이니 ! 나로 말미암지 않고는 아버지께로 올 자가 없느니라
요한복음,14,7,요한복음 14:7,너희가 나를 알았더면 내 아버지도 알았으리로다 이제부터는 너희가 그를 알았고 또 보았느니라'
요한복음,14,9,요한복음 14:9,"예수께서 가라사대 `빌립아, 내가 이렇게 오래 너희와 함께 있으되 네가 나를 알지 못하느냐 ? 나를 본 자는 아버지를 보았거늘 어찌하여 아버지를 보이라 하느냐 ?"
요한복음,14,10,요한복음 14:10,나는 아버지 안에 있고 아버지는 내 안에 계신 것을 네가 믿지 아니하느냐 ? 내가 너희에게 이르는 말이 스스로 하는 것이 아니라 아버지께서 내 안에 계셔 그의 일을 하시는 것이라
요한복음,14,11,요한복음 14:11,내가 아버지 안에 있고 아버지께서 내 안에 계심을 믿으라 ! 그렇지 못하겠거든 행하는 그 일을 인하여 나를 믿으라
요한복음,14,12,요한복음 14:12,내가 진실로 진실로 너희에게 이르노니 나를 믿는 자는 나의 하는 일을 저도 할 것이요 또한 이보다 큰 것도 하리니 이는 내가 아버지께로 감이니라
요한복음,14,13,요한복음 14:13,너희가 내 이름으로 무엇을 구하든지 내가 시행하리니 이는 아버지로 하여금 아들을 인하여 영광을 얻으시게 하려 함이라
요한복음,14,14,요한복음 14:14,내 이름으로 무엇이든지 내게 구하면 내가 시행하리라 !
요한복음,14,15,요한복음 14:15,너희가 나를 사랑하면 나의 계명을 지키리라
요한복음,14,16,요한복음 14:16,내가 아버지께 구하겠으니 그가 또 다른 보혜사를 너희에게 주사 영원토록 너희와 함께 있게 하시리니
요한복음,14,17,요한복음 14:17,저는 진리의 영이라 세상은 능히 저를 받지 못하나니 이는 저를 보지도 못하고 알지도 못함이라 그러나 너희는 저를 아나니 저는 너희와 함께 거하심이요 또 너희 속에 계시겠음이라
요한복음,14,18,요한복음 14:18,내가 너희를 고아와 같이 버려두지 아니하고 너희에게로 오리라
요한복음,14,19,요한복음 14:19,조금 있으면 세상은 다시 나를 보지 못할 터이로되 너희는 나를 보리니 이는 내가 살았고 너희도 살겠음이라
요한복음,14,20,요한복음 14:20,그 날에는 내가 아버지 안에 너희가 내 안에 내가 너희 안에 있는 것을 너희가 알리라
요한복음,14,21,요한복음 14:21,나의 계명을 가지고 지키는 자라야 나를 사랑하는 자니 나를 사랑하는 자는 내 아버지께 사랑을 받을 것이요 나도 그를 사랑하여 그에게 나를 나타내리라'
요한복음,14,24,요한복음 14:24,나를 사랑하지 아니하는 자는 내 말을 지키지 아니하나니 너희의 듣는 말은 내 말이 아니요 나를 보내신 아버지의 말씀이니라
요한복음,14,26,요한복음 14:26,보혜사 곧 아버지께서 내 이름으로 보내실 성령 그가 너희에게 모든 것을 가르치시고 내가 너희에게 말한 모든 것을 생각나게 하시리라
요한복음,14,27,요한복음 14:27,평안을 너희에게 끼치노니 곧 나의 평안을 너희에게 주노라 내가 너희에게 주는 것은 세상이 주는 것 같지 아니하니라 너희는 마음에 근심도 말고 두려워하지도 말라
요한복음,14,28,요한복음 14:28,내가 갔다가 너희에게로 온다 하는 말을 너희가 들었나니 나를 사랑하였더면 나의 아버지께로 감을 기뻐하였으리라 아버지는 나보다 크심이니라
요한복음,14,29,요한복음 14:29,이제 일이 이루기 전에 너희에게 말한 것은 일이 이룰 때에 너희로 믿게 하려 함이라
요한복음,14,30,요한복음 14:30,이 후에는 내가 너희와 말을 많이 하지 아니하리니 이 세상 임금이 오겠음이라 그러나 저는 내게 관계할 것이 없으니
요한복음,14,31,요한복음 14:31,오직 내가 아버지를 사랑하는 것과 아버지의 명하신 대로 행하는 것을 세상으로 알게 하려 함이로라 일어나라 여기를 떠나자 하시니라
요한복음,15,1,요한복음 15:1,내가 참 포도나무요 내 아버지는 그 농부라
요한복음,15,2,요한복음 15:2,무릇 내게 있어 과실을 맺지 아니하는 가지는 아버지께서 이를 제해버리시고 무릇 과실을 맺는 가지는 더 과실을 맺게 하려 하여 이를 깨끗케 하시느니라
요한복음,15,3,요한복음 15:3,너희는 내가 일러 준 말로 이미 깨끗하였으니
요한복음,15,4,요한복음 15:4,내 안에 거하라 나도 너희 안에 거하리라 가지가 포도나무에 붙어 있지 아니하면 절로 과실을 맺을 수 없음 같이 너희도 내 안에 있지 아니하면 그러하리라
요한복음,15,5,요한복음 15:5,나는 포도나무요 너희는 가지니 저가 내 안에 내가 저 안에 있으면 이 사람은 과실을 많이 맺나니 나를 떠나서는 너희가 아무 것도 할 수 없음이라
요한복음,15,7,요한복음 15:7,너희가 내 안에 거하고 내 말이 너희 안에 거하면 무엇이든지 원하는 대로 구하라 그리하면 이루리라
요한복음,15,8,요한복음 15:8,너희가 과실을 많이 맺으면 내 아버지께서 영광을 받으실 것이요 너희가 내 제자가 되리라
요한복음,15,9,요한복음 15:9,아버지께서 나를 사랑하신 것같이 나도 너희를 사랑하였으니 나의 사랑 안에 거하라
요한복음,15,10,요한복음 15:10,내가 아버지의 계명을 지켜 그의 사랑 안에 거하는 것같이 너희도 내 계명을 지키면 내 사랑 안에 거하리라
요한복음,15,11,요한복음 15:11,내가 이것을 너희에게 이름은 내 기쁨이 너희 안에 있어 너희 기쁨을 충만하게 하려 함이니라
요한복음,15,12,요한복음 15:12,내 계명은 곧 내가 너희를 사랑한 것같이 너희도 서로 사랑하라 하는 이것이니라
요한복음,15,13,요한복음 15:13,사람이 친구를 위하여 자기 목숨을 버리면 이에서 더 큰 사랑이 없나니
요한복음,15,14,요한복음 15:14,너희가 나의 명하는 대로 행하면 곧 나의 친구라
요한복음,15,15,요한복음 15:15,이제부터는 너희를 종이라 하지 아니하리니 종은 주인의 하는 것을 알지 못함이라 너희를 친구라 하였노니 내가 내 아버지께 들은 것을 다 너희에게 알게 하였음이니라
요한복음,15,16,요한복음 15:16,너희가 나를 택한 것이 아니요 내가 너희를 택하여 세웠나니 이는 너희로 가서 과실을 맺게 하고 또 너희 과실이 항상 있게 하여 내 이름으로 아버지께 무엇을 구하든지 다 받게 하려 함이니라
요한복음,15,17,요한복음 15:17,내가 이것을 너희에게 명함은 너희로 서로 사랑하게 하려 함이로라
요한복음,15,26,요한복음 15:26,내가 아버지께로서 너희에게 보낼 보혜사 곧 아버지께로서 나오시는 진리의 성령이 오실때에 그가 나를 증거하실 것이요
요한복음,15,27,요한복음 15:27,너희도 처음부터 나와 함께 있었으므로 증거하느니라
요한복음,16,1,요한복음 16:1,내가 이것을 너희에게 이름은 너희로 실족지 않게 하려 함이니
요한복음,16,4,요한복음 16:4,오직 너희에게 이 말을 이른 것은 너희로 그 때를 당하면 내가 너희에게 이 말 한 것을 기억나게 하려 함이요 처음부터 이 말을 하지 아니한 것은 내가 너희와 함께 있었음이니라
요한복음,16,5,요한복음 16:5,지금 내가 나를 보내신 이에게로 가는데 너희 중에서 나더러 어디로 가느냐 묻는 자가 없고
요한복음,16,12,요한복음 16:12,내가 아직도 너희에게 이를 것이 많으나 지금은 너희가 감당치 못하리라
요한복음,16,15,요한복음 16:15,무릇 아버지께 있는 것은 다 내 것이라 그러므로 내가 말하기를 그가 내 것을 가지고 너희에게 알리리라 하였노라
요한복음,16,16,요한복음 16:16,조금 있으면 너희가 나를 보지 못하겠고 또 조금 있으면 나를 보리라' 하신대
요한복음,16,19,요한복음 16:19,예수께서 그 묻고자 함을 아시고 가라사대 `내 말이 조금 있으면 나를 보지 못하겠고 또 조금 있으면 나를 보리라 하므로 서로 문의하느냐 ?
요한복음,16,20,요한복음 16:20,내가 진실로 진실로 너희에게 이르노니 너희는 곡하고 애통하겠으나 세상은 기뻐하리라 너희는 근심하겠으나 너희 근심이 도리어 기쁨이 되리라
요한복음,16,21,요한복음 16:21,여자가 해산하게 되면 그 때가 이르렀으므로 근심하나 아이를 낳으면 세상에 사람 난 기쁨을 인하여 그 고통을 다시 기억지 아니하느니라
요한복음,16,22,요한복음 16:22,지금은 너희가 근심하나 내가 다시 너희를 보리니 너희 마음이 기쁠 것이요 너희 기쁨을 빼앗을 자가 없느니라
요한복음,16,23,요한복음 16:23,그 날에는 너희가 아무 것도 내게 묻지 아니하리라 내가 진실로 진실로 너희에게 이르노니 너희가 무엇이든지 아버지께 구하는 것을 내 이름으로 주시리라
요한복음,16,24,요한복음 16:24,지금까지는 너희가 내 이름으로 아무 것도 구하지 아니하였으나 구하라 그리하면 받으리니 너희 기쁨이 충만하리라
요한복음,16,25,요한복음 16:25,이것을 비사로 너희에게 일렀거니와 때가 이르면 다시 비사로 너희에게 이르지 않고 아버지에 대한 것을 밝히 이르리라
요한복음,16,28,요한복음 16:28,내가 아버지께로 나와서 세상에 왔고 다시 세상을 떠나 아버지께로 가노라' 하시니
요한복음,16,30,요한복음 16:30,우리가 지금에야 주께서 모든 것을 아시고 또 사람의 물음을 기다리시지 않는 줄 아나이다 이로써 하나님께로서 나오심을 우리가 믿삽나이다
요한복음,16,31,요한복음 16:31,예수께서 대답하시되 `이제는 너희가 믿느냐 ?
요한복음,16,32,요한복음 16:32,보라 너희가 다 각각 제 곳으로 흩어지고 나를 혼자 둘 때가 오나니 벌써 왔도다 그러나 내가 혼자 있는 것이 아니라 아버지께서 나와 함께 계시느니라
요한복음,16,33,요한복음 16:33,이것을 너희에게 이름은 너희로 내 안에서 평안을 누리게 하려 함이라 세상에서는 너희가 환난을 당하나 담대하라 ! 내가 세상을 이기었노라 !' 하시니라
요한복음,17,1,요한복음 17:1,예수께서 이 말씀을 하시고 눈을 들어 하늘을 우러러 가라사대 아버지여 때가 이르렀사오니 아들을 영화롭게 하사 아들로 아버지를 영화롭게 하게 하옵소서
요한복음,17,2,요한복음 17:2,아버지께서 아들에게 주신 모든 자에게 영생을 주게 하시려고 만민을 다스리는 권세를 아들에게 주셨음이로소이다
요한복음,17,3,요한복음 17:3,영생은 곧 유일하신 참 하나님과 그의 보내신 자 예수 그리스도를 아는 것이니이다
요한복음,17,4,요한복음 17:4,아버지께서 내게 하라고 주신 일을 내가 이루어 아버지를 이 세상에서 영화롭게 하였사오니
요한복음,17,5,요한복음 17:5,아버지여 창세 전에 내가 아버지와 함께 가졌던 영화로써 지금도 아버지와 함께 나를 영화롭게 하옵소서
요한복음,17,6,요한복음 17:6,세상 중에서 내게 주신 사람들에게 내가 아버지의 이름을 나타내었나이다 저희는 아버지의 것이었는데 내게 주셨으며 저희는 아버지의 말씀을 지키었나이다
요한복음,17,7,요한복음 17:7,지금 저희는 아버지께서 내게 주신 것이 다 아버지께로서 온 것인 줄 알았나이다
요한복음,17,8,요한복음 17:8,나는 아버지께서 내게 주신 말씀들을 저희에게 주었사오며 저희는 이것을 받고 내가 아버지께로부터 나온 줄을 참으로 아오며 아버지께서 나를 보내신 줄도 믿었사옵나이다
요한복음,17,9,요한복음 17:9,내가 저희를 위하여 비옵나니 내가 비옵는 것은 세상을 위함이 아니요 내게 주신 자들을 위함이니이다 저희는 아버지의 것이로소이다
요한복음,17,10,요한복음 17:10,내 것은 다 아버지의 것이요 아버지의 것은 내 것이온데 내가 저희로 말미암아 영광을 받았나이다
요한복음,17,11,요한복음 17:11,나는 세상에 더 있지 아니하오나 저희는 세상에 있사옵고 나는 아버지께로 가옵나니 거룩하신 아버지여 내게 주신 아버지의 이름으로 저희를 보전하사 우리와 같이 저희도 하나가 되게 하옵소서
요한복음,17,13,요한복음 17:13,지금 내가 아버지께로 가오니 내가 세상에서 이 말을 하옵는 것은 저희로 내 기쁨을 저희 안에 충만히 가지게 하려 함이니이다
요한복음,17,14,요한복음 17:14,내가 아버지의 말씀을 저희에게 주었사오매 세상이 저희를 미워하였사오니 이는 내가 세상에 속하지 아니함같이 저희도 세상에 속하지 아니함을 인함이니이다
요한복음,17,15,요한복음 17:15,내가 비옵는 것은 저희를 세상에서 데려가시기를 위함이 아니요 오직 악에 빠지지 않게 보전하시기를 위함이니이다
요한복음,17,16,요한복음 17:16,내가 세상에 속하지 아니함 같이 저희도 세상에 속하지 아니하였삽나이다
요한복음,17,17,요한복음 17:17,저희를 진리로 거룩하게 하옵소서 ! 아버지의 말씀은 진리니이다 !
요한복음,17,18,요한복음 17:18,아버지께서 나를 세상에 보내신 것같이 나도 저희를 세상에 보내었고
요한복음,17,19,요한복음 17:19,또 저희를 위하여 내가 나를 거룩하게 하오니 이는 저희도 진리로 거룩함을 얻게 하려 함이니이다
요한복음,17,20,요한복음 17:20,내가 비옵는 것은 이 사람들만 위함이 아니요 또 저희 말을 인하여 나를 믿는 사람들도 위함이니
요한복음,17,21,요한복음 17:21,아버지께서 내 안에 내가 아버지 안에 있는 것같이 저희도 다 하나가 되어 우리 안에 있게 하사 세상으로 아버지께서 나를 보내신 것을 믿게 하옵소서
요한복음,17,22,요한복음 17:22,내게 주신 영광을 내가 저희에게 주었사오니 이는 우리가 하나가 된 것같이 저희도 하나가 되게 하려 함이니이다
요한복음,17,24,요한복음 17:24,아버지여 내게 주신 자도 나 있는 곳에 나와 함께 있어 아버지께서 창세 전부터 나를 사랑하시므로 내게 주신 나의 영광을 저희로 보게 하시기를 원하옵니다
요한복음,17,25,요한복음 17:25,의로우신 아버지여 세상이 아버지를 알지 못하여도 나는 아버지를 알았삽고 저희도 아버지께서 나를 보내신 줄 알았삽나이다
요한복음,17,26,요한복음 17:26,내가 아버지의 이름을 저희에게 알게 하였고 또 알게 하리니 이는 나를 사랑하신 사랑이 저희 안에 있고 나도 저희 안에 있게 하려 함이니이다'
요한복음,18,1,요한복음 18:1,예수께서 이 말씀을 하시고 제자들과 함께 기드론 시내 저편으로 나가시니 거기 동산이 있는데 제자들과 함께 들어가시다
요한복음,18,2,요한복음 18:2,거기는 예수께서 제자들과 가끔 모이시는 곳이므로 예수를 파는 유다도 그 곳을 알더라
요한복음,18,4,요한복음 18:4,예수께서 그 당할 일을 다 아시고 나아가 가라사대 `너희가 누구를 찾느냐 ?'
요한복음,18,6,요한복음 18:6,예수께서 저희에게 내로라 하실때에 저희가 물러가서 땅에 엎드러지는지라
요한복음,18,8,요한복음 18:8,예수께서 대답하시되 `너희에게 내로라 하였으니 나를 찾거든 이 사람들의 가는 것을 용납하라' 하시니
요한복음,18,20,요한복음 18:20,예수께서 대답하시되 `내가 드러내어 놓고 세상에 말하였노라 모든 유대인들의 모이는 회당과 성전에서 항상 가르쳤고 은밀히는 아무 것도 말하지 아니하였거늘
요한복음,18,21,요한복음 18:21,어찌하여 내게 묻느냐 ? 내가 무슨 말을 하였는지 들은 자들에게 물어보라 저희가 나의 하던 말을 아느니라'
요한복음,18,34,요한복음 18:34,예수께서 대답하시되 `이는 네가 스스로 하는 말이뇨 ? 다른 사람들이 나를 대하여 네게 한 말이뇨 ?'
요한복음,18,36,요한복음 18:36,예수께서 대답하시되 `내 나라는 이 세상에 속한 것이 아니라 만일 내 나라가 이 세상에 속한 것이었더면 내 종들이 싸워 나로 유대인들에게 넘기우지 않게 하였으리라 이제 내 나라는 여기에 속한 것이 아니니라'
요한복음,19,2,요한복음 19:2,군병들이 가시로 면류관을 엮어 그의 머리에 씌우고 자색 옷을 입히고
요한복음,19,11,요한복음 19:11,예수께서 대답하시되 `위에서 주지 아니하셨더면 나를 해할 권세가 없었으리니 그러므로 나를 네게 넘겨준 자의 죄는 더 크니라' 하시니
요한복음,19,17,요한복음 19:17,저희가 예수를 맡으매 예수께서 자기의 십자가를 지시고 해골 이라 하는 곳에 나오시니
요한복음,19,23,요한복음 19:23,군병들이 예수를 십자가에 못 박히고 그의 옷을 취하여 네 깃에 나눠 각각 한 깃씩 얻고 속옷도 취하니 이 속옷은 호지 아니하고 위에서부터 통으로 짠 것이라
요한복음,19,25,요한복음 19:25,예수의 십자가 곁에는 그 모친과 이모와 글로바의 아내 마리아와 막달라 마리아가 섰는지라
요한복음,19,26,요한복음 19:26,"예수께서 그 모친과 사랑하시는 제자가 곁에 섰는 것을 보시고 그 모친께 말씀하시되 `여자여, 보소서 아들이니이다' 하시고"
요한복음,19,27,요한복음 19:27,"또 그 제자에게 이르시되 `보라, 네 어머니라' 하신대 그 때부터 그 제자가 자기 집에 모시니라"
요한복음,19,28,요한복음 19:28,이 후에 예수께서 모든 일이 이미 이룬 줄 아시고 성경으로 응하게 하려 하사 가라사대 `내가 목마르다' 하시니
요한복음,19,29,요한복음 19:29,거기 신 포도주가 가득히 담긴 그릇이 있는지라 사람들이 신 포도주를 머금은 해융을 우슬초에 매어 예수의 입에 대니
요한복음,19,35,요한복음 19:35,이를 본 자가 증거하였으니 그 증거가 참이라 저가 자기의 말하는 것이 참인 줄 알고 너희로 믿게 하려 함이니라
요한복음,19,36,요한복음 19:36,이 일이 이룬 것은 그 뼈가 하나도 꺾이우지 아니하리라 한 성경을 응하게 하려 함이라
요한복음,19,37,요한복음 19:37,또 다른 성경에 저희가 그 찌른 자를 보리라 하였느니라
요한복음,19,39,요한복음 19:39,일찍 예수께 밤에 나아왔던 니고데모도 몰약과 침향 섞은 것을 백 근쯤 가지고 온지라
요한복음,19,41,요한복음 19:41,예수의 십자가에 못 박히신 곳에 동산이 있고 동산 안에 아직 사람을 장사한 일이 없는 새 무덤이 있는지라
요한복음,19,42,요한복음 19:42,이 날은 유대인의 예비일이요 또 무덤이 가까운 고로 예수를 거기 두니라
요한복음,20,1,요한복음 20:1,안식 후 첫날 이른 아침 아직 어두울 때에 막달라 마리아가 무덤에 와서 돌이 무덤에서 옮겨간 것을 보고
요한복음,20,5,요한복음 20:5,구푸려 세마포 놓인 것을 보았으나 들어가지는 아니하였더니
요한복음,20,8,요한복음 20:8,그 때에야 무덤에 먼저 왔던 그 다른 제자도 들어가 보고 믿더라
요한복음,20,11,요한복음 20:11,마리아는 무덤 밖에 서서 울고 있더니 울면서 구푸려 무덤 속을 들여다보니
요한복음,20,16,요한복음 20:16,예수께서 `마리아야' 하시거늘 마리아가 돌이켜 히브리 말로 `랍오니여' 하니
요한복음,20,18,요한복음 20:18,막달라 마리아가 가서 제자들에게 내가 주를 보았다 하고 또 주께서 자기에게 이렇게 말씀하셨다 이르니라
요한복음,20,19,요한복음 20:19,이날 곧 안식 후 첫날 저녁때에 제자들이 유대인들을 두려워하여 모인 곳에 문들을 닫았더니 예수께서 오사 가운데 서서 가라사대 `너희에게 평강이 있을지어다 !'
요한복음,20,21,요한복음 20:21,예수께서 또 가라사대 `너희에게 평강이 있을지어다 ! 아버지께서 나를 보내신 것같이 나도 너희를 보내노라'
요한복음,20,22,요한복음 20:22,이 말씀을 하시고 저희를 향하사 숨을 내쉬며 가라사대 `성령을 받으라 !
요한복음,20,23,요한복음 20:23,너희가 뉘 죄든지 사하면 사하여질 것이요 뉘 죄든지 그대로 두면 그대로 있으리라' 하시니라
요한복음,20,24,요한복음 20:24,열 두 제자 중에 하나인 디두모라 하는 도마는 예수 오셨을 때에 함께 있지 아니한지라
요한복음,20,26,요한복음 20:26,여드레를 지나서 제자들이 다시 집안에 있을 때에 도마도 함께 있고 문들이 닫혔는데 예수께서 오사 가운데 서서 가라사대 `너희에게 평강이 있을지어다 !' 하시고
요한복음,20,27,요한복음 20:27,도마에게 이르시되 `네 손가락을 이리 내밀어 내 손을 보고 네 손을 내밀어 내 옆구리에 넣어보라 그리하고 믿음 없는 자가 되지 말고 믿는 자가 되라'
요한복음,20,29,요한복음 20:29,예수께서 가라사대 `너는 나를 본 고로 믿느냐 보지 못하고 믿는 자들은 복되도다' 하시니라
요한복음,20,30,요한복음 20:30,예수께서 제자들 앞에서 이책에 기록되지 아니한 다른 표적도 많이 행하셨으나
요한복음,20,31,요한복음 20:31,오직 이것을 기록함은 너희로 예수께서 하나님의 아들 그리스도이심을 믿게 하려 함이요 또 너희로 믿고 그 이름을 힘입어 생명을 얻게 하려 함이니라
요한복음,21,1,요한복음 21:1,그 후에 예수께서 디베랴 바다에서 또 제자들에게 자기를 나타내셨으니 나타내신 일이 이러하니라
요한복음,21,4,요한복음 21:4,날이 새어갈 때에 예수께서 바닷가에 서셨으나 제자들이 예수신줄 알지 못하는지라
요한복음,21,6,요한복음 21:6,가라사대 `그물을 배 오른 편에 던지라 그리하면 얻으리라' 하신대 이에 던졌더니 고기가 많아 그물을 들 수 없더라
요한복음,21,8,요한복음 21:8,다른 제자들은 육지에서 상거가 불과 한 오십 간쯤 되므로 작은 배를 타고 고기 든 그물을 끌고 와서
요한복음,21,10,요한복음 21:10,예수께서 가라사대 `지금 잡은 생선을 좀 가져오라' 하신대
요한복음,21,12,요한복음 21:12,예수께서 가라사대 `와서 조반을 먹으라' 하시니 제자들이 주신줄 아는 고로 당신이 누구냐 ? 감히 묻는 자가 없더라
요한복음,21,13,요한복음 21:13,예수께서 가셔서 떡을 가져다가 저희에게 주시고 생선도 그와 같이 하시니라
요한복음,21,14,요한복음 21:14,이것은 예수께서 죽은 자 가운데서 살아나신 후에 세 번째로 제자들에게 나타나신 것이라
요한복음,21,24,요한복음 21:24,이 일을 증거하고 이 일을 기록한 제자가 이 사람이라 우리는 그의 증거가 참인 줄 아노라
요한복음,21,25,요한복음 21:25,예수의 행하신 일이 이 외에도 많으니 만일 낱낱이 기록된다면 이 세상이라도 이 기록된 책을 두기에 부족할 줄 아노라
사도행전,1,1,사도행전 1:1,데오빌로여 내가 먼저 쓴 글에는 무릇 예수의 행하시며 가르치시기를 시작하심부터
사도행전,1,2,사도행전 1:2,그의 택하신 사도들에게 성령으로 명하시고 승천하신 날까지의 일을 기록하였노라
사도행전,1,3,사도행전 1:3,해 받으신 후에 또한 저희에게 확실한 많은 증거로 친히 사심을 나타내사 사십 일 동안 저희에게 보이시며 하나님 나라의 일을 말씀하시니라
사도행전,1,4,사도행전 1:4,사도와 같이 모이사 저희에게 분부하여 가라사대 예루살렘을 떠나지 말고 내게 들은 바 아버지의 약속하신 것을 기다리라
사도행전,1,5,사도행전 1:5,요한은 물로 세례를 베풀었으나 너희는 몇 날이 못 되어 성령으로 세례를 받으리라 하셨느니라
사도행전,1,7,사도행전 1:7,가라사대 `때와 기한은 아버지께서 자기의 권한에 두셨으니 너희의 알 바 아니요
사도행전,1,10,사도행전 1:10,올라가실 때에 제자들이 자세히 하늘을 쳐다보고 있는 데 흰 옷 입은 두사람이 저희 곁에 서서
사도행전,1,12,사도행전 1:12,제자들이 감람원이라 하는 산으로부터 예루살렘에 돌아오니 이 산은 예루살렘에서 가까와 안식일에 가기 알맞은 길이라
사도행전,1,14,사도행전 1:14,여자들과 예수의 모친 마리아와 예수의 아우들로 더불어 마음을 같이하여 전혀 기도에 힘쓰니라
사도행전,1,17,사도행전 1:17,이 사람이 본래 우리 수 가운데 참예하여 이 직무의 한 부분을 맡았던 자라
사도행전,1,21,사도행전 1:21,이러하므로 요한의 세례로부터 우리 가운데서 올리워 가신 날까지 주 예수께서 우리 가운데 출입하실 때에
사도행전,1,22,사도행전 1:22,항상 우리와 함께 다니던 사람 중에 하나를 세워 우리로 더불어 예수의 부활하심을 증거할 사람이 되게 하여야 하리라' 하거늘
사도행전,1,26,사도행전 1:26,제비뽑아 맛디아를 얻으니 저가 열 한 사도의 수에 가입하니라
사도행전,2,1,사도행전 2:1,오순절날이 이미 이르매 저희가 다 같이 한 곳에 모였더니
사도행전,2,3,사도행전 2:3,불의 혀같이 갈라지는 것이 저희에게 보여 각 사람 위에 임하여 있더니
사도행전,2,4,사도행전 2:4,저희가 다 성령의 충만함을 받고 성령이 말하게 하심을 따라 다른 방언으로 말하기를 시작하니라
사도행전,2,6,사도행전 2:6,이 소리가 나매 큰 무리가 모여 각각 자기의 방언으로 제자들의 말하는 것을 듣고 소동하여
사도행전,2,8,사도행전 2:8,우리가 우리 각 사람의 난 곳 방언으로 듣게 되는 것이 어찜이뇨 ?
사도행전,2,11,사도행전 2:11,그레데인과 아라비아인들이라 우리가 다 우리의 각 방언으로 하나님의 큰 일을 말함을 듣는도다' 하고
사도행전,2,15,사도행전 2:15,때가 제 삼시니 너희 생각과 같이 이 사람들이 취한 것이 아니라
사도행전,2,17,사도행전 2:17,하나님이 가라사대 말세에 내가 내 영으로 모든 육체에게 부어 주리니 너희의 자녀들은 예언할 것이요 너희의 젊은이들은 환상을 보고 너희의 늙은이들은 꿈을 꾸리라
사도행전,2,21,사도행전 2:21,누구든지 주의 이름을 부르는 자는 구원을 얻으리라 하였느니라
사도행전,2,24,사도행전 2:24,하나님께서 사망의 고통을 풀어 살리셨으니 이는 그가 사망에게 매여 있을 수 없었음이라
사도행전,2,28,사도행전 2:28,주께서 생명의 길로 내게 보이셨으니 주의 앞에서 나로 기쁨이 충만하게 하시리로다 하였으니
사도행전,2,30,사도행전 2:30,그는 선지자라 하나님이 이미 맹세하사 그 자손 중에서 한 사람을 그 위에 앉게 하리라 하심을 알고
사도행전,2,32,사도행전 2:32,이 예수를 하나님이 살리신지라 우리가 다 이 일에 증인이로다
사도행전,2,33,사도행전 2:33,하나님이 오른손으로 예수를 높이시매 그가 약속하신 성령을 아버지께 받아서 너희 보고 듣는 이것을 부어 주셨느니라
사도행전,2,39,사도행전 2:39,이 약속은 너희와 너희 자녀와 모든 먼 데 사람 곧 주 우리 하나님이 얼마든지 부르시는 자들에게 하신 것이라' 하고
사도행전,2,43,사도행전 2:43,사람마다 두려워하는데 사도들로 인하여 기사와 표적이 많이 나타나니
사도행전,2,44,사도행전 2:44,믿는 사람이 다 함께 있어 모든 물건을 서로 통용하고
사도행전,2,45,사도행전 2:45,또 재산과 소유를 팔아 각 사람의 필요를 따라 나눠 주고
사도행전,2,46,사도행전 2:46,날마다 마음을 같이 하여 성전에 모이기를 힘쓰고 집에서 떡을 떼며 기쁨과 순전한 마음으로 음식을 먹고
사도행전,2,47,사도행전 2:47,하나님을 찬미하며 또 온 백성에게 칭송을 받으니 주께서 구원 받는 사람을 날마다 더하게 하시니라
사도행전,3,7,사도행전 3:7,오른손을 잡아 일으키니 발과 발목이 곧 힘을 얻고
사도행전,3,8,사도행전 3:8,뛰어 서서 걸으며 그들과 함께 성전으로 들어가면서 걷기도 하고 뛰기도 하며 하나님을 찬미하니
사도행전,3,9,사도행전 3:9,모든 백성이 그 걷는 것과 및 하나님을 찬미함을 보고
사도행전,3,10,사도행전 3:10,그 본래 성전 미문에 앉아 구걸하던 사람인 줄 알고 그의 당한 일을 인하여 심히 기이히 여기며 놀라니라
사도행전,3,16,사도행전 3:16,그 이름을 믿으므로 그 이름이 너희 보고 아는 이 사람을 성하게 하였나니 예수로 말미암아 난 믿음이 너희 모든 사람 앞에서 이같이 완전히 낫게 하였느니라
사도행전,3,17,사도행전 3:17,형제들아 너희가 알지 못하여서 그리하였으며 너희 관원들도 그리한 줄 아노라
사도행전,3,19,사도행전 3:19,그러므로 너희가 회개하고 돌이켜 너희 죄 없이 함을 받으라 이같이 하면 유쾌하게 되는 날이 주 앞으로부터 이를 것이요
사도행전,3,20,사도행전 3:20,또 주께서 너희를 위하여 예정하신 그리스도 곧 예수를 보내시리니
사도행전,3,21,사도행전 3:21,하나님이 영원 전부터 거룩한 선지자의 입을 의탁하여 말씀하신 바 만유를 회복하실 때까지는 하늘이 마땅히 그를 받아두리라
사도행전,3,26,사도행전 3:26,하나님이 그 종을 세워 복 주시려고 너희에게 먼저 보내사 너희로 하여금 돌이켜 각각 그 악함을 버리게 하셨느니라'
사도행전,4,2,사도행전 4:2,백성을 가르침과 예수를 들어 죽은 자 가운데서 부활하는 도 전함을 싫어하여
사도행전,4,3,사도행전 4:3,저희를 잡으매 날이 이미 저문 고로 이튿날까지 가두었으나
사도행전,4,5,사도행전 4:5,이튿날에 관원과 장로와 서기관들이 예루살렘에 모였는데
사도행전,4,9,사도행전 4:9,만일 병인에게 행한 착한 일에 대하여 이 사람이 어떻게 구원을 얻었느냐고 오늘 우리에게 질문하면
사도행전,4,11,사도행전 4:11,이 예수는 너희 건축자들의 버린 돌로서 집 모퉁이의 머릿돌이 되었느니라
사도행전,4,14,사도행전 4:14,또 병 나은 사람이 그들과 함께 섰는 것을 보고 힐난할 말이 없는지라
사도행전,4,16,사도행전 4:16,`이 사람들을 어떻게 할꼬 ? 저희로 인하여 유명한 표적 나타난 것이 예루살렘에 사는 모든 사람에게 알려졌으니 우리도 부인할 수 없는지라
사도행전,4,17,사도행전 4:17,이것이 민간에 더 퍼지지 못하게 저희를 위협하여 이 후에는 이 이름으로 아무 사람에게도 말하지 말게 하자' 하고
사도행전,4,18,사도행전 4:18,그들을 불러 경계하여 `도무지 예수의 이름으로 말하지도 말고 가르치지도 말라' 하니
사도행전,4,20,사도행전 4:20,우리는 보고 들은 것을 말하지 아니할 수 없다' 하니
사도행전,4,21,사도행전 4:21,관원들이 백성을 인하여 저희를 어떻게 벌할 도리를 찾지 못하고 다시 위협하여 놓아 주었으니 이는 모든 사람이 그 된 일을 보고 하나님께 영광을 돌림이러라
사도행전,4,26,사도행전 4:26,세상의 군왕들이 나서며 관원들이 함께 모여 주와 그 그리스도를 대적하도다 하신 이로소이다
사도행전,4,28,사도행전 4:28,하나님의 권능과 뜻대로 이루려고 예정하신 그것을 행하려고 이 성에 모였나이다
사도행전,4,29,사도행전 4:29,주여 ! 이제도 저희의 위협함을 하감하옵시고 또 종들로 하여금 담대히 하나님의 말씀을 전하게 하여 주옵시며
사도행전,4,31,사도행전 4:31,빌기를 다하매 모인 곳이 진동하더니 무리가 다 성령이 충만하여 담대히 하나님의 말씀을 전하니라
사도행전,4,32,사도행전 4:32,믿는 무리가 한 마음과 한 뜻이 되어 모든 물건을 서로 통용하고 제 재물을 조금이라도 제 것이라 하는 이가 하나도 없더라
사도행전,4,33,사도행전 4:33,사도들이 큰 권능으로 주 예수의 부활을 증거하니 무리가 큰 은혜를 얻어
사도행전,4,34,사도행전 4:34,그 중에 핍절한 사람이 없으니 이는 밭과 집 있는 자는 팔아 그 판것의 값을 가져다가
사도행전,4,35,사도행전 4:35,사도들의 발 앞에 두매 저희가 각 사람의 필요를 따라 나눠 줌이러라
사도행전,5,2,사도행전 5:2,그 값에서 얼마를 감추매 그 아내도 알더라 얼마를 가져다가 사도들의 발 앞에 두니
사도행전,5,4,사도행전 5:4,땅이 그대로 있을 때에는 네 땅이 아니며 판 후에도 네 임의로 할 수가 없더냐 어찌하여 이 일을 네 마음에 두었느냐 ? 사람에게 거짓말 한것이 아니요 하나님께로다'
사도행전,5,7,사도행전 5:7,세 시간쯤 지나 그 아내가 그 생긴 일을 알지 못하고 들어오니
사도행전,5,14,사도행전 5:14,믿고 주께로 나오는 자가 더 많으니 남녀의 큰 무리더라
사도행전,5,16,사도행전 5:16,예루살렘 근읍 허다한 사람들도 모여 병든 사람과 더러운 귀신에게 괴로움 받는 사람을 데리고 와서 다 나음을 얻으니라
사도행전,5,18,사도행전 5:18,사도들을 잡아다가 옥에 가두었더니
사도행전,5,20,사도행전 5:20,`가서 성전에 서서 이 생명의 말씀을 다 백성에게 말하라' 하매
사도행전,5,22,사도행전 5:22,관속들이 가서 옥에서 사도들을 보지 못하고 돌아와 말하여
사도행전,5,26,사도행전 5:26,성전 맡은 자가 관속들과 같이 서서 저희를 잡아 왔으나 강제로 못함은 백성들이 돌로 칠까 두려워 함이러라
사도행전,5,30,사도행전 5:30,너희가 나무에 달아 죽인 예수를 우리 조상의 하나님이 살리시고
사도행전,5,31,사도행전 5:31,이스라엘로 회개케 하사 죄사함을 얻게 하시려고 그를 오른손으로 높이사 임금과 구주를 삼으셨느니라
사도행전,5,34,사도행전 5:34,바리새인 가말리엘은 교법사로 모든 백성에게 존경을 받는 자라 공회 중에 일어나 명하사 사도들을 잠간 밖에 나가게 하고
사도행전,5,38,사도행전 5:38,이제 내가 너희에게 말하노니 이 사람들을 상관 말고 버려두라 이 사상과 소행이 사람에게로서 났으면 무너질 것이요
사도행전,5,39,사도행전 5:39,만일 하나님께로서 났으면 너희가 저희를 무너뜨릴 수 없겠고 도리어 하나님을 대적하는 자가 될까 하노라' 하니
사도행전,5,41,사도행전 5:41,사도들은 그 이름을 위하여 능욕 받는 일에 합당한 자로 여기심을 기뻐하면서 공회 앞을 떠나니라
사도행전,5,42,사도행전 5:42,저희가 날마다 성전에 있든지 집에 있든지 예수는 그리스도라 가르치기와 전도하기를 쉬지 아니하니라
사도행전,6,1,사도행전 6:1,그때에 제자가 더 많아졌는데 헬라파 유대인들이 자기의 과부들이 그 매일 구제에 빠지므로 히브리파 사람을 원망한대
사도행전,6,3,사도행전 6:3,형제들아 너희 가운데서 성령과 지혜가 충만하여 칭찬 듣는 사람 일곱을 택하라 우리가 이 일을 저희에게 맡기고
사도행전,6,4,사도행전 6:4,우리는 기도하는 것과 말씀 전하는 것을 전무하리라' 하니
사도행전,6,6,사도행전 6:6,사도들 앞에 세우니 사도들이 기도하고 그들에게 안수하니라
사도행전,7,3,사도행전 7:3,가라사대 네 고향과 친척을 떠나 내가 네게 보일 땅으로 가라 하시니
사도행전,7,5,사도행전 7:5,그러나 여기서 발 붙일 만큼도 유업을 주지 아니하시고 다만 이 땅을 아직 자식도 없는 저와 저의 씨에게 소유로 주신다고 약속하셨으며
사도행전,7,23,사도행전 7:23,나이 사십이 되매 그 형제 이스라엘 자손을 돌아볼 생각이 나더니
사도행전,7,30,사도행전 7:30,사십 년이 차매 천사가 시내 산 광야 가시나무 떨기 불꽃 가운데서 그에게 보이거늘
사도행전,7,33,사도행전 7:33,주께서 가라사대 네 발에 신을 벗으라 ! 너 섰는 곳은 거룩한 땅이니라
사도행전,7,48,사도행전 7:48,그러나 지극히 높으신 이는 손으로 지은 곳에 계시지 아니하시나니 선지자의 말한 바
사도행전,7,49,사도행전 7:49,주께서 가라사대 하늘은 나의 보좌요 땅은 나의 발등상이니 너희가 나를 위하여 무슨 집을 짓겠으며 나의 안식할 처소가 어디뇨
사도행전,7,50,사도행전 7:50,이 모든 것이 다 내 손으로 지은 것이 아니냐 함과 같으니라
사도행전,8,4,사도행전 8:4,그 흩어진 사람들이 두루 다니며 복음의 말씀을 전할새
사도행전,8,6,사도행전 8:6,무리가 빌립의 말도 듣고 행하는 표적도 보고 일심으로 그의 말하는 것을 좇더라
사도행전,8,12,사도행전 8:12,빌립이 하나님 나라와 및 예수 그리스도의 이름에 관하여 전도함을 저희가 믿고 남녀가 다 침례를 받으니
사도행전,8,13,사도행전 8:13,시몬도 믿고 침례를 받은 후에 전심으로 빌립을 따라다니며 그 나타나는 표적과 큰 능력을 보고 놀라니라
사도행전,8,15,사도행전 8:15,그들이 내려가서 저희를 위하여 성령 받기를 기도하니
사도행전,8,27,사도행전 8:27,일어나 가서 보니 에디오피아 사람 곧 에디오피아 여왕 간다게의 모든 국고를 맡은 큰 권세가 있는 내시가 예배하러 예루살렘에 왔다가
사도행전,8,29,사도행전 8:29,성령이 빌립더러 이르시되 이 병거로 가까이 나아가라 하시거늘
사도행전,8,35,사도행전 8:35,빌립이 입을 열어 이 글에서 시작하여 예수를 가르쳐 복음을 전하니
사도행전,8,39,사도행전 8:39,둘이 물에서 올라갈새 주의 영이 빌립을 이끌어 간지라 내시는 흔연히 길을 가므로 그를 다시 보지 못하니라
사도행전,8,40,사도행전 8:40,빌립은 아소도에 나타나 여러 성을 지나 다니며 복음을 전하고 가이사랴에 이르니라
사도행전,9,6,사도행전 9:6,네가 일어나 성으로 들어가라 행할 것을 네게 이를 자가 있느니라' 하시니
사도행전,9,7,사도행전 9:7,같이 가던 사람들은 소리만 듣고 아무도 보지 못하여 말을 못하고 섰더라
사도행전,9,9,사도행전 9:9,사흘 동안을 보지 못하고 식음을 전폐하니라
사도행전,9,15,사도행전 9:15,"주께서 가라사대 `가라, 이 사람은 내 이름을 이방인과 임금들과 이스라엘 자손들 앞에 전하기 위하여 택한 나의 그릇이라 !"
사도행전,9,20,사도행전 9:20,즉시로 각 회당에서 예수의 하나님의 아들이심을 전파하니
사도행전,9,30,사도행전 9:30,형제들이 알고 가이사랴로 데리고 내려가서 다소로 보내니라
사도행전,9,33,사도행전 9:33,거기서 애니아라 하는 사람을 만나매 그가 중풍병으로 상 위에 누운지 팔 년이라
사도행전,9,35,사도행전 9:35,룻다와 사론에 사는 사람들이 다 그를 보고 주께로 돌아가니라
사도행전,9,36,사도행전 9:36,욥바에 다비다라 하는 여제자가 있으니 그 이름을 번역하면 도르가라 선행과 구제하는 일이 심히 많더니
사도행전,9,42,사도행전 9:42,온 욥바 사람이 알고 많이 주를 믿더라
사도행전,10,1,사도행전 10:1,가이사랴에 고넬료라 하는 사람이 있으니 이달리야대라 하는 군대의 백부장이라
사도행전,10,2,사도행전 10:2,그가 경건하여 온 집으로 더불어 하나님을 경외하며 백성을 많이 구제하고 하나님께 항상 기도하더니
사도행전,10,7,사도행전 10:7,마침 말하던 천사가 떠나매 고넬료가 집안 하인 둘과 종졸 가운데 경건한 사람 하나를 불러
사도행전,10,8,사도행전 10:8,이 일을 다 고하고 욥바로 보내니라
사도행전,10,10,사도행전 10:10,시장하여 먹고자 하매 사람이 준비할 때에 비몽사몽간에
사도행전,10,11,사도행전 10:11,하늘이 열리며 한 그릇이 내려 오는 것을 보니 큰 보자기 같고 네 귀를 매어 땅에 드리웠더라
사도행전,10,12,사도행전 10:12,그 안에는 땅에 있는 각색 네발 가진 짐승과 기는 것과 공중에 나는 것들이 있는데
사도행전,10,16,사도행전 10:16,이런 일이 세 번 있은 후 그 그릇이 곧 하늘로 올리워 가니라
사도행전,10,20,사도행전 10:20,일어나 내려가 의심치 말고 함께 가라 내가 저희를 보내었느니라 하시니
사도행전,10,24,사도행전 10:24,이튿날 가이사랴에 들어가니 고넬료가 일가와 가까운 친구들을 모아 기다리더니
사도행전,10,27,사도행전 10:27,더불어 말하며 들어가 여러 사람의 모인 것을 보고
사도행전,10,29,사도행전 10:29,부름을 사양치 아니하고 왔노라 묻노니 무슨 일로 나를 불렀느뇨 ?'
사도행전,10,33,사도행전 10:33,내가 곧 당신에게 사람을 보내었더니 오셨으니 잘하였나이다 이제 우리는 주께서 당신에게 명하신 모든 것을 듣고자 하여 다 하나님 앞에 있나이다'
사도행전,10,35,사도행전 10:35,각 나라 중 하나님을 경외하며 의를 행하는 사람은 하나님이 받으시는 줄 깨달았도다
사도행전,10,36,사도행전 10:36,만유의 주 되신 예수 그리스도로 말미암아 화평의 복음을 전하사 이스라엘 자손들에게 보내신 말씀
사도행전,10,41,사도행전 10:41,모든 백성에게 하신 것이 아니요 오직 미리 택하신 증인 곧 죽은자 가운데서 일어나신 후 모시고 음식을 먹은 우리에게 하신 것이라
사도행전,10,43,사도행전 10:43,저에 대하여 모든 선지자도 증거하되 저를 믿는 사람들이 다 그 이름을 힘입어 죄 사함을 받는다 하였느니라'
사도행전,11,1,사도행전 11:1,유대에 있는 사도들과 형제들이 이방인들도 하나님 말씀을 받았다 함을 들었더니
사도행전,11,10,사도행전 11:10,이런 일이 세 번 있은 후에 모든 것이 다시 하늘로 끌려 올라가더라
사도행전,11,11,사도행전 11:11,마침 세 사람이 내 우거한 집 앞에 섰으니 가이사랴에서 내게로 보낸 사람이라
사도행전,11,12,사도행전 11:12,성령이 내게 명하사 아무 의심 말고 함께 가라 하시매 이 여섯 형제도 나와 함께 가서 그 사람의 집에 들어가니
사도행전,11,15,사도행전 11:15,내가 말을 시작할 때에 성령이 저희에게 임하시기를 처음 우리에게 하신 것과 같이 하는지라
사도행전,11,16,사도행전 11:16,내가 주의 말씀에 요한은 물로 세례를 주었으나 너희는 성령으로 세례 받으리라 하신 것이 생각났노라
사도행전,11,21,사도행전 11:21,주의 손이 그들과 함께 하시매 수다한 사람이 믿고 주께 돌아오더라
사도행전,11,23,사도행전 11:23,저가 이르러 하나님의 은혜를 보고 기뻐하여 모든 사람에게 굳은 마음으로 주께 붙어 있으라 권하니
사도행전,11,29,사도행전 11:29,제자들이 각각 그 힘대로 유대에 사는 형제들에게 부조를 보내기로 작정하고
사도행전,12,22,사도행전 12:22,백성들이 크게 부르되 이것은 신의 소리요 사람의 소리는 아니라 하거늘
사도행전,13,4,사도행전 13:4,두 사람이 성령의 보내심을 받아 실루기아에 내려가 거기서 배 타고 구브로에 가서
사도행전,13,6,사도행전 13:6,온 섬 가운데로 지나서 바보에 이르러 바예수라 하는 유대인 거짓 선지자 박수를 만나니
사도행전,13,18,사도행전 13:18,광야에서 약 사십 년간 저희 소행을 참으시고
사도행전,13,23,사도행전 13:23,하나님이 약속하신 대로 이 사람의 씨에서 이스라엘을 위하여 구주를 세우셨으니 곧 예수라
사도행전,13,24,사도행전 13:24,그 오시는 앞에 요한이 먼저 회개의 세례를 이스라엘 모든 백성에게 전파하니라
사도행전,13,27,사도행전 13:27,예루살렘에 사는 자들과 저희 관원들이 예수와 및 안식일마다 외우는 바 선지자들의 말을 알지 못하므로 예수를 정죄하여 선지자들의 말을 응하게 하였도다
사도행전,13,29,사도행전 13:29,성경에 저를 가리켜 기록한 말씀을 다 응하게 한 것이라 후에 나무에서 내려다가 무덤에 두었으나
사도행전,13,30,사도행전 13:30,하나님이 죽은 자 가운데서 저를 살리신지라
사도행전,13,32,사도행전 13:32,우리도 조상들에게 주신 약속을 너희에게 전파하노니
사도행전,13,35,사도행전 13:35,그러므로 또 다른 편에 일렀으되 주의 거룩한 자로 썩음을 당하지 않게 하시리라 하셨느니라
사도행전,13,37,사도행전 13:37,하나님의 살리신 이는 썩음을 당하지 아니하였나니
사도행전,13,44,사도행전 13:44,그 다음 안식일에는 온 성이 거의 다 하나님 말씀을 듣고자 하여 모이니
사도행전,13,47,사도행전 13:47,주께서 이같이 우리를 명하시되 내가 너를 이방의 빛을 삼아 너로 땅 끝까지 구원하게 하리라 하셨느니라' 하니
사도행전,13,48,사도행전 13:48,이방인들이 듣고 기뻐하여 하나님의 말씀을 찬송하며 영생을 주시기로 작정된 자는 다 믿더라
사도행전,13,49,사도행전 13:49,주의 말씀이 그 지방에 두루 퍼지니라
사도행전,13,51,사도행전 13:51,두 사람이 저희를 향하여 발에 티끌을 떨어 버리고 이고니온으로 가거늘
사도행전,13,52,사도행전 13:52,제자들은 기쁨과 성령이 충만하니라
사도행전,14,3,사도행전 14:3,두 사도가 오래 있어 주를 힘입어 담대히 말하니 주께서 저희 손으로 표적과 기사를 행하게 하여 주사 자기 은혜의 말씀을 증거하시니
사도행전,14,7,사도행전 14:7,거기서 복음을 전하니라
사도행전,14,16,사도행전 14:16,하나님이 지나간 세대에는 모든 족속으로 자기의 길들을 다니게 묵인하셨으나
사도행전,14,17,사도행전 14:17,그러나 자기를 증거하지 아니 하신 것이 아니니 곧 너희에게 하늘로서 비를 내리시며 결실기를 주시는 선한 일을 하사 음식과 기쁨으로 너희 마음에 만족케 하셨느니라' 하고
사도행전,14,18,사도행전 14:18,이렇게 말하여 겨우 무리를 말려 자기들에게 제사를 못하게 하니라
사도행전,14,22,사도행전 14:22,제자들의 마음을 굳게 하여 이 믿음에 거하라 권하고 또 우리가 하나님 나라에 들어가려면 많은 환난을 겪어야 할 것이라 하고
사도행전,14,23,사도행전 14:23,각 교회에서 장로들을 택하여 금식 기도하며 저희를 그 믿은 바 주께 부탁하고
사도행전,14,24,사도행전 14:24,비시디아 가운데로 지나가서 밤빌리아에 이르러
사도행전,14,25,사도행전 14:25,도를 버가에서 전하고 앗달리아로 내려가서
사도행전,14,27,사도행전 14:27,이르러 교회를 모아 하나님이 함께 행하신 모든 일과 이방인들에게 믿음의 문을 여신 것을 고하고
사도행전,14,28,사도행전 14:28,제자들과 함께 오래 있으니라
사도행전,15,4,사도행전 15:4,예루살렘에 이르러 교회와 사도와 장로들에게 영접을 받고 하나님이 자기들과 함께 계셔 행하신 모든 일을 말하매
사도행전,15,6,사도행전 15:6,사도와 장로들이 이 일을 의논하러 모여
사도행전,15,8,사도행전 15:8,또 마음을 아시는 하나님이 우리에게와 같이 저희에게도 성령을 주어 증거하시고
사도행전,15,9,사도행전 15:9,믿음으로 저희 마음을 깨끗이 하사 저희나 우리나 분간치 아니하셨느니라
사도행전,15,10,사도행전 15:10,그런데 지금 너희가 어찌하여 하나님을 시험하여 우리 조상과 우리도 능히 메지 못하던 멍에를 제자들의 목에 두려느냐
사도행전,15,11,사도행전 15:11,우리가 저희와 동일하게 주 예수의 은혜로 구원 받는 줄을 믿노라 하니라
사도행전,15,14,사도행전 15:14,하나님이 처음으로 이방인 중에서 자기 이름을 위할 백성을 취하시려고 저희를 권고하신 것을 시므온이 고하였으니
사도행전,15,15,사도행전 15:15,선지자들의 말씀이 이와 합하도다 기록된 바
사도행전,15,18,사도행전 15:18,즉 예로부터 이것을 알게 하시는 주의 말씀이라 함과 같으니라
사도행전,15,19,사도행전 15:19,그러므로 내 의견에는 이방인 중에서 하나님께로 돌아오는 자들을 괴롭게 말고
사도행전,15,20,사도행전 15:20,다만 우상의 더러운 것과 음행과 목매어 죽인 것과 피를 멀리하라고 편지하는 것이 가하니
사도행전,15,24,사도행전 15:24,들은즉 우리 가운데서 어떤 사람들이 우리의 시킨 것도 없이 나가서 말로 너희를 괴롭게 하고 마음을 혹하게 한다 하기로
사도행전,15,28,사도행전 15:28,성령과 우리는 이 요긴한 것들 외에 아무 짐도 너희에게 지우지 아니하는 것이 가한 줄 알았노니
사도행전,15,33,사도행전 15:33,얼마 있다가 평안히 가라는 전송을 형제들에게 받고 자기를 보내던 사람들에게로 돌아가되
사도행전,15,41,사도행전 15:41,수리아와 길리기아로 다녀가며 교회들을 굳게 하니라
사도행전,16,4,사도행전 16:4,여러 성으로 다녀 갈 때에 예루살렘에 있는 사도와 장로들의 작정한 규례를 저희에게 주어 지키게 하니
사도행전,16,6,사도행전 16:6,성령이 아시아에서 말씀을 전하지 못하게 하시거늘 브루기아와 갈라디아 땅으로 다녀가
사도행전,16,7,사도행전 16:7,무시아 앞에 이르러 비두니아로 가고자 애쓰되 예수의 영이 허락지 아니하시는지라
사도행전,16,8,사도행전 16:8,무시아를 지나 드로아로 내려 갔는데
사도행전,16,11,사도행전 16:11,드로아에서 배로 떠나 사모드라게로 직행하여 이튿날 네압볼리로 가고
사도행전,16,13,사도행전 16:13,안식일에 우리가 기도처가 있는가 하여 문 밖 강가에 나가 거기 앉아서 모인 여자들에게 말하더니
사도행전,16,16,사도행전 16:16,우리가 기도하는 곳에 가다가 점하는 귀신 들린 여종 하나를 만나니 점으로 그 주인들을 크게 이하게 하는지라
사도행전,16,21,사도행전 16:21,로마 사람인 우리가 받지도 못하고 행치도 못할 풍속을 전한다' 하거늘
사도행전,16,33,사도행전 16:33,밤 그 시에 간수가 저희를 데려다가 그 맞은 자리를 씻기고 자기와 그 권속이 다 세례를 받은 후
사도행전,16,34,사도행전 16:34,저희를 데리고 자기 집에 올라가서 음식을 차려 주고 저와 온 집이 하나님을 믿었으므로 크게 기뻐하니라
사도행전,16,35,사도행전 16:35,날이 새매 상관들이 아전을 보내어 `이 사람들을 놓으라' 하니
사도행전,16,38,사도행전 16:38,아전들이 이 말로 상관들에게 고하니 저희가 로마 사람이라 하는 말을 듣고 두려워하여
사도행전,16,39,사도행전 16:39,와서 권하여 데리고 나가 성에서 떠나기를 청하니
사도행전,16,40,사도행전 16:40,두 사람이 옥에서 나가 루디아의 집에 들어가서 형제들을 만나 보고 위로하고 가니라
사도행전,17,5,사도행전 17:5,그러나 유대인들은 시기하여 저자의 어떤 괴악한 사람들을 데리고 떼를 지어 성을 소동케 하여 야손의 집에 달려들어 저희를 백성에게 끌어 내려고 찾았으나
사도행전,17,8,사도행전 17:8,무리와 읍장들이 이 말을 듣고 소동하여
사도행전,17,9,사도행전 17:9,야손과 그 나머지 사람들에게 보를 받고 놓으니라
사도행전,17,12,사도행전 17:12,그 중에 믿는 사람이 많고 또 헬라의 귀부인과 남자가 적지 아니하나
사도행전,17,17,사도행전 17:17,회당에서는 유대인과 경건한 사람들과 또 저자에서는 날마다 만나는 사람들과 변론하니
사도행전,17,19,사도행전 17:19,붙들어 가지고 아레오바고로 가며 말하기를 `우리가 너의 말하는 이 새교가 무엇인지 알 수 있겠느냐 ?
사도행전,17,20,사도행전 17:20,네가 무슨 이상한 것을 우리 귀에 들려 주니 그 무슨 뜻인지 알고자 하노라' 하니
사도행전,17,23,사도행전 17:23,내가 두루 다니며 너희의 위하는 것들을 보다가 알지 못하는 신에게라고 새긴 단도 보았으니 그런즉 너희가 알지 못하고 위하는그것을 내가 너희에게 알게 하리라
사도행전,17,24,사도행전 17:24,우주와 그 가운데 있는 만유를 지으신 신께서는 천지의 주재시니 손으로 지은 전에 계시지 아니하시고
사도행전,17,25,사도행전 17:25,또 무엇이 부족한 것처럼 사람의 손으로 섬김을 받으시는 것이 아니니 이는 만민에게 생명과 호흡과 만물을 친히 주시는 자이심이라
사도행전,17,26,사도행전 17:26,인류의 모든 족속을 한 혈통으로 만드사 온 땅에 거하게 하시고 저희의 연대를 정하시며 거주의 경계를 한하셨으니
사도행전,17,28,사도행전 17:28,우리가 그를 힘입어 살며 기동하며 있느니라 너희 시인 중에도 어떤 사람들의 말과 같이 우리가 그의 소생이라 하니
사도행전,17,29,사도행전 17:29,이와 같이 신의 소생이 되었은 즉 신을 금이나 은이나 돌에다 사람의 기술과 고안으로 새긴 것들과 같이 여길 것이 아니니라
사도행전,17,30,사도행전 17:30,알지 못하던 시대에는 하나님이 허물치 아니하셨거니와 이제는 어디든지 사람을 다 명하사 회개하라 하셨으니
사도행전,18,11,사도행전 18:11,일년 육 개월을 유하며 그들 가운데서 하나님의 말씀을 가르치니라
사도행전,18,15,사도행전 18:15,만일 문제가 언어와 명칭과 너희 법에 관한 것이면 너희가 스스로 처리하라 나는 이러한 일에 재판장 되기를 원치 아니하노라' 하고
사도행전,18,20,사도행전 18:20,여러 사람이 더 오래 있기를 청하되 허락치 아니하고
사도행전,18,23,사도행전 18:23,얼마 있다가 떠나 갈라디아와 브루기아 땅을 차례로 다니며 모든 제자를 굳게 하니라
사도행전,18,25,사도행전 18:25,그가 일찍 주의 도를 배워 열심으로 예수에 관한 것을 자세히 말하며 가르치나 요한의 세례만 알 따름이라
사도행전,19,5,사도행전 19:5,저희가 듣고 주 예수의 이름으로 세례를 받으니
사도행전,19,7,사도행전 19:7,모두 열 두 사람쯤 되니라
사도행전,19,19,사도행전 19:19,또 마술을 행하던 많은 사람이 그 책을 모아 가지고 와서 모든 사람 앞에서 불사르니 그 책 값을 계산한 즉 은 오만이나 되더라
사도행전,19,20,사도행전 19:20,이와 같이 주의 말씀이 힘이 있어 흥왕하여 세력을 얻으니라
사도행전,19,36,사도행전 19:36,이 일이 그렇지 않다 할 수 없으니 너희가 가만히 있어서 무엇이든지 경솔히 아니하여야 하리라
사도행전,19,37,사도행전 19:37,전각의 물건을 도적질하지도 아니하였고 우리 여신을 훼방하지도 아니한 이 사람들을 너희가 잡아 왔으니
사도행전,19,38,사도행전 19:38,만일 데메드리오와 및 그와 함께 있는 직공들이 누구에게 송사할 것이 있거든 재판 날도 있고 총독들도 있으니 피차 고소할 것이요
사도행전,19,39,사도행전 19:39,만일 그 외에 무엇을 원하거든 정식으로 민회에서 결단할지라
사도행전,20,2,사도행전 20:2,그 지경으로 다녀가며 여러 말로 제자들에게 권하고 헬라에 이르러
사도행전,20,3,사도행전 20:3,거기 석 달을 있다가 배 타고 수리아로 가고자 할 그 때에 유대인들이 자기를 해하려고 공모하므로 마게도냐로 다녀 돌아가기를 작정하니
사도행전,20,5,사도행전 20:5,그들은 먼저 가서 드로아에서 우리를 기다리더라
사도행전,20,8,사도행전 20:8,우리의 모인 윗 다락에 등불을 많이 켰는데
사도행전,20,11,사도행전 20:11,올라가 떡을 떼어 먹고 오래 동안 곧 날이 새기까지 이야기하고 떠나니라
사도행전,20,15,사도행전 20:15,거기서 떠나 이튿날 기오 앞에 오고 그 이튿날 사모에 들리고 또 그 다음날 밀레도에 이르니라
사도행전,20,20,사도행전 20:20,유익한 것은 무엇이든지 공중 앞에서나 각 집에서나 꺼림이 없이 너희에게 전하여 가르치고
사도행전,20,21,사도행전 20:21,유대인과 헬라인들에게 하나님께 대한 회개와 우리 주 예수 그리스도께 대한 믿음을 증거한 것이라
사도행전,20,22,사도행전 20:22,"보라, 이제 나는 심령에 매임을 받아 예루살렘으로 가는데 저기서 무슨 일을 만날는지 알지 못하노라"
사도행전,20,23,사도행전 20:23,오직 성령이 각 성에서 내게 증거하여 결박과 환난이 나를 기다린다 하시나
사도행전,20,24,사도행전 20:24,나의 달려갈 길과 주 예수께 받은 사명 곧 하나님의 은혜의 복음 증거하는 일을 마치려 함에는 나의 생명을 조금도 귀한 것으로 여기지 아니하노라
사도행전,20,25,사도행전 20:25,"보라, 내가 너희 중에 왕래하며 하나님 나라를 전파하였으나 지금은 너희가 다 내 얼굴을 다시 보지 못할 줄 아노라"
사도행전,20,26,사도행전 20:26,그러므로 오늘 너희에게 증거하노니 모든 사람의 피에 대하여 내가 깨끗하니
사도행전,20,28,사도행전 20:28,너희는 자기를 위하여 또는 온 양떼를 위하여 삼가라 성령이 저들 가운데 너희로 감독자를 삼고 하나님이 자기 피로 사신 교회를 치게 하셨느니라
사도행전,20,31,사도행전 20:31,그러므로 너희가 일깨어 내가 삼 년이나 밤낮 쉬지 않고 눈물로 각 사람을 훈계하던 것을 기억하라
사도행전,20,32,사도행전 20:32,지금 내가 너희를 주와 및 그 은혜의 말씀께 부탁하노니 그 말씀이 너희를 능히 든든히 세우사 거룩케 하심을 입은 모든 자 가운데 기업이 있게 하시리라
사도행전,20,33,사도행전 20:33,내가 아무의 은이나 금이나 의복을 탐하지 아니하였고
사도행전,20,34,사도행전 20:34,너희 아는 바에 이 손으로 나와 내 동행들의 쓰는 것을 당하여
사도행전,20,35,사도행전 20:35,범사에 너희에게 모본을 보였노니 곧 이같이 수고하여 약한 사람들을 돕고 또 주 예수의 친히 말씀하신 바 주는 것이 받는 것보다 복이 있다 하심을 기억하여야 할지니라'
사도행전,20,36,사도행전 20:36,이 말을 한 후 무릎을 꿇고 저희 모든 사람과 함께 기도하니
사도행전,20,38,사도행전 20:38,다시 그 얼굴을 보지 못하리라 한 말을 인하여 더욱 근심하고 배에까지 그를 전송하니라
사도행전,21,2,사도행전 21:2,베니게로 건너가는 배를 만나서 타고 가다가
사도행전,21,3,사도행전 21:3,구브로를 바라보고 이를 왼편에 두고 수리아로 행선하여 두로에서 상륙하니 거기서 배가 짐을 풀려 함이러라
사도행전,21,5,사도행전 21:5,이 여러 날을 지난 후 우리가 떠나갈새 저희가 다 그 처자와 함께 성문 밖까지 전송하거늘 우리가 바닷가에서 무릎을 꿇어 기도하고
사도행전,21,6,사도행전 21:6,서로 작별한 후 우리는 배에 오르고 저희는 집으로 돌아가니라
사도행전,21,7,사도행전 21:7,두로로부터 수로를 다 행하여 돌레마이에 이르러 형제들에게 안부를 묻고 그들과 함께 하루를 있다가
사도행전,21,8,사도행전 21:8,이튿날 떠나 가이사랴에 이르러 일곱 집사 중 하나인 전도자 빌립의 집에 들어가서 유하니라
사도행전,21,9,사도행전 21:9,그에게 딸 넷이 있으니 처녀로 예언하는 자라
사도행전,21,14,사도행전 21:14,저가 권함을 받지 아니하므로 우리가 주의 뜻대로 이루어지이다 하고 그쳤노라
사도행전,21,15,사도행전 21:15,이 여러 날 후에 행장을 준비하여 예루살렘으로 올라갈새
사도행전,21,16,사도행전 21:16,가이사랴의 몇 제자가 함께 가며 한 오랜 제자 구브로 사람 나손을 데리고 가니 이는 우리가 그의 집에 유하려 함이라
사도행전,21,17,사도행전 21:17,예루살렘에 이르니 형제들이 우리를 기꺼이 영접하거늘
사도행전,21,22,사도행전 21:22,그러면 어찌할꼬 저희가 필연 그대의 온 것을 들으리니
사도행전,21,23,사도행전 21:23,우리의 말하는 이대로 하라 서원한 네 사람이 우리에게 있으니
사도행전,21,24,사도행전 21:24,저희를 데리고 함께 결례를 행하고 저희를 위하여 비용을 내어 머리를 깎게 하라 그러면 모든 사람이 그대에게 대하여 들은 것 이 헛된 것이고 그대로 율법을 지켜 행하는 줄로 알 것이라
사도행전,21,25,사도행전 21:25,주를 믿는 이방인에게는 우리가 우상의 제물과 피와 목매어 죽인 것과 음행을 피할 것을 결의하고 편지하였느니라' 하니
사도행전,22,3,사도행전 22:3,나는 유대인으로 길리기아 다소에서 났고 이 성에서 자라 가말리엘의 문하에서 우리 조상들의 율법의 엄한 교훈을 받았고 오늘 너희 모든 사람처럼 하나님께 대하여 열심하는 자라
사도행전,22,12,사도행전 22:12,율법에 의하면 경건한 사람으로 거기 사는 모든 유대인들에게 칭찬을 듣는 아나니아라 하는 이가
사도행전,22,15,사도행전 22:15,네가 그를 위하여 모든 사람 앞에서 너의 보고 들은 것에 증인이 되리라
사도행전,22,17,사도행전 22:17,후에 내가 예루살렘으로 돌아와서 성전에서 기도할 때에 비몽사몽간에
사도행전,22,19,사도행전 22:19,후에 내가 예루살렘으로 돌아와서 성전에서 기도할 때에 비몽사몽간에
사도행전,22,21,사도행전 22:21,보매 주께서 내게 말씀하시되 속히 예루살렘에서 나가라 저희는 네가 내게 대하여 증거하는 말을 듣지 아니하리라 하시거늘
사도행전,22,26,사도행전 22:26,떠들며 옷을 벗어 던지고 티끌을 공중에 날리니
사도행전,23,7,사도행전 23:7,그 말을 한즉 바리새인과 사두개인 사이에 다툼이 생겨 무리가 나누이니
사도행전,23,25,사도행전 23:25,또 이 아래와 같이 편지하니 일렀으되
사도행전,23,26,사도행전 23:26,글라우디오 루시아는 총독 벨릭스 각하에게 문안하노이다
사도행전,23,27,사도행전 23:27,이 사람이 유대인들에게 잡혀 죽게 된 것을 내가 로마 사람인 줄 들어 알고 군사를 거느리고 가서 구원하여다가
사도행전,23,28,사도행전 23:28,유대인들이 무슨 일로 그를 송사하는지 알고자 하여 저희 공회로 데리고 내려갔더니
사도행전,23,29,사도행전 23:29,송사하는 것이 저희 율법 문제에 관한 것뿐이요 한 가지도 죽이거나 결박할 사건이 없음을 발견하였나이다
사도행전,24,3,사도행전 24:3,`벨릭스 각하여 우리가 당신을 힘입어 태평을 누리고 또 이 민족이 당신의 선견을 인하여 여러 가지로 개량된 것을 우리가 어느 모양으로나 어느 곳에서나 감사 무지 하옵나이다
사도행전,24,4,사도행전 24:4,당신을 더 괴롭게 아니하려 하여 우리가 대강 여짜옵나니 관용하여 들으시기를 원하나이다
사도행전,24,7,사도행전 24:7,당신이 친히 그를 심문하시면
사도행전,24,8,사도행전 24:8,우리의 송사하는 이 모든 일을 아실 수 있나이다' 하니
사도행전,24,11,사도행전 24:11,당신이 아실 수 있는 바와 같이 내가 예루살렘에 예배하러 올라간 지 열 이틀 밖에 못되었고
사도행전,24,12,사도행전 24:12,저희는 내가 성전에서 아무와 변론하는 것이나 회당과 또는 성중에서 무리를 소동케 하는 것을 보지 못하였으니
사도행전,24,13,사도행전 24:13,이제 나를 송사하는 모든 일에 대하여 저희가 능히 당신 앞에 내세울 것이 없나이다
사도행전,24,14,사도행전 24:14,그러나 이것을 당신께 고백하리이다 나는 저희가 이단이라 하는 도를 좇아 조상의 하나님을 섬기고 율법과 및 선지자들의 글에 기록된 것을 다 믿으며
사도행전,24,15,사도행전 24:15,저희의 기다리는 바 하나님께 향한 소망을 나도 가졌으니 곧 의인과 악인의 부활이 있으리라 함이라
사도행전,24,16,사도행전 24:16,이것을 인하여 나도 하나님과 사람을 대하여 항상 양심에 거리낌이 없기를 힘쓰노라
사도행전,24,17,사도행전 24:17,여러 해만에 내가 내 민족을 구제할 것과 제물을 가지고 와서
사도행전,24,18,사도행전 24:18,드리는 중에 내가 결례를 행하였고 모임도 없고 소동도 없이 성전에 있는 것을 저희가 보았나이다 그러나 아시아로부터 온 어떤 유대인들이 있었으니
사도행전,24,20,사도행전 24:20,그렇지 않으면 이 사람들이 내가 공회 앞에 섰을 때에 무슨 옳지 않은 것을 보았는가 말하라 하소서
사도행전,24,21,사도행전 24:21,오직 내가 저희 가운데 서서 외치기를 내가 죽은 자의 부활에 대하여 오늘 너희 앞에 심문을 받는다고 한 이 한 소리가 있을 따름이니이다' 하니
사도행전,25,1,사도행전 25:1,베스도가 도임한 지 삼일 후에 가이사랴에서 예루살렘으로 올라가니
사도행전,25,11,사도행전 25:11,만일 내가 불의를 행하여 무슨 사죄를 범하였으면 죽기를 사양치 아니할 것이나 만일 이 사람들의 나를 송사하는 것이 다 사실이 아니면 누구든지 나를 그들에게 내어 줄 수 없삽나이다 내가 가이사께 호소하노라' 한대
사도행전,25,13,사도행전 25:13,수일 후에 아그립바 왕과 버니게가 베스도에게 문안하러 가이사랴에 와서
사도행전,25,17,사도행전 25:17,그러므로 저희가 나와 함께 여기 오매 내가 지체하지 아니하고 이튿날 재판 자리에 앉아 명하여 그 사람을 데려왔으나
사도행전,25,18,사도행전 25:18,원고들이 서서 나의 짐작하던것 같은 악행의 사건은 하나도 제출치 아니하고
사도행전,25,25,사도행전 25:25,나는 살피건대 죽일 죄를 범한 일이 없더이다 그러나 저가 황제에게 호소한 고로 보내기를 작정하였나이다
사도행전,25,26,사도행전 25:26,그에게 대하여 황제께 확실한 사실을 아뢸 것이 없으므로 심문한 후 상소할 재료가 있을까 하여 당신들 앞 특히 아그립바 왕 당신 앞에 그를 내어 세웠나이다
사도행전,26,2,사도행전 26:2,아그립바 왕이여 유대인이 모든 송사하는 일을 오늘 당신 앞에서 변명하게 된 것을 다행히 여기옵나이다
사도행전,26,3,사도행전 26:3,특히 당신이 유대인의 모든 풍속과 및 문제를 아심이니이다 그러므로 내 말을 너그러이 들으시기를 바라옵나이다
사도행전,26,4,사도행전 26:4,내가 처음부터 내 민족 중에와 예루살렘에서 젊었을 때 생활한 상태를 유대인이 다 아는 바라
사도행전,26,5,사도행전 26:5,일찍부터 나를 알았으니 저희가 증거하려 하면 내가 우리 종교의 가장 엄한 파를 좇아 바리새인의 생활을 하였다고 할 것이라
사도행전,26,6,사도행전 26:6,이제도 여기 서서 심문 받는 것은 하나님이 우리 조상에게 약속하신 것을 바라는 까닭이니
사도행전,26,7,사도행전 26:7,이 약속은 우리 열 두 지파가 밤낮으로 간절히 하나님을 받들어 섬김으로 얻기를 바라는 바인데 아그립바 왕이여 이 소망을 인하여 내가 유대인들에게 송사를 받는 것이니이다
사도행전,26,8,사도행전 26:8,당신들은 하나님이 죽은 사람 다시 살리심을 어찌하여 못 믿을 것으로 여기나이까
사도행전,26,13,사도행전 26:13,왕이여 때가 정오나 되어 길에서 보니 하늘로서 해보다 더 밝은 빛이 나아 내 동행들을 둘러 비추는지라
사도행전,26,16,사도행전 26:16,일어나 네 발로 서라 내가 네게 나타난 것은 곧 네가 나를 본 일과 장차 내가 네게 나타날 일에 너로 사환과 증인을 삼으려 함이니
사도행전,26,17,사도행전 26:17,이스라엘과 이방인들에게서 내가 너를 구원하여 저희에게 보내어
사도행전,26,18,사도행전 26:18,그 눈을 뜨게 하여 어두움에서 빛으로 사단의 권세에서 하나님께로 돌아가게 하고 죄사함과 나를 믿어 거룩케 된 무리 가운데서 기업을 얻게 하리라 하더이다
사도행전,26,19,사도행전 26:19,아그립바 왕이여 그러므로 하늘에서 보이신 것을 내가 거스리지 아니하고
사도행전,26,26,사도행전 26:26,왕께서는 이 일을 아시기로 내가 왕께 담대히 말하노니 이 일에 하나라도 아시지 못함이 없는 줄 믿나이다 이 일은 한편 구석에서 행한 것이 아니로소이다
사도행전,26,27,사도행전 26:27,아그립바 왕이여 선지자를 믿으시나이까 ? 믿으시는 줄 아나이다'
사도행전,26,30,사도행전 26:30,왕과 총독과 버니게와 그 함께 앉은 사람들이 다 일어나서
사도행전,27,4,사도행전 27:4,또 거기서 우리가 떠나가다가 바람의 거스림을 피하여 구브로 해안을 의지하고 행선하여
사도행전,27,5,사도행전 27:5,길리기아와 밤빌리아 바다를 건너 루기아의 무라성에 이르러
사도행전,27,6,사도행전 27:6,거기서 백부장이 이달리야로 가려 하는 알렉산드리아 배를 만나 우리를 오르게 하니
사도행전,27,7,사도행전 27:7,배가 더디 가 여러 날만에 간신히 니도 맞은 편에 이르러 풍세가 더 허락지 아니하므로 살모네 앞을 지나 그레데 해안을 의지하고 행선하여
사도행전,27,8,사도행전 27:8,간신히 그 연안을 지나 미항이라는 곳에 이르니 라새아성에서 가깝더라
사도행전,27,13,사도행전 27:13,남풍이 순하게 불매 저희가 득의한 줄 알고 닻을 감아 그레데 해변을 가까이 하고 행선하더니
사도행전,27,15,사도행전 27:15,배가 밀려 바람을 맞추어 갈 수 없어 가는 대로 두고 쫓겨가다가
사도행전,27,16,사도행전 27:16,가우다라는 작은 섬 아래로 지나 간신히 거루를 잡아
사도행전,27,17,사도행전 27:17,끌어 올리고 줄을 가지고 선체를 둘러 감고 스르디스에 걸릴까 두려워 연장을 내리고 그냥 쫓겨가더니
사도행전,27,22,사도행전 27:22,내가 너희를 권하노니 이제는 안심하라 너희 중 생명에는 아무 손상이 없겠고 오직 배뿐이리라
사도행전,27,25,사도행전 27:25,그러므로 여러분이여 안심하라 나는 내게 말씀하신 그대로 되리라 !고 하나님을 믿노라
사도행전,27,27,사도행전 27:27,열 나흘째 되는 날 밤에 우리가 아드리아 바다에 이리저리 쫓겨 가더니 밤중쯤 되어 사공들이 어느 육지에 가까와지는 줄을 짐작하고
사도행전,27,28,사도행전 27:28,물을 재어보니 이십 길이 되고 조금 가다가 다시 재니 열 다섯 길이라
사도행전,27,29,사도행전 27:29,암초에 걸릴까 하여 고물로 닻 넷을 주고 날이 새기를 고대하더니
사도행전,27,30,사도행전 27:30,사공들이 도망하고자 하여 이물에서 닻을 주려는 체하고 거루를 바다에 내려놓거늘
사도행전,27,34,사도행전 27:34,음식 먹으라 권하노니 이것이 너희 구원을 위하는 것이요 너희 중 머리터럭 하나라도 잃을 자가 없느니라 하고
사도행전,27,35,사도행전 27:35,떡을 가져다가 모든 사람 앞에서 하나님께 축사하고 떼어 먹기를 시작하매
사도행전,27,36,사도행전 27:36,저희도 다 안심하고 받아 먹으니
사도행전,27,37,사도행전 27:37,배에 있는 우리의 수는 전부 이백 칠십 륙 인이러라
사도행전,27,38,사도행전 27:38,배부르게 먹고 밀을 바다에 버려 배를 가볍게 하였더니
사도행전,27,39,사도행전 27:39,날이 새매 어느 땅인지 알지 못하나 경사 진 해안으로 된 항만이 눈에 띄거늘 배를 거기에 들여다 댈 수 있는가 의논한 후
사도행전,27,40,사도행전 27:40,닻을 끊어 바다에 버리는 동시에 킷줄을 늦추고 돛을 달고 바람을 맞추어 해안을 향하여 들어가다가
사도행전,27,41,사도행전 27:41,두 물이 합하여 흐르는 곳을 당하여 배를 걸매 이물은 부딪혀 움직일 수 없이 붙고 고물은 큰 물결에 깨어져 가니
사도행전,27,44,사도행전 27:44,그 남은 사람들은 널조각 혹은 배 물건에 의지하여 나가게 하니 마침내 사람들이 다 상륙하여 구원을 얻으니라
사도행전,28,7,사도행전 28:7,이 섬에 제일 높은 사람 보블리오라 하는 이가 그 근처에 토지가 있는지라 그가 우리를 영접하여 사흘이나 친절히 유숙하게 하더니
사도행전,28,10,사도행전 28:10,후한 예로 우리를 대접하고 떠날 때에 우리 쓸 것을 배에 올리더라
사도행전,28,11,사도행전 28:11,석 달 후에 그 섬에서 과동한 알렉산드리아 배를 우리가 타고 떠나니 그 배 기호는 디오스구로라
사도행전,28,12,사도행전 28:12,수라구사에 대고 사흘을 있다가
사도행전,28,13,사도행전 28:13,거기서 둘러가서 레기온에 이르러 하루를 지난 후 남풍이 일어나므로 이튿날 보디올에 이르러
사도행전,28,14,사도행전 28:14,거기서 형제를 만나 저희의 청함을 받아 이레를 함께 유하다가 로마로 가니라
사도행전,28,18,사도행전 28:18,로마인은 나를 심문하여 죽일 죄목이 없으므로 놓으려 하였으나
사도행전,28,19,사도행전 28:19,유대인들이 반대하기로 내가 마지 못하여 가이사에게 호소함이요 내 민족을 송사하려는 것이 아니로라
사도행전,28,20,사도행전 28:20,이러하므로 너희를 보고 함께 이야기하려고 청하였노니 이스라엘의 소망을 인하여 내가 이 쇠사슬에 매인 바 되었노라
사도행전,28,24,사도행전 28:24,그 말을 믿는 사람도 있고 믿지 아니하는 사람도 있어
로마서,1,2,로마서 1:2,이 복음은 하나님이 선지자들로 말미암아 그의 아들에 관하여 성경에 미리 약속하신 것이라
로마서,1,4,로마서 1:4,성결의 영으로는 죽은 가운데서 부활하여 능력으로 하나님의 아들로 인정되셨으니 곧 우리 주 예수 그리스도시니라
로마서,1,5,로마서 1:5,그로 말미암아 우리가 은혜와 사도의 직분을 받아 그 이름을 위하여 모든 이방인 중에서 믿어 순종케 하나니
로마서,1,6,로마서 1:6,너희도 그들 중에 있어 예수 그리스도의 것으로 부르심을 입은 자니라
로마서,1,7,로마서 1:7,로마에 있어 하나님의 사랑하심을 입고 성도로 부르심을 입은 모든 자에게 하나님 우리 아버지와 주 예수 그리스도로 좇아 은혜와 평강이 있기를 원하노라
로마서,1,8,로마서 1:8,첫째는 내가 예수 그리스도로 말미암아 너희 모든 사람을 인하여 내 하나님께 감사함은 너희 믿음이 온 세상에 전파됨이로다
로마서,1,10,로마서 1:10,어떠하든지 이제 하나님의 뜻 안에서 너희에게로 나아갈 좋은 길 얻기를 구하노라
로마서,1,11,로마서 1:11,내가 너희 보기를 심히 원하는 것은 무슨 신령한 은사를 너희에게 나눠 주어 너희를 견고케 하려 함이니
로마서,1,13,로마서 1:13,형제들아 내가 여러 번 너희에게 가고자 한 것을 너희가 모르기를 원치 아니하노니 이는 너희 중에서도 다른 이방인 중에서와 같이 열매를 맺게 하려 함이로되 지금까지 길이 막혔도다
로마서,1,14,로마서 1:14,헬라인이나 야만이나 지혜 있는 자나 어리석은 자에게 다 내가 빚진 자라
로마서,1,15,로마서 1:15,그러므로 나는 할 수 있는대로 로마에 있는 너희에게도 복음 전하기를 원하노라
로마서,1,16,로마서 1:16,내가 복음을 부끄러워하지 아니하노니 이 복음은 모든 믿는 자에게 구원을 주시는 하나님의 능력이 됨이라 첫째는 유대인에게요 또한 헬라인에게로다
로마서,1,17,로마서 1:17,복음에는 하나님의 의가 나타나서 믿음으로 믿음에 이르게 하나니 기록된 바 오직 의인은 믿음으로 말미암아 살리라 함과 같으니라
로마서,1,20,로마서 1:20,창세로부터 그의 보이지 아니하는 것들 곧 그의 영원하신 능력과 신성이 그 만드신 만물에 분명히 보여 알게 되나니 그러므로 저희가 핑계치 못할지니라
로마서,1,22,로마서 1:22,스스로 지혜 있다 하나 우둔하게 되어
로마서,1,23,로마서 1:23,썩어지지 아니하는 하나님의 영광을 썩어질 사람과 금수와 버러지 형상의 우상으로 바꾸었느니라
로마서,1,24,로마서 1:24,그러므로 하나님께서 저희를 마음의 정욕대로 더러움에 내어 버려두사 저희 몸을 서로 욕되게 하셨으니
로마서,1,26,로마서 1:26,이를 인하여 하나님께서 저희를 부끄러운 욕심에 내어 버려 두셨으니 곧 저희 여인들도 순리대로 쓸 것을 바꾸어 역리로 쓰며
로마서,1,27,로마서 1:27,이와 같이 남자들도 순리대로 여인 쓰기를 버리고 서로 향하여 음욕이 불 일듯하매 남자가 남자로 더불어 부끄러운 일을 행하여 저희의 그릇됨에 상당한 보응을 그 자신에 받았느니라
로마서,1,28,로마서 1:28,또한 저희가 마음에 하나님 두기를 싫어하매 하나님께서 저희를 그 상실한 마음대로 내어 버려 두사 합당치 못한 일을 하게 하셨으니
로마서,1,30,로마서 1:30,"비방하는 자요, 하나님의 미워하시는 자요, 능욕하는 자요, 교만한 자요, 자랑하는 자요, 악을 도모하는 자요, 부모를 거역하는 자요"
로마서,1,31,로마서 1:31,"우매한 자요, 배약하는 자요, 무정한 자요, 무자비한 자라"
로마서,1,32,로마서 1:32,저희가 이같은 일을 행하는 자는 사형에 해당하다고 하나님의 정하심을 알고도 자기들만 행할 뿐 아니라 또한 그 일을 행하는 자를 옳다 하느니라
로마서,2,1,로마서 2:1,그러므로 남을 판단하는 사람아 ! 무론 누구든지 네가 핑계치 못할 것은 남을 판단하는 것으로 네가 너를 정죄함이니 판단하는 네가 같은 일을 행함이니라
로마서,2,2,로마서 2:2,이런 일을 행하는 자에게 하나님의 판단이 진리대로 되는 줄 우리가 아노라
로마서,2,3,로마서 2:3,이런 일을 행하는 자를 판단하고도 같은 일을 행하는 사람아 네가 하나님의 판단을 피할 줄로 생각하느냐
로마서,2,4,로마서 2:4,혹 네가 하나님의 인자하심이 너를 인도하여 회개케 하심을 알지 못하여 그의 인자하심과 용납하심과 길이 참으심의 풍성함을 멸시하느뇨
로마서,2,5,로마서 2:5,다만 네 고집과 회개치 아니한 마음을 따라 진노의 날 곧 하나님의 의로우신 판단이 나타나는 그 날에 임할 진노를 네게 쌓는도다
로마서,2,7,로마서 2:7,참고 선을 행하여 영광과 존귀와 썩지 아니함을 구하는 자에게는 영생으로 하시고
로마서,2,8,로마서 2:8,오직 당을 지어 진리를 좇지 아니하고 불의를 좇는 자에게는 노와 분으로 하시리라
로마서,2,9,로마서 2:9,악을 행하는 각 사람의 영에게 환난과 곤고가 있으리니 첫째는 유대인에게요 또한 헬라인에게며
로마서,2,10,로마서 2:10,선을 행하는 각 사람에게는 영광과 존귀와 평강이 있으리니 첫째는 유대인에게요 또한 헬라인에게라
로마서,2,12,로마서 2:12,무릇 율법 없이 범죄한 자는 또한 율법 없이 망하고 무릇 율법이 있고 범죄한 자는 율법으로 말미암아 심판을 받으리라
로마서,2,13,로마서 2:13,하나님 앞에서는 율법을 듣는 자가 의인이 아니요 오직 율법을 행하는 자라야 의롭다 하심을 얻으리니
로마서,2,14,로마서 2:14,(율법 없는 이방인이 본성으로 율법의 일을 행할 때는 이 사람은 율법이 없어도 자기가 자기에게 율법이 되나니
로마서,2,15,로마서 2:15,이런 이들은 그 양심이 증거가 되어 그 생각들이 서로 혹은 송사하며 혹은 변명하여 그 마음에 새긴 율법의 행위를 나타내느니라)
로마서,2,18,로마서 2:18,율법의 교훈을 받아 하나님의 뜻을 알고 지극히 선한 것을 좋게 여기며
로마서,2,20,로마서 2:20,어리석은 자의 훈도요 어린 아이의 선생이라고 스스로 믿으니
로마서,2,21,로마서 2:21,그러면 다른 사람을 가르치는 네가 네 자신을 가르치지 아니하느냐 ? 도적질 말라 반포하는 네가 도적질하느냐 ?
로마서,2,22,로마서 2:22,간음하지 말라 말하는 네가 간음하느냐 ? 우상을 가증히 여기는 네가 신사 물건을 도적질하느냐 ?
로마서,2,23,로마서 2:23,율법을 자랑하는 네가 율법을 범함으로 하나님을 욕되게 하느냐 ?
로마서,3,2,로마서 3:2,범사에 많으니 첫째는 저희가 하나님의 말씀을 맡았음이니라
로마서,3,3,로마서 3:3,어떤 자들이 믿지 아니하였으면 어찌하리요 그 믿지 아니함이 하나님의 미쁘심을 폐하겠느뇨
로마서,3,6,로마서 3:6,결코 그렇지 아니하니라 만일 그러하면 하나님께서 어찌 세상을 심판하시리요
로마서,3,7,로마서 3:7,그러나 나의 거짓말로 하나님의 참되심이 더 풍성하여 그의 영광이 되었으면 어찌 나도 죄인처럼 심판을 받으리요
로마서,3,9,로마서 3:9,그러면 어떠하뇨 우리는 나으뇨 결코 아니라 유대인이나 헬라인이나 다 죄 아래 있다고 우리가 이미 선언하였느니라
로마서,3,20,로마서 3:20,그러므로 율법의 행위로 그의 앞에 의롭다 하심을 얻을 육체가 없나니 율법으로는 죄를 깨달음이니라
로마서,3,21,로마서 3:21,이제는 율법 외에 하나님의 한 의가 나타났으니 율법과 선지자들에게 증거를 받은 것이라
로마서,3,23,로마서 3:23,모든 사람이 죄를 범하였으매 하나님의 영광에 이르지 못하더니
로마서,3,24,로마서 3:24,그리스도 예수 안에 있는 구속으로 말미암아 하나님의 은혜로 값없이 의롭다 하심을 얻은 자 되었느니라
로마서,3,25,로마서 3:25,이 예수를 하나님이 그의 피로 인하여 믿음으로 말미암는 화목 제물로 세우셨으니 이는 하나님께서 길이 참으시는 중에 전에 지은 죄를 간과하심으로 자기의 의로우심을 나타내려 하심이니
로마서,3,28,로마서 3:28,그러므로 사람이 의롭다 하심을 얻는 것은 율법의 행위에 있지 않고 믿음으로 되는 줄 우리가 인정하노라
로마서,3,29,로마서 3:29,하나님은 홀로 유대인의 하나님뿐이시뇨 또 이방인의 하나님은 아니시뇨 진실로 이방인의 하나님도 되시느니라
로마서,4,5,로마서 4:5,일을 아니할지라도 경건치 아니한 자를 의롭다 하시는 이를 믿는 자에게는 그의 믿음을 의로 여기시나니
로마서,4,7,로마서 4:7,그 불법을 사하심을 받고 그 죄를 가리우심을 받는 자는 복이 있고
로마서,4,8,로마서 4:8,주께서 그 죄를 인정치 아니하실 사람은 복이 있도다 함과 같으니라
로마서,4,14,로마서 4:14,만일 율법에 속한 자들이 후사이면 믿음은 헛것이 되고 약속은 폐하여졌느니라
로마서,4,17,로마서 4:17,기록된바 내가 너를 많은 민족의 조상으로 세웠다 하심과 같으니 그의 믿은바 하나님은 죽은 자를 살리시며 없는 것을 있는것 같이 부르시는 이시니라
로마서,4,20,로마서 4:20,믿음이 없어 하나님의 약속을 의심치 않고 믿음에 견고하여져서 하나님께 영광을 돌리며
로마서,4,21,로마서 4:21,약속하신 그것을 또한 능히 이루실 줄을 확신하였으니
로마서,4,22,로마서 4:22,그러므로 이것을 저에게 의로 여기셨느니라
로마서,4,24,로마서 4:24,의로 여기심을 받을 우리도 위함이니 곧 예수 우리 주를 죽은 자 가운데서 살리신 이를 믿는 자니라
로마서,4,25,로마서 4:25,예수는 우리 범죄함을 위하여 내어줌이 되고 또한 우리를 의롭다 하심을 위하여 살아나셨느니라
로마서,5,1,로마서 5:1,그러므로 우리가 믿음으로 의롭다 하심을 얻었은즉 우리 주 예수 그리스도로 말미암아 하나님으로 더불어 화평을 누리자
로마서,5,2,로마서 5:2,또한 그로 말미암아 우리가 믿음으로 서있는 이 은혜에 들어감을 얻었으며 하나님의 영광을 바라고 즐거워하느니라
로마서,5,4,로마서 5:4,인내는 연단을 연단은 소망을 이루는 줄 앎이로다
로마서,5,5,로마서 5:5,소망이 부끄럽게 아니함은 우리에게 주신 성령으로 말미암아 하나님의 사랑이 우리 마음에 부은바 됨이니
로마서,5,6,로마서 5:6,우리가 아직 연약할 때에 기약대로 그리스도께서 경건치 않은 자를 위하여 죽으셨도다
로마서,5,8,로마서 5:8,우리가 아직 죄인 되었을 때에 그리스도께서 우리를 위하여 죽으심으로 하나님께서 우리에게 대한 자기의 사랑을 확증하셨느니라
로마서,5,11,로마서 5:11,이뿐 아니라 이제 우리로 화목을 얻게 하신 우리 주 예수 그리스도로 말미암아 하나님 안에서 또한 즐거워하느니라
로마서,5,13,로마서 5:13,죄가 율법 있기 전에도 세상에 있었으나 율법이 없을 때에는 죄를 죄로 여기지 아니하느니라
로마서,5,15,로마서 5:15,그러나 이 은사는 그 범죄와 같지 아니하니 곧 한 사람의 범죄를 인하여 많은 사람이 죽었은즉 더욱 하나님의 은혜와 또는 한 사람 예수 그리스도의 은혜로 말미암은 선물이 많은 사람에게 넘쳤으리라
로마서,5,17,로마서 5:17,한 사람의 범죄를 인하여 사망이 그 한 사람으로 말미암아 왕노릇 하였은즉 더욱 은혜와 의의 선물을 넘치게 받는 자들이 한 분 예수 그리스도로 말미암아 생명 안에서 왕노릇하리로다
로마서,5,19,로마서 5:19,한 사람의 순종치 아니함으로 많은 사람이 죄인 된 것같이 한 사람의 순종하심으로 많은 사람이 의인이 되리라
로마서,5,20,로마서 5:20,율법이 가입한 것은 범죄를 더하게 하려 함이라 그러나 죄가 더한 곳에 은혜가 넘쳤나니
로마서,6,2,로마서 6:2,그럴 수 없느니라 죄에 대하여 죽은 우리가 어찌 그 가운데 더 살리요
로마서,6,3,로마서 6:3,무릇 그리스도 예수와 합하여 세례를 받은 우리는 그의 죽으심과 합하여 세례 받은 줄을 알지 못하느뇨
로마서,6,4,로마서 6:4,그러므로 우리가 그의 죽으심과 합하여 세례를 받음으로 그와 함께 장사되었나니 이는 아버지의 영광으로 말미암아 그리스도를 죽은 자 가운데서 살리심과 같이 우리로 또한 새 생명 가운데서 행하게 하려 함이니라
로마서,6,5,로마서 6:5,만일 우리가 그의 죽으심을 본받아 연합한 자가 되었으면 또한 그의 부활을 본받아 연합한 자가 되리라
로마서,6,6,로마서 6:6,우리가 알거니와 우리 옛 사람이 예수와 함께 십자가에 못 박힌 것은 죄의 몸이 멸하여 다시는 우리가 죄에게 종노릇하지 아니하려 함이니
로마서,6,8,로마서 6:8,만일 우리가 그리스도와 함께 죽었으면 또한 그와 함께 살 줄을 믿노니
로마서,6,10,로마서 6:10,그의 죽으심은 죄에 대하여 단번에 죽으심이요 그의 살으심은 하나님께 대하여 살으심이니
로마서,6,11,로마서 6:11,이와 같이 너희도 너희 자신을 죄에 대하여는 죽은 자요 그리스도 예수 안에서 하나님을 대하여는 산 자로 여길지어다
로마서,6,13,로마서 6:13,또한 너희 지체를 불의의 병기로 죄에게 드리지 말고 오직 너희 자신을 죽은 자 가운데서 다시 산 자같이 하나님께 드리며 너의 지체를 의의 병기로 하나님께 드리라
로마서,6,14,로마서 6:14,죄가 너희를 주관치 못하리니 이는 너희가 법 아래 있지 아니하고 은혜 아래 있음이니라
로마서,6,17,로마서 6:17,하나님께 감사하리로다 너희가 본래 죄의 종이더니 너희에게 전하여 준바 교훈의 본을 마음으로 순종하여
로마서,6,18,로마서 6:18,죄에게서 해방되어 의에게 종이 되었느니라
로마서,6,19,로마서 6:19,너희 육신이 연약하므로 내가 사람의 예대로 말하노니 전에 너희가 너희 지체를 부정과 불법에 드려 불법에 이른 것같이 이제는 너희 지체를 의에게 종으로 드려 거룩함에 이르라
로마서,6,22,로마서 6:22,그러나 이제는 너희가 죄에게서 해방되고 하나님께 종이 되어 거룩함에 이르는 열매를 얻었으니 이 마지막은 영생이라
로마서,7,1,로마서 7:1,형제들아 내가 법 아는 자들에게 말하노니 너희는 율법이 사람의 살 동안만 그를 주관하는 줄 알지 못하느냐
로마서,7,2,로마서 7:2,남편 있는 여인이 그 남편 생전에는 법으로 그에게 매인바 되나 만일 그 남편이 죽으면 남편의 법에서 벗어났느니라
로마서,7,4,로마서 7:4,그러므로 내 형제들아 너희도 그리스도의 몸으로 말미암아 율법에 대하여 죽임을 당하였으니 이는 다른이 곧 죽은 자 가운데서 살아나신 이에게 가서 우리로 하나님을 위하여 열매를 맺히게 하려 함이니라
로마서,7,6,로마서 7:6,이제는 우리가 얽매였던 것에 대하여 죽었으므로 율법에서 벗어났으니 이러므로 우리가 영의 새로운 것으로 섬길 것이요 의문의 묵은 것으로 아니할지니라
로마서,7,12,로마서 7:12,이로 보건대 율법도 거룩하며 계명도 거룩하며 의로우며 선하도다
로마서,7,14,로마서 7:14,우리가 율법은 신령한 줄 알거니와 나는 육신에 속하여 죄 아래 팔렸도다
로마서,7,15,로마서 7:15,나의 행하는 것을 내가 알지 못하노니 곧 원하는 이것은 행하지 아니하고 도리어 미워하는 그것을 함이라
로마서,7,16,로마서 7:16,만일 내가 원치 아니하는 그것을 하면 내가 이로 율법의 선한 것을 시인하노니
로마서,7,17,로마서 7:17,이제는 이것을 행하는 자가 내가 아니요 내 속에 거하는 죄니라
로마서,7,18,로마서 7:18,내 속 곧 내 육신에 선한 것이 거하지 아니하는 줄을 아노니 원함은 내게 있으나 선을 행하는 것은 없노라
로마서,7,19,로마서 7:19,내가 원하는 바 선은 하지 아니하고 도리어 원치 아니하는 바 악은 행하는도다
로마서,7,20,로마서 7:20,만일 내가 원치 아니하는 그것을 하면 이를 행하는 자가 내가 아니요 내 속에 거하는 죄니라
로마서,7,21,로마서 7:21,그러므로 내가 한 법을 깨달았노니 곧 선을 행하기 원하는 나에게 악이 함께 있는 것이로다
로마서,7,23,로마서 7:23,내 지체 속에서 한 다른 법이 내 마음의 법과 싸워 내 지체 속에 있는 죄의 법 아래로 나를 사로잡아 오는 것을 보는도다
로마서,7,25,로마서 7:25,우리 주 예수 그리스도로 말미암아 하나님께 감사하리로다 그런즉 내 자신이 마음으로는 하나님의 법을 육신으로는 죄의 법을 섬기노라
로마서,8,1,로마서 8:1,그러므로 이제 그리스도 예수 안에 있는 자에게는 결코 정죄함이 없나니
로마서,8,3,로마서 8:3,율법이 육신으로 말미암아 연약하여 할 수 없는 그것을 하나님은 하시나니 곧 죄를 인하여 자기 아들을 죄 있는 육신의 모양으로 보내어 육신에 죄를 정하사
로마서,8,4,로마서 8:4,육신을 좇지 않고 그 영을 좇아 행하는 우리에게 율법의 요구를 이루어지게 하려 하심이니라
로마서,8,5,로마서 8:5,육신을 좇는 자는 육신의 일을 영을 좇는 자는 영의 일을 생각하나니
로마서,8,6,로마서 8:6,육신의 생각은 사망이요 영의 생각은 생명과 평안이니라
로마서,8,7,로마서 8:7,육신의 생각은 하나님과 원수가 되나니 이는 하나님의 법에 굴복치 아니할 뿐 아니라 할수도 없음이라
로마서,8,8,로마서 8:8,육신에 있는 자들은 하나님을 기쁘시게 할 수 없느니라
로마서,8,9,로마서 8:9,만일 너희 속에 하나님의 영이 거하시면 너희가 육신에 있지 아니하고 영에 있나니 누구든지 그리스도의 영이 없으면 그리스도의 사람이 아니라
로마서,8,10,로마서 8:10,또 그리스도께서 너희 안에 계시면 몸은 죄로 인하여 죽은 것이나 영은 의를 인하여 산 것이니라
로마서,8,11,로마서 8:11,예수를 죽은 자 가운데서 살리신 이의 영이 너희 안에 거하시면 그리스도 예수를 죽은 자 가운데서 살리신 이가 너희 안에 거하시는 그의 영으로 말미암아 너희 죽을 몸도 살리시리라
로마서,8,12,로마서 8:12,그러므로 형제들아 우리가 빚진 자로되 육신에게 져서 육신대로 살 것이 아니니라
로마서,8,13,로마서 8:13,너희가 육신대로 살면 반드시 죽을 것이로되 영으로써 몸의 행실을 죽이면 살리니
로마서,8,14,로마서 8:14,무릇 하나님의 영으로 인도함을 받는 그들은 곧 하나님의 아들이라
로마서,8,15,로마서 8:15,너희는 다시 무서워하는 종의 영을 받지 아니하였고 양자의 영을 받았으므로 아바 아버지라 부르짖느니라
로마서,8,16,로마서 8:16,성령이 친히 우리 영으로 더불어 우리가 하나님의 자녀인 것을 증거하시나니
로마서,8,17,로마서 8:17,자녀이면 또한 후사 곧 하나님의 후사요 그리스도와 함께 한 후사니 우리가 그와 함께 영광을 받기 위하여 고난도 함께 받아야 될 것이니라
로마서,8,18,로마서 8:18,생각건대 현재의 고난은 장차 우리에게 나타날 영광과 족히 비교할 수 없도다
로마서,8,19,로마서 8:19,피조물의 고대하는 바는 하나님의 아들들의 나타나는 것이니
로마서,8,20,로마서 8:20,피조물이 허무한데 굴복하는 것은 자기 뜻이 아니요 오직 굴복케 하시는 이로 말미암음이라
로마서,8,21,로마서 8:21,그 바라는 것은 피조물도 썩어짐의 종노릇한 데서 해방되어 하나님의 자녀들의 영광의 자유에 이르는 것이니라
로마서,8,22,로마서 8:22,피조물이 다 이제까지 함께 탄식하며 함께 고통하는 것을 우리가 아나니
로마서,8,23,로마서 8:23,이뿐 아니라 또한 우리 곧 성령의 처음 익은 열매를 받은 우리까지도 속으로 탄식하여 양자 될 것 곧 우리 몸의 구속을 기다리느니라
로마서,8,24,로마서 8:24,우리가 소망으로 구원을 얻었으매 보이는 소망이 소망이 아니니 보는 것을 누가 바라리요
로마서,8,25,로마서 8:25,만일 우리가 보지 못하는 것을 바라면 참음으로 기다릴지니라
로마서,8,26,로마서 8:26,이와 같이 성령도 우리 연약함을 도우시나니 우리가 마땅히 빌 바를 알지 못하나 오직 성령이 말할 수 없는 탄식으로 우리를 위하여 친히 간구하시느니라
로마서,8,27,로마서 8:27,마음을 감찰하시는 이가 성령의 생각을 아시나니 이는 성령이 하나님의 뜻대로 성도를 위하여 간구하심이니라
로마서,8,28,로마서 8:28,우리가 알거니와 하나님을 사랑하는 자 곧 그 뜻대로 부르심을 입은 자들에게는 모든 것이 합력하여 선을 이루느니라
로마서,8,29,로마서 8:29,하나님이 미리 아신 자들로 또한 그 아들의 형상을 본받게 하기 위하여 미리 정하셨으니 이는 그로 많은 형제 중에서 맏아들이 되게 하려 하심이니라
로마서,8,30,로마서 8:30,또 미리 정하신 그들을 또한 부르시고 부르신 그들을 또한 의롭 다 하시고 의롭다 하신 그들을 또한 영화롭게 하셨느니라
로마서,8,32,로마서 8:32,자기 아들을 아끼지 아니하시고 우리 모든 사람을 위하여 내어 주신 이가 어찌 그 아들과 함께 모든 것을 우리에게 은사로 주지 아니하시겠느뇨
로마서,8,33,로마서 8:33,누가 능히 하나님의 택하신 자들을 송사하리요 의롭다 하신 이는 하나님이시니
로마서,8,34,로마서 8:34,누가 정죄하리요 죽으실 뿐 아니라 다시 살아나신 이는 그리스도 예수시니 그는 하나님 우편에 계신 자요 우리를 위하여 간구하시는 자시니라
로마서,8,35,로마서 8:35,누가 우리를 그리스도의 사랑에서 끊으리요 환난이나 곤고나 핍박이나 기근이나 적신이나 위협이나 칼이랴
로마서,8,37,로마서 8:37,그러나 이 모든 일에 우리를 사랑하시는 이로 말미암아 우리가 넉넉히 이기느니라
로마서,8,38,로마서 8:38,내가 확신하노니 사망이나 생명이나 천사들이나 권세자들이나 현재 일이나 장래 일이나 능력이나
로마서,8,39,로마서 8:39,높음이나 깊음이나 다른 아무 피조물이라도 우리를 우리 주 그리스도 예수 안에 있는 하나님의 사랑에서 끊을 수 없으리라
로마서,9,1,로마서 9:1,내가 그리스도 안에서 참말을 하고 거짓말을 아니하노라 내게 큰 근심이 있는 것과 마음에 그치지 않는 고통이 있는 것을 내 양심이 성령 안에서 나로 더불어 증거하노니
로마서,9,4,로마서 9:4,저희는 이스라엘 사람이라 저희에게는 양자 됨과 영광과 언약들과 율법을 세우신 것과 예배와 약속들이 있고
로마서,9,5,로마서 9:5,조상들도 저희 것이요 육신으로 하면 그리스도가 저희에게서 나셨으니 저는 만물 위에 계셔 세세에 찬양을 받으실 하나님이시니라 아멘
로마서,9,6,로마서 9:6,또한 하나님의 말씀이 폐하여진 것 같지 않도다 이스라엘에게서 난 그들이 다 이스라엘이 아니요
로마서,9,9,로마서 9:9,약속의 말씀은 이것이라 명년 이 때에 내가 이르리니 사라에게 아들이 있으리라 하시니라
로마서,9,11,로마서 9:11,그 자식들이 아직 나지도 아니하고 무슨 선이나 악을 행하지 아니한 때에 택하심을 따라 되는 하나님의 뜻이 행위로 말미암지 않고 오직 부르시는 이에게로 말미암아 서게 하려 하사
로마서,9,12,로마서 9:12,리브가에게 이르시되 큰 자가 어린 자를 섬기리라 하셨나니
로마서,9,19,로마서 9:19,혹 네가 내게 말하기를 그러면 하나님이 어찌하여 허물하시느뇨 누가 그 뜻을 대적하느뇨 하리니
로마서,9,20,로마서 9:20,이 사람아 네가 뉘기에 감히 하나님을 힐문하느뇨 지음을 받은 물건이 지은 자에게 어찌 나를 이같이 만들었느냐 말하겠느뇨
로마서,9,21,로마서 9:21,"토기장이가 진흙 한 덩이로 하나는 귀히 쓸 그릇을, 하나는 천히 쓸 그릇을 만드는 권이 없느냐"
로마서,9,23,로마서 9:23,또한 영광 받기로 예비하신 바 긍휼의 그릇에 대하여 그 영광의 부요함을 알게 하고자 하셨을지라도 무슨 말 하리요
로마서,9,24,로마서 9:24,이 그릇은 우리니 곧 유대인 중에서뿐 아니라 이방인 중에서도 부르신 자니라
로마서,9,25,로마서 9:25,"호세아 글에도 이르기를 내가 내 백성 아닌 자를 내 백성이라, 사랑치 아니한 자를 사랑한 자라 부르리라"
로마서,9,26,로마서 9:26,너희는 내 백성이 아니라 한 그곳에서 저희가 살아계신 하나님의 아들이라 부름을 얻으리라 함과 같으니라
로마서,9,27,로마서 9:27,또 이사야가 이스라엘에 관하여 외치되 이스라엘 뭇 자손의 수가 비록 바다의 모래 같을지라도 남은 자만 구원을 얻으리니
로마서,9,28,로마서 9:28,주께서 땅 위에서 그 말씀을 이루사 필하시고 끝내시리라 하셨느니라
로마서,9,31,로마서 9:31,의의 법을 좇아간 이스라엘은 법에 이르지 못하였으니
로마서,9,32,로마서 9:32,어찌 그러하뇨 이는 저희가 믿음에 의지하지 않고 행위에 의지함이라 부딪힐 돌에 부딪혔느니라
로마서,9,33,로마서 9:33,기록된 바 보라 내가 부딪히는 돌과 거치는 반석을 시온에 두노니 저를 믿는 자는 부끄러움을 당치 아니하리라 함과 같으니라
로마서,10,1,로마서 10:1,형제들아 내 마음에 원하는 바와 하나님께 구하는 바는 이스라엘을 위함이니 곧 저희로 구원을 얻게 함이라
로마서,10,2,로마서 10:2,내가 증거하노니 저희가 하나님께 열심이 있으나 지식을 좇은 것이 아니라
로마서,10,3,로마서 10:3,하나님의 의를 모르고 자기 의를 세우려고 힘써 하나님의 의를 복종치 아니하였느니라
로마서,10,4,로마서 10:4,그리스도는 모든 믿는 자에게 의를 이루기 위하여 율법의 마침이 되시니라
로마서,10,7,로마서 10:7,혹 누가 음부에 내려가겠느냐 하지 말라 하니 내려가겠느냐 함은 그리스도를 죽은 자 가운데서 모셔 올리려는 것이라
로마서,10,8,로마서 10:8,그러면 무엇을 말하느뇨 말씀이 네게 가까와 네 입에 있으며 네 마음에 있다 하였으니 곧 우리가 전파하는 믿음의 말씀이라
로마서,10,9,로마서 10:9,네가 만일 네 입으로 예수를 주로 시인하며 또 하나님께서 그를 죽은 자 가운데서 살리신 것을 네 마음에 믿으면 구원을 얻으리니
로마서,10,10,로마서 10:10,사람이 마음으로 믿어 의에 이르고 입으로 시인하여 구원에 이르느니라
로마서,10,12,로마서 10:12,유대인이나 헬라인이나 차별이 없음이라 한 주께서 모든 사람의 주가 되사 저를 부르는 모든 사람에게 부요하시도다
로마서,10,13,로마서 10:13,누구든지 주의 이름을 부르는 자는 구원을 얻으리라
로마서,10,15,로마서 10:15,보내심을 받지 아니하였으면 어찌 전파하리요 기록된 바 아름답도다 좋은 소식을 전하는 자들의 발이여 함과 같으니라
로마서,10,17,로마서 10:17,그러므로 믿음은 들음에서 나며 들음은 그리스도의 말씀으로 말미암았느니라
로마서,10,18,로마서 10:18,그러나 내가 말하노니 저희가 듣지 아니하였느뇨 그렇지 아니하다 그 소리가 온 땅에 퍼졌고 그 말씀이 땅 끝까지 이르렀도다 하였느니라
로마서,11,4,로마서 11:4,저에게 하신 대답이 무엇이뇨 내가 나를 위하여 바알에게 무릎을 꿇지 아니한 사람 칠천을 남겨 두었다 하셨으니
로마서,11,6,로마서 11:6,만일 은혜로 된 것이면 행위로 말미암지 않음이니 그렇지 않으면 은혜가 은혜 되지 못하느니라
로마서,11,11,로마서 11:11,그러므로 내가 말하노니 저희가 넘어지기까지 실족하였느뇨 그럴수 없느니라 저희의 넘어짐으로 구원이 이방인에게 이르러 이스라엘로 시기나게 함이니라
로마서,11,12,로마서 11:12,저희의 넘어짐이 세상의 부요함이 되며 저희의 실패가 이방인의 부요함이 되거든 하물며 저희의 충만함이리요
로마서,11,13,로마서 11:13,내가 이방인인 너희에게 말하노라 내가 이방인의 사도인만큼 내 직분을 영광스럽게 여기노니
로마서,11,15,로마서 11:15,저희를 버리는 것이 세상의 화목이 되거든 그 받아들이는 것이 죽은 자 가운데서 사는 것이 아니면 무엇이리요
로마서,11,16,로마서 11:16,제사하는 처음 익은 곡식 가루가 거룩한즉 떡 덩이도 그러하고 뿌리가 거룩한즉 가지도 그러하니라
로마서,11,17,로마서 11:17,또한 가지 얼마가 꺾여졌는데 돌감람나무인 네가 그들 중에 접붙임이 되어 참감람나무 뿌리의 진액을 함께 받는 자 되었은즉
로마서,11,18,로마서 11:18,그 가지들을 향하여 자긍하지말라 자긍할지라도 네가 뿌리를 보전하는 것이 아니요 뿌리가 너를 보전하는 것이니라
로마서,11,19,로마서 11:19,그러면 네 말이 가지들이 꺾이운 것은 나로 접붙임을 받게 하려함이라 하리니
로마서,11,20,로마서 11:20,옳도다 저희는 믿지 아니하므로 꺾이우고 너는 믿으므로 섰느니라 높은 마음을 품지 말고 도리어 두려워하라
로마서,11,23,로마서 11:23,저희도 믿지 아니하는데 거하지 아니하면 접붙임을 얻으리니 이는 저희를 접붙이실 능력이 하나님께 있음이라
로마서,11,24,로마서 11:24,네가 원 돌감람나무에서 찍힘을 받고 본성을 거스려 좋은 감람나무에 접붙임을 얻었은즉 원 가지인 이 사람들이야 얼마나 더 자기 감람나무에 접붙이심을 얻으랴
로마서,11,25,로마서 11:25,형제들아 너희가 스스로 지혜있다 함을 면키 위하여 이 비밀을 너희가 모르기를 내가 원치 아니하노니 이 비밀은 이방인의 충만한 수가 들어오기까지 이스라엘의 더러는 완악하게 된 것이라
로마서,11,26,로마서 11:26,그리하여 온 이스라엘이 구원을 얻으리라 기록된 바 구원자가 시온에서 오사 야곱에게서 경건치 않은 것을 돌이키시겠고
로마서,11,27,로마서 11:27,내가 저희 죄를 없이 할 때에 저희에게 이루어질 내 언약이 이것이라 함과 같으니라
로마서,11,28,로마서 11:28,복음으로 하면 저희가 너희를 인하여 원수 된 자요 택하심으로 하면 조상들을 인하여 사랑을 입은 자라
로마서,11,29,로마서 11:29,하나님의 은사와 부르심에는 후회하심이 없느니라
로마서,11,30,로마서 11:30,너희가 전에 하나님께 순종치 아니하더니 이스라엘의 순종치 아니함으로 이제 긍휼을 입었는지라
로마서,11,31,로마서 11:31,이와 같이 이 사람들이 순종치 아니하니 이는 너희에게 베푸시는 긍휼로 이제 저희도 긍휼을 얻게 하려 하심이니라
로마서,11,32,로마서 11:32,하나님이 모든 사람을 순종치 아니하는 가운데 가두어 두심은 모든 사람에게 긍휼을 베풀려 하심이로다
로마서,11,33,로마서 11:33,깊도다 하나님의 지혜와 지식의 부요함이여 그의 판단은 측량치 못할 것이며 그의 길은 찾지 못할 것이로다
로마서,11,34,로마서 11:34,누가 주의 마음을 알았느뇨 누가 그의 모사가 되었느뇨
로마서,11,35,로마서 11:35,누가 주께 먼저 드려서 갚으심을 받겠느뇨
로마서,12,1,로마서 12:1,그러므로 형제들아 내가 하나님의 모든 자비하심으로 너희를 권하노니 너희 몸을 하나님이 기뻐하시는 거룩한 산 제사로 드리라 이는 너희의 드릴 영적 예배니라
로마서,12,2,로마서 12:2,너희는 이 세대를 본받지 말고 오직 마음을 새롭게 함으로 변화를 받아 하나님의 선하시고 기뻐하시고 온전하신 뜻이 무엇인지 분별하도록 하라
로마서,12,3,로마서 12:3,내게 주신 은혜로 말미암아 너희 중 각 사람에게 말하노니 마땅히 생각할 그 이상의 생각을 품지 말고 오직 하나님께서 각 사람에게 나눠주신 믿음의 분량대로 지혜롭게 생각하라
로마서,12,4,로마서 12:4,우리가 한 몸에 많은 지체를 가졌으나 모든 지체가 같은 직분을 가진 것이 아니니
로마서,12,5,로마서 12:5,이와 같이 우리 많은 사람이 그리스도 안에서 한 몸이 되어 서로 지체가 되었느니라
로마서,12,6,로마서 12:6,우리에게 주신 은혜대로 받은 은사가 각각 다르니 혹 예언이면 믿음의 분수대로
로마서,12,7,로마서 12:7,혹 섬기는 일이면 섬기는 일로 혹 가르치는 자면 가르치는 일로
로마서,12,8,로마서 12:8,혹 권위하는 자면 권위하는 일로 구제하는 자는 성실함으로 다스리는 자는 부지런함으로 긍휼을 베푸는 자는 즐거움으로 할 것이니라
로마서,12,9,로마서 12:9,사랑엔 거짓이 없나니 악을 미워하고 선에 속하라
로마서,12,11,로마서 12:11,부지런하여 게으르지 말고 열심을 품고 주를 섬기라
로마서,12,12,로마서 12:12,소망 중에 즐거워하며 환난 중에 참으며 기도에 항상 힘쓰며
로마서,12,13,로마서 12:13,성도들의 쓸 것을 공급하며 손 대접하기를 힘쓰라
로마서,12,14,로마서 12:14,너희를 핍박하는 자를 축복하라 축복하고 저주하지 말라
로마서,12,15,로마서 12:15,즐거워하는 자들로 함께 즐거워하고 우는 자들로 함께 울라
로마서,12,16,로마서 12:16,서로 마음을 같이 하며 높은 데 마음을 두지 말고 도리어 낮은 데 처하며 스스로 지혜 있는 체 말라
로마서,12,17,로마서 12:17,아무에게도 악으로 악을 갚지말고 모든 사람 앞에서 선한 일을 도모하라
로마서,12,18,로마서 12:18,할 수 있거든 너희로서는 모든 사람으로 더불어 평화하라
로마서,12,20,로마서 12:20,네 원수가 주리거든 먹이고 목마르거든 마시우라 그리함으로 네가 숯불을 그 머리에 쌓아 놓으리라
로마서,12,21,로마서 12:21,악에게 지지 말고 선으로 악을 이기라
로마서,13,1,로마서 13:1,각 사람은 위에 있는 권세들에게 굴복하라 권세는 하나님께로 나지 않음이 없나니 모든 권세는 다 하나님의 정하신 바라
로마서,13,3,로마서 13:3,관원들은 선한 일에 대하여 두려움이 되지 않고 악한 일에 대하여 되나니 네가 권세를 두려워하지 아니하려느냐 선을 행하라 그리하면 그에게 칭찬을 받으리라
로마서,13,7,로마서 13:7,모든 자에게 줄 것을 주되 공세를 받을 자에게 공세를 바치고 국세 받을 자에게 국세를 바치고 두려워할자를 두려워하며 존경할 자를 존경하라
로마서,13,8,로마서 13:8,피차 사랑의 빚 외에는 아무에게든지 아무 빚도 지지 말라 남을 사랑하는 자는 율법을 다 이루었느니라
로마서,13,9,로마서 13:9,간음하지 말라 살인하지 말라 도적질하지 말라 탐내지 말라 한 것과 그 외에 다른 계명이 있을지라도 네 이웃을 네 자신과 같이 사랑하라 하신 그 말씀 가운데 다 들었느니라
로마서,13,10,로마서 13:10,사랑은 이웃에게 악을 행치 아니하나니 그러므로 사랑은 율법의 완성이니라
로마서,13,11,로마서 13:11,또한 너희가 이 시기를 알거니와 자다가 깰 때가 벌써 되었으니 이는 이제 우리의 구원이 처음 믿을 때보다 가까왔음이니라
로마서,13,12,로마서 13:12,밤이 깊고 낮이 가까왔으니 그러므로 우리가 어두움의 일을 벗고 빛의 갑옷을 입자
로마서,13,13,로마서 13:13,낮에와 같이 단정히 행하고 방탕과 술 취하지 말며 음란과 호색하지 말며 쟁투와 시기하지 말고
로마서,13,14,로마서 13:14,오직 주 예수 그리스도로 옷입고 정욕을 위하여 육신의 일을 도모하지 말라
로마서,14,1,로마서 14:1,믿음이 연약한 자를 너희가 받되 그의 의심하는 바를 비판하지 말라
로마서,14,2,로마서 14:2,어떤 사람은 모든 것을 먹을만한 믿음이 있고 연약한 자는 채소를 먹느니라
로마서,14,3,로마서 14:3,먹는 자는 먹지 않는 자를 업신 여기지 말고 먹지 못하는 자는 먹는자를 판단하지 말라 이는 하나님이 저를 받으셨음이니라
로마서,14,4,로마서 14:4,남의 하인을 판단하는 너는 누구뇨 그 섰는 것이나 넘어지는 것이 제 주인에게 있으매 저가 세움을 받으리니 이는 저를 세우시는 권능이 주께 있음이니라
로마서,14,5,로마서 14:5,혹은 이날을 저날보다 낫게 여기고 혹은 모든 날을 같게 여기나니 각각 자기 마음에 확정할지니라
로마서,14,6,로마서 14:6,날을 중히 여기는 자도 주를 위하여 중히 여기고 먹는 자도 주를 위하여 먹으니 이는 하나님께 감사함이요 먹지 않는 자도 주를 위하여 먹지 아니하며 하나님께 감사하느니라
로마서,14,7,로마서 14:7,우리 중에 누구든지 자기를 위하여 사는 자가 없고 자기를 위하여 죽는 자도 없도다
로마서,14,8,로마서 14:8,우리가 살아도 주를 위하여 살고 죽어도 주를 위하여 죽나니 그러므로 사나 죽으나 우리가 주의 것이로라
로마서,14,9,로마서 14:9,이를 위하여 그리스도께서 죽었다가 다시 살으셨으니 곧 죽은 자와 산 자의 주가 되려 하심이니라
로마서,14,10,로마서 14:10,네가 어찌하여 네 형제를 판단하느뇨 어찌하여 네 형제를 업신여기느뇨 우리가 다 하나님의 심판대 앞에 서리라
로마서,14,11,로마서 14:11,기록되었으되 주께서 가라사대 내가 살았노니 모든 무릎이 내게 꿇을 것이요 모든 혀가 하나님께 자백 하리라 하였느니라
로마서,14,14,로마서 14:14,내가 주 예수 안에서 알고 확신하는 것은 무엇이든지 스스로 속된 것이 없으되 다만 속되게 여기는 그 사람에게는 속되니라
로마서,14,15,로마서 14:15,만일 식물을 인하여 네 형제가 근심하게 되면 이는 네가 사랑으로 행치 아니함이라 그리스도께서 대신하여 죽으신 형제를 네 식물로 망케 하지 말라
로마서,14,16,로마서 14:16,그러므로 너희의 선한 것이 비방을 받지 않게 하라
로마서,14,17,로마서 14:17,하나님의 나라는 먹는 것과 마시는 것이 아니요 오직 성령 안에서 의와 평강과 희락이라
로마서,14,18,로마서 14:18,이로써 그리스도를 섬기는 자는 하나님께 기뻐하심을 받으며 사람에게도 칭찬을 받느니라
로마서,14,20,로마서 14:20,식물을 인하여 하나님의 사업을 무너지게 말라 만물이 다 정하되 거리낌으로 먹는 사람에게는 악하니라
로마서,14,21,로마서 14:21,고기도 먹지 아니하고 포도주도 마시지 아니하고 무엇이든지 네 형제로 거리끼게 하는 일을 아니함이 아름다우니라
로마서,14,23,로마서 14:23,의심하고 먹는 자는 정죄되었나니 이는 믿음으로 좇아 하지 아니한 연고라 믿음으로 좇아 하지 아니하는 모든 것이 죄니라
로마서,15,1,로마서 15:1,우리 강한 자가 마땅히 연약한 자의 약점을 담당하고 자기를 기쁘게 하지 아니할 것이라
로마서,15,2,로마서 15:2,우리 각 사람이 이웃을 기쁘게 하되 선을 이루고 덕을 세우도록 할지니라
로마서,15,3,로마서 15:3,그리스도께서 자기를 기쁘게 하지 아니하셨나니 기록된바 주를 비방하는 자들의 비방이 내게 미쳤나이다 함과 같으니라
로마서,15,4,로마서 15:4,무엇이든지 전에 기록한 바는 우리의 교훈을 위하여 기록된 것이니 우리로 하여금 인내로 또는 성경의 안위로 소망을 가지게 함이니라
로마서,15,5,로마서 15:5,이제 인내와 안위의 하나님이 너희로 그리스도 예수를 본받아 서로 뜻이 같게 하여 주사
로마서,15,6,로마서 15:6,한 마음과 한 입으로 하나님 곧 우리 주 예수 그리스도의 아버지께 영광을 돌리게 하려 하노라
로마서,15,9,로마서 15:9,이방인으로 그 긍휼하심을 인하여 하나님께 영광을 돌리게 하려 하심이라 기록된바 이러므로 내가 열방 중에서 주께 감사하고 주의 이름을 찬송하리로다 함과 같으니라
로마서,15,11,로마서 15:11,또 모든 열방들아 주를 찬양하며 모든 백성들아 저를 찬송하라 하였으며
로마서,15,13,로마서 15:13,소망의 하나님이 모든 기쁨과 평강을 믿음 안에서 너희에게 충만케 하사 성령의 능력으로 소망이 넘치게 하시기를 원하노라
로마서,15,14,로마서 15:14,내 형제들아 너희가 스스로 선함이 가득하고 모든 지식이 차서 능히 서로 권하는 자임을 나도 확신하노라
로마서,15,15,로마서 15:15,그러나 내가 너희로 다시 생각나게 하려고 하나님께서 내게 주신 은혜로 인하여 더욱 담대히 대강 너희에게 썼노니
로마서,15,18,로마서 15:18,그리스도께서 이방인들을 순종케 하기 위하여 나로 말미암아 말과 일이며 표적과 기사의 능력이며 성령의 능력으로 역사하신 것외에는 내가 감히 말하지 아니하노라
로마서,15,19,로마서 15:19,이 일로 인하여 내가 예루살렘으로부터 두루 행하여 일루리곤까지 그리스도의 복음을 편만하게 전하였노라
로마서,15,20,로마서 15:20,또 내가 그리스도의 이름을 부르는 곳에는 복음을 전하지 않기로 힘썼노니 이는 남의 터 위에 건축하지 아니하려 함이라
로마서,15,21,로마서 15:21,기록된바 주의 소식을 받지 못한 자들이 볼 것이요 듣지 못한 자들이 깨달으리라 함과 같으니라
로마서,15,22,로마서 15:22,그러므로 또한 내가 너희에게 가려 하던 것이 여러번 막혔더니
로마서,15,23,로마서 15:23,이제는 이 지방에 일할 곳이 없고 여러 해 전부터 언제든지 서바나로 갈 때에 너희에게 가려는 원이 있었으니
로마서,15,25,로마서 15:25,그러나 이제는 내가 성도를 섬기는 일로 예루살렘에 가노니
로마서,15,28,로마서 15:28,그러므로 내가 이 일을 마치고 이 열매를 저희에게 확증한 후에 너희에게를 지나 서바나로 가리라
로마서,15,29,로마서 15:29,내가 너희에게 나갈 때에 그리스도의 충만한 축복을 가지고 갈 줄을 아노라
로마서,15,30,로마서 15:30,형제들아 내가 우리주 예수 그리스도로 말미암고 성령의 사랑으로 말미암아 너희를 권하노니 너희 기도에 나와 힘을 같이하여 나를 위하여 하나님께 빌어
로마서,15,31,로마서 15:31,나로 유대에 순종치 아니하는 자들에게서 구원을 받게 하고 또 예루살렘에 대한 나의 섬기는 일을 성도들이 받음직하게 하고
로마서,15,32,로마서 15:32,나로 하나님의 뜻을 좇아 기쁨으로 너희에게 나아가 너희와 함께 편히 쉬게 하라
로마서,15,33,로마서 15:33,평강의 하나님께서 너희 모든 사람과 함께 계실지어다 ! 아멘
로마서,16,1,로마서 16:1,내가 겐그레아 교회의 일꾼으로 있는 우리 자매 뵈뵈를 너희에게 천거하노니
로마서,16,2,로마서 16:2,너희가 주 안에서 성도들의 합당한 예절로 그를 영접하고 무엇이든지 그에게 소용되는 바를 도와줄지니 이는 그가 여러 사람과 나의 보호자가 되었음이니라
로마서,16,4,로마서 16:4,저희는 내 목숨을 위하여 자기의 목이라도 내어 놓았나니 나뿐 아니라 이방인의 모든 교회도 저희에게 감사하느니라
로마서,16,5,로마서 16:5,또 저의 교회에게도 문안하라 나희 사랑하는 에배네도에게 문안하라 저는 아시아에서 그리스도께 처음 익은 열매니라
로마서,16,6,로마서 16:6,너희를 위하여 많이 수고한 마리아에게 문안하라
로마서,16,7,로마서 16:7,내 친척이요 나와 함께 갇혔던 안드로니고와 유니아에게 문안하라 저희는 사도에게 유명히 여김을 받고 또한 나보다 먼저 그리스도 안에 있는 자라
로마서,16,8,로마서 16:8,또 주 안에서 내 사랑하는 암블리아에게 문안하라
로마서,16,9,로마서 16:9,그리스도 안에서 우리의 동역자인 우르바노와 나의 사랑하는 스다구에게 문안하라
로마서,16,10,로마서 16:10,그리스도 안에서 인정함을 받은 아벨레에게 문안하라 아리스도불로의 권속에게 문안하라
로마서,16,11,로마서 16:11,내 친척 헤로디온에게 문안하라 나깃수의 권속 중 주 안에 있는 자들에게 문안하라
로마서,16,12,로마서 16:12,주 안에서 수고한 드루배나와 드루보사에게 문안하라 주 안에서 많이 수고하고 사랑하는 버시에게 문안하라
로마서,16,13,로마서 16:13,주 안에서 택하심을 입은 루포와 그 어머니에게 문안하라 그 어머니는 곧 내 어머니니라
로마서,16,14,로마서 16:14,아순그리도와 블레곤과 허메와 바드로바와 허마와 저희와 함께 있는 형제들에게 문안하라
로마서,16,15,로마서 16:15,빌롤로고와 율리아와 또 네레오와 그 자매와 올름바와 저희와 함께 있는 모든 성도에게 문안하라
로마서,16,16,로마서 16:16,너희가 거룩하게 입맞춤으로 서로 문안하라 그리스도의 모든 교회가 다 너희에게 문안하느니라
로마서,16,17,로마서 16:17,형제들아 내가 너희를 권하노니 너희 교훈을 거스려 분쟁을 일으키고 거치게 하는 자들을 살피고 저희에게서 떠나라
로마서,16,18,로마서 16:18,이같은 자들은 우리 주 그리스도를 섬기지 아니하고 다만 자기의 배만 섬기나니 공교하고 아첨하는 말로 순진한 자들의 마음을 미혹하느니라
로마서,16,19,로마서 16:19,너희 순종함이 모든 사람에게 들리는지라 그러므로 내가 너희를 인하여 기뻐하노니 너희가 선한 데 지혜롭고 악한 데 미련하기를 원하노라
로마서,16,20,로마서 16:20,평강의 하나님께서 속히 사단을 너희 발 아래서 상하게 하시리라 우리 주 예수의 은혜가 너희에게 있을지어다
로마서,16,22,로마서 16:22,이 편지를 대서하는 나 더디오도 주 안에서 너희에게 문안하노라
로마서,16,23,로마서 16:23,나와 온 교회 식주인 가이오도 너희에게 문안하고 이 성의 재무 에라스도와 형제 구아도도 너희에게 문안하느니라
로마서,16,25,로마서 16:25,나의 복음과 예수 그리스도를 전파함은 영세 전부터 감취었다가
로마서,16,26,로마서 16:26,이제는 나타내신 바 되었으며 영원하신 하나님의 명을 좇아 선지자들의 글로 말미암아 모든 민족으로 믿어 순종케 하시려고 알게하신 바 그 비밀의 계시를 좇아 된 것이니 이 복음으로 너희를 능히 견고케 하실
로마서,16,27,로마서 16:27,지혜로우신 하나님께 예수 그리스도로 말미암아 영광이 세세무궁토록 있을지어다 아멘
고린도전서,1,3,고린도전서 1:3,하나님 우리 아버지와 주 예수 그리스도로 좇아 은혜와 평강이 있기를 원하노라
고린도전서,1,4,고린도전서 1:4,그리스도 예수 안에서 너희에게 주신 하나님의 은혜를 인하여 내가 너희를 위하여 항상 하나님께 감사하노니
고린도전서,1,6,고린도전서 1:6,그리스도의 증거가 너희 중에 견고케 되어
고린도전서,1,7,고린도전서 1:7,너희가 모든 은사에 부족함이 없이 우리 주 예수 그리스도의 나타나심을 기다림이라
고린도전서,1,8,고린도전서 1:8,주께서 너희를 우리 주 예수 그리스도의 날에 책망할 것이 없는 자로 끝까지 견고케 하시리라
고린도전서,1,9,고린도전서 1:9,너희를 불러 그의 아들 예수 그리스도 우리 주로 더불어 교제케 하시는 하나님은 미쁘시도다
고린도전서,1,10,고린도전서 1:10,형제들아 내가 우리 주 예수 그리스도의 이름으로 너희를 권하노니 다 같은 말을 하고 너희 가운데 분쟁이 없이 같은 마음과 같은 뜻으로 온전히 합하라
고린도전서,1,11,고린도전서 1:11,내 형제들아 글로에의 집 편으로서 너희에게 대한 말이 내게 들리니 곧 너희 가운데 분쟁이 있다는 것이라
고린도전서,1,14,고린도전서 1:14,그리스보와 가이오 외에는 너희 중 아무에게도 내가 세례를 주지 아니한 것을 감사하노니
고린도전서,1,16,고린도전서 1:16,내가 또한 스데바나 집 사람에게 세례를 주었고 그 외에는 다른 아무에게 세례를 주었는지 알지 못하노라
고린도전서,1,17,고린도전서 1:17,그리스도께서 나를 보내심은 세례를 주게 하려 하심이 아니요 오직 복음을 전케 하려 하심이니 말의 지혜로 하지 아니함은 그리스도의 십자가가 헛되지 않게 하려 함이라
고린도전서,1,18,고린도전서 1:18,십자가의 도가 멸망하는 자들에게는 미련한 것이요 구원을 얻는 우리에게는 하나님의 능력이라
고린도전서,1,20,고린도전서 1:20,지혜 있는 자가 어디 있느뇨 선비가 어디 있느뇨 이 세대에 변사가 어디 있느뇨 하나님께서 이 세상의 지혜를 미련케 하신 것이 아니뇨
고린도전서,1,21,고린도전서 1:21,하나님의 지혜에 있어서는 이 세상이 자기 지혜로 하나님을 알지 못하는고로 하나님께서 전도의 미련한 것으로 믿는 자들을 구원 하시기를 기뻐하셨도다
고린도전서,1,22,고린도전서 1:22,유대인은 표적을 구하고 헬라인은 지혜를 찾으나
고린도전서,1,23,고린도전서 1:23,우리는 십자가에 못 박힌 그리스도를 전하니 유대인에게는 거리끼는 것이요 이방인에게는 미련한 것이로되
고린도전서,1,24,고린도전서 1:24,오직 부르심을 입은 자들에게는 유대인이나 헬라인이나 그리스도는 하나님의 능력이요 하나님의 지혜니라
고린도전서,1,25,고린도전서 1:25,하나님의 미련한 것이 사람보다 지혜 있고 하나님의 약한 것이 사람보다 강하니라
고린도전서,1,26,고린도전서 1:26,형제들아 너희를 부르심을 보라 육체를 따라 지혜 있는 자가 많지 아니하며 능한 자가 많지 아니하며 문벌 좋은 자가 많지 아니하도다
고린도전서,1,27,고린도전서 1:27,그러나 하나님께서 세상의 미련한 것들을 택하사 지혜 있는 자들을 부끄럽게 하려 하시고 세상의 약한 것들을 택하사 강한 것들을 부끄럽게 하려 하시며
고린도전서,1,28,고린도전서 1:28,하나님께서 세상의 천한 것들과 멸시 받는 것들과 없는 것들을 택하사 있는 것들을 폐하려 하시나니
고린도전서,1,30,고린도전서 1:30,너희는 하나님께로부터 나서 그리스도 예수 안에 있고 예수는 하나님께로서 나와서 우리에게 지혜와 의로움과 거룩함과 구속함이 되셨으니
고린도전서,1,31,고린도전서 1:31,기록된 바 자랑하는 자는 주 안에서 자랑하라 함과 같게 하려 함이니라
고린도전서,2,1,고린도전서 2:1,형제들아 내가 너희에게 나아가 하나님의 증거를 전할 때에 말과 지혜의 아름다운 것으로 아니하였나니
고린도전서,2,2,고린도전서 2:2,내가 너희 중에서 예수 그리스도와 그의 십자가에 못 박히신 것 외에는 아무 것도 알지 아니하기로 작정하였음이라
고린도전서,2,3,고린도전서 2:3,내가 너희 가운데 거할 때에 약하며 두려워하며 심히 떨었노라
고린도전서,2,4,고린도전서 2:4,내 말과 내 전도함이 지혜의 권하는 말로 하지 아니하고 다만 성령의 나타남과 능력으로 하여
고린도전서,2,5,고린도전서 2:5,너희 믿음이 사람의 지혜에 있지 아니하고 다만 하나님의 능력에 있게 하려 하였노라
고린도전서,2,6,고린도전서 2:6,그러나 우리가 온전한 자들 중에서 지혜를 말하노니 이는 이 세상의 지혜가 아니요 또 이 세상의 없어질 관원의 지혜도 아니요
고린도전서,2,7,고린도전서 2:7,오직 비밀한 가운데 있는 하나님의 지혜를 말하는 것이니 곧 감취었던 것인데 하나님이 우리의 영광을 위하사 만세 전에 미리 정하신 것이라
고린도전서,2,8,고린도전서 2:8,이 지혜는 이 세대의 관원이 하나도 알지 못하였나니 만일 알았더면 영광의 주를 십자가에 못 박지 아니 하였으리라
고린도전서,2,9,고린도전서 2:9,기록된 바 하나님이 자기를 사랑하는 자들을 위하여 예비하신 모든 것은 눈으로 보지 못하고 귀로도 듣지 못하고 사람의 마음으로도 생각지 못하였다 함과 같으니라
고린도전서,2,10,고린도전서 2:10,오직 하나님이 성령으로 이것을 우리에게 보이셨으니 성령은 모든 것 곧 하나님의 깊은 것이라도 통달하시느니라
고린도전서,2,11,고린도전서 2:11,사람의 사정을 사람의 속에 있는 영 외에는 누가 알리요 이와 같이 하나님의 사정도 하나님의 영 외에는 아무도 알지 못하느니라
고린도전서,2,12,고린도전서 2:12,우리가 세상의 영을 받지 아니하고 오직 하나님께로 온 영을 받았으니 이는 우리로 하여금 하나님께서 우리에게 은혜로 주신 것들을 알게 하려 하심이라
고린도전서,2,13,고린도전서 2:13,우리가 이것을 말하거니와 사람의 지혜의 가르친 말로 아니하고 오직 성령의 가르치신 것으로 하니 신령한 일은 신령한 것으로 분별하느니라
고린도전서,2,14,고린도전서 2:14,육에 속한 사람은 하나님의 성령의 일을 받지 아니하나니 저희에게는 미련하게 보임이요 또 깨닫지도 못하나니 이런 일은 영적으로라야 분변함이니라
고린도전서,2,15,고린도전서 2:15,신령한 자는 모든 것을 판단하나 자기는 아무에게도 판단을 받지 아니하느니라
고린도전서,2,16,고린도전서 2:16,누가 주의 마음을 알아서 주를 가르치겠느냐 그러나 우리가 그리스도의 마음을 가졌느니라
고린도전서,3,1,고린도전서 3:1,형제들아 내가 신령한 자들을 대함과 같이 너희에게 말할 수 없어서 육신에 속한 자 곧 그리스도안에서 어린 아이들을 대함과 같이 하노라
고린도전서,3,2,고린도전서 3:2,내가 너희를 젖으로 먹이고 밥으로 아니하였노니 이는 너희가 감당치 못하였음이거니와 지금도 못하리라
고린도전서,3,3,고린도전서 3:3,너희가 아직도 육신에 속한 자로다 너희 가운데 시기와 분쟁이 있으니 어찌 육신에 속하여 사람을 따라 행함이 아니리요
고린도전서,3,8,고린도전서 3:8,심는 이와 물 주는 이가 일반이나 각각 자기의 일하는 대로 자기의 상을 받으리라
고린도전서,3,9,고린도전서 3:9,우리는 하나님의 동역자들이요 너희는 하나님의 밭이요 하나님의 집이니라
고린도전서,3,10,고린도전서 3:10,내게 주신 하나님의 은혜를 따라 내가 지혜로운 건축자와 같이 터를 닦아 두매 다른 이가 그 위에 세우나 그러나 각각 어떻게 그 위에 세우기를 조심할지니라
고린도전서,3,11,고린도전서 3:11,이 닦아 둔 것 외에 능히 다른 터를 닦아 둘 자가 없으니 이 터는 곧 예수 그리스도라
고린도전서,3,12,고린도전서 3:12,만일 누구든지 금이나 은이나 보석이나 나무나 풀이나 짚으로 이 터 위에 세우면
고린도전서,3,14,고린도전서 3:14,만일 누구든지 그 위에 세운 공력이 그대로 있으면 상을 받고
고린도전서,3,16,고린도전서 3:16,너희가 하나님의 성전인 것과 하나님의 성령이 너희 안에 거하시는 것을 알지 못하느뇨
고린도전서,3,18,고린도전서 3:18,아무도 자기를 속이지 말라 너희 중에 누구든지 이 세상에서 지혜 있는 줄로 생각하거든 미련한 자가 되어라 그리하여야 지혜로운 자가 되리라
고린도전서,3,19,고린도전서 3:19,이 세상 지혜는 하나님께 미련한 것이니 기록된 바 지혜 있는 자들로 하여금 자기 궤휼에 빠지게 하시는 이라 하였고
고린도전서,3,20,고린도전서 3:20,또 주께서 지혜 있는 자들의 생각을 헛 것으로 아신다 하셨느니라
고린도전서,3,23,고린도전서 3:23,너희는 그리스도의 것이요 그리스도는 하나님의 것이니라
고린도전서,4,1,고린도전서 4:1,사람이 마땅히 우리를 그리스도의 일군이요 하나님의 비밀을 맡은 자로 여길지어다!
고린도전서,4,2,고린도전서 4:2,그리고 맡은 자들에게 구할 것은 충성이니라
고린도전서,4,3,고린도전서 4:3,너희에게나 다른 사람에게나 판단 받는 것이 내게는 매우 작은 일이라 나도 나를 판단치 아니하노니
고린도전서,4,4,고린도전서 4:4,내가 자책할 아무것도 깨닫지 못하나 그러나 이를 인하여 의롭다 함을 얻지 못하노라 다만 나를 판단하실 이는 주시니라
고린도전서,4,5,고린도전서 4:5,그러므로 때가 이르기 전 곧 주께서 오시기까지 아무 것도 판단치 말라 그가 어두움에 감추인 것들을 드러내고 마음의 뜻을 나타내시리니 그때에 각 사람에게 하나님께로부터 칭찬이 있으리라
고린도전서,4,7,고린도전서 4:7,누가 너를 구별하였느뇨 네게 있는 것 중에 받지 아니한 것이 무엇이뇨 네가 받았은즉 어찌하여 받지 아니한 것같이 자랑하느뇨
고린도전서,4,8,고린도전서 4:8,너희가 이미 배부르며 이미 부요하며 우리 없이 왕 노릇 하였도다 우리가 너희와 함께 왕 노릇 하기 위하여 참으로 너희의 왕 노릇 하기를 원하노라
고린도전서,4,9,고린도전서 4:9,내가 생각건대 하나님이 사도인 우리를 죽이기로 작정한 자같이 미말에 두셨으매 우리는 세계 곧 천사와 사람에게 구경거리가 되었노라
고린도전서,4,10,고린도전서 4:10,우리는 그리스도의 연고로 미련하되 너희는 그리스도 안에서 지혜롭고 우리는 약하되 너희는 강하고 너희는 존귀하되 우리는 비천하여
고린도전서,4,12,고린도전서 4:12,또 수고하여 친히 손으로 일을 하며 후욕을 당한즉 축복하고 핍박을 당한즉 참고
고린도전서,4,13,고린도전서 4:13,비방을 당한즉 권면하니 우리가 지금까지 세상의 더러운 것과 만물의 찌끼같이 되었도다
고린도전서,4,14,고린도전서 4:14,내가 너희를 부끄럽게 하려고 이것을 쓰는 것이 아니라 오직 너희를 내 사랑하는 자녀같이 권하려 하는 것이라
고린도전서,4,15,고린도전서 4:15,그리스도 안에서 일만 스승이 있으되 아비는 많지 아니하니 그리스도 예수 안에서 복음으로써 내가 너희를 낳았음이라
고린도전서,4,16,고린도전서 4:16,그러므로 내가 너희에게 권하노니 너희는 나를 본받는 자 되라
고린도전서,4,18,고린도전서 4:18,어떤 이들은 내가 너희에게 나아가지 아니할 것같이 스스로 교만하여졌으나
고린도전서,4,19,고린도전서 4:19,그러나 주께서 허락하시면 내가 너희에게 속히 나아가서 교만한 자의 말을 알아 볼 것이 아니라 오직 그 능력을 알아 보겠노니
고린도전서,4,20,고린도전서 4:20,하나님의 나라는 말에 있지 아니하고 오직 능력에 있음이라
고린도전서,4,21,고린도전서 4:21,너희가 무엇을 원하느냐 내가 매를 가지고 너희에게 나아가랴 사랑과 온유한 마음으로 나아가랴
고린도전서,5,4,고린도전서 5:4,주 예수의 이름으로 너희가 내 영과 함께 모여서 우리 주 예수의 능력으로
고린도전서,5,6,고린도전서 5:6,너희의 자랑하는 것이 옳지 아니하도다 적은 누룩이 온 덩어리에 퍼지는 것을 알지 못하느냐
고린도전서,5,10,고린도전서 5:10,이 말은 이 세상의 음행하는 자들이나 탐하는 자들과 토색하는 자들이나 우상 숭배하는 자들을 도무지 사귀지 말라 하는 것이 아니니 만일 그리하려면 세상 밖으로 나가야 할 것이라
고린도전서,5,12,고린도전서 5:12,외인들을 판단하는데 내게 무슨 상관이 있으리요마는 교중 사람들이야 너희가 판단치 아니하랴
고린도전서,6,1,고린도전서 6:1,너희 중에 누가 다른 이로 더불어 일이 있는데 구태여 불의한 자들 앞에서 송사하고 성도 앞에서 하지 아니하느냐
고린도전서,6,2,고린도전서 6:2,성도가 세상을 판단할 것을 너희가 알지 못하느냐 세상도 너희에게 판단을 받겠거든 지극히 작은 일 판단하기를 감당치 못하겠느냐
고린도전서,6,3,고린도전서 6:3,우리가 천사를 판단할 것을 너희가 알지 못하느냐 그러하거든 하물며 세상 일이랴
고린도전서,6,5,고린도전서 6:5,내가 너희를 부끄럽게 하려 하여 이 말을 하노니 너희 가운데 그 형제간 일을 판단할 만한 지혜있는 자가 이같이 하나도 없느냐
고린도전서,6,6,고린도전서 6:6,형제가 형제로 더불어 송사할 뿐더러 믿지 아니하는 자들 앞에서 하느냐
고린도전서,6,7,고린도전서 6:7,너희가 피차 송사 함으로 너희 가운데 이미 완연한 허물이 있나니 차라리 불의를 당하는 것이 낫지 아니하며 차라리 속는 것이 낫지 아니하냐
고린도전서,6,8,고린도전서 6:8,너희는 불의를 행하고 속이는구나 저는 너희 형제로다
고린도전서,6,11,고린도전서 6:11,너희 중에 이와 같은 자들이 있더니 주 예수 그리스도의 이름과 우리 하나님의 성령 안에서 씻음과 거룩함과 의롭다 하심을 얻었느니라
고린도전서,6,12,고린도전서 6:12,모든 것이 내게 가하나 다 유익한 것이 아니요 모든 것이 내게 가하나 내가 아무에게든지 제재를 받지 아니하리라
고린도전서,6,13,고린도전서 6:13,식물은 배를 위하고 배는 식물을 위하나 하나님이 이것 저것 다 폐하시리라 몸은 음란을 위하지 않고 오직 주를 위하며 주는 몸을 위하시느니라
고린도전서,6,14,고린도전서 6:14,하나님이 주를 다시 살리셨고 또한 그의 권능으로 우리를 다시 살리시리라
고린도전서,6,15,고린도전서 6:15,너희 몸이 그리스도의 지체인 줄을 알지 못하느냐 내가 그리스도의 지체를 가지고 창기의 지체를 만들겠느냐 결코 그럴 수 없느니라
고린도전서,6,16,고린도전서 6:16,창기와 합하는 자는 저와 한 몸인 줄을 알지 못하느냐 일렀으되 둘이 한 육체가 된다 하셨나니
고린도전서,6,17,고린도전서 6:17,주와 합하는 자는 한 영이니라
고린도전서,6,18,고린도전서 6:18,음행을 피하라 사람이 범하는 죄마다 몸 밖에 있거니와 음행하는 자는 자기 몸에게 죄를 범하느니라
고린도전서,6,19,고린도전서 6:19,너희 몸은 너희가 하나님께로부터 받은 바 너희 가운데 계신 성령의 전인 줄을 알지 못하느냐 너희는 너희의 것이 아니라
고린도전서,6,20,고린도전서 6:20,값으로 산 것이 되었으니 그런즉 너희 몸으로 하나님께 영광을 돌리라
고린도전서,7,1,고린도전서 7:1,너희의 쓴 말에 대하여는 남자가 여자를 가까이 아니함이 좋으나
고린도전서,7,2,고린도전서 7:2,음행의 연고로 남자마다 자기 아내를 두고 여자마다 자기 남편을 두라
고린도전서,7,3,고린도전서 7:3,남편은 그 아내에게 대한 의무를 다하고 아내도 그 남편에게 그렇게 할지라
고린도전서,7,4,고린도전서 7:4,아내가 자기 몸을 주장하지 못하고 오직 그 남편이 하며 남편도 이와 같이 자기 몸을 주장하지 못하고 오직 그 아내가 하나니
고린도전서,7,5,고린도전서 7:5,서로 분방하지 말라 다만 기도할 틈을 얻기 위하여 합의상 얼마 동안은 하되 다시 합하라 이는 너희의 절제 못함을 인하여 사단으로 너희를 시험하지 못하게 하려 함이라
고린도전서,7,6,고린도전서 7:6,그러나 내가 이 말을 함은 권도요 명령은 아니라
고린도전서,7,7,고린도전서 7:7,나는 모든 사람이 나와 같기를 원하노라 그러나 각각 하나님께 받은 자기의 은사가 있으니 하나는 이러하고 하나는 저러하니라
고린도전서,7,8,고린도전서 7:8,내가 혼인하지 아니한 자들과 및 과부들에게 이르노니 나와 같이 그냥 지내는 것이 좋으니라
고린도전서,7,9,고린도전서 7:9,만일 절제할 수 없거든 혼인하라 정욕이 불같이 타는 것보다 혼인하는 것이 나으니라
고린도전서,7,10,고린도전서 7:10,혼인한 자들에게 내가 명하노니 여자는 남편에게서 갈리지 말고
고린도전서,7,11,고린도전서 7:11,남편도 아내를 버리지 말라
고린도전서,7,12,고린도전서 7:12,그 남은 사람들에게 내가 말하노니만일 어떤 형제에게 믿지 아니하는 아내가 있어 남편과 함께 살기를 좋아하거든 저를 버리지 말며
고린도전서,7,13,고린도전서 7:13,어떤 여자에게 믿지 아니하는 남편이 있어 아내와 함께 살기를 좋아하거든 그 남편을 버리지 말라
고린도전서,7,14,고린도전서 7:14,믿지 아니하는 남편이 아내로 인하여 거룩하게 되고 믿지 아니하는 아내가 남편으로 인하여 거룩하게 되나니 그렇지 아니하면 너희 자녀도 깨끗지 못하니라 그러나 이제 거룩하니라
고린도전서,7,15,고린도전서 7:15,혹믿지 아니하는 자가 갈리거든 갈리게 하라 형제나 자매나 이런 일에 구속 받을 것이 없느니라 그러나 하나님은 화평 중에서 너희를 부르셨느니라
고린도전서,7,16,고린도전서 7:16,아내된 자여 네가 남편을 구원할는지 어찌 알 수 있으며 남편된 자여 네가 네 아내를 구원할는지 어찌 알 수 있으리요
고린도전서,7,17,고린도전서 7:17,오직 주께서 각 사람에게 나눠주신 대로 하나님이 각 사람을 부르신 그대로 행하라 내가 모든 교회에서 이와 같이 명하노라
고린도전서,7,20,고린도전서 7:20,각 사람이 부르심을 받은 그 부르심 그대로 지내라
고린도전서,7,21,고린도전서 7:21,네가 종으로 있을 때에 부르심을 받았느냐 염려하지 말라 그러나 자유할 수 있거든 차라리 사용하라
고린도전서,7,22,고린도전서 7:22,주 안에서 부르심을 받은 자는 종이라도 주께 속한 자유자요 또 이와 같이 자유자로 있을 때에 부르심을 받은 자는 그리스도의 종이니라
고린도전서,7,23,고린도전서 7:23,너희는 값으로 사신 것이니 사람들의 종이 되지 말라
고린도전서,7,24,고린도전서 7:24,형제들아 각각 부르심을 받은 그대로 하나님과 함께 거하라
고린도전서,7,25,고린도전서 7:25,처녀에 대하여는 내가 주께 받은 계명이 없으되 주의 자비하심을 받아서 충성된 자가 되어 의견을 고하노니
고린도전서,7,26,고린도전서 7:26,내 생각에는 이것이 좋으니 곧 임박한 환난을 인하여 사람이 그냥 지내는 것이 좋으니라
고린도전서,7,27,고린도전서 7:27,네가 아내에게 매였느냐 놓이기를 구하지 말며 아내에게서 놓였느냐 아내를 구하지 말라
고린도전서,7,28,고린도전서 7:28,그러나 장가 가도 죄 짓는 것이 아니요 처녀가 시집 가도 죄 짓는 것이 아니로되 이런 이들은 육신에 고난이 있으리니 나는 너희를 아끼노라
고린도전서,7,31,고린도전서 7:31,세상 물건을 쓰는 자들은 다 쓰지 못하는 자같이 하라 이 세상의 형적은 지나감이니라
고린도전서,7,34,고린도전서 7:34,시집 가지 않은 자와 처녀는 주의 일을 염려하여 몸과 영을 다 거룩하게 하려 하되 시집 간 자는 세상 일을 염려하여 어찌하여야 남편을 기쁘게 할꼬 하느니라
고린도전서,7,35,고린도전서 7:35,내가 이것을 말함은 너희의 유익을 위함이요 너희에게 올무를 놓으려 함이 아니니 오직 너희로 하여금 이치에 합하게 하여 분요함이 없이 주를 섬기게 하려 함이라
고린도전서,7,36,고린도전서 7:36,누가 자기의 처녀 딸에 대한 일이 이치에 합당치 못한 줄로 생각할 때에 혼기도 지나고 그같이 할 필요가 있거든 마음대로 하라 이것은 죄 짓는 것이 아니니 혼인하게 하라
고린도전서,7,37,고린도전서 7:37,그러나 그 마음을 굳게 하고 또 부득이한 일도 없고 자기 뜻대로 할 권리가 있어서 그 처녀 딸을 머물러 두기로 마음에 작정하여도 잘 하는 것이니라
고린도전서,7,38,고린도전서 7:38,그러므로 처녀 딸을 시집 보내는 자도 잘 하거니와 시집 보내지 아니하는 자가 더 잘 하는 것이니라
고린도전서,7,39,고린도전서 7:39,아내가 그 남편이 살 동안에 매여 있다가 남편이 죽으면 자유하여 자기 뜻대로 시집 갈 것이나 주 안에서만 할 것이니라
고린도전서,7,40,고린도전서 7:40,그러나 내 뜻에는 그냥 지내는 것이 더욱 복이 있으리로다 나도 또한 하나님의 영을 받은 줄로 생각하노라
고린도전서,8,1,고린도전서 8:1,우상의 제물에 대하여는 우리가 다 지식이 있는 줄을 아나 지식은 교만하게 하며 사랑은 덕을 세우나니
고린도전서,8,2,고린도전서 8:2,만일 누구든지 무엇을 아는 줄로 생각하면 아직도 마땅히 알 것을 알지 못하는 것이요
고린도전서,8,3,고린도전서 8:3,또 누구든지 하나님을 사랑하면 이 사람은 하나님의 아시는 바 되었느니라
고린도전서,8,4,고린도전서 8:4,그러므로 우상의 제물 먹는 일에 대하여는 우리가 우상은 세상에 아무 것도 아니며 또한 하나님은 한 분 밖에 없는 줄 아노라
고린도전서,8,5,고린도전서 8:5,비록 하늘에나 땅에나 신이라 칭하는 자가 있어 많은 신과 많은 주가 있으나
고린도전서,8,6,고린도전서 8:6,그러나 우리에게는 한 하나님 곧 아버지가 계시니 만물이 그에게서 났고 우리도 그를 위하여 또한 한 주 예수 그리스도께서 계시니 만물이 그로 말미암고 우리도 그로 말미암았느니라
고린도전서,8,7,고린도전서 8:7,그러나 이 지식은 사람마다 가지지 못하여 어떤 이들은 지금까지 우상에 대한 습관이 있어 우상의 제물로 알고 먹는고로 그들의 양심이 악하여지고 더러워지느니라
고린도전서,8,8,고린도전서 8:8,식물은 우리를 하나님 앞에 세우지 못하나니 우리가 먹지 아니하여도 부족함이 없고 먹어도 풍족함이 없으리라
고린도전서,8,10,고린도전서 8:10,지식 있는 네가 우상의 집에 앉아 먹는 것을 누구든지 보면 그 약한 자들의 양심이 담력을 얻어 어찌 우상의 제물을 먹게 되지 않겠느냐
고린도전서,8,11,고린도전서 8:11,그러면 네 지식으로 그 약한 자가 멸망하나니 그는 그리스도께서 위하여 죽으신 형제라
고린도전서,8,13,고린도전서 8:13,그러므로 만일 식물이 내 형제로 실족케 하면 나는 영원히 고기를 먹지 아니하여 내 형제를 실족치 않게 하리라
고린도전서,9,1,고린도전서 9:1,내가 자유자가 아니냐 사도가 아니냐 예수 우리 주를 보지 못하였느냐 주 안에서 행한 나의 일이 너희가 아니냐
고린도전서,9,2,고린도전서 9:2,다른 사람들에게는 내가 사도가 아닐지라도 너희에게는 사도니 나의 사도 됨을 주 안에서 인친 것이 너희라
고린도전서,9,3,고린도전서 9:3,나를 힐문하는 자들에게 발명할 것이 이것이니
고린도전서,9,4,고린도전서 9:4,우리가 먹고 마시는 권이 없겠느냐
고린도전서,9,5,고린도전서 9:5,우리가 다른 사도들과 주의 형제들과 게바와 같이 자매 된 아내를 데리고 다닐 권이 없겠느냐
고린도전서,9,7,고린도전서 9:7,누가 자비량하고 병정을 다니겠느냐 누가 포도를 심고 그 실과를 먹지 않겠느냐 누가 양떼를 기르고 그 양떼의 젖을 먹지 않겠느냐
고린도전서,9,8,고린도전서 9:8,내가 사람의 예대로 이것을 말하느냐 율법도 이것을 말하지 아니하느냐
고린도전서,9,10,고린도전서 9:10,전혀 우리를 위하여 말씀하심이 아니냐 과연 우리를 위하여 기록된 것이니 밭 가는 자는 소망을 가지고 갈며 곡식 떠는 자는 함께 얻을 소망을 가지고 떠는 것이라
고린도전서,9,11,고린도전서 9:11,우리가 너희에게 신령한 것을 뿌렸은즉 너희 육신의 것을 거두기로 과하다 하겠느냐
고린도전서,9,12,고린도전서 9:12,다른 이들도 너희에게 이런 권을 가졌거든 하물며 우리일까보냐 그러나 우리가 이 권을 쓰지 아니하고 범사에 참는 것은 그리스도의 복음에 아무 장애가 없게 하려 함이로다
고린도전서,9,13,고린도전서 9:13,성전의 일을 하는 이들은 성전에서 나는 것을 먹으며 제단을 모시는 이들은 제단과 함께 나누는 것을 너희가 알지 못하느냐
고린도전서,9,14,고린도전서 9:14,이와 같이 주께서도 복음 전하는 자들이 복음으로 말미암아 살리라 명하셨느니라
고린도전서,9,16,고린도전서 9:16,내가 복음을 전할지라도 자랑할 것이 없음은 내가 부득불 할 일임이라 만일 복음을 전하지 아니하면 내게 화가 있을 것임이로라
고린도전서,9,17,고린도전서 9:17,내가 내 임의로 이것을 행하면 상을 얻으려니와 임의로 아니한다 할지라도 나는 직분을 맡았노라
고린도전서,9,19,고린도전서 9:19,내가 모든 사람에게 자유하였으나 스스로 모든 사람에게 종이 된 것은 더 많은 사람을 얻고자 함이라
고린도전서,9,20,고린도전서 9:20,유대인들에게는 내가 유대인과 같이 된 것은 유대인들을 얻고자 함이요 율법 아래 있는 자들에게는 내가 율법 아래 있지 아니하나 율법 아래 있는 자같이 된 것은 율법 아래 있는 자들을 얻고자 함이요
고린도전서,9,21,고린도전서 9:21,율법 없는 자에게는 내가 하나님께는 율법 없는 자가 아니요 도리어 그리스도의 율법 아래 있는 자나 율법 없는 자와 같이 된 것은 율법 없는 자들을 얻고자 함이라
고린도전서,9,22,고린도전서 9:22,약한 자들에게는 내가 약한 자와 같이 된 것은 약한 자들을 얻고자 함이요 여러 사람에게 내가 여러 모양이 된 것은 아무쪼록 몇몇 사람들을 구원코자 함이니
고린도전서,9,23,고린도전서 9:23,내가 복음을 위하여 모든 것을 행함은 복음에 참예하고자 함이라
고린도전서,9,24,고린도전서 9:24,운동장에서 달음질하는 자들이 다 달아날지라도 오직 상 얻는 자는 하나인 줄을 너희가 알지 못하느냐 너희도 얻도록 이와 같이 달음질하라
고린도전서,9,25,고린도전서 9:25,이기기를 다투는 자마다 모든 일에 절제하나니 저희는 썩을 면류관을 얻고자 하되 우리는 썩지 아니할 것을 얻고자 하노라
고린도전서,9,26,고린도전서 9:26,그러므로 내가 달음질하기를 향방 없는 것같이 아니하고 싸우기를 허공을 치는 것같이 아니하여
고린도전서,10,1,고린도전서 10:1,형제들아 너희가 알지 못하기를 내가 원치 아니하노니 우리 조상들이 다 구름 아래 있고 바다 가운데로 지나며
고린도전서,10,3,고린도전서 10:3,다 같은 신령한 식물을 먹으며
고린도전서,10,4,고린도전서 10:4,다 같은 신령한 음료를 마셨으니 이는 저희를 따르는 신령한 반석으로부터 마셨으매 그 반석은 곧 그리스도시라
고린도전서,10,6,고린도전서 10:6,그런 일은 우리의 거울이 되어 우리로 하여금 저희가 악을 즐겨한 것 같이 즐겨하는 자가 되지 않게 하려 함이니
고린도전서,10,7,고린도전서 10:7,저희 중에 어떤 이들과 같이 너희는 우상 숭배하는 자가 되지 말라 기록된 바 백성이 앉아서 먹고 마시며 일어나서 뛰논다 함과 같으니라
고린도전서,10,11,고린도전서 10:11,저희에게 당한 이런 일이 거울이 되고 또한 말세를 만난 우리의 경계로 기록하였느니라
고린도전서,10,13,고린도전서 10:13,사람이 감당할 시험 밖에는 너희에게 당한 것이 없나니 오직 하나님은 미쁘사 너희가 감당치 못할 시험 당함을 허락지 아니하시고 시험 당할 즈음에 또한 피할 길을 내사 너희로 능히 감당하게 하시느니라
고린도전서,10,15,고린도전서 10:15,나는 지혜있는 자들에게 말함과 같이 하노니 너희는 내 이르는 말을 스스로 판단하라
고린도전서,10,16,고린도전서 10:16,우리가 축복하는 바 축복의 잔은 그리스도의 피에 참예함이 아니며 우리가 떼는 떡은 그리스도의 몸에 참예함이 아니냐
고린도전서,10,17,고린도전서 10:17,떡이 하나요 많은 우리가 한 몸이니 이는 우리가 다 한 떡에 참예함이라
고린도전서,10,18,고린도전서 10:18,육신을 따라 난 이스라엘을 보라 제물을 먹는 자들이 제단에 참예하는 자들이 아니냐
고린도전서,10,20,고린도전서 10:20,대저 이방인의 제사하는 것은 귀신에게 하는 것이요 하나님께 제사하는 것이 아니니 나는 너희가 귀신과 교제하는 자 되기를 원치 아니하노라
고린도전서,10,21,고린도전서 10:21,너희가 주의 잔과 귀신의 잔을 겸하여 마시지 못하고 주의 상과 귀신의 상에 겸하여 참예치 못하리라
고린도전서,10,22,고린도전서 10:22,그러면 우리가 주를 노여워하시게 하겠느냐 우리가 주보다 강한 자냐
고린도전서,10,23,고린도전서 10:23,모든 것이 가하나 모든 것이 유익한 것이 아니요 모든 것이 가하나 모든 것이 덕을 세우는 것이 아니니
고린도전서,10,24,고린도전서 10:24,누구든지 자기의 유익을 구치 말고 남의 유익을 구하라
고린도전서,10,25,고린도전서 10:25,무릇 시장에서 파는 것은 양심을 위하여 묻지 말고 먹으라
고린도전서,10,27,고린도전서 10:27,불신자 중 누가 너희를 청하매 너희가 가고자 하거든 너희 앞에 무엇이든지 차려 놓은 것은 양심을 위하여 묻지 말고 먹으라
고린도전서,10,28,고린도전서 10:28,누가 너희에게 이것이 제물이라 말하거든 알게 한 자와 및 양심을 위하여 먹지 말라
고린도전서,10,29,고린도전서 10:29,내가 말한 양심은 너희의 것이 아니요 남의 것이니 어찌하여 내 자유가 남의 양심으로 말미암아 판단을 받으리요
고린도전서,10,30,고린도전서 10:30,만일 내가 감사함으로 참예하면 어찌하여 내가 감사하다 하는 것에 대하여 비방을 받으리요
고린도전서,10,32,고린도전서 10:32,유대인에게나 헬라인에게나 하나님의 교회에나 거치는 자가 되지 말고
고린도전서,10,33,고린도전서 10:33,나와 같이 모든 일에 모든 사람을 기쁘게 하여 나의 유익을 구치 아니하고 많은 사람의 유익을 구하여 저희로 구원을 얻게 하라
고린도전서,11,1,고린도전서 11:1,내가 그리스도를 본받는 자 된 것같이 너희는 나를 본받는 자 되라
고린도전서,11,2,고린도전서 11:2,너희가 모든 일에 나를 기억하고 또 내가 너희에게 전하여 준 대로 그 유전을 너희가 지키므로 너희를 칭찬하노라
고린도전서,11,3,고린도전서 11:3,"그러나 나는 너희가 알기를 원하노니 각 남자의 머리는 그리스도요, 여자의 머리는 남자요, 그리스도의 머리는 하나님이시라"
고린도전서,11,4,고린도전서 11:4,무릇 남자로서 머리에 무엇을 쓰고 기도나 예언을 하는 자는 그 머리를 욕되게 하는 것이요
고린도전서,11,5,고린도전서 11:5,무릇 여자로서 머리에 쓴 것을 벗고 기도나 예언을 하는 자는 그 머리를 욕되게 하는 것이니 이는 머리민 것과 다름이 없음이니라
고린도전서,11,6,고린도전서 11:6,만일 여자가 머리에 쓰지 않거든 깎을 것이요 만일 깎거나 미는 것이 여자에게 부끄러움이 되거든 쓸지니라
고린도전서,11,7,고린도전서 11:7,남자는 하나님의 형상과 영광이니 그 머리에 마땅히 쓰지 않거니와 여자는 남자의 영광이니라
고린도전서,11,8,고린도전서 11:8,남자가 여자에게서 난 것이 아니요 여자가 남자에게서 났으며
고린도전서,11,9,고린도전서 11:9,또 남자가 여자를 위하여 지음을 받지 아니하고 여자가 남자를 위하여 지음을 받은 것이니
고린도전서,11,11,고린도전서 11:11,그러나 주 안에는 남자 없이 여자만 있지 않고 여자 없이 남자만 있지 아니하니라
고린도전서,11,12,고린도전서 11:12,여자가 남자에게서 난 것같이 남자도 여자로 말미암아 났으나 모든 것이 하나님에게서 났느니라
고린도전서,11,13,고린도전서 11:13,너희는 스스로 판단하라 여자가 쓰지 않고 하나님께 기도하는 것이 마땅하냐
고린도전서,11,14,고린도전서 11:14,만일 남자가 긴 머리가 있으면 자기에게 욕되는 것을 본성이 너희에게 가르치지 아니하느냐
고린도전서,11,15,고린도전서 11:15,만일 여자가 긴 머리가 있으면 자기에게 영광이 되나니 긴 머리는 쓰는 것을 대신하여 주신 연고니라
고린도전서,11,16,고린도전서 11:16,변론하려는 태도를 가진 자가 있을지라도 우리에게나 하나님의 모든 교회에는 이런 규례가 없느니라
고린도전서,11,17,고린도전서 11:17,내가 명하는 이 일에 너희를 칭찬하지 아니하나니 이는 저희의 모임이 유익이 못되고 도리어 해로움이라
고린도전서,11,18,고린도전서 11:18,첫째는 너희가 교회에 모일 때에 너희 중에 분쟁이 있다 함을 듣고 대강 믿노니
고린도전서,11,19,고린도전서 11:19,너희 중에 편당이 있어야 너희 중에 옳다 인정함을 받은 자들이 나타나게 되리라
고린도전서,11,22,고린도전서 11:22,너희가 먹고 마실 집이 없느냐 너희가 하나님의 교회를 업신여기고 빈궁한 자들을 부끄럽게 하느냐 내가 너희에게 무슨 말을 하랴 너희를 칭찬하랴 이것으로 칭찬하지 않노라
고린도전서,11,23,고린도전서 11:23,내가 너희에게 전한 것은 주께 받은 것이니 곧 주 예수께서 잡히시던 밤에 떡을 가지사
고린도전서,11,24,고린도전서 11:24,축사하시고 떼어 가라사대 이것은 너희를 위하는 내 몸이니 이것을 행하여 나를 기념하라 하시고
고린도전서,11,25,고린도전서 11:25,식후에 또한 이와 같이 잔을 가지시고 가라사대 이 잔은 내 피로 세운 새 언약이니 이것을 행하여 마실 때마다 나를 기념하라 하셨으니
고린도전서,11,26,고린도전서 11:26,너희가 이 떡을 먹으며 이 잔을 마실 때마다 주의 죽으심을 오실 때까지 전하는 것이니라
고린도전서,11,28,고린도전서 11:28,사람이 자기를 살피고 그 후에야 이 떡을 먹고 이 잔을 마실지니
고린도전서,12,1,고린도전서 12:1,형제들아 ! 신령한 것에 대하여는 내가 너희의 알지 못하기를 원치 아니하노니
고린도전서,12,2,고린도전서 12:2,너희도 알거니와 너희가 이방인으로 있을 때에 말 못하는 우상에게로 끄는 그대로 끌려 갔느니라
고린도전서,12,3,고린도전서 12:3,그러므로 내가 너희에게 알게 하노니 하나님의 영으로 말하는 자는 누구든지 예수를 저주할 자라 하지 않고 또 성령으로 아니하고는 누구든지 예수를 주시라 할 수 없느니라
고린도전서,12,4,고린도전서 12:4,은사는 여러 가지나 성령은 같고
고린도전서,12,5,고린도전서 12:5,직임은 여러 가지나 주는 같으며
고린도전서,12,6,고린도전서 12:6,또 역사는 여러 가지나 모든 것을 모든 사람 가운데서 역사하시는 하나님은 같으니
고린도전서,12,7,고린도전서 12:7,각 사람에게 성령의 나타남을 주심은 유익하게 하려 하심이라
고린도전서,12,10,고린도전서 12:10,"어떤 이에게는 능력 행함을, 어떤 이에게는 예언함을, 어떤 이에게는 영들 분별함을, 다른 이에게는 각종 방언 말함을, 어떤 이에게는 방언들 통역함을 주시나니"
고린도전서,12,11,고린도전서 12:11,이 모든 일은 같은 한 성령이 행하사 그 뜻대로 각 사람에게 나눠 주시느니라
고린도전서,12,12,고린도전서 12:12,몸은 하나인데 많은 지체가 있고 몸의 지체가 많으나 한 몸임과 같이 그리스도도 그러하니라
고린도전서,12,13,고린도전서 12:13,우리가 유대인이나 헬라인이나 종이나 자유자나 다 한 성령으로 세례를 받아 한 몸이 되었고 또 다 한 성령을 마시게 하셨느니라
고린도전서,12,14,고린도전서 12:14,몸은 한 지체뿐 아니요 여럿이니
고린도전서,12,17,고린도전서 12:17,만일 온 몸이 눈이면 듣는 곳은 어디며 온 몸이 듣는 곳이면 냄새 맡는 곳은 어디뇨
고린도전서,12,18,고린도전서 12:18,그러나 이제 하나님이 그 원하시는 대로 지체를 각각 몸에 두셨으니
고린도전서,12,19,고린도전서 12:19,만일 다 한 지체뿐이면 몸은 어디뇨
고린도전서,12,20,고린도전서 12:20,이제 지체는 많으나 몸은 하나라
고린도전서,12,21,고린도전서 12:21,눈이 손더러 내가 너를 쓸데 없다 하거나 또한 머리가 발더러 내가 너를 쓸데 없다 하거나 하지 못하리라
고린도전서,12,22,고린도전서 12:22,이뿐 아니라 몸의 더 약하게 보이는 지체가 도리어 요긴하고
고린도전서,12,23,고린도전서 12:23,우리가 몸의 덜 귀히 여기는 그것들을 더욱 귀한 것들로 입혀주며 우리의 아름답지 못한 지체는 더욱 아름다운 것을 얻고
고린도전서,12,24,고린도전서 12:24,우리의 아름다운 지체는 요구할 것이 없으니 오직 하나님이 몸을 고르게 하여 부족한 지체에게 존귀를 더하사
고린도전서,12,25,고린도전서 12:25,몸 가운데서 분쟁이 없고 오직 여러 지체가 서로 같이하여 돌아보게 하셨으니
고린도전서,12,26,고린도전서 12:26,만일 한 지체가 고통을 받으면 모든 지체도 함께 고통을 받고 한 지체가 영광을 얻으면 모든 지체도 함께 즐거워하나니
고린도전서,12,27,고린도전서 12:27,너희는 그리스도의 몸이요 지체의 각 부분이라
고린도전서,12,28,고린도전서 12:28,"하나님이 교회 중에 몇을 세우셨으니 첫째는 사도요, 둘째는 선지자요, 세째는 교사요, 그 다음은 능력이요, 그 다음은 병 고치는 은사와, 서로 돕는 것과, 다스리는 것과, 각종 방언을 하는 것이라"
고린도전서,12,29,고린도전서 12:29,다 사도겠느냐 ? 다 선지자겠느냐 ? 다 교사겠느냐 ? 다 능력을 행하는 자겠느냐 ?
고린도전서,12,30,고린도전서 12:30,다 병 고치는 은사를 가진 자겠느냐 ? 다 방언을 말하는 자겠느냐 ? 다 통역하는 자겠느냐 ?
고린도전서,12,31,고린도전서 12:31,너희는 더욱 큰 은사를 사모하라 ! 내가 또한 제일 좋은 길을 너희에게 보이리라
고린도전서,13,1,고린도전서 13:1,내가 사람의 방언과 천사의 말을 할지라도 사랑이 없으면 소리나는 구리와 울리는 꽹과리가 되고
고린도전서,13,2,고린도전서 13:2,내가 예언하는 능이 있어 모든 비밀과 모든 지식을 알고 또 산을 옮길 만한 모든 믿음이 있을지라도 사랑이 없으면 내가 아무 것도 아니요
고린도전서,13,3,고린도전서 13:3,내가 내게 있는 모든 것으로 구제하고 또 내 몸을 불사르게 내어 줄지라도 사랑이 없으면 내게 아무 유익이 없느니라
고린도전서,13,6,고린도전서 13:6,"불의를 기뻐하지 아니하며, 진리와 함께 기뻐하고"
고린도전서,13,7,고린도전서 13:7,"모든 것을 참으며, 모든 것을 믿으며, 모든 것을 바라며, 모든 것을 견디느니라 !"
고린도전서,13,8,고린도전서 13:8,사랑은 언제까지든지 떨어지지 아니하나 예언도 폐하고 방언도 그치고 지식도 폐하리라
고린도전서,13,9,고린도전서 13:9,우리가 부분적으로 알고 부분적으로 예언하니
고린도전서,13,10,고린도전서 13:10,온전한 것이 올 때에는 부분적으로 하던 것이 폐하리라
고린도전서,13,11,고린도전서 13:11,내가 어렸을 때에는 말하는 것이 어린 아이와 같고 깨닫는 것이 어린 아이와 같고 생각하는 것이 어린 아이와 같다가 장성한 사람이 되어서는 어린 아이의 일을 버렸노라
고린도전서,13,12,고린도전서 13:12,우리가 이제는 거울로 보는 것같이 희미하나 그 때에는 얼굴과 얼굴을 대하여 볼 것이요 이제는 내가 부분적으로 아나 그 때에는 주께서 나를 아신 것같이 내가 온전히 알리라
고린도전서,14,1,고린도전서 14:1,사랑을 따라 구하라 신령한 것을 사모하되 특별히 예언을 하려고 하라
고린도전서,14,2,고린도전서 14:2,방언을 말하는 자는 사람에게 하지 아니하고 하나님께 하나니 이는 알아 듣는 자가 없고 그 영으로 비밀을 말함이니라
고린도전서,14,3,고린도전서 14:3,그러나 예언하는 자는 사람에게 말하여 덕을 세우며 권면하며 안위하는 것이요
고린도전서,14,4,고린도전서 14:4,방언을 말하는 자는 자기의 덕을 세우고 예언하는 자는 교회의 덕을 세우나니
고린도전서,14,5,고린도전서 14:5,나는 너희가 다 방언 말하기를 원하나 특별히 예언하기를 원하노라 방언을 말하는 자가 만일 교회의 덕을 세우기 위하여 통역하지 아니하면 예언하는 자만 못하니라
고린도전서,14,7,고린도전서 14:7,혹 저나 거문고와 같이 생명 없는 것이 소리를 낼 때에 그 음의 분별을 내지 아니하면 저 부는 것인지 거문고 타는 것인지 어찌 알게 되리요
고린도전서,14,8,고린도전서 14:8,만일 나팔이 분명치 못한 소리를 내면 누가 전쟁을 예비하리요
고린도전서,14,9,고린도전서 14:9,이와 같이 너희도 혀로서 알아 듣기 쉬운 말을 하지 아니하면 그 말하는 것을 어찌 알리요 이는 허공에다 말하는 것이라
고린도전서,14,10,고린도전서 14:10,세상에 소리의 종류가 이같이 많되 뜻 없는 소리는 없나니
고린도전서,14,11,고린도전서 14:11,그러므로 내가 그 소리의 뜻을 알지 못하면 내가 말하는 자에게 야만이 되고 말하는 자도 내게 야만이 되리니
고린도전서,14,12,고린도전서 14:12,그러면 너희도 신령한 것을 사모하는 자인즉 교회의 덕 세우기를 위하여 풍성하기를 구하라
고린도전서,14,13,고린도전서 14:13,그러므로 방언을 말하는 자는 통역하기를 기도할지니
고린도전서,14,14,고린도전서 14:14,내가 만일 방언으로 기도하면 나의 영이 기도하거니와 나의 마음은 열매를 맺히지 못하리라
고린도전서,14,15,고린도전서 14:15,그러면 어떻게 할꼬 ? 내가 영으로 기도하고 또 마음으로 기도하며 내가 영으로 찬미하고 또 마음으로 찬미하리라
고린도전서,14,16,고린도전서 14:16,그렇지 아니하면 네가 영으로 축복할 때에 무식한 처지에 있는 자가 네가 무슨 말을 하는지 알지 못하고 네 감사에 어찌 아멘 하리요
고린도전서,14,17,고린도전서 14:17,너는 감사를 잘하였으나 그러나 다른 사람은 덕 세움을 받지 못하리라
고린도전서,14,18,고린도전서 14:18,내가 너희 모든 사람보다 방언을 더 말하므로 하나님께 감사하노라
고린도전서,14,19,고린도전서 14:19,그러나 교회에서 네가 남을 가르치기 위하여 깨달은 마음으로 다섯 마디 말을 하는 것이 일만 마디 방언으로 말하는 것보다 나으니라
고린도전서,14,20,고린도전서 14:20,형제들아 지혜에는 아이가 되지 말고 악에는 어린 아이가 되라 지혜에 장성한 사람이 되라
고린도전서,14,21,고린도전서 14:21,율법에 기록된바 주께서 가라사대 내가 다른 방언하는 자와 다른 입술로 이 백성에게 말할지라도 저희가 오히려 듣지 아니하리라 하였으니
고린도전서,14,22,고린도전서 14:22,그러므로 방언은 믿는 자들을 위하지 않고 믿지 아니하는 자들을 위하는 표적이나 예언은 믿지 아니하는 자들을 위하지 않고 믿는 자들을 위함이니
고린도전서,14,23,고린도전서 14:23,그러므로 온 교회가 함께 모여 다 방언으로 말하면 무식한 자들이나 믿지 아니하는 자들이 들어와서 너희를 미쳤다 하지 아니하겠느냐 ?
고린도전서,14,24,고린도전서 14:24,그러나 다 예언을 하면 믿지 아니하는 자들이나 무식한 자들이 들어와서 모든 사람에게 책망을 들으며 모든 사람에게 판단을 받고
고린도전서,14,25,고린도전서 14:25,그 마음의 숨은 일이 드러나게 되므로 엎드리어 하나님께 경배하며 하나님이 참으로 너희 가운데 계시다 전파하리라
고린도전서,14,27,고린도전서 14:27,만일 누가 방언으로 말하거든 두 사람이나 다불과 세 사람이 차서를 따라 하고 한 사람이 통역할 것이요
고린도전서,14,28,고린도전서 14:28,만일 통역하는 자가 없거든 교회에서는 잠잠하고 자기와 및 하나님께 말할 것이요
고린도전서,14,29,고린도전서 14:29,예언하는 자는 둘이나 셋이나 말하고 다른 이들은 분변할 것이요
고린도전서,14,30,고린도전서 14:30,만일 곁에 앉은 다른 이에게 계시가 있거든 먼저 하던 자는 잠잠할지니라
고린도전서,14,31,고린도전서 14:31,너희는 다 모든 사람으로 배우게 하고 모든 사람으로 권면을 받게 하기 위하여 하나씩 하나씩 예언할 수 있느니라
고린도전서,14,32,고린도전서 14:32,예언하는 자들의 영이 예언하는 자들에게 제재를 받나니
고린도전서,14,33,고린도전서 14:33,하나님은 어지러움의 하나님이 아니시요 오직 ! 화평의 하나님이시니라
고린도전서,14,36,고린도전서 14:36,하나님의 말씀이 너희에게로부터 난 것이냐 또는 너희에게만 임한 것이냐
고린도전서,14,37,고린도전서 14:37,만일 누구든지 자기를 선지자나 혹 신령한 자로 생각하거든 내가 너희에게 편지한 것이 주의 명령인 줄 알라
고린도전서,14,38,고린도전서 14:38,만일 누구든지 알지 못하면 그는 알지 못한 자니라
고린도전서,14,40,고린도전서 14:40,모든 것을 적당하게 하고 질서대로 하라 !
고린도전서,15,1,고린도전서 15:1,형제들아 ! 내가 너희에게 전한 복음을 너희로 알게 하노니 이는 너희가 받은 것이요 또 그 가운데 선 것이라
고린도전서,15,2,고린도전서 15:2,너희가 만일 나의 전한 그 말을 굳게 지키고 헛되이 믿지 아니하였으면 이로 말미암아 구원을 얻으리라
고린도전서,15,3,고린도전서 15:3,내가 받은 것을 먼저 너희에게 전하였노니 이는 성경대로 그리스도께서 우리 죄를 위하여 죽으시고
고린도전서,15,4,고린도전서 15:4,장사 지낸 바 되었다가 성경대로 사흘 만에 다시 살아나사
고린도전서,15,6,고린도전서 15:6,그 후에 오백여 형제에게 일시에 보이셨나니 그 중에 지금까지 태반이나 살아 있고 어떤 이는 잠들었으며
고린도전서,15,8,고린도전서 15:8,맨 나중에 만삭되지 못하여 난 자 같은 내게도 보이셨느니라
고린도전서,15,9,고린도전서 15:9,나는 사도 중에 지극히 작은 자라 내가 하나님의 교회를 핍박하였으므로 사도라 칭함을 받기에 감당치 못할 자로라
고린도전서,15,10,고린도전서 15:10,그러나 나의 나 된 것은 하나님의 은혜로 된 것이니 내게 주신 그의 은혜가 헛되지 아니하여 내가 모든 사도보다 더 많이 수고하였으나 내가 아니요 오직 나와 함께 하신 하나님의 은혜로라
고린도전서,15,11,고린도전서 15:11,그러므로 내나 저희나 이같이 전파하매 너희도 이같이 믿었느니라
고린도전서,15,12,고린도전서 15:12,그리스도께서 죽은 자 가운데서 다시 살아나셨다 전파되었거늘 너희 중에서 어떤 이들은 어찌하여 죽은 자 가운데서 부활이 없다 하느냐
고린도전서,15,13,고린도전서 15:13,만일 죽은 자의 부활이 없으면 그리스도도 다시 살지 못하셨으리라
고린도전서,15,15,고린도전서 15:15,또 우리가 하나님의 거짓 증인으로 발견되리니 우리가 하나님이 그리스도를 다시 살리셨다고 증거하였음이라 만일 죽은 자가 다시 사는 것이 없으면 하나님이 그리스도를 다시 살리시지 아니하셨으리라
고린도전서,15,16,고린도전서 15:16,만일 죽은 자가 다시 사는 것이 없으면 그리스도도 다시 사신 것이 없었을 터이요
고린도전서,15,17,고린도전서 15:17,그리스도께서 다시 사신 것이 없으면 너희의 믿음도 헛되고 너희가 여전히 죄 가운데 있을 것이요
고린도전서,15,20,고린도전서 15:20,그러나 이제 그리스도께서 죽은 자 가운데서 다시 살아 잠 자는 자들의 첫 열매가 되셨도다
고린도전서,15,21,고린도전서 15:21,사망이 사람으로 말미암았으니 죽은 자의 부활도 사람으로 말미암는도다
고린도전서,15,22,고린도전서 15:22,아담 안에서 모든 사람이 죽은것 같이 그리스도 안에서 모든 사람이 삶을 얻으리라
고린도전서,15,23,고린도전서 15:23,그러나 각각 자기 차례대로 되리니 먼저는 첫 열매인 그리스도요 다음에는 그리스도 강림하실 때에 그에게 붙은 자요
고린도전서,15,24,고린도전서 15:24,그 후에는 나중이니 저가 모든 정사와 모든 권세와 능력을 멸하시고 나라를 아버지 하나님께 바칠 때라
고린도전서,15,26,고린도전서 15:26,맨 나중에 멸망 받을 원수는 사망이니라
고린도전서,15,27,고린도전서 15:27,만물을 저의 발 아래 두셨다 하셨으니 만물을 아래 둔다 말씀하실 때에 만물을 저의 아래 두신 이가 그 중에 들지 아니한 것이 분명하도다
고린도전서,15,28,고린도전서 15:28,만물을 저에게 복종하게 하신 때에는 아들 자신도 그 때에 만물을 자기에게 복종케 하신 이에게 복종케 되리니 이는 하나님이 만유의 주로서 만유 안에 계시려 하심이라
고린도전서,15,29,고린도전서 15:29,만일 죽은 자들이 도무지 다시 살지 못하면 죽은 자들을 위하여 세례 받는 자들이 무엇을 하겠느냐 어찌하여 저희를 위하여 세례를 받느뇨
고린도전서,15,30,고린도전서 15:30,또 어찌하여 우리가 때마다 위험을 무릅쓰리요
고린도전서,15,31,고린도전서 15:31,형제들아 내가 그리스도 예수 우리 주 안에서 가진 바 너희에게 대한 나의 자랑을 두고 단언하노니 나는 날마다 죽노라
고린도전서,15,33,고린도전서 15:33,속지 말라 악한 동무들은 선한 행실을 더럽히나니
고린도전서,15,34,고린도전서 15:34,깨어 의를 행하고 죄를 짓지 말라 하나님을 알지 못하는 자가 있기로 내가 너희를 부끄럽게 하기 위하여 말하노라
고린도전서,15,35,고린도전서 15:35,누가 묻기를 죽은 자들이 어떻게 다시 살며 어떠한 몸으로 오느냐 하리니
고린도전서,15,36,고린도전서 15:36,어리석은 자여 ! 너의 뿌리는 씨가 죽지 않으면 살아나지 못하겠고
고린도전서,15,37,고린도전서 15:37,또 너의 뿌리는 것은 장래 형체를 뿌리는 것이 아니요 다만 밀이나 다른 것의 알갱이뿐이로되
고린도전서,15,38,고린도전서 15:38,하나님이 그 뜻대로 저에게 형체를 주시되 각 종자에게 그 형체를 주시느니라
고린도전서,15,39,고린도전서 15:39,"육체는 다 같은 육체가 아니니 하나는 사람의 육체요, 하나는 짐승의 육체요, 하나는 새의 육체요, 하나는 물고기의 육체라"
고린도전서,15,40,고린도전서 15:40,"하늘에 속한 형체도 있고, 땅에 속한 형체도 있으나, 하늘에 속한 자의 영광이 따로 있고, 땅에 속한 자의 영광이 따로 있으니"
고린도전서,15,41,고린도전서 15:41,"해의 영광도 다르며, 달의 영광도 다르며, 별의 영광도 다른데, 별과 별의 영광이 다르도다"
고린도전서,15,42,고린도전서 15:42,죽은 자의 부활도 이와 같으니 썩을 것으로 심고 썩지 아니할 것으로 다시 살며
고린도전서,15,43,고린도전서 15:43,욕된 것으로 심고 영광스러운 것으로 다시 살며 약한 것으로 심고 강한 것으로 다시 살며
고린도전서,15,44,고린도전서 15:44,육의 몸으로 심고 신령한 몸으로 다시 사나니 육의 몸이 있은즉 또 신령한 몸이 있느니라
고린도전서,15,45,고린도전서 15:45,기록된 바 첫 사람 아담은 산 영이 되었다 함과 같이 마지막 아담은 살려 주는 영이 되었나니
고린도전서,15,46,고린도전서 15:46,그러나 먼저는 신령한 자가 아니요 육 있는 자요 그 다음에 신령한 자니라
고린도전서,15,47,고린도전서 15:47,첫 사람은 땅에서 났으니 흙에 속한 자이거니와 둘째 사람은 하늘에서 나셨느니라
고린도전서,15,48,고린도전서 15:48,무릇 흙에 속한 자는 저 흙에 속한 자들과 같고 무릇 하늘에 속한 자는 저 하늘에 속한 자들과 같으니
고린도전서,15,49,고린도전서 15:49,우리가 흙에 속한 자의 형상을 입은 것같이 또한 하늘에 속한 자의 형상을 입으리라
고린도전서,15,50,고린도전서 15:50,형제들아 내가 이것을 말하노니 혈과 육은 하나님 나라를 유업으로 받을 수 없고 또한 썩은 것은 썩지 아니한 것을 유업으로 받지 못하느니라
고린도전서,15,51,고린도전서 15:51,보라 ! 내가 너희에게 비밀을 말하노니 우리가 다 잠잘 것이 아니요 마지막 나팔에 순식간에 홀연히 다 변화하리니
고린도전서,15,52,고린도전서 15:52,나팔 소리가 나매 죽은 자들이 썩지 아니할 것으로 다시 살고 우리도 변화하리라
고린도전서,15,53,고린도전서 15:53,이 썩을 것이 불가불 썩지 아니할 것을 입겠고 이 죽을 것이 죽지 아니함을 입으리로다
고린도전서,15,54,고린도전서 15:54,이 썩을 것이 썩지 아니함을 입고 이 죽을 것이 죽지 아니함을 입을 때에는 사망이 이김의 삼킨 바 되리라고 기록된 말씀이 응하리라
고린도전서,15,55,고린도전서 15:55,사망아 ! 너의 이기는 것이 어디 있느냐 사망아 ! 너의 쏘는 것이 어디 있느냐
고린도전서,15,56,고린도전서 15:56,사망의 쏘는 것은 죄요 죄의 권능은 율법이라
고린도전서,15,57,고린도전서 15:57,우리 주 예수 그리스도로 말미암아 우리에게 이김을 주시는 하나님께 감사하노니
고린도전서,15,58,고린도전서 15:58,그러므로 내 사랑하는 형제들아 견고하며 흔들리지 말며 항상 주의 일에 더욱 힘쓰는 자들이 되라 이는 너희 수고가 주 안에서 헛되지 않은 줄을 앎이니라
고린도전서,16,1,고린도전서 16:1,성도를 위하는 연보에 대하여는 내가 갈라디아 교회들에게 명한 것같이 너희도 그렇게 하라
고린도전서,16,2,고린도전서 16:2,매주일 첫날에 너희 각 사람이 이를 얻은 대로 저축하여 두어서 내가 갈 때에 연보를 하지 않게 하라
고린도전서,16,3,고린도전서 16:3,내가 이를 때에 너희의 인정한 사람에게 편지를 주어 너희의 은혜를 예루살렘으로 가지고 가게 하리니
고린도전서,16,4,고린도전서 16:4,만일 나도 가는 것이 합당하면 저희가 나와 함께 가리라
고린도전서,16,5,고린도전서 16:5,내가 마게도냐를 지날 터이니 마게도냐를 지난 후에 너희에게 나아가서
고린도전서,16,6,고린도전서 16:6,혹 너희와 함께 머물며 과동할 듯도 하니 이는 너희가 나를 나의 갈 곳으로 보내어 주게 하려 함이라
고린도전서,16,7,고린도전서 16:7,이제는 지나는 길에 너희 보기를 원치 하니하노니 이는 주께서 만일 허락하시면 얼마 동안 너희와 함께 유하기를 바람이라
고린도전서,16,9,고린도전서 16:9,내게 광대하고 공효를 이루는 문이 열리고 대적하는 자가 많음이니라
고린도전서,16,11,고린도전서 16:11,그러므로 누구든지 저를 멸시하지 말고 평안히 보내어 내게로 오게하라 나는 저가 형제들과 함께 오기를 기다리노라
고린도전서,16,13,고린도전서 16:13,깨어 믿음에 굳게 서서 남자답게 강건하여라 !
고린도전서,16,14,고린도전서 16:14,너희 모든 일을 사랑으로 행하라 !
고린도전서,16,15,고린도전서 16:15,형제들아 스데바나의 집은 곧 아가야의 첫 열매요 또 성도 섬기기로 작정한 줄을 너희가 아는지라 내가 너희를 권하노니
고린도전서,16,16,고린도전서 16:16,이 같은 자들과 또 함께 일하며 수고하는 모든 자에게 복종하라
고린도전서,16,17,고린도전서 16:17,"내가 스데바나와, 브드나도와, 아가이고의 온 것을 기뻐하노니 저희가 너희의 부족한 것을 보충하였음이니라"
고린도전서,16,20,고린도전서 16:20,모든 형제도 너희에게 문안하니 너희는 거룩하게 입맞춤으로 서로 문안하라
고린도전서,16,23,고린도전서 16:23,주 예수 그리스도의 은혜가 너희와 함께 하고
고린도전서,16,24,고린도전서 16:24,나의 사랑이 그리스도 예수의 안에서 너희 무리와 함께 할지어다
고린도후서,1,2,고린도후서 1:2,하나님 우리 아버지와 주 예수 그리스도로 좇아 은혜와 평강이 있기를 원하노라 !
고린도후서,1,3,고린도후서 1:3,찬송하리로다 ! 그는 우리 주 예수 그리스도의 하나님이시요 자비의 아버지시요 모든 위로의 하나님이시며
고린도후서,1,4,고린도후서 1:4,우리의 모든 환난 중에서 우리를 위로하사 우리로 하여금 하나님께 받는 위로로써 모든 환난 중에 있는 자들을 능히 위로하게 하시는 이시로다
고린도후서,1,5,고린도후서 1:5,그리스도의 고난이 우리에게 넘친 것같이 우리의 위로도 그리스도로 말미암아 넘치는도다
고린도후서,1,6,고린도후서 1:6,우리가 환난 받는 것도 너희의 위로와 구원을 위함이요 혹 위로 받는 것도 너희의 위로를 위함이니 이 위로가 너희 속에 역사하여 우리가 받는 것같은 고난을 너희도 견디게 하느니라
고린도후서,1,7,고린도후서 1:7,너희를 위한 우리의 소망이 견고함은 너희가 고난에 참예하는 자가 된 것같이 위로에도 그러할 줄을 앎이라
고린도후서,1,11,고린도후서 1:11,너희도 우리를 위하여 간구함으로 도우라 이는 우리가 많은 사람의 기도로 얻은 은사를 인하여 많은 사람도 우리를 위하여 감사하게 하려 함이라
고린도후서,1,12,고린도후서 1:12,우리가 세상에서 특별히 너희에게 대하여 하나님의 거룩함과 진실함으로써 하되 육체의 지혜로 하지 아니하고 하나님의 은혜로 행함은 우리 양심의 증거하는 바니 이것이 우리의 자랑이라
고린도후서,1,13,고린도후서 1:13,오직 너희가 읽고 아는 것 외에 우리가 다른 것을 쓰지 아니하노니 너희가 끝까지 알기를 내가 바라는 것은
고린도후서,1,14,고린도후서 1:14,너희가 대강 우리를 아는 것같이 우리 주 예수의 날에 너희가 우리의 자랑이 되고 우리가 너희의 자랑이 되는 것이라
고린도후서,1,15,고린도후서 1:15,내가 이 확신을 가지고 너희로 두 번 은혜를 얻게 하기 위하여 먼저 너희에게 이르렀다가
고린도후서,1,16,고린도후서 1:16,너희를 지나 마게도냐에 갔다가 다시 마게도냐에서 너희에게 가서 너희가 보내줌으로 유대로 가기를 경영하였으니
고린도후서,1,17,고린도후서 1:17,"이렇게 경영할 때에 어찌 경홀히 하였으리요 혹 경영하기를 육체를 좇아 경영하여 예, 예 하고 아니, 아니라 하는 일이 내게 있었겠느냐"
고린도후서,1,18,고린도후서 1:18,하나님은 미쁘시니라 우리가 너희에게 한 말은 예 하고 아니라 함이 없노라
고린도후서,1,20,고린도후서 1:20,하나님의 약속은 얼마든지 그리스도 안에서 예가 되니 그런즉 그로 말미암아 우리가 아멘 하여 하나님께 영광을 돌리게 되느니라
고린도후서,1,21,고린도후서 1:21,우리를 너희와 함께 그리스도 안에서 견고케 하시고 우리에게 기름을 부으신 이는 하나님이시니
고린도후서,1,22,고린도후서 1:22,저가 또한 우리에게 인치시고 보증으로 성령을 우리 마음에 주셨느니라
고린도후서,1,24,고린도후서 1:24,우리가 너희 믿음을 주관하려는 것이 아니요 오직 너희 기쁨을 돕는 자가 되려 함이니 이는 너희가 믿음에 섰음이라
고린도후서,2,1,고린도후서 2:1,내가 다시 근심으로 너희에게 나아가지 않기로 스스로 결단하였노니
고린도후서,2,2,고린도후서 2:2,내가 너희를 근심하게 하면 나의 근심하게 한 자 밖에 나를 기쁘게 하는 자가 누구냐
고린도후서,2,3,고린도후서 2:3,내가 이같이 쓴 것은 내가 갈 때에 마땅히 나를 기쁘게 할 자로부터 도리어 근심을 얻을까 염려함이요 또 너희 무리를 대하여 나의 기쁨이 너희 무리의 기쁨인 줄 확신함이로라
고린도후서,2,4,고린도후서 2:4,내가 큰 환난과 애통한 마음이 있어 많은 눈물로 너희에게 썼노니 이는 너희로 근심하게 하려 한 것이 아니요 오직 내가 너희를 향하여 넘치는 사랑이 있음을 너희로 알게 하려 함이라
고린도후서,2,5,고린도후서 2:5,근심하게 한 자가 있었을지라도 나를 근심하게 한 것이 아니요 어느 정도 너희 무리를 근심하게 한 것이니 어느 정도라 함은 내가 너무 심하게 하지 아니하려 함이라
고린도후서,2,8,고린도후서 2:8,그러므로 너희를 권하노니 사랑을 저희에게 나타내라
고린도후서,2,9,고린도후서 2:9,너희가 범사에 순종하는지 그 증거를 알고자 하여 내가 이것을 너희에게 썼노라
고린도후서,2,10,고린도후서 2:10,너희가 무슨 일이든지 뉘게 용서하면 나도 그리하고 내가 만일 용서한 일이 있으면 용서한 그것은 너희를 위하여 그리스도 앞에서 한 것이니
고린도후서,2,12,고린도후서 2:12,내가 그리스도의 복음을 위하여 드로아에 이르매 주 안에서 문이 내게 열렸으되
고린도후서,2,14,고린도후서 2:14,항상 우리를 그리스도 안에서 이기게 하시고 우리로 말미암아 각처에서 그리스도를 아는 냄새를 나타내시는 하나님께 감사하노라
고린도후서,2,15,고린도후서 2:15,우리는 구원 얻는 자들에게나 망하는 자들에게나 하나님 앞에서 그리스도의 향기니
고린도후서,2,17,고린도후서 2:17,우리는 수다한 사람과 같이 하나님의 말씀을 혼잡하게 하지 아니하고 곧 순전함으로 하나님께 받은 것같이 하나님 앞에서와 그리스도 안에서 말하노라
고린도후서,3,1,고린도후서 3:1,우리가 다시 자천하기를 시작하겠느냐 우리가 어찌 어떤 사람처럼 천거서를 너희에게 부치거나 혹 너희에게 맡거나 할 필요가 있느냐 ?
고린도후서,3,2,고린도후서 3:2,너희가 우리의 편지라 우리 마음에 썼고 뭇사람이 알고 읽는 바라
고린도후서,3,3,고린도후서 3:3,너희는 우리로 말미암아 나타난 그리스도의 편지니 이는 먹으로 쓴 것이 아니요 오직 살아 계신 하나님의 영으로 한 것이며 또 돌비에 쓴 것이 아니요 오직 육의 심비에 한 것이라
고린도후서,3,4,고린도후서 3:4,우리가 그리스도로 말미암아 하나님을 향하여 이같은 확신이 있으니
고린도후서,3,5,고린도후서 3:5,우리가 무슨 일이든지 우리에게서 난 것같이 생각하여 스스로 만족할 것이 아니니 우리의 만족은 오직 하나님께로서 났느니라
고린도후서,3,8,고린도후서 3:8,하물며 영의 직분이 더욱 영광이 있지 아니하겠느냐
고린도후서,3,10,고린도후서 3:10,영광되었던 것이 더 큰 영광을 인하여 이에 영광될 것이 없으나
고린도후서,3,11,고린도후서 3:11,없어질 것도 영광으로 말미암았은즉 길이 있을 것은 더욱 영광 가운데 있느니라
고린도후서,3,12,고린도후서 3:12,우리가 이같은 소망이 있으므로 담대히 말하노니
고린도후서,3,14,고린도후서 3:14,그러나 저희 마음이 완고하여 오늘까지라도 구약을 읽을 때에 그 수건이 오히려 벗어지지 아니하고 있으니 그 수건은 그리스도 안에서 없어질 것이라
고린도후서,3,16,고린도후서 3:16,그러나 언제든지 주께로 돌아가면 그 수건이 벗어지리라
고린도후서,3,17,고린도후서 3:17,주는 영이시니 주의 영이 계신 곳에는 자유함이 있느니라 !
고린도후서,3,18,고린도후서 3:18,우리가 다 수건을 벗은 얼굴로 거울을 보는것 같이 주의 영광을 보매 저와 같은 형상으로 화하여 영광으로 영광에 이르니 곧 주의 영으로 말미암음이니라
고린도후서,4,1,고린도후서 4:1,이러하므로 우리가 이 직분을 받아 긍휼하심을 입은대로 낙심하지 아니하고
고린도후서,4,3,고린도후서 4:3,만일 우리 복음이 가리웠으면 망하는 자들에게 가리운 것이라
고린도후서,4,4,고린도후서 4:4,그 중에 이 세상 신이 믿지 아니하는 자들의 마음을 혼미케하여 그리스도의 영광의 복음의 광채를 비취지 못하게 함이니 그리스도는 하나님의 형상이니라
고린도후서,4,5,고린도후서 4:5,우리가 우리를 전파하는 것이 아니라 오직 그리스도 예수의 주되신 것과 또 예수를 위하여 우리가 너희의 종 된 것을 전파함이라
고린도후서,4,6,고린도후서 4:6,어두운데서 빛이 비취리라 하시던 그 하나님께서 예수 그리스도의 얼굴에 있는 하나님의 영광을 아는 빛을 우리 마음에 비취셨느니라
고린도후서,4,7,고린도후서 4:7,우리가 이 보배를 질그릇에 가졌으니 이는 능력의 심히 큰 것이 하나님께 있고 우리에게 있지 아니함을 알게 하려 함이라
고린도후서,4,9,고린도후서 4:9,핍박을 받아도 버린 바 되지 아니하며 거꾸러뜨림을 당하여도 망하지 아니하고
고린도후서,4,13,고린도후서 4:13,기록한 바 내가 믿는 고로 말하였다 한 것 같이 우리가 같은 믿음의 마음을 가졌으니 우리도 믿는 고로 또한 말하노라
고린도후서,4,14,고린도후서 4:14,주 예수를 다시 살리신 이가 예수와 함께 우리도 다시 살리사 너희와 함께 그 앞에 서게 하실 줄을 아노니
고린도후서,4,15,고린도후서 4:15,모든 것을 너희를 위하여 하는 것은 은혜가 많은 사람의 감사함으로 말미암아 더하여 넘쳐서 하나님께 영광을 돌리게 하려 함이라
고린도후서,4,16,고린도후서 4:16,그러므로 우리가 낙심하지 아니하노니 겉 사람은 후패하나 우리의 속은 날로 새롭도다
고린도후서,4,17,고린도후서 4:17,우리의 잠시 받는 환난의 경한 것이 지극히 크고 영원한 영광의 중한 것을 우리에게 이루게 함이니
고린도후서,4,18,고린도후서 4:18,"우리의 돌아보는 것은 보이는 것이 아니요, 보이지 않는 것이니 보이는 것은 잠간이요, 보이지 않는 것은 영원함이니라"
고린도후서,5,1,고린도후서 5:1,"만일 땅에 있는 우리의 장막 집이 무너지면 하나님께서 지으신 집 곧 손으로 지은 것이 아니요, 하늘에 있는 영원한 집이 우리에게 있는 줄 아나니"
고린도후서,5,2,고린도후서 5:2,과연 우리가 여기 있어 탄식하며 하늘로부터 오는 우리 처소로 덧입기를 간절히 사모하노니
고린도후서,5,3,고린도후서 5:3,이렇게 입음은 벗은 자들로 발견되지 않으려 함이라
고린도후서,5,4,고린도후서 5:4,"이 장막에 있는 우리가 짐 진것 같이 탄식하는 것은 벗고자 함이 아니요, 오직 덧입고자 함이니 죽을 것이 생명에게 삼킨바 되게 하려 함이라"
고린도후서,5,8,고린도후서 5:8,우리가 담대하여 원하는 바는 차라리 몸을 떠나 주와 함께 거하는 그것이라
고린도후서,5,11,고린도후서 5:11,우리가 주의 두려우심을 알므로 사람을 권하노니 우리가 하나님 앞에 알리워졌고 또 너희의 양심에도 알리워졌기를 바라노라
고린도후서,5,12,고린도후서 5:12,"우리가 다시 너희에게 자천하는 것이 아니요, 오직 우리를 인하여 자랑할 기회를 너희에게 주어 마음으로 하지 않고 외모로 자랑하는 자들을 대하게 하려 하는 것이라"
고린도후서,5,13,고린도후서 5:13,"우리가 만일 미쳤어도 하나님을 위한 것이요, 만일 정신이 온전하여도 너희를 위한 것이니"
고린도후서,5,14,고린도후서 5:14,그리스도의 사랑이 우리를 강권하시는도다 우리가 생각건대 한 사람이 모든 사람을 대신하여 죽었은즉 모든 사람이 죽은 것이라
고린도후서,5,16,고린도후서 5:16,그러므로 우리가 이제부터는 아무 사람도 육체대로 알지 아니하노라 비록 우리가 그리스도도 육체대로 알지 아니하노라 비록 우리가 그리스도도 육체대로 알았으나 이제부터는 이같이 알지 아니하노라
고린도후서,5,18,고린도후서 5:18,모든 것이 하나님께로 났나니 저가 그리스도로 말미암아 우리를 자기와 화목하게 하시고 또 우리에게 화목하게 하는 직책을 주셨으니
고린도후서,5,21,고린도후서 5:21,하나님이 죄를 알지도 못하신 자로 우리를 대신하여 죄를 삼으신 것은 우리로 하여금 저의 안에서 하나님의 의가 되게 하려 하심이니라
고린도후서,6,1,고린도후서 6:1,우리가 하나님과 함께 일하는 일하는 자로서 너희를 권하노니 하나님의 은혜를 헛되이 받지 말라
고린도후서,6,2,고린도후서 6:2,"가라사대 내가 은혜를 베풀 때에 너를 듣고 구원의 날에 너를 도왔다 하셨으니 보라 ! 지금은 은혜 받을만한 때요, 보라 ! 지금은 구원의 날이로다"
고린도후서,6,3,고린도후서 6:3,우리가 이 직책이 훼방을 받지 않게 하려고 무엇에든지 아무에게도 거리끼지 않게 하고
고린도후서,6,7,고린도후서 6:7,"진리의 말씀과, 하나님의 능력 안에 있어 의의 병기로 좌우하고"
고린도후서,6,8,고린도후서 6:8,영광과 욕됨으로 말미암으며 악한 이름과 아름다운 이름으로 말미암으며 속이는 자 같으나 참되고
고린도후서,6,9,고린도후서 6:9,무명한 자 같으나 유명한 자요 죽는 자 같으나 보라 ! 우리가 살고 징계를 받는 자 같으나 죽임을 당하지 아니하고
고린도후서,6,10,고린도후서 6:10,"근심하는 자 같으나 항상 기뻐하고, 가난한 자 같으나 많은 사람을 부요하게 하고, 아무 것도 없는 자 같으나 모든 것을 가진 자로다"
고린도후서,6,12,고린도후서 6:12,너희가 우리 안에서 좁아진 것이 아니라 오직 너희 심정에서 좁아진 것이니라
고린도후서,6,13,고린도후서 6:13,내가 자녀에게 말하듯 하노니 보답하는 양으로 너희도 마음을 넓히라
고린도후서,6,16,고린도후서 6:16,하나님의 성전과 우상이 어찌 일치가 되리요 우리는 살아계신 하나님의 성전이라 이와 같이 하나님께서 가라사대 내가 저희 가운데 거하며 두루 행하여 나는 저희 하나님이 되고 저희는 나의 백성이 되리라 하셨느니라
고린도후서,6,18,고린도후서 6:18,너희에게 아버지가 되고 너희는 내게 자녀가 되리라 전능하신 주의 말씀이니라 하셨느니라
고린도후서,7,2,고린도후서 7:2,마음으로 우리를 영접하라 우리가 아무에게도 불의를 하지 않고 아무에게도 해롭게 하지 않고 아무에게도 속여 빼앗은 일이 없노라
고린도후서,7,3,고린도후서 7:3,내가 정죄하려고 이 말을 하는 것이 아니라 이전에 말하였거니와 너희로 우리 마음에 있어 함께 죽고 함께 살게 하고자 함이라
고린도후서,7,4,고린도후서 7:4,내가 너희를 향하여 하는 말이 담대한 것도 많고 너희를 위하여 자랑하는 것도 많으니 내가 우리의 모든 환난 가운데서도 위로가 가득하고 기쁨이 넘치는도다
고린도후서,7,5,고린도후서 7:5,우리가 마게도냐에 이르렀을때에도 우리 육체가 편치 못하고 사방으로 환난을 당하여 밖으로는 다툼이요 안으로는 두려움이라
고린도후서,7,7,고린도후서 7:7,저의 온 것뿐 아니요 오직 저가 너희에게 받은 그 위로로 위로하고 너희의 사모함과 애통함과 나를 위하여 열심 있는 것을 우리에게 고함으로 나로 더욱 기쁘게 하였느니라
고린도후서,7,8,고린도후서 7:8,그러므로 내가 편지로 너희를 근심하게 한 것을 후회하였으나 지금은 후회하지 아니함은 그 편지가 너희로 잠시만 근심하게 한 줄을 앎이라
고린도후서,7,9,고린도후서 7:9,내가 지금 기뻐함은 너희로 근심하게 한 까닭이 아니요 도리어 너희가 근심함으로 회개함에 이른 까닭이라 너희가 하나님의 뜻대로 근심하게 된 것은 우리에게서 아무 해도 받지 않게 하려 함이라
고린도후서,7,10,고린도후서 7:10,하나님의 뜻대로 하는 근심은 후회할 것이 없는 구원에 이르게 하는 회개를 이루는 것이요 세상 근심은 사망을 이루는 것이니라
고린도후서,7,16,고린도후서 7:16,내가 너희를 인하여 범사에 담대한 고로 기뻐하노라
고린도후서,8,1,고린도후서 8:1,형제들아 ! 하나님께서 마게도냐 교회들에게 주신 은혜를 우리가 너희에게 알게 하노니
고린도후서,8,2,고린도후서 8:2,환난의 많은 시련 가운데서 저희 넘치는 기쁨과 극한 가난이 저희로 풍성한 연보를 넘치도록 하게 하였느니라
고린도후서,8,3,고린도후서 8:3,내가 증거하노니 저희가 힘대로 할 뿐 아니라 힘에 지나도록 자원하여
고린도후서,8,4,고린도후서 8:4,이 은혜와 성도 섬기는 일에 참여함에 대하여 우리에게 간절히 구하니
고린도후서,8,5,고린도후서 8:5,우리의 바라던 것뿐 아니라 저희가 먼저 자신을 주께 드리고 또 하나님 뜻을 좇아 우리에게 주었도다
고린도후서,8,7,고린도후서 8:7,오직 너희는 믿음과 말과 지식과 모든 간절함과 우리를 사랑하는 이 모든 일에 풍성한 것같이 이 은혜에도 풍성하게 할지니라
고린도후서,8,8,고린도후서 8:8,내가 명령으로 하는 말이 아니요 오직 다른 이들의 간절함을 가지고 너희의 사랑의 진실함을 증명코자 함이로라
고린도후서,8,9,고린도후서 8:9,우리 주 예수 그리스도의 은혜를 너희가 알거니와 부요하신 자로서 너희를 위하여 가난하게 되심은 그의 가난함을 인하여 너희로 부요케 하려 하심이니라
고린도후서,8,10,고린도후서 8:10,이 일에 내가 뜻만 보이노니 이것은 너희에게 유익함이라 너희가 일 년 전에 행하기를 먼저 시작할 뿐 아니라 원하기도 하였은즉
고린도후서,8,11,고린도후서 8:11,이제는 행하기를 성취할지니 마음에 원하던 것과 같이 성취하되 있는 대로 하라
고린도후서,8,12,고린도후서 8:12,할 마음만 있으면 있는 대로 받으실 터이요 없는 것을 받지 아니하시리라
고린도후서,8,14,고린도후서 8:14,이제 너희의 유여한 것으로 저희 부족한 것을 보충함은 후에 저희 유여한 것으로 너희 부족한 것을 보충하여 평균하게 하려 함이라
고린도후서,8,15,고린도후서 8:15,기록한 것같이 많이 거둔 자도 남지 아니하였고 적게 거둔 자도 모자라지 아니하였느니라
고린도후서,8,18,고린도후서 8:18,또 저와 함께 한 형제를 보내었으니 이 사람은 복음으로서 모든 교회에서 칭찬을 받는 자요
고린도후서,8,19,고린도후서 8:19,이뿐 아니라 저는 동일한 주의 영광과 우리의 원을 나타내기 위하여 여러 교회의 택함을 입어 우리의 맡은 은혜의 일로 우리와 동행하는 자라
고린도후서,8,20,고린도후서 8:20,이것을 조심함은 우리가 맡은 이 거액의 연보로 인하여 아무도 우리를 훼방하지 못하게 하려 함이니
고린도후서,8,22,고린도후서 8:22,또 저희와 함께 우리의 한 형제를 보내었노니 우리가 여러 가지 일에 그 간절한 것을 여러 번 시험하였거니와 이제 저가 너희를 크게 믿은고로 더욱 간절하니라
고린도후서,8,24,고린도후서 8:24,그러므로 너희는 여러 교회 앞에서 너희의 사랑과 너희를 대한 우리 자랑의 증거를 저희에게 보이라
고린도후서,9,1,고린도후서 9:1,성도를 섬기는 일에 대하여 내가 너희에게 쓸 필요가 없나니
고린도후서,9,3,고린도후서 9:3,그런데 이 형제들을 보낸 것은 이 일에 너희를 위한 우리의 자랑이 헛되지 않고 내 말한 것같이 준비하게 하려 함이라
고린도후서,9,4,고린도후서 9:4,혹 마게도냐인들이 나와 함께 가서 너희의 준비치 아니한 것을 보면 너희는 고사하고 우리가 이 믿던 것에 부끄러움을 당할까 두려워하노라
고린도후서,9,6,고린도후서 9:6,이것이 곧 적게 심는 자는 적게 거두고 많이 심는 자는 많이 거둔다 하는 말이로다
고린도후서,9,7,고린도후서 9:7,각각 그 마음에 정한 대로 할 것이요 인색함으로나 억지로 하지 말지니 하나님은 즐겨 내는 자를 사랑하시느니라 !
고린도후서,9,8,고린도후서 9:8,하나님이 능히 모든 은혜를 너희에게 넘치게 하시나니 이는 너희로 모든 일에 항상 모든 것이 넉넉하여 모든 착한 일을 넘치게 하게 하려 하심이라
고린도후서,9,9,고린도후서 9:9,기록한 바 저가 흩어 가난한 자들에게 주었으니 그의 의가 영원토록 있느니라 함과 같으니라
고린도후서,9,10,고린도후서 9:10,심는 자에게 씨와 먹을 양식을 주시는 이가 너희 심을 것을 주사 풍성하게 하시고 너희 의의 열매를 더하게 하시리니
고린도후서,9,11,고린도후서 9:11,너희가 모든 일에 부요하여 너그럽게 연보를 함은 저희로 우리로 말미암아 하나님께 감사하게 하는 것이라
고린도후서,9,12,고린도후서 9:12,이 봉사의 직무가 성도들의 부족한 것만 보충할 뿐 아니라 사람들의 하나님께 드리는 많은 감사를 인하여 넘쳤느니라
고린도후서,9,13,고린도후서 9:13,이 직무로 증거를 삼아 너희의 그리스도의 복음을 진실히 믿고 복종하는 것과 저희와 모든 사람을 섬기는 너희의 후한 연보를 인하여 하나님께 영광을 돌리고
고린도후서,9,14,고린도후서 9:14,또 저희가 너희를 위하여 간구하며 하나님의 너희에게 주신 지극한 은혜를 인하여 너희를 사모하느니라
고린도후서,9,15,고린도후서 9:15,말할 수 없는 그의 은사를 인하여 하나님께 감사하노라
고린도후서,10,2,고린도후서 10:2,또한 우리를 육체대로 행하는 자로 여기는 자들을 대하여 내가 담대히 대하려는 것같이 너희와 함께 있을 때에 나로 하여금 이 담대한 태도로 대하지 않게 하기를 구하노라
고린도후서,10,3,고린도후서 10:3,우리가 육체에 있어 행하나 육체대로 싸우지 아니하노니
고린도후서,10,4,고린도후서 10:4,우리의 싸우는 병기는 육체에 속한 것이 아니요 오직 하나님 앞에서 견고한 진을 파하는 강력이라
고린도후서,10,5,고린도후서 10:5,모든 이론을 파하며 하나님 아는 것을 대적하여 높아진 것을 다 파하고 모든 생각을 사로잡아 그리스도에게 복종케 하니
고린도후서,10,7,고린도후서 10:7,너희는 외모만 보는도다 만일 사람이 자기가 그리스도에게 속한 줄을 믿을진대 자기가 그리스도에게 속한 것같이 우리도 그러한 줄을 자기 속으로 다시 생각할 것이라
고린도후서,10,8,고린도후서 10:8,주께서 주신 권세는 너희를 파하려고 하신 것이 아니요 세우려고 하신 것이니 내가 이에 대하여 지나치게 자랑하여도 부끄럽지 아니하리라
고린도후서,10,10,고린도후서 10:10,저희 말이 그 편지들은 중하고 힘이 있으나 그 몸으로 대할 때는 약하고 말이 시원치 않다 하니
고린도후서,10,11,고린도후서 10:11,이런 사람은 우리가 떠나 있을 때에 편지들로 말하는 자가 어떠한 자이면 함께 있을 때에 행하는 자도 그와 같은 자인줄 알라
고린도후서,10,12,고린도후서 10:12,우리가 어떤 자기를 칭찬하는 자로 더불어 감히 짝하며 비교할 수 없노라 그러나 저희가 자기로서 자기를 헤아리고 자기로서 자기를 비교하니 지혜가 없도다
고린도후서,10,13,고린도후서 10:13,그러나 우리는 분량밖의 자랑을 하지 않고 오직 하나님이 우리에게 분량으로 나눠 주신 그 분량의 한계를 따라 하노니 곧 너희에게까지 이른 것이라
고린도후서,10,14,고린도후서 10:14,우리가 너희에게 미치지 못할 자로서 스스로 지나쳐 나아간 것이 아니요 그리스도의 복음으로 너희에게까지 이른 것이라
고린도후서,10,15,고린도후서 10:15,우리는 남의 수고를 가지고 분량밖의 자랑하는 것이 아니라 오직 너희 믿음이 더 할수록 우리의 한계를 따라 너희 가운데서 더욱 위대하여지기를 바라노라
고린도후서,10,17,고린도후서 10:17,자랑하는 자는 주 안에서 자랑할지니라 !
고린도후서,10,18,고린도후서 10:18,옳다 인정함을 받는 자는 자기를 칭찬하는 자가 아니요 오직 주께서 칭찬하시는 자니라
고린도후서,11,1,고린도후서 11:1,원컨대 너희는 나의 좀 어리석은 것을 용납하라 청컨대 나를 용납하라
고린도후서,11,2,고린도후서 11:2,내가 하나님의 열심으로 너희를 위하여 열심 내노니 내가 너희를 정결한 처녀로 한 남편인 그리스도께 드리려고 중매함이로다
고린도후서,11,4,고린도후서 11:4,만일 누가 가서 우리의 전파하지 아니한 다른 예수를 전파하거나 혹 너희의 받지 아니한 다른 영을 받게 하거나 혹 너희의 받지 아니한 다른 복음을 받게할 때에는 너희가 잘 용납하는구나
고린도후서,11,5,고린도후서 11:5,내가 지극히 큰 사도들보다 부족한 것이 조금도 없는 줄 생각하노라
고린도후서,11,6,고린도후서 11:6,내가 비록 말에는 졸하나 지식에는 그렇지 아니하니 이것을 우리가 모든 사람 가운데서 모든 일로 너희에게 나타내었노라
고린도후서,11,7,고린도후서 11:7,내가 너희를 높이려고 나를 낮추어 하나님의 복음을 값 없이 너희에게 전함으로 죄를 지었느냐
고린도후서,11,8,고린도후서 11:8,내가 너희를 섬기기 위하여 다른 여러 교회에서 요를 받은 것이 탈취한 것이라
고린도후서,11,9,고린도후서 11:9,또 내가 너희에게 있어 용도가 부족하되 아무에게도 누를 끼치지 아니함은 마게도냐에서 온 형제들이 나의 부족한 것을 보충하였음이라 내가 모든 일에 너희에게 폐를 끼치지 않기 위하여 스스로 조심하였거니와 또 조심하리라
고린도후서,11,10,고린도후서 11:10,그리스도의 진리가 내 속에 있으니 아가야 지방에서 나의 이 자랑이 막히지 아니하리라
고린도후서,11,11,고린도후서 11:11,어떠한 연고뇨 내가 너희를 사랑하지 아니함이냐 하나님이 아시느니라
고린도후서,11,12,고린도후서 11:12,내가 하는 것을 또 하리니 기회를 찾는 자들의 그 기회를 끊어 저희로 하여금 그 자랑하는 일에 대하여 우리와 같이 되게 하려 함이로라
고린도후서,11,15,고린도후서 11:15,그러므로 사단의 일군들도 자기를 의의 일군으로 가장하는 것이 또한 큰 일이 아니라 저희의 결국은 그 행위대로 되리라
고린도후서,11,16,고린도후서 11:16,내가 다시 말하노니 누구든지 나를 어리석은 자로 여기지 말라 만일 그러하더라도 나로 조금 자랑하게 어리석은 자로 받으라
고린도후서,11,17,고린도후서 11:17,내가 말하는 것은 주를 따라 하는 말이 아니요 오직 어리석은 자와 같이 기탄 없이 자랑하노라
고린도후서,11,18,고린도후서 11:18,여러 사람이 육체를 따라 자랑하니 나도 자랑하겠노라
고린도후서,11,19,고린도후서 11:19,너희는 지혜로운 자로서 어리석은 자들을 기쁘게 용납하는구나
고린도후서,11,21,고린도후서 11:21,우리가 약한 것같이 내가 욕되게 말하노라 그러나 누가 무슨 일에 담대하면 어리석은 말이나마 나도 담대하리라
고린도후서,11,23,고린도후서 11:23,"저희가 그리스도의 일군이냐 정신 없는 말을 하거니와 나도 더욱 그러하도다 내가 수고를 넘치도록 하고 옥에 갇히기도 더 많이 하고, 매도 수없이 맞고, 여러 번 죽을 뻔하였으니"
고린도후서,11,26,고린도후서 11:26,"여러 번 여행에 강의 위험과, 강도의 위험과, 동족의 위험과, 이방인의 위험과, 시내의 위험과, 광야의 위험과, 바다의 위험과, 거짓 형제 중의 위험을 당하고"
고린도후서,11,27,고린도후서 11:27,또 수고하며 애쓰고 여러 번 자지 못하고 주리며 목마르고 여러번 굶고 춥고 헐벗었노라
고린도후서,11,28,고린도후서 11:28,이 외의 일은 고사하고 오히려 날마다 내 속에 눌리는 일이 있으니 곧 모든 교회를 위하여 염려하는 것이라
고린도후서,11,29,고린도후서 11:29,누가 약하면 내가 약하지 아니하며 누가 실족하게 되면 내가 애타하지 않더냐
고린도후서,11,30,고린도후서 11:30,내가 부득불 자랑할진대 나의 약한 것을 자랑하리라 !
고린도후서,11,31,고린도후서 11:31,주 예수의 아버지 영원히 찬송할 하나님이 나의 거짓말 아니하는 줄을 아시느니라
고린도후서,11,33,고린도후서 11:33,내가 광주리를 타고 들창문으로 성벽을 내려가 그 손에서 벗어났노라
고린도후서,12,1,고린도후서 12:1,무익하나마 내가 부득불 자랑하노니 주의 환상과 계시를 말하리라
고린도후서,12,2,고린도후서 12:2,내가 그리스도 안에 있는 한 사람을 아노니 십 사년 전에 그가 세째 하늘에 이끌려 간 자라
고린도후서,12,3,고린도후서 12:3,내가 이런 사람을 아노니
고린도후서,12,5,고린도후서 12:5,내가 이런 사람을 위하여 자랑하겠으나 나를 위하여는 약한 것들 외에 자랑치 아니하리라
고린도후서,12,6,고린도후서 12:6,내가 만일 자랑하고자 하여도 어리석은 자가 되지 아니할 것은 내가 참말을 함이라 그러나 누가 나를 보는 바와 내게 듣는 바에 지나치게 생각할까 두려워하여 그만 두노라
고린도후서,12,8,고린도후서 12:8,이것이 내게서 떠나기 위하여 내가 세 번 주께 간구하였더니
고린도후서,12,9,고린도후서 12:9,내게 이르시기를 내 은혜가 네게 족하도다 ! 이는 내 능력이 약한데서 온전하여짐이라 하신지라 이러므로 도리어 크게 기뻐함으로나의 여러 약한 것들에 대하여 자랑하리니 이는 그리스도의 능력으로 내게 머물게 하려 함이라
고린도후서,12,10,고린도후서 12:10,"그러므로 내가 그리스도를 위하여 약한 것들과, 능욕과, 궁핍과, 핍박과, 곤란을 기뻐하노니 이는 내가 약할 그 때에 곧 강함이니라"
고린도후서,12,11,고린도후서 12:11,내가 어리석은 자가 되었으나 너희에게 억지로 시킨 것이니 내가 너희에게 칭찬을 받아야 마땅하도다 내가 아무 것도 아니나 지극히 큰 사도들보다 조금도 부족하지 아니하니라
고린도후서,12,12,고린도후서 12:12,"사도의 표된 것은 내가 너희 가운데서 모든 참음과, 표적과, 기사와, 능력을 행한 것이라"
고린도후서,12,13,고린도후서 12:13,내 자신이 너희에게 폐를 끼치지 아니한 일밖에 다른 교회보다 부족하게 한 것이 무엇이 있느냐 ? 너희는 나의 이 공평치 못한 것을 용서하라
고린도후서,12,14,고린도후서 12:14,보라 이제 세 번째 너희에게 가기를 예비하였으나 너희에게 폐를 끼치지 아니하리라 나의 구하는 것은 너희 재물이 아니요 오직 너희니라 어린 아이가 부모를 위하여 재물을 저축하는 것이 아니요 이에 부모가 어린 아이를 위하여 하느니라
고린도후서,12,15,고린도후서 12:15,내가 너희 영혼을 위하여 크게 기뻐함으로 재물을 허비하고 또 내 자신까지 허비하리니 너희를 더욱 사랑할 수록 나는 덜 사랑을 받겠느냐
고린도후서,12,16,고린도후서 12:16,하여간 어떤 이의 말이 내가 너희에게 짐을 지우지는 아니하였을지라도 공교한 자가 되어 궤계로 너희를 취하였다 하니
고린도후서,12,17,고린도후서 12:17,내가 너희에게 보낸 자 중에 누구로 너희의 이를 취하더냐 ?
고린도후서,12,19,고린도후서 12:19,이 때까지 우리가 우리를 너희에게 변명하는 줄로 생각하는구나 우리가 그리스도 안에서 하나님 앞에 말하노라 사랑하는 자들아 ! 이 모든 것은 너희의 덕을 세우기 위함이니라
고린도후서,13,1,고린도후서 13:1,내가 이제 세번째 너희에게 갈 터이니 두 세 증인의 입으로 말마다 확정하리라
고린도후서,13,4,고린도후서 13:4,그리스도께서 약하심으로 십자가에 못 박히셨으나 오직 하나님의 능력으로 살으셨으니 우리도 저의 안에서 약하나 너희를 향하여 하나님의 능력으로 저와 함께 살리라
고린도후서,13,5,고린도후서 13:5,너희가 믿음에 있는가 너희 자신을 시험하고 너희 자신을 확증하라 예수 그리스도께서 너희 안에 계신 줄을 너희가 스스로 알지 못하느냐 ? 그렇지 않으면 너희가 버리운 자니라
고린도후서,13,6,고린도후서 13:6,우리가 버리운 자 되지 아니한 것을 너희가 알기를 내가 바라고
고린도후서,13,8,고린도후서 13:8,우리는 진리를 거스려 아무 것도 할 수 없고 오직 진리를 위할 뿐이니
고린도후서,13,9,고린도후서 13:9,우리가 약할 때에 너희의 강한 것을 기뻐하고 또 이것을 위하여 구하니 곧 너희의 온전하게 되는 것이라
고린도후서,13,10,고린도후서 13:10,이를 인하여 내가 떠나 있을 때에 이렇게 쓰는 것은 대면할 때에 주께서 너희를 파하려 하지 않고 세우려 하여 내게 주신 그 권세를 따라 엄하지 않게 하려 함이니라
고린도후서,13,11,고린도후서 13:11,마지막으로 말하노니 형제들아 기뻐하라 ! 온전케 되며 위로를 받으며 마음을 같이 하며 평안할지어다 ! 또 사랑과 평강의 하나님이 너희와 함께 계시리라 거룩하게 입맞춤으로 서로 문안하라
고린도후서,13,12,고린도후서 13:12,모든 성도가 너희에게 문안하느니라
고린도후서,13,13,고린도후서 13:13,주 예수 그리스도의 은혜와 하나님의 사랑과 성령의 교통하심이 너희 무리와 함께 있을지어다 !
갈라디아서,1,3,갈라디아서 1:3,우리 하나님 아버지와 주 예수 그리스도로 좇아 은혜와 평강이 있기를 원하노라
갈라디아서,1,4,갈라디아서 1:4,그리스도께서 하나님 곧 우리 아버지의 뜻을 따라 이 악한 세대에서 우리를 건지시려고 우리 죄를 위하여 자기 몸을 드리셨으니
갈라디아서,1,5,갈라디아서 1:5,영광이 저에게 세세토록 있을지어다 ! 아멘
갈라디아서,1,6,갈라디아서 1:6,그리스도의 은혜로 너희를 부르신 이를 이같이 속히 떠나 다른 복음 좇는 것을 내가 이상히 여기노라
갈라디아서,1,7,갈라디아서 1:7,다른 복음은 없나니 다만 어떤 사람들이 너희를 요란케 하여 그리스도의 복음을 변하려 함이라
갈라디아서,1,8,갈라디아서 1:8,그러나 우리나 혹 하늘로부터 온 천사라도 우리가 너희에게 전한 복음 외에 다른 복음을 전하면 저주를 받을지어다 !
갈라디아서,1,9,갈라디아서 1:9,우리가 전에 말하였거니와 내가 지금 다시 말하노니 만일 누구든지 너희의 받은 것 외에 다른 복음을 전하면 저주를 받을지어다 !
갈라디아서,1,10,갈라디아서 1:10,이제 내가 사람들에게 좋게 하랴 하나님께 좋게 하랴 사람들에게 기쁨을 구하랴 내가 지금까지 사람의 기쁨을 구하는 것이었더면 그리스도의 종이 아니니라
갈라디아서,1,11,갈라디아서 1:11,형제들아 내가 너희에게 알게 하노니 내가 전한 복음이 사람의 뜻을 따라 된 것이 아니라
갈라디아서,1,13,갈라디아서 1:13,내가 이전에 유대교에 있을 때에 행한 일을 너희가 들었거니와 하나님의 교회를 심히 핍박하여 잔해하고
갈라디아서,1,14,갈라디아서 1:14,내가 내 동족 중 여러 연갑자보다 유대교를 지나치게 믿어 내 조상의 유전에 대하여 더욱 열심이 있었으나
갈라디아서,1,15,갈라디아서 1:15,그러나 내 어머니의 태로부터 나를 택정하시고 은혜로 나를 부르신 이가
갈라디아서,1,16,갈라디아서 1:16,그 아들을 이방에 전하기 위하여 그를 내 속에 나타내시기를 기뻐하실 때에 내가 곧 혈육과 의논하지 아니하고
갈라디아서,1,18,갈라디아서 1:18,그 후 삼년만에 내가 게바를 심방하려고 예루살렘에 올라가서 저와 함께 십 오일을 유할쌔
갈라디아서,1,19,갈라디아서 1:19,주의 형제 야고보 외에 다른 사도들을 보지 못하였노라
갈라디아서,1,20,갈라디아서 1:20,보라 내가 너희에게 쓰는 것은 하나님 앞에서 거짓말이 아니로라
갈라디아서,1,21,갈라디아서 1:21,그 후에 내가 수리아와 길리기아 지방에 이르렀으나
갈라디아서,1,22,갈라디아서 1:22,유대에 그리스도 안에 있는 교회들이 나를 얼굴로 알지 못하고
갈라디아서,1,23,갈라디아서 1:23,다만 우리를 핍박하던 자가 전에 잔해하던 그 믿음을 지금 전한다 함을 듣고
갈라디아서,1,24,갈라디아서 1:24,나로 말미암아 영광을 하나님께 돌리니라
갈라디아서,2,2,갈라디아서 2:2,계시를 인하여 올라가 내가 이방 가운데서 전파하는 복음을 저희에게 제출하되 유명한 자들에게 사사로이 한 것은 내가 달음질하는 것이나 달음질한 것이 헛되지 않게 하려 함이라
갈라디아서,2,5,갈라디아서 2:5,우리가 일시라도 복종치 아니하였으니 이는 복음의 진리로 너희 가운데 항상 있게 하려 함이라
갈라디아서,2,6,갈라디아서 2:6,유명하다는 이들 중에 저 유명한 이들은 내게 더하여 준 것이 없고
갈라디아서,2,10,갈라디아서 2:10,다만 우리에게 가난한 자들 생각하는 것을 부탁하였으니 이것을 나도 본래 힘써 행하노라
갈라디아서,2,15,갈라디아서 2:15,우리는 본래 유대인이요 이방 죄인이 아니로되
갈라디아서,2,17,갈라디아서 2:17,만일 우리가 그리스도 안에서 의롭게 되려 하다가 죄인으로 나타나면 그리스도께서 죄를 짓게 하는 자냐 결코 그럴 수 없느니라
갈라디아서,2,18,갈라디아서 2:18,만일 내가 헐었던 것을 다시 세우면 내가 나를 범법한 자로 만드는 것이라
갈라디아서,2,19,갈라디아서 2:19,내가 율법으로 말미암아 율법을 향하여 죽었나니 이는 하나님을 향하여 살려 함이니라
갈라디아서,2,21,갈라디아서 2:21,내가 하나님의 은혜를 폐하지 아니하노니 만일 의롭게 되는 것이 율법으로 말미암으면 그리스도께서 헛되이 죽으셨느니라
갈라디아서,3,2,갈라디아서 3:2,내가 너희에게 다만 이것을 알려 하노니 너희가 성령을 받은 것은 율법의 행위로냐 ? 듣고 믿음으로냐 ?
갈라디아서,3,3,갈라디아서 3:3,너희가 이같이 어리석으냐 ? 성령으로 시작하였다가 이제는 육체로 마치겠느냐 ?
갈라디아서,3,4,갈라디아서 3:4,너희가 이같이 많은 괴로움을 헛되이 받았느냐 ? 과연 헛되냐 ?
갈라디아서,3,5,갈라디아서 3:5,너희에게 성령을 주시고 너희 가운데서 능력을 행하시는 이의 일이 율법의 행위에서냐 ? 듣고 믿음에서냐 ?
갈라디아서,3,10,갈라디아서 3:10,무릇 율법 행위에 속한 자들은 저주 아래 있나니 기록된 바 누구든지 율법 책에 기록된 대로 온갖 일을 항상 행하지 아니하는 자는 저주 아래 있는 자라 하였음이라
갈라디아서,3,11,갈라디아서 3:11,또 하나님 앞에서 아무나 율법으로 말미암아 의롭게 되지 못할 것이 분명하니 이는 의인이 믿음으로 살리라 하였음이니라
갈라디아서,3,12,갈라디아서 3:12,율법은 믿음에서 난 것이 아니라 이를 행하는 자는 그 가운데서 살리라 하였느니라
갈라디아서,3,13,갈라디아서 3:13,그리스도께서 우리를 위하여 저주를 받은 바 되사 율법의 저주에서 우리를 속량하셨으니 기록된 바 나무에 달린 자마다 저주 아래 있는 자라 하였음이라
갈라디아서,3,15,갈라디아서 3:15,형제들아 ! 사람의 예대로 말하노니 사람의 언약이라도 정한 후에는 아무나 폐하거나 더하거나 하지 못하느니라
갈라디아서,3,17,갈라디아서 3:17,내가 이것을 말하노니 하나님의 미리 정하신 언약을 사백 삼십 년후에 생긴 율법이 없이 하지 못하여 그 약속을 헛되게 하지 못하리라
갈라디아서,3,20,갈라디아서 3:20,중보는 한 편만 위한 자가 아니나 오직 하나님은 하나이시니라
갈라디아서,3,21,갈라디아서 3:21,그러면 율법이 하나님의 약속들을 거스리느냐 ? 결코 그럴 수 없느니라 만일 능히 살게 하는 율법을 주셨더면 의가 반드시 율법으로 말미암았으리라
갈라디아서,3,22,갈라디아서 3:22,그러나 성경이 모든 것을 죄 아래 가두었으니 이는 예수 그리스도를 믿음으로 말미암은 약속을 믿는 자들에게 주려 함이니라
갈라디아서,3,23,갈라디아서 3:23,믿음이 오기 전에 우리가 율법 아래 매인 바 되고 계시될 믿음의 때까지 갇혔느니라
갈라디아서,3,25,갈라디아서 3:25,믿음이 온 후로는 우리가 몽학선생 아래 있지 아니하도다
갈라디아서,3,26,갈라디아서 3:26,너희가 다 믿음으로 말미암아 그리스도 예수 안에서 하나님의 아들이 되었으니
갈라디아서,3,27,갈라디아서 3:27,누구든지 그리스도와 합하여 세례를 받은 자는 그리스도로 옷입었느니라
갈라디아서,3,28,갈라디아서 3:28,"너희는 유대인이나, 헬라인이나, 종이나, 자주자나, 남자나, 여자 없이 다 그리스도 예수 안에서 하나이니라"
갈라디아서,4,1,갈라디아서 4:1,내가 또 말하노니 유업을 이을 자가 모든 것의 주인이나 어렸을 동안에는 종과 다름이 없어서
갈라디아서,4,2,갈라디아서 4:2,그 아버지의 정한 때까지 후견인과 청지기 아래 있나니
갈라디아서,4,3,갈라디아서 4:3,이와 같이 우리도 어렸을 때에 이 세상 초등 학문 아래 있어서 종노릇하였더니
갈라디아서,4,4,갈라디아서 4:4,때가 차매 하나님이 그 아들을 보내사 여자에게서 나게 하시고 율법 아래 나게 하신 것은
갈라디아서,4,5,갈라디아서 4:5,율법 아래 있는 자들을 속량하시고 우리로 아들의 명분을 얻게 하려 하심이라
갈라디아서,4,6,갈라디아서 4:6,"너희가 아들인고로 하나님이 그 아들의 영을 우리 마음 가운데 보내사 아바, 아버지라 부르게 하셨느니라"
갈라디아서,4,7,갈라디아서 4:7,그러므로 네가 이 후로는 종이 아니요 아들이니 아들이면 하나님으로 말미암아 유업을 이을 자니라
갈라디아서,4,8,갈라디아서 4:8,그러나 너희가 그 때에는 하나님을 알지 못하여 본질상 하나님이 아닌 자들에게 종노릇하였더니
갈라디아서,4,9,갈라디아서 4:9,이제는 너희가 하나님을 알 뿐더러 하나님의 아신 바 되었거늘 어찌하여 다시 약하고 천한 초등 학문으로 돌아 가서 다시 저희에게 종노릇하려 하느냐
갈라디아서,4,10,갈라디아서 4:10,너희가 날과 달과 절기와 해를 삼가 지키니
갈라디아서,4,11,갈라디아서 4:11,내가 너희를 위하여 수고한 것이 헛될까 두려워하노라
갈라디아서,4,12,갈라디아서 4:12,형제들아 내가 너희와 같이 되었은즉 너희도 나와 같이 되기를 구하노라 너희가 내게 해롭게 하지 아니하였느니라
갈라디아서,4,13,갈라디아서 4:13,내가 처음에 육체의 약함을 인하여 너희에게 복음을 전한 것을 너희가 아는 바라
갈라디아서,4,14,갈라디아서 4:14,너희를 시험하는 것이 내 육체에 있으되 이것을 너희가 업신여기지도 아니하며 버리지도 아니하고 오직 나를 하나님의 천사와 같이 또는 그리스도 예수와 같이 영접하였도다
갈라디아서,4,15,갈라디아서 4:15,너희의 복이 지금 어디 있느냐 ? 내가 너희에게 증거하노니 너희가 할 수만 있었더면 너희의 눈이라도 빼어 나를 주었으리라
갈라디아서,4,18,갈라디아서 4:18,좋은 일에 대하여 열심으로 사모함을 받음은 내가 너희를 대하였을 때뿐 아니라 언제든지 좋으니라
갈라디아서,4,19,갈라디아서 4:19,나의 자녀들아 너희 속에 그리스도의 형상이 이루기까지 다시 너를 위하여 해산하는 수고를 하노니
갈라디아서,4,20,갈라디아서 4:20,내가 이제라도 너희와 함께 있어 내 음성을 변하려 함은 너희를 대하여 의심이 있음이라
갈라디아서,4,21,갈라디아서 4:21,내게 말하라 율법 아래 있고자 하는 자들아 율법을 듣지 못하였느냐 ?
갈라디아서,4,26,갈라디아서 4:26,오직 위에 있는 예루살렘은 자유자니 곧 우리 어머니라
갈라디아서,4,27,갈라디아서 4:27,기록된 바 잉태치 못한 자여 즐거워하라 구로치 못한 자여 소리 질러 외치라 이는 홀로 사는 자의 자녀가 남편 있는 자의 자녀보다 많음이라 하였으니
갈라디아서,4,29,갈라디아서 4:29,그러나 그 때에 육체를 따라 난 자가 성령을 따라 난 자를 핍박한 것같이 이제도 그러하도다
갈라디아서,5,1,갈라디아서 5:1,그리스도께서 우리로 자유케 하려고 자유를 주셨으니 그러므로 굳세게 서서 다시는 종의 멍에를 메지 말라 !
갈라디아서,5,4,갈라디아서 5:4,율법 안에서 의롭다 함을 얻으려 하는 너희는 그리스도에게서 끊어지고 은혜에서 떨어진 자로다
갈라디아서,5,5,갈라디아서 5:5,우리가 성령으로 믿음을 좇아 의의 소망을 기다리노니
갈라디아서,5,7,갈라디아서 5:7,너희가 달음질을 잘하더니 누가 너희를 막아 진리를 순종치 않게 하더냐 ?
갈라디아서,5,8,갈라디아서 5:8,그 권면이 너희를 부르신 이에게서 난 것이 아니라
갈라디아서,5,9,갈라디아서 5:9,적은 누룩이 온 덩이에 퍼지느니라
갈라디아서,5,13,갈라디아서 5:13,형제들아 ! 너희가 자유를 위하여 부르심을 입었으나 그러나 그 자유로 육체의 기회를 삼지 말고 오직 사랑으로 서로 종노릇하라 !
갈라디아서,5,14,갈라디아서 5:14,온 율법은 네 이웃 사랑하기를 네 몸같이 하라 하신 한 말씀에 이루었나니
갈라디아서,5,15,갈라디아서 5:15,만일 서로 물고 먹으면 피차 멸망할까 조심하라
갈라디아서,5,16,갈라디아서 5:16,내가 이르노니 너희는 성령을 좇아 행하라 그리하면 육체의 욕심을 이루지 아니하리라
갈라디아서,5,17,갈라디아서 5:17,육체의 소욕은 성령을 거스리고 성령의 소욕은 육체를 거스리나니 이 둘이 서로 대적함으로 너희의 원하는 것을 하지 못하게 하려 함이니라
갈라디아서,5,18,갈라디아서 5:18,너희가 만일 성령의 인도하시는 바가 되면 율법 아래 있지 아니하리라
갈라디아서,5,23,갈라디아서 5:23,"온유와, 절제니 이같은 것을 금지할 법이 없느니라"
갈라디아서,5,24,갈라디아서 5:24,그리스도 예수의 사람들은 육체와 함께 그 정과 욕심을 십자가에 못 박았느니라
갈라디아서,5,25,갈라디아서 5:25,만일 우리가 성령으로 살면 또한 성령으로 행할지니
갈라디아서,5,26,갈라디아서 5:26,헛된 영광을 구하여 서로 격동하고 서로 투기하지 말지니라
갈라디아서,6,2,갈라디아서 6:2,너희가 짐을 서로 지라 ! 그리하여 그리스도의 법을 성취하라
갈라디아서,6,3,갈라디아서 6:3,만일 누가 아무 것도 되지 못하고 된 줄로 생각하면 스스로 속임이니라
갈라디아서,6,4,갈라디아서 6:4,각각 자기의 일을 살피라 그리하면 자랑할 것이 자기에게만 있고 남에게는 있지 아니하리니
갈라디아서,6,5,갈라디아서 6:5,각각 자기의 짐을 질 것임이니라
갈라디아서,6,6,갈라디아서 6:6,가르침을 받는 자는 말씀을 가르치는 자와 모든 좋은 것을 함께 하라 !
갈라디아서,6,8,갈라디아서 6:8,자기의 육체를 위하여 심는 자는 육체로부터 썩어진 것을 거두고 성령을 위하여 심는 자는 성령으로부터 영생을 거두리라
갈라디아서,6,9,갈라디아서 6:9,우리가 선을 행하되 낙심하지 말지니 피곤하지 아니하면 때가 이르매 거두리라
갈라디아서,6,10,갈라디아서 6:10,그러므로 우리는 기회 있는 대로 모든 이에게 착한 일을 하되 더욱 믿음의 가정들에게 할지니라
갈라디아서,6,11,갈라디아서 6:11,내 손으로 너희에게 이렇게 큰 글자로 쓴 것을 보라
갈라디아서,6,14,갈라디아서 6:14,그러나 내게는 우리 주 예수 그리스도의 십자가 외에 결코 자랑할 것이 없으니 그리스도로 말미암아 세상이 나를 대하여 십자가에 못 박히고 내가 또한 세상을 대하여 그러하니라
갈라디아서,6,16,갈라디아서 6:16,무릇 이 규례를 행하는 자에게와 하나님의 이스라엘에게 평강과 긍휼이 있을지어다 !
갈라디아서,6,18,갈라디아서 6:18,형제들아 ! 우리 주 예수 그리스도의 은혜가 너희 심령에 있을지어다 ! 아멘
에베소서,1,2,에베소서 1:2,하나님 우리 아버지와 주 예수 그리스도로 좇아 은혜와 평강이 너희에게 있을지어다 !
에베소서,1,5,에베소서 1:5,그 기쁘신 뜻대로 우리를 예정하사 예수 그리스도로 말미암아 자기의 아들들이 되게 하셨으니
에베소서,1,7,에베소서 1:7,우리가 그리스도 안에서 그의 은혜의 풍성함을 따라 그의 피로 말미암아 구속 곧 죄 사함을 받았으니
에베소서,1,9,에베소서 1:9,그 뜻의 비밀을 우리에게 알리셨으니 곧 그 기쁘심을 따라 그리스도 안에서 때가 찬 경륜을 위하여 예정하신 것이니
에베소서,1,10,에베소서 1:10,하늘에 있는 것이나 땅에 있는 것이 다 그리스도 안에서 통일되게 하려 하심이라
에베소서,1,11,에베소서 1:11,모든 일을 그 마음의 원대로 역사하시는 자의 뜻을 따라 우리가 예정을 입어 그 안에서 기업이 되었으니
에베소서,1,13,에베소서 1:13,그 안에서 너희도 진리의 말씀 곧 너희의 구원의 복음을 듣고 그 안에서 또한 믿어 약속의 성령으로 인치심을 받았으니
에베소서,1,15,에베소서 1:15,이를 인하여 주 예수 안에서 너희 믿음과 모든 성도를 향한 사랑을 나도 듣고
에베소서,1,16,에베소서 1:16,너희를 인하여 감사하기를 마지 아니하고 내가 기도할 때에 너희를 말하노라
에베소서,1,17,에베소서 1:17,"우리 주 예수 그리스도의 하나님, 영광의 아버지께서 지혜와 계시의 정신을 너희에게 주사 하나님을 알게 하시고"
에베소서,1,20,에베소서 1:20,그 능력이 그리스도 안에서 역사하사 죽은 자들 가운데서 다시 살리시고 하늘에서 자기의 오른 편에 앉히사
에베소서,1,21,에베소서 1:21,모든 정사와 권세와 능력과 주관하는 자와 이 세상 뿐 아니라 오는 세상에 일컫는 모든 이름 위에 뛰어나게 하시고
에베소서,1,22,에베소서 1:22,또 만물을 그 발 아래 복종하게 하시고 그를 만물 위에 교회의 머리로 주셨느니라
에베소서,1,23,에베소서 1:23,교회는 그의 몸이니 만물 안에서 만물을 충만케 하시는 자의 충만이니라
에베소서,2,1,에베소서 2:1,너희의 허물과 죄로 죽었던 너희를 살리셨도다
에베소서,2,3,에베소서 2:3,전에는 우리도 다 그 가운데서 우리 육체의 욕심을 따라 지내며 육체와 마음의 원하는 것을 하여 다른 이들과 같이 본질상 진노의 자녀이었더니
에베소서,2,4,에베소서 2:4,긍휼에 풍성하신 하나님이 우리를 사랑하신 그 큰 사랑을 인하여
에베소서,2,5,에베소서 2:5,허물로 죽은 우리를 그리스도 예수 안에서 살리셨고
에베소서,2,6,에베소서 2:6,또 함께 일으키사 그리스도 예수 안에서 함께 하늘에 앉히시니
에베소서,2,8,에베소서 2:8,너희가 그 은혜를 인하여 믿음으로 말미암아 구원을 얻었나니 이것이 너희에게서 난 것이 아니요 하나님의 선물이라
에베소서,2,9,에베소서 2:9,행위에서 난 것이 아니니 이는 누구든지 자랑치 못하게 함이니라
에베소서,2,10,에베소서 2:10,우리는 그의 만드신 바라 그리스도 예수 안에서 선한 일을 위하여 지으심을 받은 자니 이 일은 하나님이 전에 예비하사 우리로 그 가운데서 행하게 하려 하심이니라
에베소서,2,13,에베소서 2:13,이제는 전에 멀리 있던 너희가 그리스도 예수 안에서 그리스도의 피로 가까와졌느니라
에베소서,2,14,에베소서 2:14,그는 우리의 화평이신지라 둘로 하나를 만드사 중간에 막힌 담을 허시고
에베소서,2,15,에베소서 2:15,원수 된 것 곧 의문에 속한 계명의 율법을 자기 육체로 폐하셨으니 이는 이 둘로 자기의 안에서 한 새 사람을 지어 화평하게 하시고
에베소서,2,16,에베소서 2:16,또 십자가로 이 둘을 한 몸으로 하나님과 화목하게 하려 하심이라 원수 된 것을 십자가로 소멸하시고
에베소서,2,17,에베소서 2:17,또 오셔서 먼 데 있는 너희에게 평안을 전하고 가까운 데 있는 자들에게 평안을 전하셨으니
에베소서,2,19,에베소서 2:19,그러므로 이제부터 너희가 외인도 아니요 손도 아니요 오직 성도들과 동일한 시민이요 하나님의 권속이라
에베소서,2,20,에베소서 2:20,너희는 사도들과 선지자들의 터 위에 세우심을 입은 자라 그리스도 예수께서 친히 모퉁이 돌이 되셨느니라
에베소서,2,22,에베소서 2:22,너희도 성령 안에서 하나님의 거하실 처소가 되기 위하여 예수 안에서 함께 지어져 가느니라
에베소서,3,2,에베소서 3:2,너희를 위하여 내게 주신 하나님의 그 은혜의 경륜을 너희가 들었을 터이라
에베소서,3,4,에베소서 3:4,이것을 읽으면 그리스도의 비밀을 내가 깨달은 것을 너희가 알 수 있으리라
에베소서,3,5,에베소서 3:5,이제 그의 거룩한 사도들과 선지자들에게 성령으로 나타내신 것같이 다른 세대에서는 사람의 아들들에게 알게 하지 아니하셨으니
에베소서,3,7,에베소서 3:7,이 복음을 위하여 그의 능력이 역사하시는 대로 내게 주신 하나님의 은혜의 선물을 따라 내가 일군이 되었노라
에베소서,3,8,에베소서 3:8,모든 성도 중에 지극히 작은 자보다 더 작은 나에게 이 은혜를 주신 것은 측량할 수 없는 그리스도의 풍성을 이방인에게 전하게 하시고
에베소서,3,9,에베소서 3:9,영원부터 만물을 창조하신 하나님 속에 감취었던 비밀의 경륜이 어떠한 것을 드러내게 하려 하심이라
에베소서,3,12,에베소서 3:12,우리가 그 안에서 그를 믿음으로 말미암아 담대함과 하나님께 당당히 나아감을 얻느니라
에베소서,3,13,에베소서 3:13,그러므로 너희에게 구하노니 너희를 위한 나의 여러 환난에 대하여 낙심치 말라 이는 너희의 영광이니라
에베소서,3,15,에베소서 3:15,이름을 주신 아버지 앞에 무릎을 꿇고 비노니
에베소서,3,16,에베소서 3:16,그 영광의 풍성을 따라 그의 성령으로 말미암아 너희 속 사람을 능력으로 강건하게 하옵시며
에베소서,3,17,에베소서 3:17,믿음으로 말미암아 그리스도께서 너희 마음에 계시게 하옵시고 너희가 사랑 가운데서 뿌리가 박히고 터가 굳어져서
에베소서,3,18,에베소서 3:18,능히 모든 성도와 함께 지식에 넘치는 그리스도의 사랑을 알아
에베소서,3,19,에베소서 3:19,그 넓이와 길이와 높이와 깊이가 어떠함을 깨달아 하나님의 모든 충만하신 것으로 너희에게 충만하게 하시기를 구하노라
에베소서,3,21,에베소서 3:21,교회 안에서와 그리스도 예수 안에서 영광이 대대로 영원 무궁하기를 원하노라 아멘
에베소서,4,1,에베소서 4:1,그러므로 주 안에서 갇힌 내가 너희를 권하노니 너희가 부르심을 입은 부름에 합당하게 행하여
에베소서,4,2,에베소서 4:2,모든 겸손과 온유로 하고 오래 참음으로 사랑 가운데서 서로 용납하고
에베소서,4,3,에베소서 4:3,평안의 매는 줄로 성령의 하나되게 하신 것을 힘써 지키라
에베소서,4,4,에베소서 4:4,"몸이 하나이요, 성령이 하나이니 이와 같이 너희가 부르심의 한 소망 안에서 부르심을 입었느니라"
에베소서,4,6,에베소서 4:6,하나님도 하나이시니 곧 만유의 아버지시라 만유 위에 계시고 만유를 통일하시고 만유 가운데 계시도다
에베소서,4,7,에베소서 4:7,우리 각 사람에게 그리스도의 선물의 분량대로 은혜를 주셨나니
에베소서,4,8,에베소서 4:8,그러므로 이르기를 그가 위로 올라가실 때에 사로잡힌 자를 사로 잡고 사람들에게 선물을 주셨다 하였도다
에베소서,4,9,에베소서 4:9,올라가셨다 하였은즉 땅 아랫 곳으로 내리셨던 것이 아니면 무엇이냐
에베소서,4,10,에베소서 4:10,내리셨던 그가 곧 모든 하늘 위에 오르신 자니 이는 만물을 충만케 하려 하심이니라
에베소서,4,13,에베소서 4:13,우리가 다 하나님의 아들을 믿는 것과 아는 일에 하나가 되어 온전한 사람을 이루어 그리스도의 장성한 분량이 충만한 데까지 이르리니
에베소서,4,15,에베소서 4:15,오직 사랑 안에서 참된 것을 하여 범사에 그에게까지 자랄지라 그는 머리니 곧 그리스도라
에베소서,4,16,에베소서 4:16,그에게서 온 몸이 각 마디를 통하여 도움을 입음으로 연락하고 상합하여 각 지체의 분량대로 역사하여 그 몸을 자라게 하며 사랑 안에서 스스로 세우느니라
에베소서,4,17,에베소서 4:17,그러므로 내가 이것을 말하며 주 안에서 증거하노니 이제부터는 이방인이 그 마음의 허망한 것으로 행함같이 너희는 행하지 말라
에베소서,4,20,에베소서 4:20,오직 너희는 그리스도를 이같이 배우지 아니하였느니라
에베소서,4,21,에베소서 4:21,진리가 예수 안에 있는 것같이 너희가 과연 그에게서 듣고 또한 그 안에서 가르침을 받았을진대
에베소서,4,22,에베소서 4:22,너희는 유혹의 욕심을 따라 썩어져 가는 구습을 좇는 옛 사람을 벗어버리고
에베소서,4,23,에베소서 4:23,오직 심령으로 새롭게 되어
에베소서,4,24,에베소서 4:24,하나님을 따라 의와 진리의 거룩함으로 지으심을 받은 새 사람을 입으라
에베소서,4,26,에베소서 4:26,분을 내어도 죄를 짓지 말며 해가 지도록 분을 품지 말고
에베소서,4,27,에베소서 4:27,마귀로 틈을 타지 못하게 하라 !
에베소서,4,28,에베소서 4:28,도적질하는 자는 다시 도적질 하지 말고 돌이켜 빈궁한 자에게 구제할 것이 있기 위하여 제 손으로 수고하여 선한 일을 하라
에베소서,4,29,에베소서 4:29,무릇 더러운 말은 너희 입 밖에도 내지 말고 오직 덕을 세우는 데 소용되는 대로 선한 말을 하여 듣는 자들에게 은혜를 끼치게 하라
에베소서,4,30,에베소서 4:30,하나님의 성령을 근심하게 하지 말라 그 안에서 너희가 구속의 날까지 인치심을 받았느니라
에베소서,4,31,에베소서 4:31,"너희는 모든 악독과, 노함과, 분냄과, 떠드는 것과, 훼방하는 것을 모든 악의와 함께 버리고"
에베소서,4,32,에베소서 4:32,서로 인자하게 하며 불쌍히 여기며 서로 용서하기를 하나님이 그리스도 안에서 너희를 용서하심과 같이 하라
에베소서,5,1,에베소서 5:1,그러므로 사랑을 입은 자녀같이 너희는 하나님을 본받는 자가 되고
에베소서,5,2,에베소서 5:2,그리스도께서 너희를 사랑하신 것같이 너희도 사랑 가운데서 행하라 그는 우리를 위하여 자신을 버리사 향기로운 제물과 생축으로 하나님께 드리셨느니라
에베소서,5,3,에베소서 5:3,음행과 온갖 더러운 것과 탐욕은 너희 중에서 그 이름이라도 부르지 말라 이는 성도의 마땅한 바니라
에베소서,5,4,에베소서 5:4,누추함과 어리석은 말이나 희롱의 말이 마땅치 아니하니 돌이켜 감사하는 말을 하라
에베소서,5,7,에베소서 5:7,그러므로 저희와 함께 참예하는 자 되지 말라
에베소서,5,8,에베소서 5:8,너희가 전에는 어두움이더니 이제는 주 안에서 빛이라 빛의 자녀들처럼 행하라
에베소서,5,9,에베소서 5:9,"빛의 열매는 모든 착함과, 의로움과, 진실함에 있느니라"
에베소서,5,10,에베소서 5:10,주께 기쁘시게 할 것이 무엇인가 시험하여 보라
에베소서,5,11,에베소서 5:11,너희는 열매 없는 어두움의 일에 참예하지 말고 도리어 책망하라
에베소서,5,12,에베소서 5:12,저희의 은밀히 행하는 것들은 말하기도 부끄러움이라
에베소서,5,13,에베소서 5:13,그러나 책망을 받는 모든 것이 빛으로 나타나나니 나타나지는 것마다 빛이니라
에베소서,5,14,에베소서 5:14,그러므로 이르시기를 잠 자는 자여 ! 깨어서 죽은 자들 가운데서 일어나라 그리스도께서 네게 비취시리라 하셨느니라
에베소서,5,16,에베소서 5:16,세월을 아끼라 ! 때가 악하니라 !
에베소서,5,17,에베소서 5:17,그러므로 어리석은 자가 되지 말고 오직 주의 뜻이 무엇인가 이해하라
에베소서,5,18,에베소서 5:18,술 취하지 말라 이는 방탕한 것이니 오직 성령의 충만을 받으라 !
에베소서,5,21,에베소서 5:21,그리스도를 경외함으로 피차 복종하라
에베소서,5,22,에베소서 5:22,아내들이여 ! 자기 남편에게 복종하기를 주께 하듯 하라
에베소서,5,24,에베소서 5:24,그러나 교회가 그리스도에게 하듯 아내들도 범사에 그 남편에게 복종할지니라
에베소서,5,25,에베소서 5:25,남편들아 ! 아내 사랑하기를 그리스도께서 교회를 사랑하시고 위하여 자신을 주심같이 하라
에베소서,5,27,에베소서 5:27,자기 앞에 영광스러운 교회로 세우사 티나 주름잡힌 것이나 이런 것들이 없이 거룩하고 흠이 없게 하려 하심이니라
에베소서,5,28,에베소서 5:28,이와 같이 남편들도 자기 아내 사랑하기를 제 몸같이 할지니 자기 아내를 사랑하는 자는 자기를 사랑하는 것이라
에베소서,5,29,에베소서 5:29,누구든지 언제든지 제 육체를 미워하지 않고 오직 양육하여 보호하기를 그리스도께서 교회를 보양함과 같이 하나니
에베소서,5,30,에베소서 5:30,우리는 그 몸의 지체임이니라
에베소서,5,32,에베소서 5:32,이 비밀이 크도다 ! 내가 그리스도와 교회에 대하여 말하노라
에베소서,5,33,에베소서 5:33,그러나 너희도 각각 자기의 아내 사랑하기를 자기같이 하고 아내도 그 남편을 경외하라
에베소서,6,1,에베소서 6:1,자녀들아 ! 너희 부모를 주 안에서 순종하라 이것이 옳으니라
에베소서,6,2,에베소서 6:2,네 아버지와 어머니를 공경하라 이것이 약속 있는 첫 계명이니
에베소서,6,4,에베소서 6:4,또 아비들아 ! 너희 자녀를 노엽게 하지 말고 오직 주의 교양과 훈계로 양육하라
에베소서,6,5,에베소서 6:5,종들아 ! 두려워하고 떨며 성실한 마음으로 육체의 상전에게 순종하기를 그리스도께 하듯 하여
에베소서,6,6,에베소서 6:6,눈가림만 하여 사람을 기쁘게 하는 자처럼 하지 말고 그리스도의 종들처럼 마음으로 하나님의 뜻을 행하여
에베소서,6,7,에베소서 6:7,단 마음으로 섬기기를 주께 하듯 하고 사람들에게 하듯 하지 말라
에베소서,6,9,에베소서 6:9,상전들아 너희도 저희에게 이와 같이 하고 공갈을 그치라 이는 저희와 너희의 상전이 하늘에 계시고 그에게는 외모로 사람을 취하는 일이 없는 줄 너희가 앎이니라
에베소서,6,10,에베소서 6:10,종말로 너희가 주 안에서와 그 힘의 능력으로 강건하여지고
에베소서,6,11,에베소서 6:11,마귀의 궤계를 능히 대적하기 위하여 하나님의 전신 갑주를 입으라
에베소서,6,12,에베소서 6:12,우리의 씨름은 혈과 육에 대한 것이 아니요 정사와 권세와 이 어두움의 세상 주관자들과 하늘에 있는 악의 영들에게 대함이라
에베소서,6,13,에베소서 6:13,그러므로 하나님의 전신 갑주를 취하라 ! 이는 악한 날에 너희가 능히 대적하고 모든 일을 행한 후에 서기 위함이라
에베소서,6,15,에베소서 6:15,평안의 복음의 예비한 것으로 신을 신고
에베소서,6,16,에베소서 6:16,모든 것 위에 믿음의 방패를 가지고 이로써 능히 악한 자의 모든 화전을 소멸하고
에베소서,6,17,에베소서 6:17,구원의 투구와 성령의 검 곧 하나님의 말씀을 가지라!
에베소서,6,18,에베소서 6:18,모든 기도와 간구로 하되 무시로 성령 안에서 기도하고 이를 위하여 깨어 구하기를 항상 힘쓰며 여러 성도를 위하여 구하고
에베소서,6,19,에베소서 6:19,또 나를 위하여 구할 것은 내게 말씀을 주사 나로 입을 벌려 복음의 비밀을 담대히 알리게 하옵소서 할 것이니
에베소서,6,20,에베소서 6:20,이 일을 위하여 내가 쇠사슬에 매인 사신이 된 것은 나로 이 일에 당연히 할 말을 담대히 하게 하려 하심이니라
에베소서,6,21,에베소서 6:21,나의 사정 곧 내가 무엇을 하는지 너희에게도 알게 하려 하노니 사랑을 받은 형제요 주 안에서 진실한 일군인 두기고가 모든 일을 너희에게 알게 하리라
에베소서,6,22,에베소서 6:22,우리 사정을 알게 하고 또 너희 마음을 위로하게 하기 위하여 내가 특별히 저를 너희에게 보내었노라
에베소서,6,23,에베소서 6:23,아버지 하나님과 주 예수 그리스도에게로부터 평안과 믿음을 겸한 사랑이 형제들에게 있을지어다 !
에베소서,6,24,에베소서 6:24,우리 주 예수 그리스도를 변함없이 사랑하는 모든 자에게 은혜가 있을지어다 !
빌립보서,1,2,빌립보서 1:2,하나님 우리 아버지와 주 예수 그리스도에게로서 은혜와 평강이 너희에게 있을지어다
빌립보서,1,4,빌립보서 1:4,간구할 때마다 너희 무리를 위하여 기쁨으로 항상 간구함은
빌립보서,1,5,빌립보서 1:5,첫날부터 이제까지 복음에서 너희가 교제함을 인함이라
빌립보서,1,6,빌립보서 1:6,너희 속에 착한 일을 시작하신 이가 그리스도 예수의 날까지 이루실 줄을 우리가 확신하노라
빌립보서,1,7,빌립보서 1:7,내가 너희 무리를 위하여 이와 같이 생각하는 것이 마땅하니 이는 너희가 내 마음에 있음이며 나의 매임과 복음을 변명함과 확정함에 너희가 다 나와 함께 은혜에 참예한 자가 됨이라
빌립보서,1,8,빌립보서 1:8,내가 예수 그리스도의 심장으로 너희 무리를 어떻게 사모하는지 하나님이 내 증인이시니라
빌립보서,1,9,빌립보서 1:9,내가 기도하노라 너희 사랑을 지식과 모든 총명으로 점점 더 풍성하게 하사
빌립보서,1,10,빌립보서 1:10,너희로 지극히 선한 것을 분별하며 또 진실하여 허물 없이 그리스도의 날까지 이르고
빌립보서,1,11,빌립보서 1:11,예수 그리스도로 말미암아 의의 열매가 가득하여 하나님의 영광과 찬송이 되게 하시기를 구하노라
빌립보서,1,12,빌립보서 1:12,형제들아 나의 당한 일이 도리어 복음의 진보가 된 줄을 너희가 알기를 원하노라
빌립보서,1,14,빌립보서 1:14,형제 중 다수가 나의 매임을 인하여 주 안에서 신뢰하므로 겁 없이 하나님의 말씀을 더욱 담대히 말하게 되었느니라
빌립보서,1,15,빌립보서 1:15,어떤 이들은 투기와 분쟁으로 어떤 이들은 착한 뜻으로 그리스도를 전파하나니
빌립보서,1,16,빌립보서 1:16,이들은 내가 복음을 변명하기 위하여 세우심을 받은 줄 알고 사랑으로 하나
빌립보서,1,17,빌립보서 1:17,저들은 나의 매임에 괴로움을 더하게 할 줄로 생각하여 순전치 못하게 다툼으로 그리스도를 전파하느니라
빌립보서,1,18,빌립보서 1:18,그러면 무엇이뇨 ? 외모로 하나 참으로 하나 무슨 방도로 하든지 전파되는 것은 그리스도니 이로써 내가 기뻐하고 또한 기뻐하리라
빌립보서,1,19,빌립보서 1:19,이것이 너희 간구와 예수 그리스도의 성령의 도우심으로 내 구원에 이르게 할 줄 아는고로
빌립보서,1,20,빌립보서 1:20,나의 간절한 기대와 소망을 따라 아무 일에든지 부끄럽지 아니하고 오직 전과 같이 이제도 온전히 담대하여 살든지 죽든지 내 몸에서 그리스도가 존귀히 되게 하려 하나니
빌립보서,1,22,빌립보서 1:22,그러나 만일 육신으로 사는 이것이 내 일의 열매일진대 무엇을 가릴는지 나는 알지 못하노라
빌립보서,1,24,빌립보서 1:24,그러나 내가 육신에 거하는 것이 너희를 위하여 더 유익하리라
빌립보서,1,25,빌립보서 1:25,내가 살 것과 너희 믿음의 진보와 기쁨을 위하여 너희 무리와 함께 거할 이것을 확실히 아노니
빌립보서,1,26,빌립보서 1:26,내가 다시 너희와 같이 있음으로 그리스도 예수 안에서 너희 자랑이 나를 인하여 풍성하게 하려 함이라
빌립보서,1,29,빌립보서 1:29,그리스도를 위하여 너희에게 은혜를 주신 것은 다만 그를 믿을 뿐 아니라 또한 그를 위하여 고난도 받게 하심이라
빌립보서,1,30,빌립보서 1:30,너희에게도 같은 싸움이 있으니 너희가 내 안에서 본 바요 이제도 내 안에서 듣는 바니라
빌립보서,2,1,빌립보서 2:1,그러므로 그리스도 안에 무슨 권면이나 사랑에 무슨 위로나 성령의 무슨 교제나 긍휼이나 자비가 있거든
빌립보서,2,2,빌립보서 2:2,마음을 같이 하여 같은 사랑을 가지고 뜻을 합하며 한 마음을 품어
빌립보서,2,3,빌립보서 2:3,아무 일에든지 다툼이나 허영으로 하지 말고 오직 겸손한 마음으로 각각 자기보다 남을 낫게 여기고
빌립보서,2,4,빌립보서 2:4,각각 자기 일을 돌아볼 뿐더러 또한 각각 다른 사람들의 일을 돌아보아 나의 기쁨을 충만케 하라
빌립보서,2,5,빌립보서 2:5,너희 안에 이 마음을 품으라 ! 곧 그리스도 예수의 마음이니
빌립보서,2,6,빌립보서 2:6,그는 근본 하나님의 본체시나 하나님과 동등됨을 취할 것으로 여기지 아니하시고
빌립보서,2,7,빌립보서 2:7,오히려 자기를 비어 종의 형체를 가져 사람들과 같이 되었고
빌립보서,2,10,빌립보서 2:10,하늘에 있는 자들과 땅에 있는 자들과 땅 아래 있는 자들로 모든 무릎을 예수의 이름에 꿇게 하시고
빌립보서,2,11,빌립보서 2:11,모든 입으로 예수 그리스도를 주라 시인하여 하나님 아버지께 영광을 돌리게 하셨느니라
빌립보서,2,12,빌립보서 2:12,그러므로 나의 사랑하는 자들아 너희가 나 있을 때 뿐 아니라 더욱 지금 나 없을 때에도 항상 복종하여 두렵고 떨림으로 너희 구원을 이루라
빌립보서,2,13,빌립보서 2:13,너희 안에서 행하시는 이는 하나님이시니 자기의 기쁘신 뜻을 위하여 너희로 소원을 두고 행하게 하시나니
빌립보서,2,14,빌립보서 2:14,모든 일을 원망과 시비가 없이 하라
빌립보서,2,16,빌립보서 2:16,생명의 말씀을 밝혀 나의 달음질도 헛되지 아니하고 수고도 헛되지 아니함으로 그리스도의 날에 나로 자랑할 것이 있게 하려 함이라
빌립보서,2,17,빌립보서 2:17,만일 너희 믿음의 제물과 봉사 위에 내가 나를 관제로 드릴지라도 나는 기뻐하고 너희 무리와 함께 기뻐하리니
빌립보서,2,18,빌립보서 2:18,이와 같이 너희도 기뻐하고 나와 함께 기뻐하라
빌립보서,2,23,빌립보서 2:23,그러므로 내가 내 일이 어떻게 될 것을 보아서 곧 이 사람을 보내기를 바라고
빌립보서,2,24,빌립보서 2:24,나도 속히 가기를 주 안에서 확신하노라
빌립보서,2,25,빌립보서 2:25,그러나 에바브로디도를 너희에게 보내는 것이 필요한 줄로 생각하노니 그는 나의 형제요 함께 수고하고 함께 군사 된 자요 너희 사자로 나의 쓸 것을 돕는 자라
빌립보서,2,27,빌립보서 2:27,저가 병들어 죽게 되었으나 하나님이 저를 긍휼히 여기셨고 저 뿐 아니라 또 나를 긍휼히 여기사 내 근심 위에 근심을 면하게 하셨느니라
빌립보서,2,28,빌립보서 2:28,그러므로 내가 더욱 급히 저를 보낸 것은 너희로 저를 다시 보고 기뻐하게 하며 내 근심도 덜려 함이니
빌립보서,2,30,빌립보서 2:30,저가 그리스도의 일을 위하여 죽기에 이르러도 자기 목숨을 돌아보지 아니한 것은 나를 섬기는 너희의 일에 부족함을 채우려 함이니라
빌립보서,3,1,빌립보서 3:1,종말로 나의 형제들아 주 안에서 기뻐하라 ! 너희에게 같은 말을 쓰는 것이 내게는 수고로움이 없고 너희에게는 안전하니라
빌립보서,3,7,빌립보서 3:7,그러나 무엇이든지 내게 유익하던 것을 내가 그리스도를 위하여 다 해로 여길 뿐더러
빌립보서,3,8,빌립보서 3:8,또한 모든 것을 해로 여김은 내 주 그리스도 예수를 아는 지식이 가장 고상함을 인함이라 내가 그를 위하여 모든 것을 잃어버리고 배설물로 여김은 그리스도를 얻고
빌립보서,3,9,빌립보서 3:9,그 안에서 발견되려 함이니 내가 가진 의는 율법에서 난 것이 아니요 오직 그리스도를 믿음으로 말미암은 것이니 곧 믿음으로 하나님께로서 난 의라
빌립보서,3,10,빌립보서 3:10,내가 그리스도와 그 부활의 권능과 그 고난에 참예함을 알려하여 그의 죽으심을 본받아
빌립보서,3,11,빌립보서 3:11,어찌하든지 죽은 자 가운데서 부활에 이르려 하노니
빌립보서,3,12,빌립보서 3:12,내가 이미 얻었다 함도 아니요 온전히 이루었다 함도 아니라 오직 내가 그리스도 예수께 잡힌 바 된 그것을 잡으려고 좇아가노라
빌립보서,3,13,빌립보서 3:13,"형제들아 나는 아직 내가 잡은 줄로 여기지 아니하고 오직 한 일, 즉 뒤에 있는 것은 잊어버리고 앞에 있는 것을 잡으려고"
빌립보서,3,14,빌립보서 3:14,푯대를 향하여 그리스도 예수 안에서 하나님이 위에서 부르신 부름의 상을 위하여 좇아가노라
빌립보서,3,15,빌립보서 3:15,그러므로 누구든지 우리 온전히 이룬 자들은 이렇게 생각할지니 만일 무슨 일에 너희가 달리 생각하면 하나님이 이것도 너희에게 나타내시리라
빌립보서,3,16,빌립보서 3:16,오직 우리가 어디까지 이르렀든지 그대로 행할 것이라
빌립보서,3,17,빌립보서 3:17,형제들아 너희는 함께 나를 본받으라 또 우리로 본을 삼은 것같이 그대로 행하는 자들을 보이라
빌립보서,3,20,빌립보서 3:20,오직 우리의 시민권은 하늘에 있는지라 거기로서 구원하는 자 곧 주 예수 그리스도를 기다리노니
빌립보서,4,1,빌립보서 4:1,"그러므로 나의 사랑하고 사모하는 형제들,나의 기쁨이요 면류관인 사랑하는 자들아 이와 같이 주 안에 서라"
빌립보서,4,2,빌립보서 4:2,내가 유오디아를 권하고 순두게를 권하노니 주 안에서 같은 마음을 품으라
빌립보서,4,3,빌립보서 4:3,또 참으로 나와 멍에를 같이 한 자 네게 구하노니 복음에 나와 함께 힘쓰던 저 부녀들을 돕고 또한 글레멘드와 그 위에 나의 동역자들을 도우라 그 이름들이 생명책에 있느니라
빌립보서,4,4,빌립보서 4:4,주 안에서 항상 기뻐하라 ! 내가 다시 말하노니 기뻐하라 !
빌립보서,4,5,빌립보서 4:5,너희 관용을 모든 사람에게 알게 하라 주께서 가까우시니라
빌립보서,4,6,빌립보서 4:6,아무 것도 염려하지 말고 오직 모든 일에 기도와 간구로 너희 구할 것을 감사함으로 하나님께 아뢰라
빌립보서,4,8,빌립보서 4:8,"종말로 형제들아 무엇에든지 참되며, 무엇에든지 경건하며, 무엇에든지 옳으며, 무엇에든지 정결하며, 무엇에든지 사랑할 만하며, 무엇에든지 칭찬할 만하며, 무슨 덕이 있든지, 무슨 기림이 있든지, 이것들을 생각하라 !"
빌립보서,4,9,빌립보서 4:9,너희는 내게 배우고 받고 듣고 본 바를 행하라 그리하면 평강의 하나님이 너희와 함께 계시리라
빌립보서,4,10,빌립보서 4:10,내가 주 안에서 크게 기뻐함은 너희가 나를 생각하던 것이 이제 다시 싹이 남이니 너희가 또한 이를 위하여 생각은 하였으나 기회가 없었느니라
빌립보서,4,11,빌립보서 4:11,내가 궁핍하므로 말하는 것이 아니라 어떠한 형편에든지 내가 자족하기를 배웠노니
빌립보서,4,12,빌립보서 4:12,내가 비천에 처할 줄도 알고 풍부에 처할 줄도 알아 모든 일에 배부르며 배고픔과 풍부와 궁핍에도 일체의 비결을 배웠노라
빌립보서,4,13,빌립보서 4:13,내게 능력 주시는 자 안에서 내가 모든 것을 할 수 있느니라 !
빌립보서,4,14,빌립보서 4:14,그러나 너희가 내 괴로움에 함께 참예하였으니 잘하였도다
빌립보서,4,17,빌립보서 4:17,내가 선물을 구함이 아니요 오직 너희에게 유익하도록 과실이 번성하기를 구함이라
빌립보서,4,18,빌립보서 4:18,내게는 모든 것이 있고 또 풍부한지라 에바브로디도 편에 너희의 준 것을 받으므로 내가 풍족하니 이는 받으실 만한 향기로운 제물이요 하나님을 기쁘시게 한 것이라
빌립보서,4,19,빌립보서 4:19,나의 하나님이 그리스도 예수 안에서 영광 가운데 그 풍성한 대로 너희 모든 쓸 것을 채우시리라
빌립보서,4,20,빌립보서 4:20,하나님 곧 우리 아버지께 세세 무궁토록 영광을 돌릴지어다 아멘
빌립보서,4,21,빌립보서 4:21,그리스도 예수 안에 있는 성도에게 각각 문안하라 나와 함께 있는 형제들이 너희에게 문안하고
빌립보서,4,22,빌립보서 4:22,모든 성도들이 너희에게 문안하되 특별히 가이사 집 사람 중 몇이니라
빌립보서,4,23,빌립보서 4:23,주 예수 그리스도의 은혜가 너희 심령에 있을지어다
골로새서,1,2,골로새서 1:2,골로새에 있는 성도들 곧 그리스도 안에서 신실한 형제들에게 편지하노니 우리 아버지 하나님으로부터 은혜와 평강이 너희에게 있을지어다
골로새서,1,3,골로새서 1:3,우리가 너희를 위하여 기도할 때마다 하나님 곧 우리 주 예수 그리스도의 아버지께 감사하노라
골로새서,1,5,골로새서 1:5,너희를 위하여 하늘에 쌓아 둔 소망을 인함이니 곧 너희가 전에 복음 진리의 말씀을 들은 것이라
골로새서,1,6,골로새서 1:6,이 복음이 이미 너희에게 이르매 너희가 듣고 참으로 하나님의 은혜를 깨달은 날부터 너희 중에서와 같이 또한 온 천하에서도 열매를 맺어 자라는도다
골로새서,1,7,골로새서 1:7,이와 같이 우리와 함께 종 된 사랑하는 에바브라에게 너희가 배웠나니 그는 너희를 위하여 그리스도의 신실한 일군이요
골로새서,1,8,골로새서 1:8,성령 안에서 너희 사랑을 우리에게 고한 자니라
골로새서,1,9,골로새서 1:9,이로써 우리도 듣던 날부터 너희를 위하여 기도하기를 그치지 아니하고 구하노니 너희로 하여금 모든 신령한 지혜와 총명에 하나님의 뜻을 아는 것으로 채우게 하시고
골로새서,1,10,골로새서 1:10,주께 합당히 행하여 범사에 기쁘시게 하고 모든 선한 일에 열매를 맺게 하시며 하나님을 아는 것에 자라게 하시고
골로새서,1,11,골로새서 1:11,그 영광의 힘을 좇아 모든 능력으로 능하게 하시며 기쁨으로 모든 견딤과 오래 참음에 이르게 하시고
골로새서,1,12,골로새서 1:12,우리로 하여금 빛 가운데서 성도의 기업의 부분을 얻기에 합당하게 하신 아버지께 감사하게 하시기를 원하노라
골로새서,1,14,골로새서 1:14,그 아들 안에서 우리가 구속 곧 죄 사함을 얻었도다
골로새서,1,15,골로새서 1:15,그는 보이지 아니하시는 하나님의 형상이요 모든 창조물보다 먼저 나신 자니
골로새서,1,16,골로새서 1:16,만물이 그에게 창조되되 하늘과 땅에서 보이는 것들과 보이지 않는 것들과 혹은 보좌들이나 주관들이나 정사들이나 권세들이나 만물이 다 그로 말미암고 그를 위하여 창조되었고
골로새서,1,17,골로새서 1:17,또한 그가 만물보다 먼저 계시고 만물이 그 안에 함께 섰느니라
골로새서,1,18,골로새서 1:18,그는 몸인 교회의 머리라 그가 근본이요 죽은 자들 가운데서 먼저 나신 자니 이는 친히 만물의 으뜸이 되려 하심이요
골로새서,1,19,골로새서 1:19,아버지께서는 모든 충만으로 예수 안에 거하게 하시고
골로새서,1,22,골로새서 1:22,이제는 그의 육체의 죽음으로 말미암아 화목케 하사 너희를 거룩하고 흠 없고 책망할 것이 없는 자로 그 앞에 세우고자 하셨으니
골로새서,1,24,골로새서 1:24,내가 이제 너희를 위하여 받는 괴로움을 기뻐하고 그리스도의 남은 고난을 그의 몸된 교회를 위하여 내 육체에 채우노라
골로새서,1,25,골로새서 1:25,내가 교회 일군 된 것은 하나님이 너희를 위하여 내게 주신 경륜을 따라 하나님의 말씀을 이루려 함이니라
골로새서,1,26,골로새서 1:26,이 비밀은 만세와 만대로부터 옴으로 감취었던 것인데 이제는 그의 성도들에게 나타났고
골로새서,1,27,골로새서 1:27,하나님이 그들로 하여금 이 비밀의 영광이 이방인 가운데 어떻게 풍성한 것을 알게 하려 하심이라 이 비밀은 너희 안에 계신 그리스도시니 곧 영광의 소망이니라
골로새서,1,28,골로새서 1:28,우리가 그를 전파하여 각 사람을 권하고 모든 지혜로 각 사람을 가르침은 각 사람을 그리스도 안에서 완전한 자로 세우려 함이니
골로새서,1,29,골로새서 1:29,이를 위하여 나도 내 속에서 능력으로 역사하시는 이의 역사를 따라 힘을 다하여 수고하노라
골로새서,2,1,골로새서 2:1,내가 너희와 라오디게아에 있는 자들과 무릇 내 육신의 얼굴을 보지 못한 자들을 위하여 어떻게 힘쓰는 것을 너희가 알기를 원하노니
골로새서,2,3,골로새서 2:3,그 안에는 지혜와 지식의 모든 보화가 감취어 있느니라
골로새서,2,4,골로새서 2:4,내가 이것을 말함은 아무도 공교한 말로 너희를 속이지 못하게 하려 함이니
골로새서,2,7,골로새서 2:7,그 안에 뿌리를 박으며 세움을 입어 교훈을 받은대로 믿음에 굳게 서서 감사함을 넘치게 하라
골로새서,2,8,골로새서 2:8,누가 철학과 헛된 속임수로 너희를 노략할까 주의하라 이것이 사람의 유전과 세상의 초등 학문을 좇음이요 그리스도를 좇음이 아니니라
골로새서,2,9,골로새서 2:9,그 안에는 신성의 모든 충만이 육체로 거하시고
골로새서,2,10,골로새서 2:10,너희도 그 안에서 충만하여졌으니 그는 모든 정사와 권세의 머리시라
골로새서,2,12,골로새서 2:12,너희가 세례로 그리스도와 함께 장사한 바 되고 또 죽은 자들 가운데서 그를 일으키신 하나님의 역사를 믿음으로 말미암아 그 안에서 함께 일으키심을 받았느니라
골로새서,2,14,골로새서 2:14,우리를 거스리고 우리를 대적하는 의문에 쓴 증서를 도말하시고 제하여 버리사 십자가에 못 박으시고
골로새서,2,15,골로새서 2:15,정사와 권세를 벗어버려 밝히 드러내시고 십자가로 승리하셨느니라
골로새서,2,16,골로새서 2:16,그러므로 먹고 마시는 것과 절기나 월삭이나 안식일을 인하여 누구든지 너희를 평론하지 못하게 하라
골로새서,2,17,골로새서 2:17,이것들은 장래 일의 그림자이나 몸은 그리스도의 것이니라
골로새서,2,18,골로새서 2:18,누구든지 일부러 겸손함과 천사 숭배함을 인하여 너희 상을 빼앗지 못하게 하라 저가 그 본 것을 의지하여 그 육체의 마음을 좇아 헛되이 과장하고
골로새서,2,19,골로새서 2:19,머리를 붙들지 아니하는지라 온 몸이 머리로 말미암아 마디와 힘줄로 공급함을 얻고 연합하여 하나님이 자라게 하심으로 자라느니라
골로새서,2,20,골로새서 2:20,너희가 세상의 초등 학문에서 그리스도와 함께 죽었거든 어찌하여 세상에 사는 것과 같이 의문에 순종하느냐 ?
골로새서,2,22,골로새서 2:22,사람의 명과 가르침을 좇느냐
골로새서,2,23,골로새서 2:23,이런 것들은 자의적 숭배와 겸손과 몸을 괴롭게 하는 데 지혜 있는 모양이나 오직 육체 좇는 것을 금하는 데는 유익이 조금도 없느니라
골로새서,3,1,골로새서 3:1,그러므로 너희가 그리스도와 함께 다시 살리심을 받았으면 위엣 것을 찾으라 ! 거기는 그리스도께서 하나님 우편에 앉아 계시느니라
골로새서,3,2,골로새서 3:2,"위엣 것을 생각하고, 땅엣 것을 생각지 말라 !"
골로새서,3,4,골로새서 3:4,우리 생명이신 그리스도께서 나타나실 그 때에 너희도 그와 함께 영광 중에 나타나리라
골로새서,3,7,골로새서 3:7,너희도 전에 그 가운데 살 때에는 그 가운데서 행하였으나
골로새서,3,8,골로새서 3:8,이제는 너희가 이 모든 것을 벗어버리라 곧 분과 악의와 훼방과 너희 입의 부끄러운 말이라
골로새서,3,9,골로새서 3:9,너희가 서로 거짓말을 말라 옛 사람과 그 행위를 벗어버리고
골로새서,3,10,골로새서 3:10,새 사람을 입었으니 이는 자기를 창조하신 자의 형상을 좇아 지식에까지 새롭게 하심을 받는 자니라
골로새서,3,12,골로새서 3:12,그러므로 너희는 하나님의 택하신 거룩하고 사랑하신 자처럼 긍휼과 자비와 겸손과 온유와 오래 참음을 옷입고
골로새서,3,13,골로새서 3:13,누가 뉘게 혐의가 있거든 서로 용납하여 피차 용서하되 주께서 너희를 용서하신 것과 같이 너희도 그리하고
골로새서,3,14,골로새서 3:14,이 모든 것 위에 사랑을 더하라 이는 온전하게 매는 띠니라
골로새서,3,15,골로새서 3:15,그리스도의 평강이 너희 마음을 주장하게 하라 평강을 위하여 너희가 한 몸으로 부르심을 받았나니 또한 너희는 감사하는 자가 되라
골로새서,3,16,골로새서 3:16,그리스도의 말씀이 너희 속에 풍성히 거하여 모든 지혜로 피차 가르치며 권면하고 시와 찬미와 신령한 노래를 부르며 마음에 감사함으로 하나님을 찬양하고
골로새서,3,17,골로새서 3:17,또 무엇을 하든지 말에나 일에나 다 주 예수의 이름으로 하고 그를 힘입어 하나님 아버지께 감사하라
골로새서,3,18,골로새서 3:18,아내들아 ! 남편에게 복종하라 이는 주 안에서 마땅하니라
골로새서,3,19,골로새서 3:19,남편들아 ! 아내를 사랑하며 괴롭게 하지 말라
골로새서,3,20,골로새서 3:20,자녀들아 ! 모든 일에 부모에게 순종하라 이는 주 안에서 기쁘게 하는 것이니라
골로새서,3,21,골로새서 3:21,아비들아 ! 너희 자녀를 격노케 말지니 낙심할까 함이라
골로새서,3,22,골로새서 3:22,종들아 모든 일에 육신의 상전들에게 순종하되 사람을 기쁘게 하는 자와 같이 눈가림만 하지 말고 오직 주를 두려워하여 성실한 마음으로 하라
골로새서,3,23,골로새서 3:23,무슨 일을 하든지 마음을 다하여 주께 하듯 하고 사람에게 하듯 하지 말라
골로새서,4,1,골로새서 4:1,상전들아 의와 공평을 종들에게 베풀지니 너희에게도 하늘에 상전이 계심을 알지어다
골로새서,4,2,골로새서 4:2,기도를 항상 힘쓰고 기도에 감사함으로 깨어 있으라
골로새서,4,3,골로새서 4:3,또한 우리를 위하여 기도하되 하나님이 전도할 문을 우리에게 열어주사 그리스도의 비밀을 말하게 하시기를 구하라 내가 이것을 인하여 매임을 당하였노라
골로새서,4,5,골로새서 4:5,외인을 향하여서는 지혜로 행하여 세월을 아끼라
골로새서,4,6,골로새서 4:6,너희 말을 항상 은혜 가운데서 소금으로 고루게 함 같이 하라 그리하면 각 사람에게 마땅히 대답할 것을 알리라
골로새서,4,7,골로새서 4:7,두기고가 내 사정을 다 너희에게 알게 하리니 그는 사랑을 받는 형제요 신실한 일꾼이요 주 안에서 함께 된 종이라
골로새서,4,8,골로새서 4:8,내가 저를 특별히 너희에게 보낸 것은 너희로 우리 사정을 알게 하고 너희 마음을 위로하게 하려 함이라
골로새서,4,12,골로새서 4:12,그리스도 예수의 종인 너희에게서 온 에바브라가 너희에게 문안하니 저가 항상 너희를 위하여 애써 기도하여 너희로 하나님의 모든 뜻 가운데서 완전하고 확신 있게 서기를 구하나니
골로새서,4,14,골로새서 4:14,사랑을 받는 의원 누가와 또 데마가 너희에게 문안하느니라
골로새서,4,15,골로새서 4:15,라오디게아에 있는 형제들과 눔바와 그 여자의 집에 있는 교회에 문안하고
골로새서,4,16,골로새서 4:16,이 편지를 너희에게서 읽은 후에 라오디게아인의 교회에서도 읽게 하고 또 라오디게아로서 오는 편지를 너희도 읽으라
골로새서,4,17,골로새서 4:17,아킵보에게 이르기를 주 안에서 받은 직분을 삼가 이루라고 하라
데살로니가전서,1,2,데살로니가전서 1:2,우리가 너희 무리를 인하여 항상 하나님께 감사하고 기도할 때에 너희를 말함은
데살로니가전서,1,3,데살로니가전서 1:3,너희의 믿음의 역사와 사랑의 수고와 우리 주 예수 그리스도에 대한 소망의 인내를 우리 하나님 아버지 앞에서 쉬지 않고 기억 함이니
데살로니가전서,1,4,데살로니가전서 1:4,하나님의 사랑하심을 받은 형제들아 너희를 택하심을 아노라
데살로니가전서,1,6,데살로니가전서 1:6,또 너희는 많은 환난 가운데서 성령의 기쁨으로 도를 받아 우리와 주를 본받은 자가 되었으니
데살로니가전서,1,7,데살로니가전서 1:7,그러므로 너희가 마게도냐와 아가야 모든 믿는 자의 본이 되었는지라
데살로니가전서,1,8,데살로니가전서 1:8,주의 말씀이 너희에게로부터 마게도냐와 아가야에만 들릴 뿐 아니라 하나님을 향하는 너희 믿음의 소문이 각처에 퍼지므로 우리는 아무 말도 할 것이 없노라
데살로니가전서,1,9,데살로니가전서 1:9,저희가 우리에 대하여 스스로 고하기를 우리가 어떻게 너희 가운데 들어간 것과 너희가 어떻게 우상을 버리고 하나님께로 돌아와서 사시고 참되신 하나님을 섬기며
데살로니가전서,1,10,데살로니가전서 1:10,또 죽은 자들 가운데서 다시 살리신 그의 아들이 하늘로부터 강림하심을 기다린다고 말하니 이는 장래 노하심에서 우리를 건지시는 예수시니라
데살로니가전서,2,1,데살로니가전서 2:1,형제들아 우리가 너희 가운데 들어감이 헛되지 않은 줄을 너희가 친히 아나니
데살로니가전서,2,3,데살로니가전서 2:3,우리의 권면은 간사에서나 부정에서 난 것도 아니요 궤계에 있는 것도 아니라
데살로니가전서,2,4,데살로니가전서 2:4,오직 하나님의 옳게 여기심을 입어 복음 전할 부탁을 받았으니 우리가 이와 같이 말함은 사람을 기쁘게 하려 함이 아니요 오직 우리 마음을 감찰하시는 하나님을 기쁘시게 하려 함이라
데살로니가전서,2,5,데살로니가전서 2:5,너희도 알거니와 우리가 아무 때에도 아첨의 말이나 탐심의 탈을 쓰지 아니한 것을 하나님이 증거하시느니라
데살로니가전서,2,6,데살로니가전서 2:6,우리가 그리스도의 사도로 능히 존중할 터이나 그러나 너희에게든지 다른 이에게든지 사람에게는 영광을 구치 아니하고
데살로니가전서,2,7,데살로니가전서 2:7,오직 우리가 너희 가운데서 유순한 자 되어 유모가 자기 자녀를 기름과 같이 하였으니
데살로니가전서,2,8,데살로니가전서 2:8,우리가 이같이 너희를 사모하여 하나님의 복음으로만 아니라 우리 목숨까지 너희에게 주기를 즐겨 함은 너희가 우리의 사랑하는자 됨이니라
데살로니가전서,2,9,데살로니가전서 2:9,형제들아 우리의 수고와 애쓴 것을 너희가 기억하리니 너희 아무에게도 누를 끼치지 아니하려고 밤과 낮으로 일하면서 너희에게 하나님의 복음을 전파하였노라
데살로니가전서,2,10,데살로니가전서 2:10,우리가 너희 믿는 자들을 향하여 어떻게 거룩하고 옳고 흠없이 행한 것에 대하여 너희가 증인이요 하나님도 그러하시도다
데살로니가전서,2,11,데살로니가전서 2:11,너희도 아는 바와 같이 우리가 너희 각 사람에게 아비가 자기 자녀에게 하듯 권면하고 위로하고 경계하노니
데살로니가전서,2,14,데살로니가전서 2:14,형제들아 너희가 그리스도 예수 안에서 유대에 있는 하나님의 교회들을 본받은 자 되었으니 저희가 유대인들에게 고난을 받음과 같이 너희도 너희 나라 사람들에게 동일한 것을 받았느니라
데살로니가전서,2,17,데살로니가전서 2:17,형제들아 우리가 잠시 너희를 떠난 것은 얼굴이요 마음은 아니니 너희 얼굴 보기를 열정으로 더욱 힘썼노라
데살로니가전서,2,19,데살로니가전서 2:19,우리의 소망이나 기쁨이나 자랑의 면류관이 무엇이냐 ? 그의 강림하실 때 우리 주 예수 앞에 너희가 아니냐
데살로니가전서,2,20,데살로니가전서 2:20,너희는 우리의 영광이요 기쁨이니라
데살로니가전서,3,3,데살로니가전서 3:3,누구든지 이 여러 환난 중에 요동치 않게 하려 함이라 우리로 이것을 당하게 세우신 줄을 너희가 친히 알리라
데살로니가전서,3,4,데살로니가전서 3:4,우리가 너희와 함께 있을 때에 장차 받을 환난을 너희에게 미리 말하였더니 과연 그렇게 된 것을 너희가 아느니라
데살로니가전서,3,8,데살로니가전서 3:8,그러므로 너희가 주 안에 굳게 선즉 우리가 이제는 살리라
데살로니가전서,3,9,데살로니가전서 3:9,우리가 우리 하나님 앞에서 너희를 인하여 모든 기쁨으로 기뻐하니 너희를 위하여 능히 어떠한 감사함으로 하나님께 보답할꼬
데살로니가전서,3,10,데살로니가전서 3:10,주야로 심히 간구함은 너희 얼굴을 보고 너희 믿음의 부족함을 온전케 하려 함이라
데살로니가전서,3,11,데살로니가전서 3:11,하나님 우리 아버지와 우리 주 예수는 우리 길을 너희에게로 직행하게 하옵시며
데살로니가전서,3,12,데살로니가전서 3:12,또 주께서 우리가 너희를 사랑함과 같이 너희도 피차간과 모든 사람에 대한 사랑이 더욱 많아 넘치게 하사
데살로니가전서,3,13,데살로니가전서 3:13,너희 마음을 굳게 하시고 우리 주 예수께서 그의 모든 성도와 함께 강림하실 때에 하나님 우리 아버지 앞에서 거룩함에 흠이 없게 하시기를 원하노라
데살로니가전서,4,1,데살로니가전서 4:1,종말로 형제들아 우리가 주 예수 안에서 너희에게 구하고 권면하노니 너희가 마땅히 어떻게 행하며 하나님께 기쁘시게 할 것을 우리에게 받았으니 곧 너희 행하는 바라 더욱 많이 힘쓰라
데살로니가전서,4,2,데살로니가전서 4:2,우리가 주 예수로 말미암아 너희에게 무슨 명령으로 준 것을 너희가 아느니라
데살로니가전서,4,3,데살로니가전서 4:3,하나님의 뜻은 이것이니 너희의 거룩함이라 곧 음란을 버리고
데살로니가전서,4,4,데살로니가전서 4:4,각각 거룩함과 존귀함으로 자기의 아내 취할 줄을 알고
데살로니가전서,4,5,데살로니가전서 4:5,하나님을 모르는 이방인과 같이 색욕을 좇지 말고
데살로니가전서,4,7,데살로니가전서 4:7,하나님이 우리를 부르심은 부정케 하심이 아니요 거룩케 하심이니
데살로니가전서,4,8,데살로니가전서 4:8,그러므로 저버리는 자는 사람을 저버림이 아니요 너희에게 그의 성령을 주신 하나님을 저버림이니라
데살로니가전서,4,9,데살로니가전서 4:9,형제 사랑에 관하여는 너희에게 쓸 것이 없음은 너희가 친히 하나님의 가르치심을 받아 서로 사랑함이라
데살로니가전서,4,10,데살로니가전서 4:10,너희가 온 마게도냐 모든 형제를 대하여 과연 이것을 행하도다 형제들아 권하노니 더 많이 하고
데살로니가전서,4,11,데살로니가전서 4:11,또 너희에게 명한 것같이 종용하여 자기 일을 하고 너희 손으로 일하기를 힘쓰라
데살로니가전서,4,13,데살로니가전서 4:13,형제들아 자는 자들에 관하여는 너희가 알지 못함을 우리가 원치 아니하노니 이는 소망 없는 다른 이와 같이 슬퍼하지 않게 하려 함이라
데살로니가전서,4,14,데살로니가전서 4:14,우리가 예수의 죽었다가 다시 사심을 믿을진대 이와 같이 예수 안에서 자는 자들도 하나님이 저와 함께 데리고 오시리라
데살로니가전서,4,15,데살로니가전서 4:15,우리가 주의 말씀으로 너희에게 이것을 말하노니 주 강림하실 때까지 우리 살아 남아 있는 자도 자는 자보다 결단코 앞서지 못하리라
데살로니가전서,4,16,데살로니가전서 4:16,주께서 호령과 천사장의 소리와 하나님의 나팔로 친히 하늘로 좇아 강림하시리니 그리스도 안에서 죽은 자들이 먼저 일어나고
데살로니가전서,4,17,데살로니가전서 4:17,그 후에 우리 살아 남은 자도 저희와 함께 구름 속으로 끌어올려 공중에서 주를 영접하게 하시리니 그리하여 우리가 항상 주와 함께 있으리라
데살로니가전서,4,18,데살로니가전서 4:18,그러므로 이 여러 말로 서로 위로하라
데살로니가전서,5,1,데살로니가전서 5:1,형제들아 때와 시기에 관하여는 너희에게 쓸 것이 없음은
데살로니가전서,5,4,데살로니가전서 5:4,형제들아 너희는 어두움에 있지 아니하매 그 날이 도적같이 너희에게 임하지 못하리니
데살로니가전서,5,5,데살로니가전서 5:5,너희는 다 빛의 아들이요 낮의 아들이라 우리가 밤이나 어두움에 속하지 아니하나니
데살로니가전서,5,6,데살로니가전서 5:6,그러므로 우리는 다른 이들과 같이 자지 말고 오직 깨어 근신할지라
데살로니가전서,5,8,데살로니가전서 5:8,우리는 낮에 속하였으니 근신하여 믿음과 사랑의 흉배를 붙이고 구원의 소망의 투구를 쓰자
데살로니가전서,5,9,데살로니가전서 5:9,하나님이 우리를 세우심은 노하심에 이르게 하심이 아니요 오직 우리 주 예수 그리스도로 말미암아 구원을 얻게 하신 것이라
데살로니가전서,5,10,데살로니가전서 5:10,예수께서 우리를 위하여 죽으사 우리로 하여금 깨든지 자든지 자기와 함께 살게 하려 하셨느니라
데살로니가전서,5,11,데살로니가전서 5:11,그러므로 피차 권면하고 피차 덕을 세우기를 너희가 하는 것같이 하라
데살로니가전서,5,12,데살로니가전서 5:12,형제들아 우리가 너희에게 구하노니 너희 가운데서 수고하고 주 안에서 너희를 다스리며 권하는 자들을 너희가 알고
데살로니가전서,5,13,데살로니가전서 5:13,저의 역사로 말미암아 사랑 안에서 가장 귀히 여기며 너희끼리 화목하라
데살로니가전서,5,14,데살로니가전서 5:14,또 형제들아 너희를 권면하노니 규모없는 자들을 권계하며 마음이 약한 자들을 안위하고 힘이 없는 자들을 붙들어 주며 모든 사람을 대하여 오래 참으라
데살로니가전서,5,15,데살로니가전서 5:15,삼가 누가 누구에게든지 악으로 악을 갚지 말게 하고 오직 피차 대하든지 모든 사람을 대하든지 항상 선을 좇으라
데살로니가전서,5,16,데살로니가전서 5:16,항상 기뻐하라 !
데살로니가전서,5,17,데살로니가전서 5:17,쉬지 말고 기도하라 !
데살로니가전서,5,18,데살로니가전서 5:18,범사에 감사하라 ! 이는 그리스도 예수 안에서 너희를 향하신 하나님의 뜻이니라
데살로니가전서,5,19,데살로니가전서 5:19,성령을 소멸치 말며
데살로니가전서,5,20,데살로니가전서 5:20,예언을 멸시치 말고
데살로니가전서,5,21,데살로니가전서 5:21,범사에 헤아려 좋은 것을 취하고
데살로니가전서,5,22,데살로니가전서 5:22,악은 모든 모양이라도 버리라 !
데살로니가전서,5,23,데살로니가전서 5:23,평강의 하나님이 친히 너희로 온전히 거룩하게 하시고 또 너희 온 영과 혼과 몸이 우리 주 예수 그리스도 강림하실 때에 흠 없게 보전되기를 원하노라
데살로니가전서,5,24,데살로니가전서 5:24,너희를 부르시는 이는 미쁘시니 그가 또한 이루시리라
데살로니가전서,5,25,데살로니가전서 5:25,형제들아 우리를 위하여 기도하라
데살로니가전서,5,26,데살로니가전서 5:26,거룩하게 입맞춤으로 모든 형제에게 문안하라
데살로니가전서,5,27,데살로니가전서 5:27,내가 주를 힘입어 너희를 명하노니 모든 형제에게 이 편지를 읽어 들리라
데살로니가전서,5,28,데살로니가전서 5:28,우리 주 예수 그리스도의 은혜가 너희에게 있을지어다 !
데살로니가후서,1,2,데살로니가후서 1:2,하나님 아버지와 주 예수 그리스도로부터 은혜와 평강이 너희에게 있을지어다
데살로니가후서,1,4,데살로니가후서 1:4,그리고 너희의 참는 모든 핍박과 환난 중에서 너희 인내와 믿음을 인하여 하나님의 여러 교회에서 우리가 친히 자랑함이라
데살로니가후서,1,7,데살로니가후서 1:7,환난 받는 너희에게는 우리와 함께 안식으로 갚으시는 것이 하나님의 공의시니 주 예수께서 저의 능력의 천사들과 함께 하늘로부터 불꽃 중에 나타나실 때에
데살로니가후서,1,12,데살로니가후서 1:12,우리 하나님과 주 예수 그리스도의 은혜대로 우리 주 예수의 이름이 너희 가운데서 영광을 얻으시고 너희도 그 안에서 영광을 얻게 하려 함이니라
데살로니가후서,2,1,데살로니가후서 2:1,형제들아 ! 우리가 너희에게 구하는 것은 우리 주 예수 그리스도의 강림하심과 우리가 그 앞에 모임에 관하여
데살로니가후서,2,2,데살로니가후서 2:2,"혹 영으로나, 혹 말로나, 혹 우리에게서 받았다 하는 편지로나 주의 날이 이르렀다고 쉬 동심하거나 두려워하거나 하지 아니할 그것이라"
데살로니가후서,2,5,데살로니가후서 2:5,내가 너희와 함께 있을 때에 이 일을 너희에게 말한 것을 기억하지 못하느냐 ?
데살로니가후서,2,6,데살로니가후서 2:6,저로 하여금 저의 때에 나타나게 하려 하여 막는 것을 지금도 너희가 아나니
데살로니가후서,2,7,데살로니가후서 2:7,불법의 비밀이 이미 활동하였으나 지금 막는 자가 있어 그 중에서 옮길 때까지 하리라
데살로니가후서,2,13,데살로니가후서 2:13,주의 사랑하시는 형제들아 ! 우리가 항상 너희를 위하여 마땅히 하나님께 감사할 것은 하나님이 처음부터 너희를 택하사 성령의 거룩하게 하심과 진리를 믿음으로 구원을 얻게 하심이니
데살로니가후서,2,14,데살로니가후서 2:14,이를 위하여 우리 복음으로 너희를 부르사 우리 주 예수 그리스도의 영광을 얻게 하려 하심이니라
데살로니가후서,2,17,데살로니가후서 2:17,너희 마음을 위로하시고 모든 선한 일과 말에 굳게 하시기를 원하노라
데살로니가후서,3,1,데살로니가후서 3:1,종말로 형제들아 너희는 우리를 위하여 기도하기를 주의 말씀이 너희 가운데서와 같이 달음질하여 영광스럽게 되고
데살로니가후서,3,2,데살로니가후서 3:2,또한 우리를 무리하고 악한 사람들에게서 건지옵소서 하라 믿음은 모든 사람의 것이 아님이라
데살로니가후서,3,3,데살로니가후서 3:3,주는 미쁘사 너희를 굳게 하시고 악한 자에게서 지키시리라
데살로니가후서,3,4,데살로니가후서 3:4,너희에게 대하여는 우리의 명한 것을 너희가 행하고 또 행할 줄을 우리가 주 안에서 확신하노니
데살로니가후서,3,5,데살로니가후서 3:5,주께서 너희 마음을 인도하여 하나님의 사랑과 그리스도의 인내에 들어가게 하시기를 원하노라
데살로니가후서,3,8,데살로니가후서 3:8,누구에게서든지 양식을 값없이 먹지 않고 오직 수고하고 애써 주야로 일함은 너희 아무에게도 누를 끼치지 아니하려 함이니
데살로니가후서,3,9,데살로니가후서 3:9,우리에게 권리가 없는 것이 아니요 오직 스스로 너희에게 본을 주어 우리를 본받게 하려 함이니라
데살로니가후서,3,13,데살로니가후서 3:13,형제들아 ! 너희는 선을 행하다가 낙심치 말라
데살로니가후서,3,15,데살로니가후서 3:15,그러나 원수와 같이 생각지 말고 형제같이 권하라
데살로니가후서,3,16,데살로니가후서 3:16,평강의 주께서 친히 때마다 일마다 너희에게 평강을 주시기를 원하노라 주는 너희 모든 사람과 함께 하실지어다
데살로니가후서,3,18,데살로니가후서 3:18,우리 주 예수 그리스도의 은혜가 너희 무리에게 있을지어다 !
디모데전서,1,5,디모데전서 1:5,경계의 목적은 청결한 마음과 선한 양심과 거짓이 없는 믿음으로 나는 사랑이거늘
디모데전서,1,6,디모데전서 1:6,사람들이 이에서 벗어나 헛된 말에 빠져
디모데전서,1,8,디모데전서 1:8,그러나 사람이 율법을 법있게 쓰면 율법은 선한 것인 줄 우리는 아노라
디모데전서,1,11,디모데전서 1:11,이 교훈은 내게 맡기신 바 복되신 하나님의 영광의 복음을 좇음이니라
디모데전서,1,12,디모데전서 1:12,나를 능하게 하신 그리스도 예수 우리 주께 내가 감사함은 나를 충성되이 여겨 내게 직분을 맡기심이니
디모데전서,1,13,디모데전서 1:13,내가 전에는 훼방자요 핍박자요 포행자이었으나 도리어 긍휼을 입은 것은 내가 믿지 아니할 때에 알지 못하고 행하였음이라
디모데전서,1,14,디모데전서 1:14,우리 주의 은혜가 그리스도 예수 안에 있는 믿음과 사랑과 함께 넘치도록 풍성하였도다
디모데전서,1,15,디모데전서 1:15,미쁘다 모든 사람이 받을 만한 이 말이여 그리스도 예수께서 죄인을 구원하시려고 세상에 임하셨다 하였도다 죄인 중에 내가 괴수니라 !
디모데전서,1,16,디모데전서 1:16,그러나 내가 긍휼을 입은 까닭은 예수 그리스도께서 내게 먼저 일절 오래 참으심을 보이사 후에 주를 믿어 영생 얻는 자들에게 본이 되게 하려 하심이니라
디모데전서,1,17,디모데전서 1:17,만세의 왕 곧 썩지 아니하고 보이지 아니하고 홀로 하나이신 하나님께 존귀와 영광이 세세토록 있어지이다 ! 아멘
디모데전서,1,19,디모데전서 1:19,믿음과 착한 양심을 가지라 어떤 이들이 이 양심을 버렸고 그 믿음에 관하여는 파선하였느니라
디모데전서,2,2,디모데전서 2:2,임금들과 높은 지위에 있는 모든 사람을 위하여 하라 이는 우리가 모든 경건과 단정한 중에 고요하고 평안한 생활을 하려 함이니라
디모데전서,2,3,디모데전서 2:3,이것이 우리 구주 하나님 앞에 선하고 받을실 만한 것이니
디모데전서,2,4,디모데전서 2:4,하나님은 모든 사람이 구원을 받으며 진리를 아는데 이르기를 원하시느니라
디모데전서,2,5,디모데전서 2:5,하나님은 한 분이시요 또 하나님과 사람 사이에 중보도 한 분이시니 곧 사람이신 그리스도 예수라
디모데전서,2,7,디모데전서 2:7,이를 위하여 내가 전파하는 자와 사도로 세움을 입은 것은 참말이요 거짓말이 아니니 믿음과 진리 안에서 내가 이방인의 스승이 되었노라
디모데전서,2,8,디모데전서 2:8,그러므로 각처에서 남자들이 분노와 다툼이 없이 거룩한 손을 들어 기도하기를 원하노라
디모데전서,2,9,디모데전서 2:9,또 이와 같이 여자들도 아담한 옷을 입으며 염치와 정절로 자기를 단장하고 땋은 머리와 금이나 진주나 값진 옷으로 하지 말고
디모데전서,2,10,디모데전서 2:10,오직 선행으로 하기를 원하라 이것이 하나님을 공경한다 하는 자들에게 마땅한 것이니라
디모데전서,2,11,디모데전서 2:11,여자는 일절 순종함으로 종용히 배우라
디모데전서,2,12,디모데전서 2:12,여자의 가르치는 것과 남자를 주관하는 것을 허락지 아니하노니 오직 종용할지니라
디모데전서,2,15,디모데전서 2:15,그러나 여자들이 만일 정절로써 믿음과 사랑과 거룩함에 거하면 그 해산함으로 구원을 얻으리라
디모데전서,3,1,디모데전서 3:1,미쁘다 이 말이여 사람이 감독의 직분을 얻으려 하면 선한 일을 사모한다 함이로다
디모데전서,3,4,디모데전서 3:4,자기 집을 잘 다스려 자녀들로 모든 단정함으로 복종케 하는 자라야 할지며
디모데전서,3,7,디모데전서 3:7,또한 외인에게서도 선한 증거를 얻은 자라야 할지니 비방과 마귀의 올무에 빠질까 염려하라
디모데전서,3,8,디모데전서 3:8,이와 같이 집사들도 단정하고 일구이언을 하지 아니하고 술에 인박이지 아니하고 더러운 이를 탐하지 아니하고
디모데전서,3,9,디모데전서 3:9,깨끗한 양심에 믿음의 비밀을 가진 자라야 할지니
디모데전서,3,11,디모데전서 3:11,여자들도 이와 같이 단정하고 참소하지 말며 절제하며 모든 일에 충성된 자라야 할지니라
디모데전서,3,12,디모데전서 3:12,집사들은 한 아내의 남편이 되어 자녀와 자기 집을 잘 다스리는 자일지니
디모데전서,3,13,디모데전서 3:13,집사의 직분을 잘한 자들은 아름다운 지위와 그리스도 예수 안에 있는 믿음에 큰 담력을 얻느니라
디모데전서,3,14,디모데전서 3:14,내가 속히 네게 가기를 바라나 이것을 네게 쓰는 것은
디모데전서,3,15,디모데전서 3:15,만일 내가 지체하면 너로 하나님의 집에서 어떻게 행하여야 할 것을 알게 하려 함이니 이 집은 살아계신 하나님의 교회요 진리의 기둥과 터이니라
디모데전서,3,16,디모데전서 3:16,크도다 경건의 비밀이여 그렇지 않다 하는 이 없도다 그는 육신으로 나타난 바 되시고 영으로 의롭다 하심을 입으시고 천사들에게 보이시고 만국에서 전파되시고 세상에서 믿은 바 되시고 영광가운데서 올리우셨음이니라
디모데전서,4,4,디모데전서 4:4,하나님의 지으신 모든 것이 선하매 감사함으로 받으면 버릴 것이 없나니
디모데전서,4,5,디모데전서 4:5,하나님의 말씀과 기도로 거룩하여짐이니라
디모데전서,4,6,디모데전서 4:6,네가 이것으로 형제를 깨우치면 그리스도 예수의 선한 일군이 되어 믿음의 말씀과 네가 좇는 선한 교훈으로 양육을 받으리라
디모데전서,4,7,디모데전서 4:7,망령되고 허탄한 신화를 버리고 오직 경건에 이르기를 연습하라
디모데전서,4,8,디모데전서 4:8,육체의 연습은 약간의 유익이 있으나 경건은 범사에 유익하니 금생과 내생에 약속이 있느니라
디모데전서,4,9,디모데전서 4:9,미쁘다 이 말이여 모든 사람들이 받을 만하도다
디모데전서,4,10,디모데전서 4:10,이를 위하여 우리가 수고하고 진력하는 것은 우리 소망을 살아계신 하나님께 둠이니 곧 모든 사람 특히 믿는 자들의 구주시라
디모데전서,4,11,디모데전서 4:11,네가 이것들을 명하고 가르치라
디모데전서,4,12,디모데전서 4:12,누구든지 네 연소함을 업신여기지 못하게 하고 오직 말과 행실과 사랑과 믿음과 정절에 대하여 믿는 자에게 본이 되어
디모데전서,4,13,디모데전서 4:13,내가 이를 때까지 읽는 것과 권하는 것과 가르치는 것에 착념하라
디모데전서,4,14,디모데전서 4:14,네 속에 있는 은사 곧 장로의 회에서 안수 받을 때에 예언으로 말미암아 받은 것을 조심 없이 말며
디모데전서,4,15,디모데전서 4:15,이 모든 일에 전심전력하여 너의 진보를 모든 사람에게 나타나게 하라
디모데전서,4,16,디모데전서 4:16,네가 네 자신과 가르침을 삼가 이 일을 계속하라 이것을 행함으로 네 자신과 네게 듣는 자를 구원하리라
디모데전서,5,1,디모데전서 5:1,늙은이를 꾸짖지 말고 권하되 아비에게 하듯하며 젊은이를 형제에게 하듯하고
디모데전서,5,2,디모데전서 5:2,늙은 여자를 어미에게 하듯하며 젊은 여자를 일절 깨끗함으로 자매에게 하듯 하라
디모데전서,5,3,디모데전서 5:3,참 과부인 과부를 경대하라
디모데전서,5,4,디모데전서 5:4,만일 어떤 과부에게 자녀나 손자들이 있거든 저희로 먼저 자기 집에서 효를 행하여 부모에게 보답하기를 배우게 하라 이것이 하나님 앞에 받으실 만한 것이니라
디모데전서,5,7,디모데전서 5:7,네가 또한 이것을 명하여 그들로 책망 받을 것이 없게 하라
디모데전서,5,9,디모데전서 5:9,과부로 명부에 올릴 자는 나이 육십이 덜 되지 아니하고 한 남편의 아내이었던 자로서
디모데전서,5,10,디모데전서 5:10,선한 행실의 증거가 있어 혹은 자녀를 양육하며 혹은 나그네를 대접하며 혹은 성도들의 발을 씻기며 혹은 환난 당한 자들을 구제하며 혹은 모든 선한 일을 좇은 자라야 할 것이요
디모데전서,5,14,디모데전서 5:14,그러므로 젊은이는 시집가서 아이를 낳고 집을 다스리고 대적에게 훼방할 기회를 조금도 주지 말기를 원하노라
디모데전서,5,16,디모데전서 5:16,만일 믿는 여자에게 과부 친척이 있거든 자기가 도와주고 교회로 짐지지 말게 하라 이는 참 과부를 도와주게 하려 함이니라
디모데전서,5,17,디모데전서 5:17,잘 다스리는 장로들을 배나 존경할 자로 알되 말씀과 가르침에 수고하는 이들을 더할 것이니라
디모데전서,5,18,디모데전서 5:18,성경에 일렀으되 곡식을 밟아 떠는 소의 입에 망을 씌우지 말라 하였고 또 일군이 그 삯을 받는 것이 마땅하다 하였느니라
디모데전서,5,19,디모데전서 5:19,장로에 대한 송사는 두 세 증인이 없으면 받지 말 것이요
디모데전서,5,21,디모데전서 5:21,하나님과 그리스도 예수와 택하심을 받은 천사들 앞에서 내가 엄히 명하노니 너는 편견이 없이 이것들을 지켜 아무 일도 편벽되이 하지 말며
디모데전서,5,22,디모데전서 5:22,아무에게나 경솔히 안수하지 말고 다른 사람의 죄에 간섭지 말고 네 자신을 지켜 정결케 하라
디모데전서,5,23,디모데전서 5:23,이제부터는 물만 마시지 말고 네 비위와 자주 나는 병을 인하여 포도주를 조금씩 쓰라
디모데전서,5,25,디모데전서 5:25,이와 같이 선행도 밝히 드러나고 그렇지 아니한 것도 숨길 수 없느니라
디모데전서,6,1,디모데전서 6:1,무릇 멍에 아래 있는 종들은 자기 상전들을 범사에 마땅히 공경할 자로 알지니 이는 하나님의 이름과 교훈으로 훼방을 받지 않게하려 함이라
디모데전서,6,2,디모데전서 6:2,믿는 상전이 있는 자들은 그 상전을 형제라고 경히 여기지 말고 더 잘 섬기게 하라 이는 유익을 받는 자들이 믿는 자요 사랑을 받는 자임이니라 너는 이것들을 가르치고 권하라
디모데전서,6,3,디모데전서 6:3,누구든지 다른 교훈을 하며 바른 말 곧 우리 주 예수 그리스도의 말씀과 경건에 관한 교훈에 착념치 아니하면
디모데전서,6,6,디모데전서 6:6,그러나 지족하는 마음이 있으면 경건이 큰 이익이 되느니라
디모데전서,6,7,디모데전서 6:7,우리가 세상에 아무 것도 가지고 온 것이 없으매 또한 아무 것도 가지고 가지 못하리니
디모데전서,6,8,디모데전서 6:8,우리가 먹을 것과 입을 것이 있은즉 족한 줄로 알 것이니라
디모데전서,6,11,디모데전서 6:11,오직 너 하나님의 사람아 ! 이것들을 피하고 의와 경건과 믿음과 사랑과 인내와 온유를 좇으며
디모데전서,6,12,디모데전서 6:12,믿음의 선한 싸움을 싸우라 영생을 취하라 이를 위하여 네가 부르심을 입었고 많은 증인 앞에서 선한 증거를 증거하였도다
디모데전서,6,14,디모데전서 6:14,우리 주 예수 그리스도 나타나실 때까지 점도 없고 책망 받을 것도 없이 이 명령을 지키라
디모데전서,6,15,디모데전서 6:15,기약이 이르면 하나님이 그의 나타나심을 보이시리니 하나님은 복되시고 홀로 한 분이신 능하신 자이며 만왕의 왕이시며 만주의 주시요
디모데전서,6,16,디모데전서 6:16,오직 그에게만 죽지 아니함이 있고 가까이 가지 못할 빛에 거하시고 아무 사람도 보지 못하였고 또 볼 수 없는 자시니 그에게 존귀와 영원한 능력을 돌릴지어다 아멘
디모데전서,6,17,디모데전서 6:17,네가 이 세대에 부한 자들을 명하여 마음을 높이지 말고 정함이 없는 재물에 소망을 두지 말고 오직 우리에게 모든 것을 후히 주사 누리게 하시는 하나님께 두며
디모데전서,6,18,디모데전서 6:18,선한 일을 행하고 선한 사업에 부하고 나눠주기를 좋아하며 동정하는 자가 되게 하라
디모데전서,6,19,디모데전서 6:19,이것이 장래에 자기를 위하여 좋은 터를 쌓아 참된 생명을 취하는 것이니라
디모데전서,6,21,디모데전서 6:21,이것을 좇는 사람들이 있어 믿음에서 벗어났느니라 은혜가 너희와 함께 있을지어다 !
디모데후서,1,3,디모데후서 1:3,나의 밤낮 간구하는 가운데 쉬지 않고 너를 생각하여 청결한 양심으로 조상적부터 섬겨 오는 하나님께 감사하고
디모데후서,1,4,디모데후서 1:4,네 눈물을 생각하여 너 보기를 원함은 내 기쁨이 가득하게 하려함이니
디모데후서,1,6,디모데후서 1:6,그러므로 내가 나의 안수함으로 네 속에 있는 하나님의 은사를 다시 불일듯 하게 하기 위하여 너로 생각하게 하노니
디모데후서,1,7,디모데후서 1:7,하나님이 우리에게 주신 것은 두려워하는 마음이 아니요 오직 능력과 사랑과 근신하는 마음이니
디모데후서,1,8,디모데후서 1:8,그러므로 네가 우리 주의 증거와 또는 주를 위하여 갇힌 자 된 나를 부끄러워 말고 오직 하나님의 능력을 좇아 복음과 함께 고난을 받으라 !
디모데후서,1,9,디모데후서 1:9,하나님이 우리를 구원하사 거룩하신 부르심으로 부르심은 우리의 행위대로 하심이 아니요 오직 자기 뜻과 영원한 때 전부터 그리스도 예수 안에서 우리에게 주신 은혜대로 하심이라
디모데후서,1,10,디모데후서 1:10,이제는 우리 구주 그리스도 예수의 나타나심으로 말미암아 나타났으니 저는 사망을 폐하시고 복음으로써 생명과 썩지 아니할 것을 드러내신지라
디모데후서,1,11,디모데후서 1:11,내가 이 복음을 위하여 반포자와 사도와 교사로 세우심을 입었노라
디모데후서,1,12,디모데후서 1:12,이를 인하여 내가 또 이 고난을 받되 부끄러워하지 아니함은 나의 의뢰한 자를 내가 알고 또한 나의 의탁한 것을 그 날까지 저가 능히 지키실 줄을 확신함이라
디모데후서,1,13,디모데후서 1:13,너는 그리스도 예수 안에 있는 믿음과 사랑으로써 내게 들은 바 바른 말을 본받아 지키고
디모데후서,1,14,디모데후서 1:14,우리 안에 거하시는 성령으로 말미암아 네게 부탁한 아름다운 것을 지키라
디모데후서,1,15,디모데후서 1:15,아시아에 있는 모든 사람이 나를 버린 이 일을 네가 아나니 그 중에 부겔로와 허모게네가 있느니라
디모데후서,1,16,디모데후서 1:16,원컨대 주께서 오네시보로의 집에 긍휼을 베푸시옵소서 ! 저가 나를 자주 유쾌케 하고 나의 사슬에 매인 것을 부끄러워 아니하여
디모데후서,1,17,디모데후서 1:17,로마에 있을 때에 나를 부지런히 찾아 만났느니라
디모데후서,2,1,디모데후서 2:1,내 아들아 그러므로 네가 그리스도 예수 안에 있는 은혜 속에서 강하고
디모데후서,2,2,디모데후서 2:2,또 네가 많은 증인 앞에서 내게 들은 바를 충성된 사람들에게 부탁하라 저희가 또 다른 사람들을 가르칠 수 있으리라
디모데후서,2,3,디모데후서 2:3,네가 그리스도 예수의 좋은 군사로 나와 함께 고난을 받을지니
디모데후서,2,4,디모데후서 2:4,군사로 다니는 자는 자기 생활에 얽매이는 자가 하나도 없나니 이는 군사로 모집한 자를 기쁘게 하려 함이라
디모데후서,2,6,디모데후서 2:6,수고하는 농부가 곡식을 먼저 받는 것이 마땅하니라
디모데후서,2,7,디모데후서 2:7,내 말하는 것을 생각하라 주께서 범사에 네게 총명을 주시리라
디모데후서,2,9,디모데후서 2:9,복음을 인하여 내가 죄인과 같이 매이는 데까지 고난을 받았으나 하나님의 말씀은 매이지 아니하니라
디모데후서,2,10,디모데후서 2:10,그러므로 내가 택하신 자를 위하여 모든 것을 참음은 저희로도 그리스도 예수 안에 있는 구원을 영원한 영광과 함께 얻게 하여 함이로다
디모데후서,2,11,디모데후서 2:11,미쁘다 이 말이여 우리가 주와 함께 죽었으면 또한 함께 살 것이요
디모데후서,2,12,디모데후서 2:12,참으면 또한 함께 왕노릇 할 것이요 우리가 주를 부인하면 주도 우리를 부인하실 것이라
디모데후서,2,13,디모데후서 2:13,우리는 미쁨이 없을지라도 주는 일향 미쁘시니 자기를 부인하실 수 없으시리라
디모데후서,2,14,디모데후서 2:14,너는 저희로 이 일을 기억하게 하여 말다툼을 하지 말라고 하나님 앞에서 엄히 명하라 이는 유익이 하나도 없고 도리어 듣는 자들을 망하게 함이니라
디모데후서,2,15,디모데후서 2:15,네가 진리의 말씀을 옳게 분변하여 부끄러울 것이 없는 일군으로 인정된 자로 자신을 하나님 앞에 드리기를 힘쓰라
디모데후서,2,16,디모데후서 2:16,망령되고 헛된 말을 버리라 저희는 경건치 아니함에 점점 나아가나니
디모데후서,2,17,디모데후서 2:17,저희 말은 독한 창질의 썩어져 감과 같은데 그 중에 후메내오와 빌레도가 있느니라
디모데후서,2,18,디모데후서 2:18,진리에 관하여는 저희가 그릇되었도다 부활이 이미 지나갔다 하므로 어떤 사람들의 믿음을 무너뜨리느니라
디모데후서,2,19,디모데후서 2:19,그러나 하나님의 견고한 터는 섰으니 인침이 있어 일렀으되 주께서 자기 백성을 아신다 하며 또 주의 이름을 부르는 자마다 불의서 떠날지어다 하였느니라
디모데후서,2,20,디모데후서 2:20,큰 집에는 금과 은의 그릇이 있을 뿐 아니요 나무와 질그릇도 있어 귀히 쓰는 것도 있고 천히 쓰는 것도 있나니
디모데후서,2,21,디모데후서 2:21,그러므로 누구든지 이런 것에서 자기를 깨끗하게 하면 귀히 쓰는 그릇이 되어 거룩하고 주인의 쓰심에 합당하며 모든 선한 일에 예비함이 되리라
디모데후서,2,22,디모데후서 2:22,또한 네가 청년의 정욕을 피하고 주를 깨끗한 마음으로 부르는 자들과 함께 믿음과 사랑과 화평을 좇으라
디모데후서,2,23,디모데후서 2:23,어리석고 무식한 변론을 버리라 이에서 다툼이 나는 줄 앎이라
디모데후서,2,24,디모데후서 2:24,마땅히 주의 종은 다투지 아니하고 모든 사람을 대하여 온유하라 가르치기를 잘하며 참으며
디모데후서,2,26,디모데후서 2:26,저희로 깨어 마귀의 올무에서 벗어나 하나님께 사로잡힌 바 되어 그 뜻을 좇게 하실까 함이라
디모데후서,3,1,디모데후서 3:1,네가 이것을 알라 말세에 고통하는 때가 이르리니
디모데후서,3,5,디모데후서 3:5,"경건의 모양은 있으나 경건의 능력은 부인하는 자니, 이같은 자들에게서 네가 돌아서라"
디모데후서,3,6,디모데후서 3:6,저희 중에 남의 집에 가만히 들어가 어리석은 여자를 유인하는 자들이 있으니 그 여자는 죄를 중히 지고 여러 가지 욕심에 끌린바 되어
디모데후서,3,7,디모데후서 3:7,항상 배우나 마침내 진리의 지식에 이를 수 없느니라
디모데후서,3,9,디모데후서 3:9,그러나 저희가 더 나가지 못할 것은 저 두 사람의 된 것과 같이 저희 어리석음이 드러날 것임이니라
디모데후서,3,12,디모데후서 3:12,무릇 그리스도 예수 안에서 경건하게 살고자 하는 자는 핍박을 받으리라
디모데후서,3,13,디모데후서 3:13,악한 사람들과 속이는 자들은 더욱 악하여져서 속이기도 하고 속기도 하나니
디모데후서,3,14,디모데후서 3:14,그러나 너는 배우고 확신한 일에 거하라 네가 뉘게서 배운 것을 알며
디모데후서,3,15,디모데후서 3:15,또 네가 어려서부터 성경을 알았나니 성경은 능히 너로 하여금 그리스도 예수 안에 있는 믿음으로 말미암아 구원에 이르는 지혜가 있게 하느니라
디모데후서,3,16,디모데후서 3:16,모든 성경은 하나님의 감동으로 된 것으로 교훈과 책망과 바르게 함과 의로 교육하기에 유익하니
디모데후서,4,1,디모데후서 4:1,하나님 앞과 산 자와 죽은 자를 심판하실 그리스도 예수 앞에서 그의 나타나실 것과 그의 나라를 두고 엄히 명하노니
디모데후서,4,2,디모데후서 4:2,너는 말씀을 전파하라 때를 얻든지 못 얻든지 항상 힘쓰라 범사에 오래 참음과 가르침으로 경책하며 경계하며 권하라
디모데후서,4,3,디모데후서 4:3,때가 이르리니 사람이 바른 교훈을 받지 아니하며 귀가 가려워서 자기의 사욕을 좇을 스승을 많이 두고
디모데후서,4,4,디모데후서 4:4,또 그 귀를 진리에서 돌이켜 허탄한 이야기를 좇으리라
디모데후서,4,5,디모데후서 4:5,그러나 너는 모든 일에 근신하여 고난을 받으며 전도인의 일을 하며 네 직무를 다하라
디모데후서,4,6,디모데후서 4:6,관제와 같이 벌써 내가 부음이 되고 나의 떠날 기약이 가까웠도다
디모데후서,4,7,디모데후서 4:7,내가 선한 싸움을 싸우고 나의 달려갈 길을 마치고 믿음을 지켰으니
디모데후서,4,8,디모데후서 4:8,이제 후로는 나를 위하여 의의 면류관이 예비되었으므로 주 곧 의로우신 재판장이 그 날에 내게 주실 것이니 내게만 아니라 주의 나타나심을 사모하는 모든 자에게니라
디모데후서,4,9,디모데후서 4:9,너는 어서 속히 내게로 오라
디모데후서,4,11,디모데후서 4:11,누가만 나와 함께 있느니라 네가 올 때에 마가를 데리고 오라 저가 나의 일에 유익하니라
디모데후서,4,13,디모데후서 4:13,네가 올 때에 내가 드로아 가보의 집에 둔 겉옷을 가지고 오고 또 책은 특별히 가죽 종이에 쓴 것을 가져오라
디모데후서,4,16,디모데후서 4:16,내가 처음 변명할 때에 나와 함께 한 자가 하나도 없고 다 나를 버렸으나 저희에게 허물을 돌리지 않기를 원하노라
디모데후서,4,17,디모데후서 4:17,주께서 내 곁에 서서 나를 강건케 하심은 나로 말미암아 전도의 말씀이 온전히 전파되어 이방인으로 듣게 하려 하심이니 내가 사자의 입에서 건지웠느니라
디모데후서,4,18,디모데후서 4:18,주께서 나를 모든 악한 일에서 건져내시고 또 그의 천국에 들어가도록 구원하시리니 그에게 영광이 세세무궁토록 있을지어다 아멘
디모데후서,4,21,디모데후서 4:21,겨울 전에 너는 어서 오라 으불로와 부데와 리노와 글라우디아와 모든 형제가 다 네게 문안하느니라
디모데후서,4,22,디모데후서 4:22,나는 주께서 네 심령에 함께 계시기를 바라노니 은혜가 너희와 함께 있을지어다
디도서,1,2,디도서 1:2,영생의 소망을 인함이라 이 영생은 거짓이 없으신 하나님이 영원한 때 전부터 약속하신 것인데
디도서,1,3,디도서 1:3,자기 때에 자기의 말씀을 전도로 나타나셨으니 이 전도는 우리 구주 하나님의 명대로 내게 맡기신 것이라
디도서,1,6,디도서 1:6,책망할 것이 없고 한 아내의 남편이며 방탕하다 하는 비방이나 불순종하는 일이 없는 믿는 자녀를 둔 자라야 할지라
디도서,1,9,디도서 1:9,미쁜 말씀의 가르침을 그대로 지켜야 하리니 이는 능히 바른 교훈으로 권면하고 거스려 말하는 자들을 책망하게 하려 함이라
디도서,1,13,디도서 1:13,이 증거가 참되도다 그러므로 네가 저희를 엄히 꾸짖으라 이는 저희로 하여금 믿음을 온전케 하고
디도서,1,14,디도서 1:14,유대인의 허탄한 이야기와 진리를 배반하는 사람들의 명령을 좇지 않게 하려 함이라
디도서,1,15,디도서 1:15,깨끗한 자들에게는 모든 것이 깨끗하나 더럽고 믿지 아니하는 자들에게는 아무 것도 깨끗한 것이 없고 오직 저희 마음과 양심이 더러운지라
디도서,1,16,디도서 1:16,저희가 하나님을 시인하나 행위로는 부인하니 가증한 자요 복종치 아니하는 자요 모든 선한일을 버리는 자니라
디도서,2,1,디도서 2:1,오직 너는 바른 교훈에 합한 것을 말하여
디도서,2,2,디도서 2:2,늙은 남자로는 절제하며 경건하며 근신하며 믿음과 사랑과 인내함에 온전케 하고
디도서,2,3,디도서 2:3,늙은 여자로는 이와 같이 행실이 거룩하며 참소치 말며 많은 술의 종이 되지 말며 선한 것을 가르치는 자들이 되고
디도서,2,5,디도서 2:5,근신하며 순전하며 집안 일을 하며 선하며 자기 남편에게 복종하게 하라 이는 하나님의 말씀이 훼방을 받지 않게 하려 함이니라
디도서,2,8,디도서 2:8,책망할 것이 없는 바른 말을 하게 하라 이는 대적하는 자로 하여금 부끄러워 우리를 악하다 할 것이 없게 하려 함이라
디도서,2,9,디도서 2:9,종들로는 자기 상전들에게 범사에 순종하여 기쁘게 하고 거스려 말하지 말며
디도서,2,10,디도서 2:10,떼어 먹지 말고 오직 선한 충성을 다하게 하라 이는 범사에 우리 구주 하나님의 교훈을 빛나게 하려 함이라
디도서,2,11,디도서 2:11,모든 사람에게 구원을 주시는 하나님의 은혜가 나타나
디도서,2,12,디도서 2:12,우리를 양육하시되 경건치 않은 것과 이 세상 정욕을 다 버리고 근신함과 의로움과 경건함으로 이 세상에 살고
디도서,2,13,디도서 2:13,복스러운 소망과 우리의 크신 하나님 구주 예수 그리스도의 영광이 나타나심을 기다리게 하셨으니
디도서,2,15,디도서 2:15,너는 이것을 말하고 권면하며 모든 권위로 책망하여 누구에게든지 업신여김을 받지 말라
디도서,3,2,디도서 3:2,아무도 훼방하지 말며 다투지 말며 관용하며 범사에 온유함을 모든 사람에게 나타낼 것을 기억하게 하라
디도서,3,3,디도서 3:3,우리도 전에는 어리석은 자요 순종치 아니한 자요 속은 자요 각색 정욕과 행락에 종노릇한 자요 악독과 투기로 지낸 자요 가증스러운 자요 피차 미워한 자이었으나
디도서,3,4,디도서 3:4,우리 구주 하나님의 자비와 사람 사랑하심을 나타내실 때에
디도서,3,5,디도서 3:5,우리를 구원하시되 우리의 행한 바 의로운 행위로 말미암지 아니하고 오직 그의 긍휼하심을 좇아 중생의 씻음과 성령의 새롭게 하심으로 하셨나니
디도서,3,6,디도서 3:6,성령을 우리 구주 예수 그리스도로 말미암아 우리에게 풍성히 부어주사
디도서,3,7,디도서 3:7,우리로 저의 은혜를 힘입어 의롭다 하심을 얻어 영생의 소망을 따라 후사가 되게 하려 하심이라
디도서,3,8,디도서 3:8,이 말이 미쁘도다 원컨대 네가 이 여러 것에 대하여 굳세게 말하라 이는 하나님을 믿는 자들로 하여금 조심하여 선한 일을 힘쓰게 하려 함이라 이것은 아름다우며 사람들에게 유익하니라
디도서,3,10,디도서 3:10,이단에 속한 사람을 한두 번 훈계한 후에 멀리 하라
디도서,3,14,디도서 3:14,또 우리 사람들도 열매 없는 자가 되지 않게 하기 위하여 필요한 것을 예비하는 좋은 일에 힘쓰기를 배우게 하라
디도서,3,15,디도서 3:15,나와 함께 있는 자가 다 네게 문안하니 믿음 안에서 우리를 사랑하는 자들에게 너도 문안하라 은혜가 너희 무리에게 있을지어다 !
빌레몬서,1,2,빌레몬서 1:2,및 자매 압비아와 및 우리와 함께 군사된 아킵보와 네 집에 있는 교회에게 편지하노니
빌레몬서,1,3,빌레몬서 1:3,하나님 우리 아버지와 주 예수 그리스도로 좇아 은혜와 평강이 너희에게 있을지어다 !
빌레몬서,1,4,빌레몬서 1:4,내가 항상 내 하나님께 감사하고 기도할 때에 너를 말함은
빌레몬서,1,5,빌레몬서 1:5,주 예수와 및 모든 성도에 대한 네 사랑과 믿음이 있음을 들음이니
빌레몬서,1,6,빌레몬서 1:6,이로써 네 믿음의 교제가 우리 가운데 있는 선을 알게 하고 그리스도께 미치도록 역사하느니라
빌레몬서,1,7,빌레몬서 1:7,형제여 성도들의 마음이 너로 말미암아 평안함을 얻었으니 내가 너의 사랑으로 많은 기쁨과 위로를 얻었노라
빌레몬서,1,12,빌레몬서 1:12,네게 저를 돌려보내노니 저는 내 심복이라
빌레몬서,1,13,빌레몬서 1:13,저를 내게 머물러 두어 내 복음을 위하여 갇힌 중에서 네 대신 나를 섬게게 하고자 하나
빌레몬서,1,14,빌레몬서 1:14,다만 네 승낙이 없이는 내가 아무 것도 하기를 원치 아니하노니 이는 너의 선한 일이 억지같이 되지 아니하고 자의로 되게 하려 함이로라
빌레몬서,1,16,빌레몬서 1:16,이 후로는 종과 같이 아니하고 종에서 뛰어나 곧 사랑 받는 형제로 둘 자라 내게 특별히 그러하거든 하물며 육신과 주 안에서 상관된 네게랴
빌레몬서,1,17,빌레몬서 1:17,그러므로 네가 나를 동무로 알진대 저를 영접하기를 내게 하듯 하고
빌레몬서,1,20,빌레몬서 1:20,"오, 형제여 ! 나로 주 안에서 너를 인하여 기쁨을 얻게 하고 내 마음이 그리스도 안에서 평안하게 하라"
빌레몬서,1,21,빌레몬서 1:21,나는 네가 순종함을 확신하므로 네게 썼노니 네가 나의 말보다 더 행할 줄을 아노라
빌레몬서,1,22,빌레몬서 1:22,오직 너는 나를 위하여 처소를 예비하라 너희 기도로 내가 너희에게 나아가게 하여 주시기를 바라노라
빌레몬서,1,24,빌레몬서 1:24,"또한 나의 동역자 마가, 아리스다고, 데마, 누가가 문안하느니라"
빌레몬서,1,25,빌레몬서 1:25,우리 주 예수 그리스도의 은혜가 너희 심령과 함께 할지어다 !
히브리서,1,1,히브리서 1:1,옛적에 선지자들로 여러 부분과 여러 모양으로 우리 조상들에게 말씀하신 하나님이
히브리서,1,2,히브리서 1:2,이 모든 날 마지막에 아들로 우리에게 말씀하셨으니 이 아들을 만유의 후사로 세우시고 또 저로 말미암아 모든 세계를 지으셨느니라
히브리서,1,5,히브리서 1:5,하나님께서 어느 때에 천사 중 누구에게 네가 내 아들이라 오늘날 내가 너를 낳았다 하셨으며 또 다시 나는 그에게 아버지가 되고 그는 내게 아들이 되리라 하셨느뇨
히브리서,1,6,히브리서 1:6,또 맏아들을 이끌어 세상에 다시 들어오게 하실 때에 하나님의 모든 천사가 저에게 경배할지어다 말씀하시며
히브리서,1,7,히브리서 1:7,"또 천사들에 관하여는 그는 그의 천사들을 바람으로,그의 사역자들을 불꽃으로 삼으시느니라 하셨으되"
히브리서,1,8,히브리서 1:8,아들에 관하여는 하나님이여 ! 주의 보좌가 영영하며 주의 나라의 홀은 공평한 홀이니이다
히브리서,1,9,히브리서 1:9,네가 의를 사랑하고 불법을 미워하였으니 그러므로 하나님 곧 너의 하나님이 즐거움의 기름을 네게 주어 네 동류들보다 승하게 하셨도다 하였고
히브리서,1,10,히브리서 1:10,또 주여 ! 태초에 주께서 땅의 기초를 두셨으며 하늘도 주의 손으로 지으신 바라
히브리서,1,11,히브리서 1:11,그것들은 멸망할 것이나 오직 주는 영존할 것이요 그것들은 다 옷과 같이 낡아지리니
히브리서,1,12,히브리서 1:12,의복처럼 갈아 입을 것이요 그것들이 옷과 같이 변할 것이나 주는 여전 하여 연대가 다함이 없으리라 하였으나
히브리서,1,13,히브리서 1:13,어느 때에 천사 중 누구에게 내가 네 원수로 네 발등상 되게 하기까지 너는 내 우편에 앉았으라 하셨느뇨
히브리서,1,14,히브리서 1:14,모든 천사들은 부리는 영으로서 구원 얻을 후사들을 위하여 섬기라고 보내심이 아니뇨
히브리서,2,1,히브리서 2:1,그러므로 모든 들은 것을 우리가 더욱 간절히 삼갈지니 혹 흘러 떠내려 갈까 염려하노라
히브리서,2,3,히브리서 2:3,우리가 이같이 큰 구원을 등한히 여기면 어찌 피하리요 이 구원은 처음에 주로 말씀하신 바요 들은 자들이 우리에게 확증한 바니
히브리서,2,4,히브리서 2:4,하나님도 표적들과 기사들과 여러가지 능력과 및 자기 뜻을 따라 성령의 나눠 주신 것으로써 저희와 함께 증거하셨느니라
히브리서,2,5,히브리서 2:5,하나님이 우리의 말한 바 장차 오는 세상을 천사들에게는 복종케 하심이 아니라
히브리서,2,7,히브리서 2:7,저를 잠간 동안 천사보다 못하게 하시며 영광과 존귀로 관 씌우시며
히브리서,2,8,히브리서 2:8,만물을 그 발 아래 복종케 하셨느니라 하였으니 만물로 저에게 복종케 하셨은즉 복종치 않은 것이 하나도 없으나 지금 우리가 만물이 아직 저에게 복종한 것을 보지 못하고
히브리서,2,9,히브리서 2:9,오직 우리가 천사들보다 잠간 동안 못하게 하심을 입은 자 곧 죽음의 고난 받으심을 인하여 영광과 존귀로 관 쓰신 예수를 보니 이를 행하심은 하나님의 은혜로 말미암아 모든 사람을 위하여 죽음을 맛보려 하심이라
히브리서,2,10,히브리서 2:10,만물이 인하고 만물이 말미암은 자에게는 많은 아들을 이끌어 영광에 들어가게 하시는 일에 저희 구원의 주를 고난으로 말미암아 온전케 하심이 합당하도다
히브리서,2,11,히브리서 2:11,거룩하게 하시는 자와 거룩하게 함을 입은 자들이 다 하나에서 난지라 그러므로 형제라 부르시기를 부끄러워 아니하시고
히브리서,2,12,히브리서 2:12,이르시되 내가 주의 이름을 내 형제들에게 선포하고 내가 주를 교회 중에서 찬송하리라 하셨으며
히브리서,2,13,히브리서 2:13,또 다시 내가 그를 의지하리라 하시고 또 다시 볼지어다 나와 및 하나님께서 내게 주신 자녀라 하셨으니
히브리서,2,14,히브리서 2:14,자녀들은 혈육에 함께 속하였으매 그도 또한 한 모양으로 혈육에 함께 속하심은 사망으로 말미암아 사망의 세력을 잡은 자 곧 마귀를 없이 하시며
히브리서,2,15,히브리서 2:15,또 죽기를 무서워하므로 일생에 매여 종노릇 하는 모든 자들을 놓아주려 하심이니
히브리서,2,18,히브리서 2:18,자기가 시험을 받아 고난을 당하셨은즉 시험 받는 자들을 능히 도우시느니라
히브리서,3,4,히브리서 3:4,집마다 지은 이가 있으니 만물을 지으신 이는 하나님이시라
히브리서,3,6,히브리서 3:6,그리스도는 그의 집 맡은 아들로 충성하였으니 우리가 소망의 담대함과 자랑을 끝까지 견고히 잡으면 그의 집이라
히브리서,3,7,히브리서 3:7,그러므로 성령이 이르신 바와 같이 오늘날 너희가 그의 음성을 듣거든
히브리서,3,8,히브리서 3:8,노하심을 격동하여 광야에서 시험하던 때와 같이 너희 마음을 강퍅케 하지 말라
히브리서,3,9,히브리서 3:9,거기서 너희 열조가 나를 시험하여 증험하고 사십 년 동안에 나의 행사를 보았느니라
히브리서,3,12,히브리서 3:12,형제들아 너희가 삼가 혹 너희 중에 누가 믿지 아니하는 악심을 품고 살아 계신 하나님에게서 떨어질까 염려할 것이요
히브리서,3,13,히브리서 3:13,오직 오늘이라 일컫는 동안에 매일 피차 권면하여 너희 중에 누구든지 죄의 유혹으로 강퍅케 됨을 면하라
히브리서,3,14,히브리서 3:14,우리가 시작할 때에 확실한 것을 끝까지 견고히 잡으면 그리스도와 함께 참예한 자가 되리라
히브리서,3,15,히브리서 3:15,성경에 일렀으되 오늘날 너희가 그의 음성을 듣거든 노하심을 격동할 때와 같이 너희 마음을 강퍅케 하지 말라 하였으니
히브리서,4,1,히브리서 4:1,그러므로 우리는 두려워할지니 그의 안식에 들어갈 약속이 남아 있을 지라도 너희 중에 혹 미치지 못할 자가 있을까 함이라
히브리서,4,2,히브리서 4:2,저희와 같이 우리도 복음 전함을 받은 자이나 그러나 그 들은바 말씀이 저희에게 유익되지 못한 것은 듣는 자가 믿음을 화합지 아니함이라
히브리서,4,4,히브리서 4:4,제 칠 일에 관하여는 어디 이렇게 일렀으되 하나님은 제 칠 일에 그의 모든 일을 쉬셨다 하였으며
히브리서,4,10,히브리서 4:10,이미 그의 안식에 들어간 자는 하나님이 자기 일을 쉬심과 같이 자기 일을 쉬느니라
히브리서,4,11,히브리서 4:11,그러므로 우리가 저 안식에 들어가기를 힘쓸지니 이는 누구든지 저 순종치 아니하는 본에 빠지지 않게 하려 함이라
히브리서,4,16,히브리서 4:16,그러므로 우리가 긍휼하심을 받고 때를 따라 돕는 은혜를 얻기 위하여 은혜의 보좌 앞에 담대히 나아갈 것이니라
히브리서,5,7,히브리서 5:7,그는 육체에 계실 때에 자기를 죽음에서 능히 구원하실 이에게 심한 통곡과 눈물로 간구와 소원을 올렸고 그의 경외하심을 인하여 들으심을 얻었느니라
히브리서,5,9,히브리서 5:9,온전하게 되었은즉 자기를 순종하는 모든 자에게 영원한 구원의 근원이 되시고
히브리서,5,11,히브리서 5:11,멜기세덱에 관하여는 우리가 할 말이 많으나 너희의 듣는 것이 둔하므로 해석하기 어려우니라
히브리서,5,12,히브리서 5:12,때가 오래므로 너희가 마땅히 선생이 될 터인데 너희가 다시 하나님의 말씀의 초보가 무엇인지 누구에게 가르침을 받아야 할 것이니 젖이나 먹고 단단한 식물을 못 먹을 자가 되었도다
히브리서,5,13,히브리서 5:13,대저 젖을 먹는 자마다 어린아이니 의의 말씀을 경험하지 못한 자요
히브리서,5,14,히브리서 5:14,단단한 식물은 장성한 자의 것이니 저희는 지각을 사용하므로 연단을 받아 선악을 분변하는 자들이니라
히브리서,6,3,히브리서 6:3,하나님께서 허락하시면 우리가 이것을 하리라
히브리서,6,5,히브리서 6:5,하나님의 선한 말씀과 내세의 능력을 맛보고
히브리서,6,7,히브리서 6:7,땅이 그 위에 자주 내리는 비를 흡수하여 밭 가는 자들의 쓰기에 합당한 채소를 내면 하나님께 복을 받고
히브리서,6,9,히브리서 6:9,사랑하는 자들아 우리가 이같이 말하나 너희에게는 이보다 나은 것과 구원에 가까운 것을 확신하노라
히브리서,6,10,히브리서 6:10,하나님이 불의치 아니하사 너희 행위와 그의 이름을 위하여 나타낸 사랑으로 이미 성도를 넘긴 것과 이제도 섬기는 것을 잊어버리지 아니하시느니라
히브리서,6,11,히브리서 6:11,우리가 간절히 원하는 것은 너희 각 사람이 동일한 부지런을 나타내어 끝까지 소망의 풍성함에 이르러
히브리서,6,12,히브리서 6:12,게으르지 아니하고 믿음과 오래 참음으로 말미암아 약속들을 기업으로 받는 자들을 본받는 자 되게 하려는 것이니라
히브리서,6,14,히브리서 6:14,가라사대 내가 반드시 너를 복주고 복주며 너를 번성케 하고 번성케 하리라 하셨더니
히브리서,6,16,히브리서 6:16,사람들은 자기보다 더 큰 자를 가리켜 맹세하나니 맹세는 저희 모든 다투는 일에 최후 확정이니라
히브리서,6,17,히브리서 6:17,하나님은 약속을 기업으로 받는 자들에게 그 뜻이 변치 아니함을 충분히 나타내시려고 그 일에 맹세로 보증하셨나니
히브리서,6,19,히브리서 6:19,우리가 이 소망이 있는 것은 영혼의 닻 같아서 튼튼하고 견고하여 휘장 안에 들어가나니
히브리서,7,7,히브리서 7:7,폐일언하고 낮은 자가 높은 자에게 복 빎을 받느니라
히브리서,7,8,히브리서 7:8,또 여기는 죽을 자들이 십분의 일을 받으나 저기는 산다고 증거를 얻은 자가 받았느니라
히브리서,7,12,히브리서 7:12,제사 직분이 변역한즉 율법도 반드시 변역하리니
히브리서,7,13,히브리서 7:13,이것은 한 사람도 제단 일을 받들지 않는 지파에 속한 자를 가리켜 말한 것이라
히브리서,7,16,히브리서 7:16,그는 육체에 상관된 계명의 법을 좇지 아니하고 오직 무궁한 생명의 능력을 좇아 된 것이니
히브리서,7,18,히브리서 7:18,전엣 계명이 연약하며 무익하므로 폐하고
히브리서,7,22,히브리서 7:22,이와 같이 예수는 더 좋은 언약의 보증이 되셨느니라
히브리서,7,24,히브리서 7:24,예수는 영원히 계시므로 그 제사 직분도 갈리지 아니하나니
히브리서,7,25,히브리서 7:25,그러므로 자기를 힘입어 하나님께 나아가는 자들을 온전히 구원하실 수 있으니 이는 그가 항상 살아서 저희를 위하여 간구하심이니라
히브리서,8,2,히브리서 8:2,성소와 참 장막에 부리는 자라 이 장막은 주께서 베푸신 것이요 사람이 한 것이 아니니라
히브리서,8,6,히브리서 8:6,그러나 이제 그가 더 아름다운 직분을 얻으셨으니 이는 더 좋은 약속으로 세우신 더 좋은 언약의 중보시라
히브리서,8,8,히브리서 8:8,저희를 허물하여 일렀으되 주께서 가라사대 볼지어다 날이 이르리니 내가 이스라엘 집과 유다 집으로 새 언약을 세우리라
히브리서,8,10,히브리서 8:10,또 주께서 가라사대 그 날 후에 내가 이스라엘 집으로 세울 언약이 이것이니 내 법을 저희 생각에 두고 저희 마음에 이것을 기록하리라 나는 저희에게 하나님이 되고 저희는 내게 백성이 되리라
히브리서,8,11,히브리서 8:11,또 각각 자기 나라 사람과 각각 자기 형제를 가르쳐 이르기를 주를 알라 하지 아니할 것은 저희가 작은 자로부터 큰 자까지 다 나를 앎이니라
히브리서,8,12,히브리서 8:12,내가 저희 불의를 긍휼히 여기고 저희 죄를 다시 기억하지 아니하리라 하셨느니라
히브리서,8,13,히브리서 8:13,새 언약이라 말씀하셨으매 첫 것은 낡아지게 하신 것이니 낡아지고 쇠하는 것은 없어져가는 것이니라
히브리서,9,2,히브리서 9:2,예비한 첫 장막이 있고 그 안에 등대와 상과 진설병이 있으니 이는 성소라 일컫고
히브리서,9,5,히브리서 9:5,그 위에 속죄소를 덮는 영광의 그룹들이 있으니 이것들에 관하여는 이제 낱낱이 말할 수 없노라
히브리서,9,8,히브리서 9:8,성령이 이로써 보이신 것은 첫 장막이 서 있을 동안에 성소에 들어가는 길이 아직 나타나지 아니한 것이라
히브리서,9,9,히브리서 9:9,이 장막은 현재까지의 비유니 이에 의지하여 드리는 예물과 제사가 섬기는 자로 그 양심상으로 온전케 할 수 없나니
히브리서,9,10,히브리서 9:10,이런 것은 먹고 마시는 것과 여러 가지 씻는 것과 함께 육체의 예법만 되어 개혁할 때까지 맡겨 둔 것이니라
히브리서,9,12,히브리서 9:12,염소와 송아지의 피로 아니하고 오직 자기 피로 영원한 속죄를 이루사 단번에 성소에 들어가셨느니라
히브리서,9,13,히브리서 9:13,염소와 황소의 피와 및 암송아지의 재로 부정한 자에게 뿌려 그 육체를 정결케 하여 거룩케 하거든
히브리서,9,14,히브리서 9:14,하물며 영원하신 성령으로 말미암아 흠 없는 자기를 하나님께 드린 그리스도의 피가 어찌 너희 양심으로 죽은 행실에서 깨끗하게하고 살아계신 하나님을 섬기게 못하겠느뇨
히브리서,9,15,히브리서 9:15,이를 인하여 그는 새 언약의 중보니 이는 첫 언약 때에 범한 죄를 속하려고 죽으사 부르심을 입은 자로 하여금 영원한 기업의 약속을 얻게 하려 하심이니라
히브리서,9,16,히브리서 9:16,유언은 유언한 자가 죽어야 되나니
히브리서,9,17,히브리서 9:17,유언은 그 사람이 죽은 후에야 견고한즉 유언한 자가 살았을 때에는 언제든지 효력이 없느니라
히브리서,9,21,히브리서 9:21,또한 이와 같이 피로써 장막과 섬기는 일에 쓰는 모든 그릇에 뿌렸느니라
히브리서,9,22,히브리서 9:22,율법을 좇아 거의 모든 물건이 피로써 정결케 되나니 피흘림이 없은즉 사함이 없느니라
히브리서,9,23,히브리서 9:23,그러므로 하늘에 있는 것들의 모형은 이런 것들로써 정결케 할 필요가 있었으나 하늘에 있는 그것들은 이런 것들보다 더 좋은 제물로 할지니라
히브리서,9,24,히브리서 9:24,그리스도께서는 참 것의 그림자인 손으로 만든 성소에 들어가지 아니하시고 오직 참 하늘에 들어가사 이제 우리를 위하여 하나님앞에 나타나시고
히브리서,9,28,히브리서 9:28,이와 같이 그리스도도 많은 사람의 죄를 담당하시려고 단번에 드리신 바 되셨고 구원에 이르게 하기 위하여 죄와 상관 없이 자기를 바라는 자들에게 두 번째 나타나시리라
히브리서,10,1,히브리서 10:1,율법은 장차 오는 좋은 일의 그림자요 참 형상이 아니므로 해마다 늘 드리는 바 같은 제사로는 나아오는 자들을 언제든지 온전케 할 수 없느니라
히브리서,10,2,히브리서 10:2,그렇지 아니하면 섬기는 자들이 단번에 정결케 되어 다시 죄를 깨닫는 일이 없으리니 어찌 드리는 일을 그치지 아니하였으리요
히브리서,10,3,히브리서 10:3,그러나 이 제사들은 해마다 죄를 생각하게 하는 것이 있나니
히브리서,10,5,히브리서 10:5,그러므로 세상에 임하실 때에 가라사대 하나님이 제사와 예물을 원치 아니하시고 오직 나를 위하여 한 몸을 예비하셨도다
히브리서,10,9,히브리서 10:9,그 후에 말씀하시기를 보시옵소서 내가 하나님의 뜻을 행하러 왔나이다 하셨으니 그 첫 것을 폐하심은 둘째 것을 세우려 하심이니라
히브리서,10,10,히브리서 10:10,이 뜻을 좇아 예수 그리스도의 몸을 단번에 드리심으로 말미암아 우리가 거룩함을 얻었노라
히브리서,10,12,히브리서 10:12,오직 그리스도는 죄를 위하여 한 영원한 제사를 드리시고 하나님 우편에 앉으사
히브리서,10,16,히브리서 10:16,주께서 가라사대 그 날 후로는 저희와 세울 언약이 이것이라 하시고 내 법을 저희 마음에 두고 저희 생각에 기록하리라 하신 후에
히브리서,10,17,히브리서 10:17,또 저희 죄와 저희 불법을 내가 다시 기억지 아니하리라 하셨으니
히브리서,10,18,히브리서 10:18,이것을 사하셨은즉 다시 죄를 위하여 제사드릴 것이 없느니라
히브리서,10,19,히브리서 10:19,그러므로 형제들아 우리가 예수의 피를 힘입어 성소에 들어갈 담력을 얻었나니
히브리서,10,20,히브리서 10:20,그 길은 우리를 위하여 휘장 가운데로 열어 놓으신 새롭고 산 길이요 휘장은 곧 저의 육체니라
히브리서,10,22,히브리서 10:22,우리가 마음에 뿌림을 받아 양심의 악을 깨닫고 몸을 맑은 물로 씻었으니 참 마음과 온전한 믿음으로 하나님께 나아가자
히브리서,10,23,히브리서 10:23,또 약속하신 이는 미쁘시니 우리가 믿는 도리의 소망을 움직이지 않고 굳게 잡아
히브리서,10,25,히브리서 10:25,모이기를 폐하는 어떤 사람들의 습관과 같이 하지 말고 오직 권하여 그 날이 가까움을 볼수록 더욱 그리하자
히브리서,10,32,히브리서 10:32,전날에 너희가 빛을 받은 후에 고난의 큰 싸움에 참은 것을 생각하라
히브리서,10,33,히브리서 10:33,혹 비방과 환난으로써 사람에게 구경거리가 되고 혹 이런 형편에 있는 자들로 사귀는 자 되었으니
히브리서,10,34,히브리서 10:34,너희가 갇힌 자를 동정하고 너희 산업을 빼앗기는 것도 기쁘게 당한 것은 더 낫고 영구한 산업이 있는 줄 앎이라
히브리서,10,35,히브리서 10:35,그러므로 너희 담대함을 버리지 말라 이것이 큰 상을 얻느니라
히브리서,10,36,히브리서 10:36,너희에게 인내가 필요함은 너희가 하나님의 뜻을 행한 후에 약속을 받기 위함이라
히브리서,10,37,히브리서 10:37,잠시 잠간 후면 오실 이가 오시리니 지체하지 아니하시리라
히브리서,10,39,히브리서 10:39,우리는 뒤로 물러가 침륜에 빠질 자가 아니요 오직 영혼을 구원함에 이르는 믿음을 가진 자니라
히브리서,11,1,히브리서 11:1,믿음은 바라는 것들의 실상이요 보지 못하는 것들의 증거니
히브리서,11,2,히브리서 11:2,선진들이 이로써 증거를 얻었으니라
히브리서,11,3,히브리서 11:3,믿음으로 모든 세계가 하나님의 말씀으로 지어진 줄을 우리가 아나니 보이는 것은 나타난 것으로 말미암아 된 것이 아니니라
히브리서,11,4,히브리서 11:4,믿음으로 아벨은 가인보다 더 나은 제사를 하나님께 드림으로 의로운 자라 하시는 증거를 얻었으니 하나님이 그 예물에 대하여 증거하심이라 저가 죽었으나 그 믿음으로써 오히려 말하느니라
히브리서,11,5,히브리서 11:5,믿음으로 에녹은 죽음을 보지 않고 옮기웠으니 하나님이 저를 옮기심으로 다시 보이지 아니하니라 저는 옮기우기 전에 하나님을 기쁘시게 하는 자라 하는 증거를 받았느니라
히브리서,11,6,히브리서 11:6,믿음이 없이는 기쁘시게 못하나니 하나님께 나아가는 자는 반드시 그가 계신 것과 또한 그가 자기를 찾는 자들에게 상 주시는 이심을 믿어야 할지니라
히브리서,11,7,히브리서 11:7,믿음으로 노아는 아직 보지 못하는 일에 경고하심을 받아 경외함으로 방주를 예비하여 그 집을 구원하였으니 이로 말미암아 세상을 정죄하고 믿음을 좇는 의의 후사가 되었느니라
히브리서,11,11,히브리서 11:11,믿음으로 사라 자신도 나이 늙어 단산하였으나 잉태하는 힘을 얻었으니 이는 약속하신 이를 미쁘신 줄 앎이라
히브리서,11,13,히브리서 11:13,이 사람들은 다 믿음을 따라 죽었으며 약속을 받지 못하였으되 그것들을 멀리서 보고 환영하며 또 땅에서는 외국인과 나그네로라 증거하였으니
히브리서,11,16,히브리서 11:16,저희가 이제는 더 나은 본향을 사모하니 곧 하늘에 있는 것이라 그러므로 하나님이 저희 하나님이라 일컬음 받으심을 부끄러워 아니하시고 저희를 위하여 한 성을 예비하셨느니라
히브리서,11,19,히브리서 11:19,저가 하나님이 능히 죽은 자 가운데서 다시 살리실 줄로 생각한 지라 비유컨대 죽은 자 가운데서 도로 받은 것이니라
히브리서,11,25,히브리서 11:25,도리어 하나님의 백성과 함께 고난받기를 잠시 죄악의 낙을 누리는 것보다 더 좋아하고
히브리서,11,30,히브리서 11:30,믿음으로 칠 일 동안 여리고를 두루 다니매 성이 무너졌으며
히브리서,11,39,히브리서 11:39,이 사람들이 다 믿음으로 말미암아 증거를 받았으나 약속을 받지 못하였으니
히브리서,12,2,히브리서 12:2,믿음의 주요 또 온전케 하시는 이인 예수를 바라보자 저는 그 앞에 있는 즐거움을 위하여 십자가를 참으사 부끄러움을 개의치 아니하시더니 하나님 보좌 우편에 앉으셨느니라
히브리서,12,3,히브리서 12:3,너희가 피곤하여 낙심치 않기 위하여 죄인들의 이같이 자기에게 거역한 일을 참으신 자를 생각하라
히브리서,12,4,히브리서 12:4,너희가 죄와 싸우되 아직 피흘리기 까지는 대항치 아니하고
히브리서,12,5,히브리서 12:5,또 아들들에게 권하는 것같이 너희에게 권면하신 말씀을 잊었도다 일렀으되 내 아들아 ! 주의 징계하심을 경히 여기지 말며 그에게 꾸지람을 받을 때에 낙심하지 말라
히브리서,12,6,히브리서 12:6,주께서 그 사랑하시는 자를 징계 하시고 그의 받으시는 이들마다 채찍질 하심이니라 하였으니
히브리서,12,7,히브리서 12:7,너희가 참음은 징계를 받기 위함이라 하나님이 아들과 같이 너희를 대우하시나니 어찌 아비가 징계하지 않는 아들이 있으리요
히브리서,12,9,히브리서 12:9,또 우리 육체의 아버지가 우리를 징계하여도 공경하였거늘 하물며 모든 영의 아버지께 더욱 복종하여 살려 하지 않겠느냐
히브리서,12,10,히브리서 12:10,저희는 잠시 자기의 뜻대로 우리를 징계하였거니와 오직 하나님은 우리의 유익을 위하여 그의 거룩하심에 참예케 하시느니라
히브리서,12,11,히브리서 12:11,무릇 징계가 당시에는 즐거워 보이지 않고 슬퍼 보이나 후에 그로 말미암아 연달한 자에게는 의의 평강한 열매를 맺나니
히브리서,12,12,히브리서 12:12,그러므로 피곤한 손과 연약한 무릎을 일으켜 세우고
히브리서,12,13,히브리서 12:13,너희 발을 위하여 곧은 길을 만들어 저는 다리로 하여금 어그러지지 않고 고침을 받게 하라
히브리서,12,14,히브리서 12:14,모든 사람으로 더불어 화평함과 거룩함을 좆으라 이것이 없이는 아무도 주를 보지 못하리라
히브리서,12,15,히브리서 12:15,너희는 돌아보아 하나님 은혜에 이르지 못하는 자가 있는가 두려워 하고 또 쓴 뿌리가 나서 괴롭게 하고 많은 사람이 이로 말미암아 더러움을 입을까 두려워하고
히브리서,12,17,히브리서 12:17,너희의 아는 바와 같이 저가 그 후에 축복을 기업으로 받으려고 눈물을 흘리며 구하되 버린 바가 되어 회개할 기회를 얻지 못하였느니라
히브리서,12,24,히브리서 12:24,새 언약의 중보이신 예수와 및 아벨의 피보다 더 낫게 말하는 뿌린 피니라
히브리서,12,27,히브리서 12:27,이 또 한 번이라 하심은 진동치 아니하는 것을 영존케 하기 위하여 진동할 것들 곧 만든 것들의 변동될 것을 나타내심이니라
히브리서,12,28,히브리서 12:28,그러므로 우리가 진동치 못할 나라를 받았은즉 은혜를 받자 이로말미암아 경건함과 두려움으로 하나님을 기쁘시게 섬길지니
히브리서,13,1,히브리서 13:1,형제 사랑하기를 계속하고
히브리서,13,2,히브리서 13:2,손님 대접하기를 잊지 말라 이로써 부지중에 천사들을 대접한 이들이 있었느니라
히브리서,13,3,히브리서 13:3,자기도 함께 갇힌 것같이 갇힌 자를 생각하고 자기도 몸을 가졌은즉 학대 받는 자를 생각하라
히브리서,13,5,히브리서 13:5,돈을 사랑치 말고 있는 바를 족한 줄로 알라 그가 친히 말씀하시기를 내가 과연 너희를 버리지 아니하고 과연 너희를 떠나지 아니하리라 하셨느니라
히브리서,13,7,히브리서 13:7,하나님의 말씀을 너희에게 이르고 너희를 인도하던 자들을 생각하며 저희 행실의 종말을 주의하여 보고 저희 믿음을 본받으라
히브리서,13,8,히브리서 13:8,예수 그리스도는 어제나 오늘이나 영원토록 동일하시니라
히브리서,13,9,히브리서 13:9,여러 가지 다른 교훈에 끌리지 말라 마음은 은혜로써 굳게 함이 아름답고 식물로써 할 것이 아니니 식물로 말미암아 행한 자는 유익을 얻지 못하였느니라
히브리서,13,14,히브리서 13:14,우리가 여기는 영구한 도성이 없고 오직 장차 올 것을 찾나니
히브리서,13,16,히브리서 13:16,오직 선을 행함과 서로 나눠 주기를 잊지 말라 이같은 제사는 하나님이 기뻐하시느니라
히브리서,13,17,히브리서 13:17,너희를 인도하는 자들에게 순종하고 복종하라 저희는 너희 영혼을 위하여 경성하기를 자기가 회계할 자인 것같이 하느니라 저희로 하여금 즐거움으로 이것을 하게 하고 근심으로 하게 말라 그렇지 않으면 너희에게 유익이 없느니라
히브리서,13,18,히브리서 13:18,우리를 위하여 기도하라 우리가 모든 일에 선하게 행하려 하므로 우리에게 선한 양심이 있는 줄을 확신하노니
히브리서,13,19,히브리서 13:19,내가 더 속히 너희에게 돌아가기를 위하여 너희 기도함을 더욱 원하노라
히브리서,13,20,히브리서 13:20,양의 큰 목자이신 우리 주 예수를 영원한 언약의 피로 죽은 자 가운데서 이끌어 내신 평강의 하나님이
히브리서,13,21,히브리서 13:21,모든 선한 일에 너희를 온전케 하사 자기 뜻을 행하게 하시고 그 앞에 즐거운 것을 예수 그리스도로 말미암아 우리 속에 이루시기를 원하노라 영광이 그에게 세세무궁토록 있을지어다 ! 아멘
히브리서,13,22,히브리서 13:22,형제들아 내가 너희를 권하노니 권면의 말을 용납하라 내가 간단히 너희에게 썼느니라
히브리서,13,24,히브리서 13:24,너희를 인도하는 자와 및 모든 성도에게 문안하라 이달리야에서 온 자들도 너희에게 문안하느니라
히브리서,13,25,히브리서 13:25,은혜가 너희 모든 사람에게 있을지어다 !
야고보서,1,1,야고보서 1:1,하나님과 주 예수 그리스도의 종 야고보는 흩어져 있는 열 두 지파에게 문안하노라
야고보서,1,2,야고보서 1:2,내 형제들아 ! 너희가 여러 가지 시험을 만나거든 온전히 기쁘게 여기라
야고보서,1,4,야고보서 1:4,인내를 온전히 이루라 이는 너희로 온전하고 구비하여 조금도 부족함이 없게 하려 함이라
야고보서,1,5,야고보서 1:5,너희 중에 누구든지 지혜가 부족하거든 모든 사람에게 후히 주시고 꾸짖지 아니하시는 하나님께 구하라 그리하면 주시리라
야고보서,1,6,야고보서 1:6,오직 믿음으로 구하고 조금도 의심하지 말라 의심하는 자는 마치 바람에 밀려 요동하는 바다 물결 같으니
야고보서,1,7,야고보서 1:7,이런 사람은 무엇이든지 주께 얻기를 생각하지 말라
야고보서,1,8,야고보서 1:8,두 마음을 품어 모든 일에 정함이 없는 자로다
야고보서,1,9,야고보서 1:9,낮은 형제는 자기의 높음을 자랑하고
야고보서,1,10,야고보서 1:10,부한 형제는 자기의 낮아짐을 자랑할지니 이는 풀의 꽃과 같이 지나감이라
야고보서,1,11,야고보서 1:11,해가 돋고 뜨거운 바람이 불어 풀을 말리우면 꽃이 떨어져 그 모양의 아름다움이 없어지나니 부한 자도 그 행하는 일에 이와 같이 쇠잔하리라
야고보서,1,12,야고보서 1:12,시험을 참는 자는 복이 있도다 이것이 옳다 인정하심을 받은 후에 주께서 자기를 사랑하는 자들에게 약속하신 생명의 면류관을 얻을 것임이니라
야고보서,1,13,야고보서 1:13,사람이 시험을 받을 때에 내가 하나님께 시험을 받는다 하지 말지니 하나님은 악에게 시험을 받지도 아니하시고 친히 아무도 시험하지 아니하시느니라
야고보서,1,14,야고보서 1:14,오직 각 사람이 시험을 받는 것은 자기 욕심에 끌려 미혹됨이니
야고보서,1,16,야고보서 1:16,내 사랑하는 형제들아 속지말라
야고보서,1,17,야고보서 1:17,각양 좋은 은사와 온전한 선물이 다 위로부터 빛들의 아버지께로서 내려오나니 그는 변함도 없으시고 회전하는 그림자도 없으시니라
야고보서,1,19,야고보서 1:19,내 사랑하는 형제들아 너희가 알거니와 사람마다 듣기는 속히 하고 말하기는 더디 하며 성내기도 더디하라
야고보서,1,20,야고보서 1:20,사람의 성내는 것이 하나님의 의를 이루지 못함이니라
야고보서,1,21,야고보서 1:21,그러므로 모든 더러운 것과 넘치는 악을 내어 버리고 능히 너희 영혼을 구원할바 마음에 심긴 도를 온유함으로 받으라
야고보서,1,22,야고보서 1:22,너희는 도를 행하는 자가 되고 듣기만 하여 자신을 속이는 자가 되지 말라
야고보서,1,23,야고보서 1:23,누구든지 도를 행하지 아니하면 그는 거울로 자기의 얼굴을 보는 사람과 같으니
야고보서,1,25,야고보서 1:25,자유하게 하는 온전한 율법을 들여다 보고 있는 자는 듣고 잊어 버리는 자가 아니요 실행하는 자니 이 사람이 그 행하는 일에 복을 받으리라
야고보서,1,26,야고보서 1:26,누구든지 스스로 경건하다 생각하며 자기 혀를 재갈 먹이지 아니하고 자기 마음을 속이면 이 사람의 경건은 헛것이라
야고보서,1,27,야고보서 1:27,하나님 아버지 앞에서 정결하고 더러움이 없는 경건은 곧 고아와 과부를 그 환난 중에 돌아보고 또 자기를 지켜 세속에 물들지 아니하는 이것이니라
야고보서,2,1,야고보서 2:1,내 형제들아 영광의 주 곧 우리 주 예수 그리스도를 믿는 믿음을 너희가 받았으니 사람을 외모로 취하지 말라
야고보서,2,2,야고보서 2:2,만일 너희 회당에 금가락지를 끼고 아름다운 옷을 입은 사람이 들어오고 또 더러운 옷을 입은 가난한 사람이 들어올 때에
야고보서,2,4,야고보서 2:4,너희끼리 서로 구별하며 악한 생각으로 판단하는 자가 되는 것이 아니냐
야고보서,2,5,야고보서 2:5,내 사랑하는 형제들아 들을지어다 하나님이 세상에 대하여는 가난한 자를 택하사 믿음에 부요하게 하시고 또 자기를 사랑하는 자들에게 약속하신 나라를 유업으로 받게 아니하셨느냐
야고보서,2,6,야고보서 2:6,너희는 도리어 가난한 자를 괄시하였도다 부자는 너희를 압제하며 법정으로 끌고 가지 아니하느냐 ?
야고보서,2,7,야고보서 2:7,저희는 너희에게 대하여 일컫는 바 그 아름다운 이름을 훼방하지 아니하느냐 ?
야고보서,2,9,야고보서 2:9,만일 너희가 외모로 사람을 취하면 죄를 짓는 것이니 율법이 너희를 범죄자로 정하리라
야고보서,2,10,야고보서 2:10,누구든지 온 율법을 지키다가 그 하나에 거치면 모두 범한자가 되나니
야고보서,2,12,야고보서 2:12,너희는 자유의 율법대로 심판받을 자처럼 말도 하고 행하기도 하라
야고보서,2,14,야고보서 2:14,내 형제들아 ! 만일 사람이 믿음이 있노라 하고 행함이 없으면 무슨 이익이 있으리요 그 믿음이 능히 자기를 구원하겠느냐
야고보서,2,15,야고보서 2:15,만일 형제나 자매가 헐벗고 일용할 양식이 없는데
야고보서,2,17,야고보서 2:17,이와 같이 행함이 없는 믿음은 그 자체가 죽은 것이라
야고보서,2,19,야고보서 2:19,네가 하나님은 한 분이신 줄을 믿느냐 ? 잘하는도다 귀신들도 믿고 떠느니라
야고보서,2,20,야고보서 2:20,"아아, 허탄한 사람아 ! 행함이 없는 믿음이 헛것인 줄 알고자 하느냐 ?"
야고보서,2,22,야고보서 2:22,네가 보거니와 믿음이 그의 행함과 함께 일하고 행함으로 믿음이 온전케 되었느니라
야고보서,2,24,야고보서 2:24,이로 보건대 사람이 행함으로 의롭다 하심을 받고 믿음으로만 아니니라
야고보서,2,26,야고보서 2:26,영혼 없는 몸이 죽은 것같이 행함이 없는 믿음은 죽은 것이니라
야고보서,3,2,야고보서 3:2,우리가 다 실수가 많으니 만일 말에 실수가 없는 자면 곧 온전한 사람이라 능히 온 몸에 굴레 씌우리라
야고보서,3,4,야고보서 3:4,또 배를 보라 그렇게 크고 광풍에 밀려가는 것들을 지극히 작은 키로 사공의 뜻대로 운전하나니
야고보서,3,5,야고보서 3:5,이와같이 혀도 작은 지체로되 큰 것을 자랑하도다 보라 어떻게 작은 불이 어떻게 많은 나무를 태우는가
야고보서,3,10,야고보서 3:10,한 입으로 찬송과 저주가 나는도다 내 형제들아 ! 이것이 마땅치 아니하니라
야고보서,3,11,야고보서 3:11,샘이 한 구멍으로 어찌 단 물과 쓴 물을 내겠느뇨
야고보서,3,12,야고보서 3:12,"내 형제들아 어찌 무화과나무가 감람 열매를, 포도나무가 무화과를 맺겠느뇨 이와 같이 짠물이 단물을 내지 못하느니라"
야고보서,3,13,야고보서 3:13,너희 중에 지혜와 총명이 있는 자가 누구뇨 그는 선행으로 말미암아 지혜의 온유함으로 그 행함을 보일지니라
야고보서,3,14,야고보서 3:14,그러나 너희 마음 속에 독한 시기와 다툼이 있으면 자랑하지 말라 진리를 거스려 거짓하지 말라
야고보서,3,17,야고보서 3:17,오직 위로부터 난 지혜는 첫째 성결하고 다음에 화평하고 관용하고 양순하며 긍휼과 선한 열매가 가득하고 편벽과 거짓이 없나니
야고보서,3,18,야고보서 3:18,화평케 하는 자들은 화평으로 심어 의의 열매를 거두느니라
야고보서,4,3,야고보서 4:3,구하여도 받지 못함은 정욕으로 쓰려고 잘못 구함이니라
야고보서,4,5,야고보서 4:5,너희가 하나님이 우리 속에 거하게 하신 성령이 시기하기까지 사모한다 하신 말씀을 헛된 줄로 생각하느뇨
야고보서,4,6,야고보서 4:6,그러나 더욱 큰 은혜를 주시나니 그러므로 일렀으되 하나님이 교만한 자를 물리치시고 겸손한 자에게 은혜를 주신다 하였느니라
야고보서,4,10,야고보서 4:10,주 앞에서 낮추라 그리하면 주께서 너희를 높이시리라
야고보서,4,11,야고보서 4:11,형제들아 ! 피차에 비방하지 말라 형제를 비방하는 자나 형제를 판단하는 자는 곧 율법을 비방하고 율법을 판단하는 것이라 네가 만일 율법을 판단하면 율법의 준행자가 아니요 재판자로다
야고보서,4,13,야고보서 4:13,들으라 너희 중에 말하기를 오늘이나 내일이나 우리가 아무 도시에 가서 거기서 일년을 유하며 장사하여 보리라 하는 자들아
야고보서,4,14,야고보서 4:14,내일 일을 너희가 알지 못하는도다 너희 생명이 무엇이뇨 너희는 잠간 보이다가 없어지는 안개니라
야고보서,4,15,야고보서 4:15,너희가 도리어 말하기를 주의 뜻이면 우리가 살기도 하고 이것을 하리라 할 것이거늘
야고보서,4,16,야고보서 4:16,이제 너희가 허탄한 자랑을 자랑하니 이러한 자랑은 다 악한 것이라
야고보서,5,7,야고보서 5:7,그러므로 형제들아 주의 강림하시기까지 길이 참으라 보라 농부가 땅에서 나는 귀한 열매를 바라고 길이 참아 이른 비와 늦은 비를 기다리나니
야고보서,5,8,야고보서 5:8,너희도 길이 참고 마음을 굳게 하라 주의 강림이 가까우니라
야고보서,5,10,야고보서 5:10,형제들아 ! 주의 이름으로 말한 선지자들로 고난과 오래 참음의 본을 삼으라
야고보서,5,11,야고보서 5:11,"보라, 인내하는 자를 우리가 복되다 하나니 너희가 욥의 인내를 들었고 주께서 주신 결말을 보았거니와 주는 가장 자비하시고 긍휼히 여기는 자시니라"
야고보서,5,12,야고보서 5:12,내 형제들아 ! 무엇보다도 맹세하지 말지니 하늘로나 땅으로나 아무 다른 것으로도 맹세하지 말고 오직 너희의 그렇다 하는 것은 그렇다 하고 아니라 하는 것은 아니라 하여 죄 정함을 면하라
야고보서,5,13,야고보서 5:13,너희 중에 고난 당하는 자가 있느냐 ? 저는 기도할 것이요 즐거워하는 자가 있느냐 ? 저는 찬송할지니라
야고보서,5,15,야고보서 5:15,믿음의 기도는 병든 자를 구원하리니 주께서 저를 일으키시리라 혹시 죄를 범하였을지라도 사하심을 얻으리라
야고보서,5,18,야고보서 5:18,디시 기도한즉 하늘이 비를 주고 땅이 열매를 내었느니라
야고보서,5,19,야고보서 5:19,내 형제들아 ! 너희 중에 미혹하여 진리를 떠난 자를 누가 돌아서게 하면
야고보서,5,20,야고보서 5:20,너희가 알 것은 죄인을 미혹한 길에서 돌아서게 하는 자가 그 영혼을 사망에서 구원하며 허다한 죄를 덮을 것이니라
베드로전서,1,3,베드로전서 1:3,찬송하리로다 우리 주 예수 그리스도의 아버지 하나님이 그 많으신 긍휼대로 예수 그리스도의 죽은 자 가운데서 부활하심으로 말미암아 우리를 거듭나게 하사 산 소망이 있게 하시며
베드로전서,1,4,베드로전서 1:4,썩지 않고 더럽지 않고 쇠하지 아니하는 기업을 잇게 하시나니 곧 너희를 위하여 하늘에 간직하신 것이라
베드로전서,1,5,베드로전서 1:5,너희가 말세에 나타내기로 예비하신 구원을 얻기 위하여 믿음으로 말미암아 하나님의 능력으로 보호하심을 입었나니
베드로전서,1,6,베드로전서 1:6,그러므로 너희가 이제 여러 가지 시험을 인하여 잠간 근심하게 되지 않을 수 없었으나 오히려 크게 기뻐하도다
베드로전서,1,7,베드로전서 1:7,너희 믿음의 시련이 불로 연단하여도 없어질 금보다 더 귀하여 예수 그리스도의 나타나실 때에 칭찬과 영광과 존귀를 얻게 하려함이라
베드로전서,1,8,베드로전서 1:8,예수를 너희가 보지 못하였으나 사랑하는도다 이제도 보지 못하나 믿고 말할 수 없는 영광스러운 즐거움으로 기뻐하니
베드로전서,1,9,베드로전서 1:9,믿음의 결국 곧 영혼의 구원을 받음이라
베드로전서,1,10,베드로전서 1:10,이 구원에 대하여는 너희에게 임할 은혜를 예언하던 선지자들이 연구하고 부지런히 살펴서
베드로전서,1,11,베드로전서 1:11,"자기 속에 계신 그리스도의 영이 그 받으실 고난과 후에 얻으실 영광을 미리 증거하여 어느 시,어떠한 때를 지시하시는지 상고하니라"
베드로전서,1,12,베드로전서 1:12,이 섬긴 바가 자기를 위한 것이 아니요 너희를 위한 것임이 계시로 알게 되었으니 이것은 하늘로부터 보내신 성령을 힘입어 복음을 전하는 자들로 이제 너희에게 고한 것이요 천사들도 살펴 보기를 원하는 것이니라
베드로전서,1,13,베드로전서 1:13,그러므로 너희 마음의 허리를 동이고 근신하여 예수 그리스도의 나타나실 때에 너희에게 가져올 은혜를 온전히 바랄지어다
베드로전서,1,14,베드로전서 1:14,너희가 순종하는 자식처럼 이전 알지 못할 때에 좇던 너희 사욕을 본 삼지 말고
베드로전서,1,15,베드로전서 1:15,오직 너희를 부르신 거룩한 자처럼 너희도 모든 행실에 거룩한 자가 되라
베드로전서,1,16,베드로전서 1:16,기록하였으되 내가 거룩하니 너희도 거룩할지어다 하셨느니라
베드로전서,1,17,베드로전서 1:17,외모로 보시지 않고 각 사람의 행위대로 판단하시는 자를 너희가 아버지라 부른즉 너희의 나그네로 있을 때를 두려움으로 지내라
베드로전서,1,18,베드로전서 1:18,너희가 알거니와 너희 조상의 유전한 망령된 행실에서 구속된 것은 은이나 금같이 없어질 것으로 한 것이 아니요
베드로전서,1,19,베드로전서 1:19,오직 흠 없고 점 없는 어린 양 같은 그리스도의 보배로운 피로 한 것이니라
베드로전서,1,20,베드로전서 1:20,그는 창세 전부터 미리 알리신 바 된 자나 이 말세에 너희를 위하여 나타내신 바 되었으니
베드로전서,1,21,베드로전서 1:21,너희는 저를 죽은 자 가운데서 살리시고 영광을 주신 하나님을 그리스도로 말미암아 믿는 자니 너희 믿음과 소망이 하나님께 있게 하셨느니라
베드로전서,1,22,베드로전서 1:22,너희가 진리를 순종함으로 너희 영혼을 깨끗하게 하여 거짓이 없이 형제를 사랑하기에 이르렀으니 마음으로 뜨겁게 피차 사랑하라 !
베드로전서,1,23,베드로전서 1:23,너희가 거듭난 것이 썩어질 씨로 된 것이 아니요 썩지 아니할 씨로 된 것이니 하나님의 살아 있고 항상 있는 말씀으로 되었느니라
베드로전서,1,24,베드로전서 1:24,그러므로 모든 육체는 풀과 같고 그 모든 영광이 풀의 꽃과 같으니 풀은 마르고 꽃은 떨어지되
베드로전서,1,25,베드로전서 1:25,오직 주의 말씀은 세세토록 있도다 하였으니 너희에게 전한 복음이 곧 이 말씀이니라
베드로전서,2,1,베드로전서 2:1,그러므로 모든 악독과 모든 궤휼과 외식과 시기와 모든 비방하는 말을 버리고
베드로전서,2,2,베드로전서 2:2,갓난 아이들 같이 순전하고 신령한 젖을 사모하라 이는 이로 말미암아 너희로 구원에 이르도록 자라게 하려 함이라
베드로전서,2,3,베드로전서 2:3,너희가 주의 인자하심을 맛보았으면 그리하라
베드로전서,2,6,베드로전서 2:6,경에 기록하였으되 보라 내가 택한 보배롭고 요긴한 모퉁이 돌을 시온에 두노니 저를 믿는 자는 부끄러움을 당치 아니하리라 하였으니
베드로전서,2,10,베드로전서 2:10,너희가 전에는 백성이 아니더니 이제는 하나님의 백성이요 전에는 긍휼을 얻지 못하였더니 이제는 긍휼을 얻은 자니라
베드로전서,2,11,베드로전서 2:11,사랑하는 자들아 나그네와 행인 같은 너희를 권하노니 영혼을 거스려 싸우는 육체의 정욕을 제어하라
베드로전서,2,12,베드로전서 2:12,너희가 이방인 중에서 행실을 선하게 가져 너희를 악행한다고 비방하는 자들로 하여금 너희 선한 일을 보고 권고하시는 날에 하나님께 영광을 돌리게 하려 함이라
베드로전서,2,13,베드로전서 2:13,인간에 세운 모든 제도를 주를 위하여 순복하되 혹은 위에 있는 왕이나
베드로전서,2,16,베드로전서 2:16,자유하나 그 자유로 악을 가리우는데 쓰지 말고 오직 하나님의 종과 같이 하라
베드로전서,2,17,베드로전서 2:17,뭇 사람을 공경하며 형제를 사랑하며 하나님을 두려워하며 왕을 공경하라
베드로전서,2,18,베드로전서 2:18,사환들아 범사에 두려워함으로 주인들에게 순복하되 선하고 관용하는 자들에게만 아니라 또한 까다로운 자들에게도 그리하라
베드로전서,2,19,베드로전서 2:19,애매히 고난을 받아도 하나님을 생각함으로 슬픔을 참으면 이는 아름다우나
베드로전서,2,20,베드로전서 2:20,죄가 있어 매를 맞고 참으면 무슨 칭찬이 있으리요 오직 선을 행함으로 고난을 받고 참으면 이는 하나님 앞에 아름다우니라
베드로전서,2,21,베드로전서 2:21,이를 위하여 너희가 부르심을 입었으니 그리스도도 너희를 위하여 고난을 받으사 너희에게 본을 끼쳐 그 자취를 따라오게 하려 하셨느니라
베드로전서,2,22,베드로전서 2:22,저는 죄를 범치 아니하시고 그 입에 궤사도 없으시며
베드로전서,2,23,베드로전서 2:23,욕을 받으시되 대신 욕하지 아니하시고 고난을 받으시되 위협하지 아니하시고 오직 공의로 심판하시는 자에게 부탁하시며
베드로전서,2,24,베드로전서 2:24,친히 나무에 달려 그 몸으로 우리 죄를 담당하셨으니 이는 우리로 죄에 대하여 죽고 의에 대하여 살게 하려 하심이라 저가 채찍에 맞음으로 너희는 나음을 얻었나니
베드로전서,2,25,베드로전서 2:25,너희가 전에는 양과 같이 길을 잃었더니 이제는 너희 영혼의 목자와 감독 되신 이에게 돌아왔느니라
베드로전서,3,1,베드로전서 3:1,아내 된 자들아 이와 같이 자기 남편에게 순복하라 이는 혹 도를 순종치 않는 자라도 말로 말미암지 않고 그 아내의 행위로 말미암아 구원을 얻게 하려 함이니
베드로전서,3,2,베드로전서 3:2,너희의 두려워하며 정결한 행위를 봄이라
베드로전서,3,3,베드로전서 3:3,너희 단장은 머리를 꾸미고 금을 차고 아름다운 옷을 입는 외모로 하지 말고
베드로전서,3,4,베드로전서 3:4,오직 마음에 숨은 사람을 온유하고 안정한 심령의 썩지 아니할 것으로 하라 이는 하나님 앞에 값진 것이니라
베드로전서,3,5,베드로전서 3:5,전에 하나님께 소망을 두었던 거룩한 부녀들도 이와 같이 자기 남편에게 순복함으로 자기를 단장하였나니
베드로전서,3,7,베드로전서 3:7,남편된 자들아 이와 같이 지식을 따라 너희 아내와 동거하고 저는 더 연약한 그릇이요 또 생명의 은혜를 유업으로 함께 받을 자로 알아 귀히 여기라 이는 너희 기도가 막히지 아니하게 하려 함이라
베드로전서,3,9,베드로전서 3:9,"악을 악으로, 욕을 욕으로 갚지 말고 도리어 복을 빌라 이를 위하여 너희가 부르심을 입었으니 이는 복을 유업으로 받게 하려 하심이라"
베드로전서,3,10,베드로전서 3:10,그러므로 생명을 사랑하고 좋은 날 보기를 원하는 자는 혀를 금하여 악한 말을 그치며 그 입술로 궤휼을 말하지 말고
베드로전서,3,11,베드로전서 3:11,악에서 떠나 선을 행하고 화평을 구하여 이를 좇으라
베드로전서,3,12,베드로전서 3:12,주의 눈은 의인을 향하시고 그의 귀는 저의 간구에 기울이시되 주의 낯은 악행하는 자들을 향하시느니라 하였느니라
베드로전서,3,13,베드로전서 3:13,또 너희가 열심으로 선을 행하면 누가 너희를 해하리요
베드로전서,3,14,베드로전서 3:14,그러나 의를 위하여 고난을 받으면 복 있는 자니 저희의 두려워함을 두려워 말며 소동치 말고
베드로전서,3,15,베드로전서 3:15,너희 마음에 그리스도를 주로 삼아 거룩하게 하고 너희 속에 있는 소망에 관한 이유를 묻는 자에게는 대답할 것을 항상 예비하되 온유와 두려움으로 하고
베드로전서,3,16,베드로전서 3:16,선한 양심을 가지라 이는 그리스도 안에 있는 너희의 선행을 욕하는 자들로 그 비방하는 일에 부끄러움을 당하게 하려 함이라
베드로전서,3,17,베드로전서 3:17,선을 행함으로 고난 받는 것이 하나님의 뜻일진대 악을 행함으로 고난 받는 것보다 나으니라
베드로전서,3,18,베드로전서 3:18,그리스도께서도 한 번 죄를 위하여 죽으사 의인으로서 불의한 자를 대신하셨으니 이는 우리를 하나님 앞으로 인도하려 하심이라 육체로는 죽임을 당하시고 영으로는 살리심을 받으셨으니
베드로전서,3,20,베드로전서 3:20,그들은 전에 노아의 날 방주 예비할 동안 하나님이 오래 참고 기다리실 때에 순종치 아니하던 자들이라 방주에서 물로 말미암아 구원을 얻은 자가 몇 명뿐이니 겨우 여덟 명이라
베드로전서,3,21,베드로전서 3:21,물은 예수 그리스도의 부활하심으로 말미암아 이제 너희를 구원하는 표니 곧 침례라 육체의 더러운 것을 제하여 버림이 아니요 오직 선한 양심이 하나님을 향하여 찾아가는 것이라
베드로전서,3,22,베드로전서 3:22,저는 하늘에 오르사 하나님 우편에 계시니 천사들과 권세들과 능력들이 저에게 순복하느니라
베드로전서,4,1,베드로전서 4:1,그리스도께서 이미 육체에 고난을 받으셨으니 너희도 같은 마음으로 갑옷을 삼으라 이는 육체의 고난을 받은 자가 죄를 그쳤음이니
베드로전서,4,2,베드로전서 4:2,그 후로는 다시 사람의 정욕을 좇지 않고 오직 하나님의 뜻을 좇아 육체의 남은 때를 살게 하려 함이라
베드로전서,4,7,베드로전서 4:7,만물의 마지막이 가까웠으니 그러므로 너희는 정신을 차리고 근신하여 기도하라
베드로전서,4,8,베드로전서 4:8,무엇보다도 열심으로 서로 사랑할지니 사랑은 허다한 죄를 덮느니라
베드로전서,4,9,베드로전서 4:9,서로 대접하기를 원망 없이 하고
베드로전서,4,10,베드로전서 4:10,각각 은사를 받은 대로 하나님의 각양 은혜를 맡은 선한 청지기 같이 서로 봉사하라
베드로전서,4,12,베드로전서 4:12,사랑하는 자들아 너희를 시련하려고 오는 불시험을 이상한 일 당하는 것 같이 이상히 여기지 말고
베드로전서,4,13,베드로전서 4:13,오직 너희가 그리스도의 고난에 참예하는 것으로 즐거워하라 이는 그의 영광을 나타내실 때에 너희로 즐거워하고 기뻐하게 하려 함이라
베드로전서,4,14,베드로전서 4:14,너희가 그리스도의 이름으로 욕을 받으면 복 있는 자로다 영광의 영 곧 하나님의 영이 너희 위에 계심이라
베드로전서,4,16,베드로전서 4:16,만일 그리스도인으로 고난을 받은즉 부끄러워 말고 도리어 그 이름으로 하나님께 영광을 돌리라
베드로전서,4,19,베드로전서 4:19,그러므로 하나님의 뜻대로 고난을 받는 자들은 또한 선을 행하는 가운데 그 영혼을 미쁘신 조물주께 부탁할지어다
베드로전서,5,1,베드로전서 5:1,너희 중 장로들에게 권하노니 나는 함께 장로 된 자요 그리스도의 고난의 증인이요 나타날 영광에 참예할 자로라
베드로전서,5,3,베드로전서 5:3,맡기운 자들에게 주장하는 자세를 하지 말고 오직 양 무리의 본이 되라
베드로전서,5,5,베드로전서 5:5,젊은 자들아 이와 같이 장로들에게 순복하고 다 서로 겸손으로 허리를 동이라 하나님이 교만한 자를 대적하시되 겸손한 자들에게는 은혜를 주시느니라
베드로전서,5,6,베드로전서 5:6,그러므로 하나님의 능하신 손 아래서 겸손하라 때가 되면 너희를 높이시리라
베드로전서,5,7,베드로전서 5:7,너희 염려를 다 주께 맡겨 버리라 이는 저가 너희를 권고하심이니라
베드로전서,5,9,베드로전서 5:9,너희는 믿음을 굳게 하여 저를 대적하라 이는 세상에 있는 너희 형제들도 동일한 고난을 당하는 줄을 앎이니라
베드로전서,5,10,베드로전서 5:10,모든 은혜의 하나님 곧 그리스도 안에서 너희를 부르사 자기의 영원한 영광에 들어가게 하신 이가 잠간 고난을 받은 너희를 친히 온전케 하시며 굳게 하시며 강하게 하시며 터를 견고케 하시리라
베드로전서,5,11,베드로전서 5:11,권력이 세세무궁토록 그에게 있을지어다 아멘
베드로전서,5,12,베드로전서 5:12,내가 신실한 형제로 아는 실루아노로 말미암아 너희에게 간단히 써서 권하고 이것이 하나님의 참된 은혜임을 증거하노니 너희는 이 은혜에 굳게 서라
베드로전서,5,14,베드로전서 5:14,너희는 사랑의 입맞춤으로 피차 문안하라 그리스도 안에 있는 너희 모든 이에게 평강이 있을지어다
베드로후서,1,2,베드로후서 1:2,하나님과 우리 주 예수를 앎으로 은혜와 평강이 너희에게 더욱 많을지어다
베드로후서,1,4,베드로후서 1:4,이로써 그 보배롭고 지극히 큰 약속을 우리에게 주사 이 약속으로 말미암아 너희로 정욕을 인하여 세상에서 썩어질 것을 피하여 신의 성품에 참예하는 자가 되게 하려 하셨으니
베드로후서,1,7,베드로후서 1:7,"경건에 형제 우애를, 형제 우애에 사랑을 공급하라"
베드로후서,1,10,베드로후서 1:10,그러므로 형제들아 ! 더욱 힘써 너희 부르심과 택하심을 굳게 하라 너희가 이것을 행한즉 언제든지 실족지 아니하리라
베드로후서,1,13,베드로후서 1:13,내가 이 장막에 있을 동안에 너희를 일깨워 생각하게 함이 옳은 줄로 여기노니
베드로후서,1,15,베드로후서 1:15,내가 힘써 너희로 하여금 나의 떠난 후에라도 필요할 때는 이런 것을 생각나게 하려 하노라
베드로후서,1,16,베드로후서 1:16,우리 주 예수 그리스도의 능력과 강림하심을 너희에게 알게 한 것이 공교히 만든 이야기를 좇은 것이 아니요 우리는 그의 크신 위엄을 친히 본 자라
베드로후서,1,17,베드로후서 1:17,지극히 큰 영광 중에서 이러한 소리가 그에게 나기를 이는 내 사랑하는 아들이요 내 기뻐하는 자라 하실 때에 저가 하나님 아버지께 존귀와 영광을 받으셨느니라
베드로후서,1,18,베드로후서 1:18,이 소리는 우리가 저와 함께 거룩한 산에 있을 때에 하늘로서 나옴을 들은 것이라
베드로후서,1,19,베드로후서 1:19,또 우리에게 더 확실한 예언이 있어 어두운 데 비취는 등불과 같으니 날이 새어 샛별이 너희 마음에 떠오르기까지 너희가 이것을 주의하는 것이 가하니라
베드로후서,1,20,베드로후서 1:20,먼저 알 것은 경의 모든 예언은 사사로이 풀 것이 아니니
베드로후서,1,21,베드로후서 1:21,예언은 언제든지 사람의 뜻으로 낸 것이 아니요 오직 성령의 감동하심을 입은 사람들이 하나님께 받아 말한 것임이니라
베드로후서,2,4,베드로후서 2:4,하나님이 범죄한 천사들을 용서치 아니하시고 지옥에 던져 어두운 구덩이에 두어 심판 때까지 지키게 하셨으며
베드로후서,2,5,베드로후서 2:5,옛 세상을 용서치 아니하시고 오직 의를 전파하는 노아와 그 일곱 식구를 보존하시고 경건치 아니한 자들의 세상에 홍수를 내리셨으며
베드로후서,2,7,베드로후서 2:7,무법한 자의 음란한 행실을 인하여 고통하는 의로운 롯을 건지셨으니
베드로후서,2,9,베드로후서 2:9,주께서 경건한 자는 시험에서 건지시고 불의한 자는 형벌 아래 두어 심판 날까지 지키시며
베드로후서,2,11,베드로후서 2:11,더 큰 힘과 능력을 가진 천사들이라도 주 앞에서 저희를 거스려 훼방하는 송사를 하지 아니하느니라
베드로후서,2,14,베드로후서 2:14,음심이 가득한 눈을 가지고 범죄하기를 쉬지 아니하고 굳세지 못한 영혼들을 유혹하며 탐욕에 연단된 마음을 가진 자들이니 저주의 자식이라
베드로후서,2,16,베드로후서 2:16,자기의 불법을 인하여 책망을 받되 말 못하는 나귀가 사람의 소리로 말하여 이 선지자의 미친 것을 금지하였느니라
베드로후서,2,17,베드로후서 2:17,이 사람들은 물 없는 샘이요 광풍에 밀려 가는 안개니 저희를 위하여 캄캄한 어두움이 예비되어 있나니
베드로후서,2,19,베드로후서 2:19,저희에게 자유를 준다 하여도 자기는 멸망의 종들이니 누구든지 진 자는 이긴 자의 종이 됨이니라
베드로후서,2,20,베드로후서 2:20,만일 저희가 우리 주 되신 구주 예수 그리스도를 앎으로 세상의 더러움을 피한 후에 다시 그 중에 얽매이고 지면 그 나중 형편이 처음보다 더 심하리니
베드로후서,2,21,베드로후서 2:21,의의 도를 안 후에 받은 거룩한 명령을 저버리는 것보다 알지 못하는 것이 도리어 저희에게 나으니라
베드로후서,2,22,베드로후서 2:22,참 속담에 이르기를 개가 그 토하였던 것에 돌아가고 돼지가 씻었다가 더러운 구덩이에 도로 누웠다 하는 말이 저희에게 응하였도다
베드로후서,3,1,베드로후서 3:1,사랑하는 자들아 내가 이제 이 둘째 편지를 너희에게 쓰노니 이 둘로 너희 진실한 마음을 일깨워 생각하게 향하여
베드로후서,3,3,베드로후서 3:3,먼저 이것을 알지니 말세에 기롱하는 자들이 와서 자기의 정욕을 좇아 행하며 기롱하여
베드로후서,3,6,베드로후서 3:6,이로 말미암아 그때 세상은 물의 넘침으로 멸망하였으되
베드로후서,3,7,베드로후서 3:7,이제 하늘과 땅은 그 동일한 말씀으로 불사르기 위하여 간수하신 바 되어 경건치 아니한 사람들의 심판과 멸망의 날까지 보존하여 두신 것이니라
베드로후서,3,8,베드로후서 3:8,사랑하는 자들아 ! 주께는 하루가 천년 같고 천년이 하루 같은 이 한 가지를 잊지 말라
베드로후서,3,9,베드로후서 3:9,주의 약속은 어떤 이의 더디다고 생각하는 것같이 더딘 것이 아니라 오직 너희를 대하여 오래 참으사 아무도 멸망치 않고 다 회개하기에 이르기를 원하시느니라
베드로후서,3,10,베드로후서 3:10,그러나 주의 날이 도적같이 오리니 그 날에는 하늘이 큰 소리로 떠나가고 체질이 뜨거운 불에 풀어지고 땅과 그 중에 있는 모든 일이 드러나리로다
베드로후서,3,11,베드로후서 3:11,이 모든 것이 이렇게 풀어지리니 너희가 어떠한 사람이 되어야 마땅하뇨 거룩한 행실과 경건함으로
베드로후서,3,13,베드로후서 3:13,우리는 그의 약속대로 의의 거하는 바 새 하늘과 새 땅을 바라보도다
베드로후서,3,14,베드로후서 3:14,그러므로 사랑하는 자들아 ! 너희가 이것을 바라보나니 주 앞에서 점도 없고 흠도 없이 평강 가운데서 나타나기를 힘쓰라
베드로후서,3,16,베드로후서 3:16,또 그 모든 편지에도 이런 일에 관하여 말하였으되 그 중에 알기 어려운 것이 더러 있으니 무식한 자들과 굳세지 못한 자들이 다른 성경과 같이 그것도 억지로 풀다가 스스로 멸망에 이르느니라
베드로후서,3,17,베드로후서 3:17,그러므로 사랑하는 자들아 ! 너희가 이것을 미리 알았은즉 무법한 자들의 미혹에 이끌려 너희 굳센 데서 떨어질까 삼가라
베드로후서,3,18,베드로후서 3:18,오직 우리 주 곧 구주 예수 그리스도의 은혜와 저를 아는 지식에서 자라가라 영광이 이제와 영원한 날까지 저에게 있을지어다
요한일서,1,1,요한일서 1:1,태초부터 있는 생명의 말씀에 관하여는 우리가 들은바요 눈으로 본 바요 주목하고 우리 손으로 만진 바라
요한일서,1,2,요한일서 1:2,이 생명이 나타내신 바 된지라 이 영원한 생명을 우리가 보았고 증거하여 너희에게 전하노니 이는 아버지와 함께 계시다가 우리에게 나타내신 바 된 자니라
요한일서,1,3,요한일서 1:3,우리가 보고 들은 바를 너희에게도 전함은 너희로 우리와 사귐이 있게 하려 함이니 우리의 사귐은 아버지와 그 아들 예수 그리스도와 함께 함이라
요한일서,1,4,요한일서 1:4,우리가 이것을 씀은 우리의 기쁨이 충만케 하려 함이로라
요한일서,1,5,요한일서 1:5,우리가 저에게서 듣고 너희에게 전하는 소식이 이것이니 곧 하나님은 빛이시라 그에게는 어두움이 조금도 없으시니라
요한일서,1,7,요한일서 1:7,저가 빛 가운데 계신 것같이 우리도 빛 가운데 행하면 우리가 서로 사귐이 있고 그 아들 예수의 피가 우리를 모든 죄에서 깨끗하게 하실 것이요
요한일서,1,8,요한일서 1:8,만일 우리가 죄 없다 하면 스스로 속이고 또 진리가 우리 속에 있지 아니할 것이요
요한일서,1,9,요한일서 1:9,만일 우리가 우리 죄를 자백하면 저는 미쁘시고 의로우사 우리 죄를 사하시며 모든 불의에서 우리를 깨끗케 하실 것이요
요한일서,1,10,요한일서 1:10,만일 우리가 범죄하지 아니하였다 하면 하나님을 거짓말하는 자로 만드는 것이니 또한 그의 말씀이 우리 속에 있지 아니하니라
요한일서,2,1,요한일서 2:1,나의 자녀들아 ! 내가 이것을 너희에게 씀은 너희로 죄를 범치 않게 하려 함이라 만일 누가 죄를 범하면 아버지 앞에서 우리에게 대언자가 있으니 곧 의로우신 예수 그리스도시라
요한일서,2,2,요한일서 2:2,저는 우리 죄를 위한 화목 제물이니 우리만 위할 뿐 아니요 온 세상의 죄를 위하심이라
요한일서,2,3,요한일서 2:3,우리가 그의 계명을 지키면 이로써 우리가 저를 아는 줄로 알 것이요
요한일서,2,5,요한일서 2:5,누구든지 그의 말씀을 지키는 자는 하나님의 사랑이 참으로 그 속에서 온전케 되었나니 이로써 우리가 저 안에 있는 줄을 아노라
요한일서,2,6,요한일서 2:6,저 안에 거한다 하는 자는 그의 행하시는 대로 자기도 행할지니라
요한일서,2,8,요한일서 2:8,다시 내가 너희에게 새 계명을 쓰노니 저에게와 너희에게도 참된 것이라 이는 어두움이 지나가고 참 빛이 벌써 비췸이니라
요한일서,2,12,요한일서 2:12,자녀들아 ! 내가 너희에게 쓰는 것은 너희 죄가 그의 이름으로 말미암아 사함을 얻음이요
요한일서,2,13,요한일서 2:13,아비들아 ! 내가 너희에게 쓰는 것은 너희가 태초부터 계신 이를 앎이요 청년들아 내가 너희에게 쓰는 것은 너희가 악한 자를 이기었음이니라
요한일서,2,17,요한일서 2:17,이 세상도 그 정욕도 지나가되 오직 하나님의 뜻을 행하는 이는 영원히 거하느니라
요한일서,2,20,요한일서 2:20,너희는 거룩하신 자에게서 기름 부음을 받고 모든 것을 아느니라
요한일서,2,21,요한일서 2:21,내가 너희에게 쓴 것은 너희가 진리를 알지 못함을 인함이 아니라 너희가 앎을 인함이요 또 모든 거짓은 진리에서 나지 않음을 인함이니라
요한일서,2,23,요한일서 2:23,아들을 부인하는 자에게는 또한 아버지가 없으되 아들을 시인하는 자에게는 아버지도 있느니라
요한일서,2,24,요한일서 2:24,너희는 처음부터 들은 것을 너희 안에 거하게 하라 처음부터 들은 것이 너희 안에 거하면 너희가 아들의 안과 아버지의 안에 거하리라
요한일서,2,26,요한일서 2:26,너희를 미혹케 하는 자들에 관하여 내가 이것을 너희에게 썼노라
요한일서,2,27,요한일서 2:27,너희는 주께 받은 바 기름 부음이 너희 안에 거하나니 아무도 너희를 가르칠 필요가 없고 오직 그의 기름 부음이 모든 것을 너희에게 가르치며 또 참되고 거짓이 없으니 너희를 가르치신 그대로 주 안에 거하라
요한일서,2,28,요한일서 2:28,자녀들아 이제 그 안에 거하라 이는 주께서 나타내신 바 되면 그의 강림하실 때에 우리로 담대함을 얻어 그 앞에서 부끄럽지 않게 하려 함이라
요한일서,2,29,요한일서 2:29,너희가 그의 의로우신 줄을 알면 의를 행하는 자마다 그에게서 난 줄을 알리라
요한일서,3,1,요한일서 3:1,"보라, 아버지께서 어떠한 사랑을 우리에게 주사 하나님의 자녀라 일컬음을 얻게 하셨는고 우리가 그러하도다 그러므로 세상이 우리를 알지 못함은 그를 알지 못함이니라"
요한일서,3,2,요한일서 3:2,사랑하는 자들아 ! 우리가 지금은 하나님의 자녀라 장래에 어떻게 될 것은 아직 나타나지 아니하였으나 그가 나타내심이 되면 우리가 그와 같을 줄을 아는 것은 그의 계신 그대로 볼 것을 인함이니
요한일서,3,3,요한일서 3:3,주를 향하여 이 소망을 가진 자마다 그의 깨끗하심과 같이 자기를 깨끗하게 하느니라
요한일서,3,7,요한일서 3:7,자녀들아 ! 아무도 너희를 미혹하지 못하게 하라 의를 행하는 자는 그의 의로우심과 같이 의롭고
요한일서,3,9,요한일서 3:9,하나님께로서 난 자마다 죄를 짓지 아니하나니 이는 하나님의 씨가 그의 속에 거함이요 저도 범죄치 못하는 것은 하나님께로서 났음이라
요한일서,3,11,요한일서 3:11,우리가 서로 사랑할지니 이는 너희가 처음부터 들은 소식이라
요한일서,3,13,요한일서 3:13,형제들아 ! 세상이 너희를 미워하거든 이상히 여기지 말라
요한일서,3,14,요한일서 3:14,우리가 형제를 사랑함으로 사망에서 옮겨 생명으로 들어간 줄을 알거니와 사랑치 아니하는 자는 사망에 거하느니라
요한일서,3,17,요한일서 3:17,누가 이 세상 재물을 가지고 형제의 궁핍함을 보고도 도와줄 마음을 막으면 하나님의 사랑이 어찌 그 속에 거할까보냐
요한일서,3,18,요한일서 3:18,자녀들아 ! 우리가 말과 혀로만 사랑하지 말고 오직 행함과 진실함으로 하자
요한일서,3,19,요한일서 3:19,이로써 우리가 진리에 속한 줄을 알고 또 우리 마음을 주 앞에서 굳세게 하리로다
요한일서,3,20,요한일서 3:20,우리 마음이 혹 우리를 책망할 일이 있거든 하물며 우리 마음보다 크시고 모든 것을 아시는 하나님일까 보냐
요한일서,3,21,요한일서 3:21,사랑하는 자들아 ! 만일 우리 마음이 우리를 책망할 것이 없으면 하나님 앞에서 담대함을 얻고
요한일서,3,22,요한일서 3:22,무엇이든지 구하는 바를 그에게 받나니 이는 우리가 그의 계명들을 지키고 그 앞에서 기뻐하시는 것을 행함이라
요한일서,3,23,요한일서 3:23,그의 계명은 이것이니 곧 그 아들 예수 그리스도의 이름을 믿고 그가 우리에게 주신 계명대로 서로 사랑할 것이니라
요한일서,3,24,요한일서 3:24,그의 계명들을 지키는 자는 주 안에 거하고 주는 저 안에 거하시나니 우리에게 주신 성령으로 말미암아 그가 우리 안에 거하시는 줄을 우리가 아느니라
요한일서,4,1,요한일서 4:1,사랑하는 자들아 ! 영을 다 믿지 말고 오직 영들이 하나님께 속하였나 시험하라 많은 거짓 선지자가 세상에 나왔음이니라
요한일서,4,2,요한일서 4:2,하나님의 영은 이것으로 알지니 곧 예수 그리스도께서 육체로 오신 것을 시인하는 영마다 하나님께 속한 것이요
요한일서,4,3,요한일서 4:3,예수를 시인하지 아니하는 영마다 하나님께 속한 것이 아니니 이것이 곧 적그리스도의 영이니라 오리라 한 말을 너희가 들었거니와 이제 벌써 세상에 있느니라
요한일서,4,4,요한일서 4:4,자녀들아 너희는 하나님께 속하였고 또 저희를 이기었나니 이는 너희 안에 계신 이가 세상에 있는 이보다 크심이라
요한일서,4,5,요한일서 4:5,저희는 세상에 속한 고로 세상에 속한 말을 하매 세상이 저희 말을 듣느니라
요한일서,4,6,요한일서 4:6,우리는 하나님께 속하였으니 하나님을 아는 자는 우리의 말을 듣고 하나님께 속하지 아니한 자는 우리의 말을 듣지 아니하나니 진리의 영과 미혹의 영을 이로써 아느니라
요한일서,4,7,요한일서 4:7,사랑하는 자들아 ! 우리가 서로 사랑하자 사랑은 하나님께 속한 것이니 사랑하는 자마다 하나님께로 나서 하나님을 알고
요한일서,4,8,요한일서 4:8,사랑하지 아니하는 자는 하나님을 알지 못하나니 이는 하나님은 사랑이심이라
요한일서,4,9,요한일서 4:9,하나님의 사랑이 우리에게 이렇게 나타난 바 되었으니 하나님이 자기의 독생자를 세상에 보내심은 저로 말미암아 우리를 살리려 하심이니라
요한일서,4,11,요한일서 4:11,사랑하는 자들아 ! 하나님이 이같이 우리를 사랑하셨은즉 우리도 서로 사랑하는 것이 마땅하도다
요한일서,4,12,요한일서 4:12,어느 때나 하나님을 본 사람이 없으되 만일 우리가 서로 사랑하면 하나님이 우리 안에 거하시고 그의 사랑이 우리 안에 온전히 이루느니라
요한일서,4,13,요한일서 4:13,그의 성령을 우리에게 주시므로 우리가 그 안에 거하고 그가 우리 안에 거하시는 줄을 아느니라
요한일서,4,14,요한일서 4:14,아버지가 아들을 세상의 구주로 보내신 것을 우리가 보았고 또 증거하노니
요한일서,4,15,요한일서 4:15,누구든지 예수를 하나님의 아들이라 시인하면 하나님이 저 안에 거하시고 저도 하나님 안에 거하느니라
요한일서,4,16,요한일서 4:16,하나님이 우리를 사랑하시는 사랑을 우리가 알고 믿었노니 하나님은 사랑이시라 사랑 안에 거하는 자는 하나님 안에 거하고 하나님도 그 안에 거하시느니라
요한일서,4,17,요한일서 4:17,이로써 사랑이 우리에게 온전히 이룬 것은 우리로 심판 날에 담대함을 가지게 하려 함이니 주의 어떠하심과 같이 우리도 세상에서 그러하니라
요한일서,4,18,요한일서 4:18,사랑 안에 두려움이 없고 온전한 사랑이 두려움을 내어 쫓나니 두려움에는 형벌이 있음이라 두려워하는 자는 사랑 안에서 온전히 이루지 못하였느니라
요한일서,4,19,요한일서 4:19,우리가 사랑함은 그가 먼저 우리를 사랑하셨음이라
요한일서,4,20,요한일서 4:20,누구든지 하나님을 사랑하노라 하고 그 형제를 미워하면 이는 거짓말하는 자니 보는 바 그 형제를 사랑치 아니하는 자가 보지 못하는 바 하나님을 사랑할 수 없느니라
요한일서,4,21,요한일서 4:21,우리가 이 계명을 주께 받았나니 하나님을 사랑하는 자는 또한 그 형제를 사랑할지니라
요한일서,5,1,요한일서 5:1,예수께서 그리스도이심을 믿는 자마다 하나님께로서 난 자니 또한 내신 이를 사랑하는 자마다 그에게 난 자를 사랑하느니라
요한일서,5,2,요한일서 5:2,우리가 하나님을 사랑하고 그의 계명들을 지킬 때에 이로써 우리가 하나님의 자녀 사랑하는 줄을 아느니라
요한일서,5,3,요한일서 5:3,하나님을 사랑하는 것은 이것이니 우리가 그의 계명들을 지키는 것이라 그의 계명들은 무거운 것이 아니로다
요한일서,5,4,요한일서 5:4,대저 하나님께로서 난 자마다 세상을 이기느니라 세상을 이긴 이김은 이것이니 우리의 믿음이니라
요한일서,5,5,요한일서 5:5,예수께서 하나님의 아들이심을 믿는 자가 아니면 세상을 이기는 자가 누구뇨
요한일서,5,7,요한일서 5:7,증거하는 이는 성령이시니 성령은 진리니라
요한일서,5,8,요한일서 5:8,증거하는 이가 셋이니 성령과 물과 피라 또한 이 셋이 합하여 하나이니라
요한일서,5,9,요한일서 5:9,만일 우리가 사람들의 증거를 받을진대 하나님의 증거는 더욱 크도다 하나님의 증거는 이것이니 그 아들에 관하여 증거하신 것이니라
요한일서,5,11,요한일서 5:11,또 증거는 이것이니 하나님이 우리에게 영생을 주신 것과 이 생명이 그의 아들 안에 있는 그것이니라
요한일서,5,12,요한일서 5:12,아들이 있는 자에게는 생명이 있고 하나님의 아들이 없는 자에게는 생명이 없느니라
요한일서,5,13,요한일서 5:13,내가 하나님의 아들의 이름을 믿는 너희에게 이것을 쓴 것은 너희로 하여금 너희에게 영생이 있음을 알게 하려 함이라
요한일서,5,15,요한일서 5:15,우리가 무엇이든지 구하는 바를 들으시는 줄을 안즉 우리가 그에게 구한 그것을 얻은 줄을 또한 아느니라
요한일서,5,17,요한일서 5:17,모든 불의가 죄로되 사망에 이르지 아니하는 죄도 있도다
요한일서,5,18,요한일서 5:18,하나님께로서 난 자마다 범죄치 아니하는 줄을 우리가 아노라 하나님께로서 나신 자가 저를 지키시매 악한 자가 저를 만지지도 못하느니라
요한일서,5,20,요한일서 5:20,또 아는 것은 하나님의 아들이 이르러 우리에게 지각을 주사 우리로 참된 자를 알게 하신 것과 또한 우리가 참된 자 곧 그의 아들 예수 그리스도 안에 있는 것이니 그는 참 하나님이시요 영생이시라
요한일서,5,21,요한일서 5:21,자녀들아 ! 너희 자신을 지켜 우상에서 멀리 하라
요한이서,1,1,요한이서 1:1,장로는 택하심을 입은 부녀와 그의 자녀에게 편지하노니 내가 참으로 사랑하는 자요 나뿐 아니라 진리를 아는 모든 자도 그리하는 것은
요한이서,1,2,요한이서 1:2,우리 안에 거하여 영원히 우리와 함께 할 진리를 인함이로다
요한이서,1,3,요한이서 1:3,은혜와 긍휼과 평강이 하나님 아버지와 아버지의 아들 예수 그리스도께로부터 진리와 사랑 가운데서 우리와 함께 있으리라
요한이서,1,4,요한이서 1:4,너의 자녀 중에 우리가 아버지께 받은 계명대로 진리에 행하는 자를 내가 보니 심히 기쁘도다
요한이서,1,5,요한이서 1:5,부녀여 ! 내가 이제 네게 구하노니 서로 사랑하자 이는 새 계명같이 네게 쓰는 것이 아니요 오직 처음부터 우리가 가진 것이라
요한이서,1,6,요한이서 1:6,또 사랑은 이것이니 우리가 그 계명을 좇아 행하는 것이요 계명은 이것이니 너희가 처음부터 들은 바와 같이 그 가운데서 행하라 하심이라
요한이서,1,8,요한이서 1:8,너희는 너희를 삼가 우리의 일한 것을 잃지 말고 오직 온전한 상을 얻으라
요한이서,1,9,요한이서 1:9,지내쳐 그리스도 교훈 안에 거하지 아니하는 자마다 하나님을 모시지 못하되 교훈 안에 거하는 이 사람이 아버지와 아들을 모시느니라
요한이서,1,12,요한이서 1:12,내가 너희에게 쓸 것이 많으나 종이와 먹으로 쓰기를 원치 아니하고 오히려 너희에게 가서 면대하여 말하려 하니 이는 너희 기쁨을 충만케 하려 함이라
요한이서,1,13,요한이서 1:13,택하심을 입은 네 자매의 자녀가 네게 문안하느니라
요한삼서,1,1,요한삼서 1:1,장로는 사랑하는 가이오 곧 나의 참으로 사랑하는 자에게 편지하노라
요한삼서,1,2,요한삼서 1:2,사랑하는 자여 네 영혼이 잘됨 같이 네가 범사에 잘되고 강건하기를 내가 간구하노라
요한삼서,1,3,요한삼서 1:3,형제들이 와서 네게 있는 진리를 증거하되 네가 진리 안에서 행한다 하니 내가 심히 기뻐하노라
요한삼서,1,4,요한삼서 1:4,내가 내 자녀들이 진리 안에서 행한다 함을 듣는 것보다 더 즐거움이 없도다
요한삼서,1,5,요한삼서 1:5,사랑하는 자여 네가 무엇이든지 형제 곧 나그네 된 자들에게 행하는 것이 신실한 일이니
요한삼서,1,6,요한삼서 1:6,저희가 교회 앞에서 너의 사랑을 증거하였느니라 네가 하나님께 합당하게 저희를 전송하면 가하리로다
요한삼서,1,11,요한삼서 1:11,사랑하는 자여 악한 것을 본받지 말고 선한 것을 본받으라 선을 행하는 자는 하나님께 속하고 악을 행하는 자는 하나님을 뵈옵지 못하였느니라
요한삼서,1,12,요한삼서 1:12,"데메드리오는 뭇사람에게도, 진리에게도 증거를 받았으매 우리도 증거하노니 너는 우리의 증거가 참된 줄을 아느니라"
요한삼서,1,13,요한삼서 1:13,내가 네게 쓸 것이 많으나 먹과 붓으로 쓰기를 원치 아니하고
요한삼서,1,14,요한삼서 1:14,속히 보기를 바라노니 또한 우리가 면대하여 말하리라
요한삼서,1,15,요한삼서 1:15,평강이 네게 있을지어다 여러 친구가 네게 문안하느니라 너는 각 친구 명하에 문안하라
유다서,1,1,유다서 1:1,예수 그리스도의 종이요 야고보의 형제인 유다는 부르심을 입은 자 곧 하나님 아버지 안에서 사랑을 얻고 예수 그리스도를 위하여 지키심을 입은 자들에게 편지하노라
유다서,1,2,유다서 1:2,긍휼과 평강과 사랑이 너희에게 더욱 많을지어다 !
유다서,1,3,유다서 1:3,사랑하는 자들아 내가 우리의 일반으로 얻은 구원을 들어 너희에게 편지하려는 뜻이 간절하던 차에 성도에게 단번에 주신 믿음의 도를 위하여 힘써 싸우라는 편지로 너희를 권하여야 할 필요를 느꼈노니
유다서,1,17,유다서 1:17,사랑하는 자들아 ! 너희는 우리 주 예수 그리스도의 사도들의 미리 한 말을 기억하라
유다서,1,21,유다서 1:21,하나님의 사랑 안에서 자기를 지키며 영생에 이르도록 우리 주 예수 그리스도의 긍휼을 기다리라
유다서,1,22,유다서 1:22,어떤 의심하는 자들을 긍휼히 여기라
유다서,1,24,유다서 1:24,능히 너희를 보호하사 거침이 없게 하시고 너희로 그 영광 앞에 흠이 없이 즐거움으로 서게 하실 자
요한계시록,1,1,요한계시록 1:1,예수 그리스도의 계시라 이는 하나님이 그에게 주사 반드시 속히 될 일을 그 종들에게 보이시려고 그 천사를 그 종 요한에게 보내어 지시하신 것이라
요한계시록,1,2,요한계시록 1:2,요한은 하나님의 말씀과 예수 그리스도의 증거 곧 자기의 본 것을 다 증거하였느니라
요한계시록,1,3,요한계시록 1:3,이 예언의 말씀을 읽는 자와 듣는 자들과 그 가운데 기록한 것을 지키는 자들이 복이 있나니 때가 가까움이라
요한계시록,1,5,요한계시록 1:5,또 충성된 증인으로 죽은 자들 가운데서 먼저 나시고 땅의 임금들의 머리가 되신 예수 그리스도로 말미암아 은혜와 평강이 너희에게 있기를 원하노라 우리를 사랑하사 그의 피로 우리 죄에서 우리를 해방하시고
요한계시록,1,9,요한계시록 1:9,나 요한은 너희 형제요 예수의 환난과 나라와 참음에 동참하는 자라 하나님의 말씀과 예수의 증거를 인하여 밧모라 하는 섬에 있었더니
요한계시록,1,10,요한계시록 1:10,주의 날에 내가 성령에 감동하여 내 뒤에서 나는 나팔소리 같은 큰 음성을 들으니
요한계시록,1,12,요한계시록 1:12,몸을 돌이켜 나더러 말한 음성을 알아 보려고 하여 돌이킬 때에 일곱 금촛대를 보았는데
요한계시록,1,13,요한계시록 1:13,촛대 사이에 인자 같은 이가 발에 끌리는 옷을 입고 가슴에 금띠를 띠고
요한계시록,1,14,요한계시록 1:14,그 머리와 털의 희기가 흰 양털같고 눈 같으며 그의 눈은 불꽃 같고
요한계시록,1,17,요한계시록 1:17,내가 볼 때에 그 발 앞에 엎드러져 죽은 자같이 되매 그가 오른손을 내게 얹고 가라사대 두려워 말라 나는 처음이요 나중이니
요한계시록,1,19,요한계시록 1:19,그러므로 네 본 것과 이제 있는 일과 장차 될 일을 기록하라
요한계시록,1,20,요한계시록 1:20,네 본 것은 내 오른손에 일곱 별의 비밀과 일곱 금 촛대라 일곱 별은 일곱 교회의 사자요 일곱 촛대는 일곱 교회니라
요한계시록,2,3,요한계시록 2:3,또 네가 참고 내 이름을 위하여 견디고 게으르지 아니한 것을 아노라
요한계시록,2,4,요한계시록 2:4,그러나 너를 책망할 것이 있나니 너의 처음 사랑을 버렸느니라
요한계시록,2,7,요한계시록 2:7,귀 있는 자는 성령이 교회들에게 하시는 말씀을 들을지어다 이기는 그에게는 내가 하나님의 낙원에 있는 생명나무의 과실을 주어 먹게 하리라
요한계시록,2,8,요한계시록 2:8,서머나 교회의 사자에게 편지하기를 처음이요 나중이요 죽었다가 살아나신 이가 가라사대
요한계시록,2,11,요한계시록 2:11,귀 있는 자는 성령이 교회들에게 하시는 말씀을 들을지어다 이기는 자는 둘째 사망의 해를 받지 아니하리라
요한계시록,2,15,요한계시록 2:15,이와 같이 네게도 니골라당의 교훈을 지키는 자들이 있도다
요한계시록,2,17,요한계시록 2:17,귀 있는 자는 성령이 교회들에게 하시는 말씀을 들을지어다 이기는 그에게는 내가 감추었던 만나를 주고 또 흰 돌을 줄 터인데 그 돌 위에 새 이름을 기록한 것이 있나니 받는 자 밖에는 그 이름을 알 사람이 없느니라
요한계시록,2,19,요한계시록 2:19,내가 네게 사업과 사랑과 믿음과 섬김과 인내를 아노니 네 나중 행위가 처음 것보다 많도다
요한계시록,2,24,요한계시록 2:24,두아디라에 남아 있어 이 교훈을 받지 아니하고 소위 사단의 깊은 것을 알지 못하는 너희에게 말하노니 다른 짐으로 너희에게 지울 것이 없노라
요한계시록,2,25,요한계시록 2:25,다만 너희에게 있는 것을 내가 올 때까지 굳게 잡으라
요한계시록,2,26,요한계시록 2:26,이기는 자와 끝까지 내 일을 지키는 그에게 만국을 다스리는 권세를 주리니
요한계시록,2,28,요한계시록 2:28,내가 또 그에게 새벽 별을 주리라
요한계시록,2,29,요한계시록 2:29,귀있는 자는 성령이 교회들에게 하시는 말씀을 들을지어다
요한계시록,3,2,요한계시록 3:2,너는 일깨워 그 남은 바 죽게 된 것을 굳게 하라 내 하나님 앞에 네 행위의 온전한 것을 찾지 못하였노니
요한계시록,3,4,요한계시록 3:4,그러나 사데에 그 옷을 더럽히지 아니한 자 몇 명이 네게 있어 흰 옷을 입고 나와 함께 다니리니 그들은 합당한 자인 연고라
요한계시록,3,5,요한계시록 3:5,이기는 자는 이와 같이 흰 옷을 입을 것이요 내가 그 이름을 생명책에서 반드시 흐리지 아니하고 그 이름을 내 아버지 앞과 그 천사들 앞에서 시인하리라
요한계시록,3,6,요한계시록 3:6,귀 있는 자는 성령이 교회들에게 하시는 말씀을 들을지어다
요한계시록,3,8,요한계시록 3:8,볼지어다 내가 네 앞에 열린 문을 두었으되 능히 닫을 사람이 없으리라 내가 네 행위를 아노니 네가 적은 능력을 가지고도 내 말을 지키며 내 이름을 배반치 아니하였도다
요한계시록,3,10,요한계시록 3:10,네가 나의 인내의 말씀을 지켰은즉 내가 또한 너를 지키어 시험의 때를 면하게 하리니 이는 장차 온 세상에 임하여 땅에 거하는자들을 시험할 때라
요한계시록,3,11,요한계시록 3:11,내가 속히 임하리니 네가 가진 것을 굳게 잡아 아무나 네 면류관을 빼앗지 못하게 하라
요한계시록,3,12,요한계시록 3:12,이기는 자는 내 하나님 성전에 기둥이 되게 하리니 그가 결코 다시 나가지 아니하리라 내가 하나님의 이름과 하나님의 성 곧 하늘에서 내 하나님께로부터 내려 오는 새 예루살렘의 이름과 나의 새 이름을 그이 위에 기록하리라
요한계시록,3,13,요한계시록 3:13,귀 있는 자는 성령이 교회들에게 하시는 말씀을 들을지어다
요한계시록,3,14,요한계시록 3:14,라오디게아 교회의 사자에게 편지하기를 아멘이시요 충성되고 참된 증인이시요 하나님의 창조의 근본이신 이가 가라사대
요한계시록,3,18,요한계시록 3:18,내가 너를 권하노니 내게서 불로 연단한 금을 사서 부요하게 하고 흰 옷을 사서 입어 벌거벗은 수치를 보이지 않게 하고 안약을 사서 눈에 발라 보게 하라
요한계시록,3,19,요한계시록 3:19,무릇 내가 사랑하는 자를 책망하여 징계하노니 그러므로 네가 열심을 내라 회개하라
요한계시록,3,20,요한계시록 3:20,볼지어다 내가 문 밖에 서서 두드리노니 누구든지 내 음성을 듣고 문을 열면 내가 그에게로 들어가 그로 더불어 먹고 그는 나로 더불어 먹으리라
요한계시록,3,21,요한계시록 3:21,이기는 그에게는 내가 내 보좌에 함께 앉게 하여 주기를 내가 이기고 아버지 보좌에 함께 앉은 것과 같이 하리라
요한계시록,3,22,요한계시록 3:22,귀 있는 자는 성령이 교회들에게 하시는 말씀을 들을지어다
요한계시록,4,2,요한계시록 4:2,"내가 곧 성령에 감동하였더니 보라, 하늘에 보좌를 베풀었고 그 보좌 위에 앉으신 이가 있는데"
요한계시록,4,3,요한계시록 4:3,앉으신 이의 모양이 벽옥과 홍보석 같고 또 무지개가 있어 보좌에 둘렸는데 그 모양이 녹보석 같더라
요한계시록,4,5,요한계시록 4:5,보좌로부터 번개와 음성과 뇌성이 나고 보좌 앞에 일곱 등불 켠 것이 있으니 이는 하나님의 일곱 영이라
요한계시록,4,7,요한계시록 4:7,그 첫째 생물은 사자 같고 그 둘째 생물은 송아지 같고 그 세째 생물은 얼굴이 사람 같고 그 네째 생물은 날아가는 독수리 같은데
요한계시록,4,8,요한계시록 4:8,"네 생물이 각각 여섯 날개가 있고 그 안과 주위에 눈이 가득하더라 그들이 밤낮 쉬지 않고 이르기를 `거룩하다, 거룩하다, 거룩하다, 주 하나님 곧 전능하신 이여 전에도 계셨고 이제도 계시고 장차 오실 자라' 하고"
요한계시록,4,9,요한계시록 4:9,그 생물들이 영광과 존귀와 감사를 보좌에 앉으사 세세토록 사시는 이에게 돌릴 때에
요한계시록,5,2,요한계시록 5:2,또 보매 힘 있는 천사가 큰 음성으로 외치기를 `누가 책을 펴며 그 인을 떼기에 합당하냐' 하니
요한계시록,5,3,요한계시록 5:3,하늘 위에나 땅 위에나 땅 아래에 능히 책을 펴거나 보거나 할 이가 없더라
요한계시록,5,7,요한계시록 5:7,어린 양이 나아와서 보좌에 앉으신 이의 오른손에서 책을 취하시니라
요한계시록,5,8,요한계시록 5:8,책을 취하시매 네 생물과 이십 사 장로들이 어린 양 앞에 엎드려 각각 거문고와 향이 가득한 금대접을 가졌으니 이 향은 성도의 기도들이라
요한계시록,5,11,요한계시록 5:11,내가 또 보고 들으매 보좌와 생물들과 장로들을 둘러 선 많은 천사의 음성이 있으니 그 수가 만만이요 천천이라
요한계시록,7,9,요한계시록 7:9,이 일 후에 내가 보니 각 나라와 족속과 백성과 방언에서 아무라도 능히 셀 수 없는 큰 무리가 흰 옷을 입고 손에 종려 가지를 들고 보좌 앞과 어린 양 앞에 서서
요한계시록,7,11,요한계시록 7:11,모든 천사가 보좌와 장로들과 네 생물의 주위에 섰다가 보좌 앞에 엎드려 얼굴을 대고 하나님께 경배하여
요한계시록,7,15,요한계시록 7:15,그러므로 그들이 하나님의 보좌 앞에 있고 또 그의 성전에서 밤낮 하나님을 섬기매 보좌에 앉으신 이가 그들 위에 장막을 치시리니
요한계시록,8,1,요한계시록 8:1,일곱째 인을 떼실 때에 하늘이 반시 동안쯤 고요하더니
요한계시록,8,3,요한계시록 8:3,또 다른 천사가 와서 제단 곁에 서서 금 향로를 가지고 많은 향을 받았으니 이는 모든 성도의 기도들과 합하여 보좌 앞 금단에 드리고자 함이라
요한계시록,8,4,요한계시록 8:4,향연이 성도의 기도와 함께 천사의 손으로부터 하나님 앞으로 올라가는지라
요한계시록,9,13,요한계시록 9:13,여섯째 천사가 나팔을 불매 내가 들으니 하나님 앞 금단 네 뿔에서 한 음성이 나서
요한계시록,9,14,요한계시록 9:14,나팔 가진 여섯째 천사에게 말하기를 `큰 강 유브라데에 결박한 네 천사를 놓아 주라' 하매
요한계시록,10,1,요한계시록 10:1,내가 또 보니 힘센 다른 천사가 구름을 입고 하늘에서 내려 오는데 그 머리 위에 무지개가 있고 그 얼굴은 해 같고 그 발은 불기둥 같으며
요한계시록,10,2,요한계시록 10:2,그 손에 펴놓인 작은 책을 들고 그 오른발은 바다를 밟고 왼발은 땅을 밟고
요한계시록,10,5,요한계시록 10:5,내가 본 바 바다와 땅을 밟고 섰는 천사가 하늘을 향하여 오른손을 들고
요한계시록,10,7,요한계시록 10:7,일곱째 천사가 소리내는 날 그 나팔을 불게 될 때에 하나님의 비밀이 그 종 선지자들에게 전하신 복음과 같이 이루리라
요한계시록,10,10,요한계시록 10:10,내가 천사의 손에서 작은 책을 갖다 먹어버리니 내 입에는 꿀같이 다나 먹은 후에 내 배에서는 쓰게 되더라
요한계시록,11,3,요한계시록 11:3,내가 나의 두 증인에게 권세를 주리니 저희가 굵은 베옷을 입고 일천 이백 육십 일을 예언하리라
요한계시록,11,14,요한계시록 11:14,둘째 화는 지나갔으나 보라 세째 화가 속히 이르는도다
요한계시록,11,16,요한계시록 11:16,하나님 앞에 자기 보좌에 앉은 이십 사 장로들이 엎드려 얼굴을 대고 하나님께 경배하여
요한계시록,12,1,요한계시록 12:1,하늘에 큰 이적이 보이니 해를 입은 한 여자가 있는데 그 발 아래는 달이 있고 그 머리에는 열두 별의 면류관을 썼더라
요한계시록,12,2,요한계시록 12:2,이 여자가 아이를 배어 해산하게 되매 아파서 애써 부르짖더라
요한계시록,12,5,요한계시록 12:5,여자가 아들을 낳으니 이는 장차 철장으로 만국을 다스릴 남자라 그 아이를 하나님 앞과 그 보좌 앞으로 올려가더라
요한계시록,12,8,요한계시록 12:8,이기지 못하여 다시 하늘에서 저희의 있을 곳을 얻지 못한지라
요한계시록,12,14,요한계시록 12:14,그 여자가 큰 독수리의 두 날개를 받아 광야 자기 곳으로 날아가 거기서 그 뱀의 낯을 피하여 한 때와 두 때와 반 때를 양육 받으매
요한계시록,12,16,요한계시록 12:16,땅이 여자를 도와 그 입을 벌려 용의 입에서 토한 강물을 삼키니
요한계시록,13,9,요한계시록 13:9,누구든지 귀가 있거든 들을지어다
요한계시록,13,13,요한계시록 13:13,큰 이적을 행하되 심지어 사람들 앞에서 불이 하늘로부터 땅에 내려오게 하고
요한계시록,14,1,요한계시록 14:1,또 내가 보니 어린 양이 시온 산에 섰고 그와 함께 십 사만 사천이 섰는데 그 이마에 어린 양의 이름과 그 아버지의 이름을 쓴 것이 있도다
요한계시록,14,2,요한계시록 14:2,내가 하늘에서 나는 소리를 들으니 많은 물소리도 같고 큰 뇌성도 같은데 내게 들리는 소리는 거문고 타는 자들의 그 거문고 타는 것 같더라
요한계시록,14,4,요한계시록 14:4,이 사람들은 여자로 더불어 더럽히지 아니하고 정절이 있는 자라 어린 양이 어디로 인도하든지 따라가는 자며 사람 가운데서 구속을 받아 처음 익은 열매로 하나님과 어린 양에게 속한 자들이니
요한계시록,14,6,요한계시록 14:6,또 보니 다른 천사가 공중에 날아가는데 땅에 거하는 자들 곧 여러 나라와 족속과 방언과 백성에게 전할 영원한 복음을 가졌더라
요한계시록,14,12,요한계시록 14:12,성도들의 인내가 여기 있나니 저희는 하나님의 계명과 예수 믿음을 지키는 자니라
요한계시록,14,14,요한계시록 14:14,또 내가 보니 흰 구름이 있고 구름 위에 사람의 아들과 같은 이가 앉았는데 그 머리에는 금 면류관이 있고 그 손에는 이한 낫을가졌더라
요한계시록,14,16,요한계시록 14:16,구름 위에 앉으신 이가 낫을 땅에 휘두르매 곡식이 거두어지니라
요한계시록,14,17,요한계시록 14:17,또 다른 천사가 하늘에 있는 성전에서 나오는데 또한 이한 낫을 가졌더라
요한계시록,15,2,요한계시록 15:2,또 내가 보니 불이 섞인 유리 바다같은 것이 있고 짐승과 그의 우상과 그의 이름의 수를 이기고 벗어난 자들이 유리 바닷가에 서서 하나님의 거문고를 가지고
요한계시록,15,5,요한계시록 15:5,또 이 일 후에 내가 보니 하늘에 증거 장막의 성전이 열리며
요한계시록,15,6,요한계시록 15:6,일곱 재앙을 가진 일곱 천사가 성전으로부터 나와 맑고 빛난 세마포 옷을 입고 가슴에 금띠를 띠고
요한계시록,15,8,요한계시록 15:8,하나님의 영광과 능력을 인하여 성전에 연기가 차게 되매 일곱 천사의 일곱 재앙이 마치기까지는 성전에 능히 들어갈 자가 없더라
요한계시록,16,2,요한계시록 16:2,첫째가 가서 그 대접을 땅에 쏟으며 악하고 독한 헌데가 짐승의 표를 받은 사람들과 그 우상에게 경배하는 자들에게 나더라
요한계시록,16,3,요한계시록 16:3,둘째가 그 대접을 바다에 쏟으매 바다가 곧 죽은 자의 피같이 되니 바다 가운데 모든 생물이 죽더라
요한계시록,16,4,요한계시록 16:4,세째가 그 대접을 강과 물 근원에 쏟으매 피가 되더라
요한계시록,16,8,요한계시록 16:8,네째가 그 대접을 해에 쏟으매 해가 권세를 받아 불로 사람들을 태우니
요한계시록,16,10,요한계시록 16:10,또 다섯째가 그 대접을 짐승의 보좌에 쏟으니 그 나라가 곧 어두워지며 사람들이 아파서 자기 혀를 깨물고
요한계시록,16,12,요한계시록 16:12,또 여섯째가 그 대접을 큰 강 유브라데에 쏟으매 강물이 말라서 동방에서 오는 왕들의 길이 예비되더라
요한계시록,16,13,요한계시록 16:13,또 내가 보매 개구리 같은 세 더러운 영이 용의 입과 짐승의 입과 거짓 선지자의 입에서 나오니
요한계시록,16,14,요한계시록 16:14,저희는 귀신의 영이라 이적을 행하여 온 천하 임금들에게 가서 하나님 곧 전능하신 이의 큰 날에 전쟁을 위하여 그들을 모으더라
요한계시록,16,15,요한계시록 16:15,"보라, 내가 도적같이 오리니 누구든지 깨어 자기 옷을 지켜 벌거벗고 다니지 아니하며 자기의 부끄러움을 보이지 아니하는 자가 복이 있도다"
요한계시록,16,16,요한계시록 16:16,세 영이 히브리 음으로 아마겟돈이라 하는 곳으로 왕들을 모으더라
요한계시록,16,20,요한계시록 16:20,각 섬도 없어지고 산악도 간데 없더라
요한계시록,16,21,요한계시록 16:21,또 중수가 한 달란트나 되는 큰 우박이 하늘로부터 사람들에게 내리매 사람들이 그 박재로 인하여 하나님을 훼방하니 그 재앙이 심히 큼이러라
요한계시록,17,2,요한계시록 17:2,땅의 임금들도 그로 더불어 음행하였고 땅에 거하는 자들도 그 음행의 포도주에 취하였다 하고
요한계시록,17,9,요한계시록 17:9,지혜 있는 뜻이 여기 있으니 그 일곱 머리는 여자가 앉은 일곱 산이요
요한계시록,17,10,요한계시록 17:10,또 일곱 왕이라 다섯은 망하였고 하나는 있고 다른 이는 아직 이르지 아니하였으나 이르면 반드시 잠간동안 계속하리라
요한계시록,17,12,요한계시록 17:12,네가 보던 열 뿔은 열 왕이니 아직 나라를 얻지 못하였으나 다만 짐승으로 더불어 임금처럼 권세를 일시동안 받으리라
요한계시록,18,1,요한계시록 18:1,이 일 후에 다른 천사가 하늘에서 내려오는 것을 보니 큰 권세를 가졌는데 그의 영광으로 땅이 환하여지더라
요한계시록,18,12,요한계시록 18:12,그 상품은 금과 은과 보석과 진주와 세마포와 자주 옷감과 비단과 붉은 옷감이요 각종 향목과 각종 상아 기명이요 값진 나무와 진유와 철과 옥석으로 만든 각종 기명이요
요한계시록,18,22,요한계시록 18:22,또 거문고 타는 자와 풍류하는 자와 퉁소 부는 자와 나팔 부는 자들의 소리가 결코 다시 네 가운데서 들리지 아니하고 물론 어떠한 세공업자든지 결코 다시 네 가운데서 보이지 아니하고 또 맷돌 소리가 다시 네 가운데서 들리지 아니하고
요한계시록,19,7,요한계시록 19:7,우리가 즐거워하고 크게 기뻐하여 그에게 영광을 돌리세 어린양의 혼인 기약이 이르렀고 그 아내가 예비하였으니
요한계시록,19,12,요한계시록 19:12,그 눈이 불꽃 같고 그 머리에 많은 면류관이 있고 또 이름 쓴 것이 하나가 있으니 자기 밖에 아는 자가 없고
요한계시록,19,14,요한계시록 19:14,하늘에 있는 군대들이 희고 깨끗한 세마포를 입고 백마를 타고 그를 따르더라
요한계시록,20,1,요한계시록 20:1,또 내가 보매 천사가 무저갱 열쇠와 큰 쇠사슬을 그 손에 가지고 하늘로서 내려와서
요한계시록,20,2,요한계시록 20:2,용을 잡으니 곧 옛 뱀이요 마귀요 사단이라 잡아 일천년 동안 결박하여
요한계시록,20,3,요한계시록 20:3,무저갱에 던져 잠그고 그 위에 인봉하여 천 년이 차도록 다시는 만국을 미혹하지 못하게 하였다가 그 후에는 반드시 잠간 놓이리라
요한계시록,20,5,요한계시록 20:5,그 나머지 죽은 자들은 그 천 년이 차기까지 살지 못하더라) 이는 첫째 부활이라
요한계시록,20,7,요한계시록 20:7,천년이 차매 사단이 그 옥에서 놓여
요한계시록,20,8,요한계시록 20:8,나와서 땅의 사방 백성 곧 곡과 마곡을 미혹하고 모아 싸움을 붙이리니 그 수가 바다 모래 같으리라
요한계시록,20,11,요한계시록 20:11,또 내가 크고 흰 보좌와 그 위에 앉으신 자를 보니 땅과 하늘이 그 앞에서 피하여 간 데 없더라
요한계시록,21,1,요한계시록 21:1,또 내가 새 하늘과 새 땅을 보니 처음 하늘과 처음 땅이 없어졌고 바다도 다시 있지 않더라
요한계시록,21,2,요한계시록 21:2,또 내가 보매 거룩한 성 새 예루살렘이 하나님께로부터 하늘에서 내려오니 그 예비한 것이 신부가 남편을 위하여 단장한 것 같더라
요한계시록,21,4,요한계시록 21:4,모든 눈물을 그 눈에서 씻기시매 다시 사망이 없고 애통하는 것이나 곡하는 것이나 아픈 것이 다시 있지 아니하리니 처음 것들이 다 지나갔음이러라'
요한계시록,21,5,요한계시록 21:5,보좌에 앉으신 이가 가라사대 `보라 내가 만물을 새롭게 하노라' 하시고 또 가라사대 `이 말은 신실하고 참되니 기록하라' 하시고
요한계시록,21,6,요한계시록 21:6,또 내게 말씀하시되 `이루었도다 나는 알파와 오메가요 처음과 나중이라 내가 생명수 샘물로 목마른 자에게 값없이 주리니
요한계시록,21,7,요한계시록 21:7,이기는 자는 이것들을 유업으로 얻으리라 나는 저의 하나님이 되고 그는 내 아들이 되리라
요한계시록,21,10,요한계시록 21:10,성령으로 나를 데리고 크고 높은 산으로 올라가 하나님께로부터 하늘에서 내려오는 거룩한 성 예루살렘을 보이니
요한계시록,21,11,요한계시록 21:11,하나님의 영광이 있으매 그 성의 빛이 지극히 귀한 보석 같고 벽옥과 수정같이 맑더라
요한계시록,21,12,요한계시록 21:12,크고 높은 성곽이 있고 열 두 문이 있는데 문에 열 두 천사가 있고 그 문들 위에 이름을 썼으니 이스라엘 자손 열 두 지파의 이름들이라
요한계시록,21,13,요한계시록 21:13,"동편에 세 문, 북편에 세 문, 남편에 세 문, 서편에 세 문이니"
요한계시록,21,15,요한계시록 21:15,내게 말하는 자가 그 성과 그 문들과 성곽을 척량하려고 금 갈대를 가졌더라
요한계시록,21,16,요한계시록 21:16,그 성은 네모가 반듯하여 장광이 같은지라 그 갈대로 그 성을 척량하니 일만 이천 스다디온이요 장과 광과 고가 같더라
요한계시록,21,17,요한계시록 21:17,그 성곽을 척량하매 일백 사십 사 규빗이니 사람의 척량 곧 천사의 척량이라
요한계시록,21,18,요한계시록 21:18,그 성곽은 벽옥으로 쌓였고 그 성은 정금인데 맑은 유리 같더라
요한계시록,21,20,요한계시록 21:20,"다섯째는 홍마노요, 여섯째는 홍보석이요, 일곱째는 황옥이요, 여덟째는 녹옥이요, 아홉째는 담황옥이요, 열째는 비취옥이요, 열 한째는 청옥이요, 열 두째는 자정이라"
요한계시록,21,22,요한계시록 21:22,성 안에 성전을 내가 보지 못하였으니 이는 주 하나님 곧 전능하신 이와 및 어린 양이 그 성전이심이라
요한계시록,21,23,요한계시록 21:23,그 성은 해나 달의 비췸이 쓸데 없으니 이는 하나님의 영광이 비취고 어린 양이 그 등이 되심이라
요한계시록,21,24,요한계시록 21:24,만국이 그 빛 가운데로 다니고 땅의 왕들이 자기 영광을 가지고 그리로 들어오리라
요한계시록,21,25,요한계시록 21:25,성문들을 낮에 도무지 닫지 아니하리니 거기는 밤이 없음이라
요한계시록,21,26,요한계시록 21:26,사람들이 만국의 영광과 존귀를 가지고 그리로 들어오겠고
요한계시록,22,1,요한계시록 22:1,또 저가 수정같이 맑은 생명수의 강을 내게 보이니 하나님과 및 어린 양의 보좌로부터 나서
요한계시록,22,3,요한계시록 22:3,다시 저주가 없으며 하나님과 그 어린 양의 보좌가 그 가운데 있으리니 그의 종들이 그를 섬기며
요한계시록,22,5,요한계시록 22:5,다시 밤이 없겠고 등불과 햇빛이 쓸데 없으니 이는 주 하나님이 저희에게 비취심이라 저희가 세세토록 왕노릇하리로다
요한계시록,22,6,요한계시록 22:6,또 그가 내게 말하기를 이 말은 신실하고 참된 자라 주 곧 선지자들의 영의 하나님이 그의 종들에게 결코 속히 될 일을 보이시려고 그의 천사를 보내셨도다
요한계시록,22,8,요한계시록 22:8,이것들을 보고 들은 자는 나 요한이니 내가 듣고 볼 때에 이 일을 내게 보이던 천사의 발 앞에 경배하려고 엎드렸더니
요한계시록,22,12,요한계시록 22:12,"보라, 내가 속히 오리니 내가 줄 상이 내게 있어 각 사람에게 그의 일한 대로 갚아 주리라"
요한계시록,22,13,요한계시록 22:13,나는 알파의 오메가요 처음과 나중이요 시작과 끝이라
요한계시록,22,14,요한계시록 22:14,그 두루마기를 빠는 자들은 복이 있으니 이는 저희가 생명나무에 나아가며 문들을 통하여 성에 들어갈 권세를 얻으려 함이로다
요한계시록,22,20,요한계시록 22:20,이것들을 증거하신 이가 가라사대 내가 진실로 속히 오리라 ! 하시거늘 아멘 주 예수여 ! 오시옵소서
요한계시록,22,21,요한계시록 22:21,주 예수의 은혜가 모든 자들에게 있을지어다 ! 아멘
